
===== TURN 0  player=0  ts=2026-05-01 11:10:10  planets=0  fleets=0  =====
[GLOBAL]
   my_total=0  enemy_total=0  my_prod=0  enemy_prod=0
   my_planets=0  enemy_planets=0  neutral=0  4p=False
   step=0  remaining=500  is_early=True  is_opening=True  is_late=False  is_very_late=False  is_total_war=False
[PLANETS]
   pid own ships prod    x      y    type fall_t keep_n first_en
[MISSIONS]  N=0  (sorted by score desc)
   (none)
[MOVES]  N=0

===== TURN 1  player=1  ts=2026-05-01 11:10:10  planets=28  fleets=0  =====
[GLOBAL]
   my_total=10  enemy_total=10  my_prod=2  enemy_prod=2
   my_planets=1  enemy_planets=1  neutral=26  4p=False
   step=1  remaining=499  is_early=True  is_opening=True  is_late=False  is_very_late=False  is_total_war=False
[MODES]
   domination=+0.000  is_behind=False  is_ahead=False  is_dominating=False  is_finishing=False  attack_margin_mult=1.00
[PLANETS]
   pid own ships prod    x      y    type fall_t keep_n first_en
     0   -    30    3   93.1  81.8    S      -     0       -
     1   -    30    3    6.9  81.8    S      -     0       -
     2   -    30    3   93.1  18.2    S      -     0       -
     3   -    30    3    6.9  18.2    S      -     0       -
     4  p0    10    2   91.4  96.5    S      -     0       -
     5   -    34    2    8.6  96.5    S      -     0       -
     6   -    34    2   91.4   3.5    S      -     0       -
     7  me    10    2    8.6   3.5    S      -     0       -
     8   -    27    2   58.0  98.0    S      -     0       -
     9   -    27    2   42.0  98.0    S      -     0       -
    10   -    27    2   58.0   2.0    S      -     0       -
    11   -    27    2   42.0   2.0    S      -     0       -
    12   -    77    2   72.3  72.3    O      -     0       -
    13   -    77    2   27.7  72.3    O      -     0       -
    14   -    77    2   72.3  27.7    O      -     0       -
    15   -    77    2   27.7  27.7    O      -     0       -
    16   -    29    2   82.9  87.2    S      -     0       -
    17   -    29    2   17.1  87.2    S      -     0       -
    18   -    29    2   82.9  12.8    S      -     0       -
    19   -    29    2   17.1  12.8    S      -     0       -
    20   -     6    2   66.2  83.7    O      -     0       -
    21   -     6    2   33.8  83.7    O      -     0       -
    22   -     6    2   66.2  16.3    O      -     0       -
    23   -     6    2   33.8  16.3    O      -     0       -
    24   -    15    4   81.9  65.6    O      -     0       -
    25   -    15    4   18.1  65.6    O      -     0       -
    26   -    15    4   81.9  34.4    O      -     0       -
    27   -    15    4   18.1  34.4    O      -     0       -
[POLICY]  attack_budget per source
   src=  7  budget=10
[MISSIONS]  N=0  (sorted by score desc)
   (none)
[MOVES]  N=0

===== TURN 2  player=1  ts=2026-05-01 11:10:10  planets=28  fleets=1  =====
[GLOBAL]
   my_total=12  enemy_total=12  my_prod=2  enemy_prod=2
   my_planets=1  enemy_planets=1  neutral=26  4p=False
   step=2  remaining=498  is_early=True  is_opening=True  is_late=False  is_very_late=False  is_total_war=False
[MODES]
   domination=+0.000  is_behind=False  is_ahead=False  is_dominating=False  is_finishing=False  attack_margin_mult=1.00
[PLANETS]
   pid own ships prod    x      y    type fall_t keep_n first_en
     0   -    30    3   93.1  81.8    S      -     0       -
     1   -    30    3    6.9  81.8    S      -     0       -
     2   -    30    3   93.1  18.2    S      -     0       -
     3   -    30    3    6.9  18.2    S      -     0       -
     4  p0     5    2   91.4  96.5    S      -     0       -
     5   -    34    2    8.6  96.5    S      -     0       -
     6   -    34    2   91.4   3.5    S      -     0       -
     7  me    12    2    8.6   3.5    S      -     0       -
     8   -    27    2   58.0  98.0    S      -     0       -
     9   -    27    2   42.0  98.0    S      -     0       -
    10   -    27    2   58.0   2.0    S      -     0       -
    11   -    27    2   42.0   2.0    S      -     0       -
    12   -    77    2   71.6  72.9    O      -     0       -
    13   -    77    2   27.1  71.6    O      -     0       -
    14   -    77    2   72.9  28.4    O      -     0       -
    15   -    77    2   28.4  27.1    O      -     0       -
    16   -    29    2   82.9  87.2    S      -     0       -
    17   -    29    2   17.1  87.2    S      -     0       -
    18   -    29    2   82.9  12.8    S      -     0       -
    19   -    29    2   17.1  12.8    S      -     0       -
    20   -     6    2   65.2  84.2    O      -     0       -
    21   -     6    2   32.8  83.2    O      -     0       -
    22   -     6    2   67.2  16.8    O      -     0       -
    23   -     6    2   34.8  15.8    O      -     0       -
    24   -    15    4   81.4  66.5    O      -     0       -
    25   -    15    4   17.7  64.6    O      -     0       -
    26   -    15    4   82.3  35.4    O      -     0       -
    27   -    15    4   18.6  33.5    O      -     0       -
[POLICY]  attack_budget per source
   src=  7  budget=12
[MISSIONS]  N=0  (sorted by score desc)
   (none)
[MOVES]  N=0

===== TURN 3  player=1  ts=2026-05-01 11:10:10  planets=28  fleets=1  =====
[GLOBAL]
   my_total=14  enemy_total=14  my_prod=2  enemy_prod=2
   my_planets=1  enemy_planets=1  neutral=26  4p=False
   step=3  remaining=497  is_early=True  is_opening=True  is_late=False  is_very_late=False  is_total_war=False
[MODES]
   domination=+0.000  is_behind=False  is_ahead=False  is_dominating=False  is_finishing=False  attack_margin_mult=1.00
[PLANETS]
   pid own ships prod    x      y    type fall_t keep_n first_en
     0   -    30    3   93.1  81.8    S      -     0       -
     1   -    30    3    6.9  81.8    S      -     0       -
     2   -    30    3   93.1  18.2    S      -     0       -
     3   -    30    3    6.9  18.2    S      -     0       -
     4  p0     7    2   91.4  96.5    S      -     0       -
     5   -    34    2    8.6  96.5    S      -     0       -
     6   -    34    2   91.4   3.5    S      -     0       -
     7  me    14    2    8.6   3.5    S      -     0       -
     8   -    27    2   58.0  98.0    S      -     0       -
     9   -    27    2   42.0  98.0    S      -     0       -
    10   -    27    2   58.0   2.0    S      -     0       -
    11   -    27    2   42.0   2.0    S      -     0       -
    12   -    77    2   70.9  73.6    O      -     0       -
    13   -    77    2   26.4  70.9    O      -     0       -
    14   -    77    2   73.6  29.1    O      -     0       -
    15   -    77    2   29.1  26.4    O      -     0       -
    16   -    29    2   82.9  87.2    S      -     0       -
    17   -    29    2   17.1  87.2    S      -     0       -
    18   -    29    2   82.9  12.8    S      -     0       -
    19   -    29    2   17.1  12.8    S      -     0       -
    20   -     6    2   64.1  84.6    O      -     0       -
    21   -     6    2   31.9  82.7    O      -     0       -
    22   -     6    2   68.1  17.3    O      -     0       -
    23   -     6    2   35.9  15.4    O      -     0       -
    24   -    15    4   80.9  67.4    O      -     0       -
    25   -    15    4   17.3  63.7    O      -     0       -
    26   -    15    4   82.7  36.3    O      -     0       -
    27   -    15    4   19.1  32.6    O      -     0       -
[POLICY]  attack_budget per source
   src=  7  budget=14
[MISSIONS]  N=0  (sorted by score desc)
   (none)
[MOVES]  N=0

===== TURN 4  player=1  ts=2026-05-01 11:10:10  planets=28  fleets=1  =====
[GLOBAL]
   my_total=16  enemy_total=16  my_prod=2  enemy_prod=2
   my_planets=1  enemy_planets=1  neutral=26  4p=False
   step=4  remaining=496  is_early=True  is_opening=True  is_late=False  is_very_late=False  is_total_war=False
[MODES]
   domination=+0.000  is_behind=False  is_ahead=False  is_dominating=False  is_finishing=False  attack_margin_mult=1.00
[PLANETS]
   pid own ships prod    x      y    type fall_t keep_n first_en
     0   -    30    3   93.1  81.8    S      -     0       -
     1   -    30    3    6.9  81.8    S      -     0       -
     2   -    30    3   93.1  18.2    S      -     0       -
     3   -    30    3    6.9  18.2    S      -     0       -
     4  p0     9    2   91.4  96.5    S      -     0       -
     5   -    34    2    8.6  96.5    S      -     0       -
     6   -    34    2   91.4   3.5    S      -     0       -
     7  me    16    2    8.6   3.5    S      -     0       -
     8   -    27    2   58.0  98.0    S      -     0       -
     9   -    27    2   42.0  98.0    S      -     0       -
    10   -    27    2   58.0   2.0    S      -     0       -
    11   -    27    2   42.0   2.0    S      -     0       -
    12   -    77    2   70.2  74.2    O      -     0       -
    13   -    77    2   25.8  70.2    O      -     0       -
    14   -    77    2   74.2  29.8    O      -     0       -
    15   -    77    2   29.8  25.8    O      -     0       -
    16   -    29    2   82.9  87.2    S      -     0       -
    17   -    29    2   17.1  87.2    S      -     0       -
    18   -    29    2   82.9  12.8    S      -     0       -
    19   -    29    2   17.1  12.8    S      -     0       -
    20   -     6    2   63.1  85.0    O      -     0       -
    21   -     6    2   30.9  82.2    O      -     0       -
    22   -     6    2   69.1  17.8    O      -     0       -
    23   -     6    2   36.9  15.0    O      -     0       -
    24   -    15    4   80.3  68.3    O      -     0       -
    25   -    15    4   16.9  62.7    O      -     0       -
    26   -    15    4   83.1  37.3    O      -     0       -
    27   -    15    4   19.7  31.7    O      -     0       -
[POLICY]  attack_budget per source
   src=  7  budget=16
[MISSIONS]  N=1  (sorted by score desc)
   #0  single         score=  +102.07  src=[7]→tgt= 27  turns= 10  need=  16  cap=  16
[MOVES]  N=1
   src=  7  angle= +48.54°  ships=  16   tgt=19 (own=-, ships=29, eta=5)

===== TURN 5  player=1  ts=2026-05-01 11:10:10  planets=28  fleets=2  =====
[GLOBAL]
   my_total=18  enemy_total=18  my_prod=2  enemy_prod=2
   my_planets=1  enemy_planets=1  neutral=26  4p=False
   step=5  remaining=495  is_early=True  is_opening=True  is_late=False  is_very_late=False  is_total_war=False
[MODES]
   domination=+0.000  is_behind=False  is_ahead=False  is_dominating=False  is_finishing=False  attack_margin_mult=1.00
[PLANETS]
   pid own ships prod    x      y    type fall_t keep_n first_en
     0   -    30    3   93.1  81.8    S      -     0       -
     1   -    30    3    6.9  81.8    S      -     0       -
     2   -    30    3   93.1  18.2    S      -     0       -
     3   -    30    3    6.9  18.2    S      -     0       -
     4  p0    11    2   91.4  96.5    S      -     0       -
     5   -    34    2    8.6  96.5    S      -     0       -
     6   -    34    2   91.4   3.5    S      -     0       -
     7  me     2    2    8.6   3.5    S      -     0       -
     8   -    27    2   58.0  98.0    S      -     0       -
     9   -    27    2   42.0  98.0    S      -     0       -
    10   -    27    2   58.0   2.0    S      -     0       -
    11   -    27    2   42.0   2.0    S      -     0       -
    12   -    77    2   69.5  74.8    O      -     0       -
    13   -    77    2   25.2  69.5    O      -     0       -
    14   -    77    2   74.8  30.5    O      -     0       -
    15   -    77    2   30.5  25.2    O      -     0       -
    16   -    29    2   82.9  87.2    S      -     0       -
    17   -    29    2   17.1  87.2    S      -     0       -
    18   -    29    2   82.9  12.8    S      -     0       -
    19   -    29    2   17.1  12.8    S      -     0       -
    20   -     6    2   62.1  85.4    O      -     0       -
    21   -     6    2   30.0  81.6    O      -     0       -
    22   -     6    2   70.0  18.4    O      -     0       -
    23   -     6    2   37.9  14.6    O      -     0       -
    24   -    15    4   79.8  69.2    O      -     0       -
    25   -    15    4   16.5  61.7    O      -     0       -
    26   -    15    4   83.5  38.3    O      -     0       -
    27   -    15    4   20.2  30.8    O      -     0       -
[POLICY]  attack_budget per source
   src=  7  budget=2
[MISSIONS]  N=0  (sorted by score desc)
   (none)
[MOVES]  N=0

===== TURN 6  player=1  ts=2026-05-01 11:10:10  planets=28  fleets=2  =====
[GLOBAL]
   my_total=20  enemy_total=20  my_prod=2  enemy_prod=2
   my_planets=1  enemy_planets=1  neutral=26  4p=False
   step=6  remaining=494  is_early=True  is_opening=True  is_late=False  is_very_late=False  is_total_war=False
[MODES]
   domination=+0.000  is_behind=False  is_ahead=False  is_dominating=False  is_finishing=False  attack_margin_mult=1.00
[PLANETS]
   pid own ships prod    x      y    type fall_t keep_n first_en
     0   -    30    3   93.1  81.8    S      -     0       -
     1   -    30    3    6.9  81.8    S      -     0       -
     2   -    30    3   93.1  18.2    S      -     0       -
     3   -    30    3    6.9  18.2    S      -     0       -
     4  p0    13    2   91.4  96.5    S      -     0       -
     5   -    34    2    8.6  96.5    S      -     0       -
     6   -    34    2   91.4   3.5    S      -     0       -
     7  me     4    2    8.6   3.5    S      -     0       -
     8   -    27    2   58.0  98.0    S      -     0       -
     9   -    27    2   42.0  98.0    S      -     0       -
    10   -    27    2   58.0   2.0    S      -     0       -
    11   -    27    2   42.0   2.0    S      -     0       -
    12   -    77    2   68.7  75.3    O      -     0       -
    13   -    77    2   24.7  68.7    O      -     0       -
    14   -    77    2   75.3  31.3    O      -     0       -
    15   -    77    2   31.3  24.7    O      -     0       -
    16   -    29    2   82.9  87.2    S      -     0       -
    17   -    29    2   17.1  87.2    S      -     0       -
    18   -    29    2   82.9  12.8    S      -     0       -
    19   -    29    2   17.1  12.8    S      -     0       -
    20   -     6    2   61.0  85.8    O      -     0       -
    21   -     6    2   29.0  81.0    O      -     0       -
    22   -     6    2   71.0  19.0    O      -     0       -
    23   -     6    2   39.0  14.2    O      -     0       -
    24   -    15    4   79.2  70.1    O      -     0       -
    25   -    15    4   16.2  60.7    O      -     0       -
    26   -    15    4   83.8  39.3    O      -     0       -
    27   -    15    4   20.8  29.9    O      -     0       -
[POLICY]  attack_budget per source
   src=  7  budget=4
[MISSIONS]  N=0  (sorted by score desc)
   (none)
[MOVES]  N=0

===== TURN 7  player=1  ts=2026-05-01 11:10:10  planets=28  fleets=2  =====
[GLOBAL]
   my_total=22  enemy_total=22  my_prod=2  enemy_prod=2
   my_planets=1  enemy_planets=1  neutral=26  4p=False
   step=7  remaining=493  is_early=True  is_opening=True  is_late=False  is_very_late=False  is_total_war=False
[MODES]
   domination=+0.000  is_behind=False  is_ahead=False  is_dominating=False  is_finishing=False  attack_margin_mult=1.00
[PLANETS]
   pid own ships prod    x      y    type fall_t keep_n first_en
     0   -    30    3   93.1  81.8    S      -     0       -
     1   -    30    3    6.9  81.8    S      -     0       -
     2   -    30    3   93.1  18.2    S      -     0       -
     3   -    30    3    6.9  18.2    S      -     0       -
     4  p0    15    2   91.4  96.5    S      -     0       -
     5   -    34    2    8.6  96.5    S      -     0       -
     6   -    34    2   91.4   3.5    S      -     0       -
     7  me     6    2    8.6   3.5    S      -     0       -
     8   -    27    2   58.0  98.0    S      -     0       -
     9   -    27    2   42.0  98.0    S      -     0       -
    10   -    27    2   58.0   2.0    S      -     0       -
    11   -    27    2   42.0   2.0    S      -     0       -
    12   -    77    2   68.0  75.9    O      -     0       -
    13   -    77    2   24.1  68.0    O      -     0       -
    14   -    77    2   75.9  32.0    O      -     0       -
    15   -    77    2   32.0  24.1    O      -     0       -
    16   -    29    2   82.9  87.2    S      -     0       -
    17   -    29    2   17.1  87.2    S      -     0       -
    18   -    29    2   82.9  12.8    S      -     0       -
    19   -    29    2   17.1  12.8    S      -     0       -
    20   -     6    2   59.9  86.1    O      -     0       -
    21   -     6    2   28.1  80.3    O      -     0       -
    22   -     6    2   71.9  19.7    O      -     0       -
    23   -     6    2   40.1  13.9    O      -     0       -
    24   -    15    4   78.6  71.0    O      -     0       -
    25   -    15    4   15.9  59.7    O      -     0       -
    26   -    15    4   84.1  40.3    O      -     0       -
    27   -    15    4   21.4  29.0    O      -     0       -
[POLICY]  attack_budget per source
   src=  7  budget=6
[MISSIONS]  N=0  (sorted by score desc)
   (none)
[MOVES]  N=0

===== TURN 8  player=1  ts=2026-05-01 11:10:10  planets=28  fleets=2  =====
[GLOBAL]
   my_total=24  enemy_total=24  my_prod=2  enemy_prod=2
   my_planets=1  enemy_planets=1  neutral=26  4p=False
   step=8  remaining=492  is_early=True  is_opening=True  is_late=False  is_very_late=False  is_total_war=False
[MODES]
   domination=+0.000  is_behind=False  is_ahead=False  is_dominating=False  is_finishing=False  attack_margin_mult=1.00
[PLANETS]
   pid own ships prod    x      y    type fall_t keep_n first_en
     0   -    30    3   93.1  81.8    S      -     0       -
     1   -    30    3    6.9  81.8    S      -     0       -
     2   -    30    3   93.1  18.2    S      -     0       -
     3   -    30    3    6.9  18.2    S      -     0       -
     4  p0    17    2   91.4  96.5    S      -     0       -
     5   -    34    2    8.6  96.5    S      -     0       -
     6   -    34    2   91.4   3.5    S      -     0       -
     7  me     8    2    8.6   3.5    S      -     0       -
     8   -    27    2   58.0  98.0    S      -     0       -
     9   -    27    2   42.0  98.0    S      -     0       -
    10   -    27    2   58.0   2.0    S      -     0       -
    11   -    27    2   42.0   2.0    S      -     0       -
    12   -    77    2   67.2  76.4    O      -     0       -
    13   -    77    2   23.6  67.2    O      -     0       -
    14   -    77    2   76.4  32.8    O      -     0       -
    15   -    77    2   32.8  23.6    O      -     0       -
    16   -    29    2   82.9  87.2    S      -     0       -
    17   -    29    2   17.1  87.2    S      -     0       -
    18   -    29    2   82.9  12.8    S      -     0       -
    19   -    29    2   17.1  12.8    S      -     0       -
    20   -     6    2   58.9  86.3    O      -     0       -
    21   -     6    2   27.2  79.7    O      -     0       -
    22   -     6    2   72.8  20.3    O      -     0       -
    23   -     6    2   41.1  13.7    O      -     0       -
    24   -    15    4   78.0  71.8    O      -     0       -
    25   -    15    4   15.6  58.7    O      -     0       -
    26   -    15    4   84.4  41.3    O      -     0       -
    27   -    15    4   22.0  28.2    O      -     0       -
[POLICY]  attack_budget per source
   src=  7  budget=8
[MISSIONS]  N=0  (sorted by score desc)
   (none)
[MOVES]  N=0

===== TURN 9  player=1  ts=2026-05-01 11:10:10  planets=28  fleets=2  =====
[GLOBAL]
   my_total=10  enemy_total=26  my_prod=2  enemy_prod=2
   my_planets=1  enemy_planets=1  neutral=26  4p=False
   step=9  remaining=491  is_early=True  is_opening=True  is_late=False  is_very_late=False  is_total_war=False
[MODES]
   domination=-0.444  is_behind=True  is_ahead=False  is_dominating=False  is_finishing=False  attack_margin_mult=0.95
[PLANETS]
   pid own ships prod    x      y    type fall_t keep_n first_en
     0   -    30    3   93.1  81.8    S      -     0       -
     1   -    30    3    6.9  81.8    S      -     0       -
     2   -    30    3   93.1  18.2    S      -     0       -
     3   -    30    3    6.9  18.2    S      -     0       -
     4  p0     3    2   91.4  96.5    S      -     0       -
     5   -    34    2    8.6  96.5    S      -     0       -
     6   -    34    2   91.4   3.5    S      -     0       -
     7  me    10    2    8.6   3.5    S      -     0       -
     8   -    27    2   58.0  98.0    S      -     0       -
     9   -    27    2   42.0  98.0    S      -     0       -
    10   -    27    2   58.0   2.0    S      -     0       -
    11   -    27    2   42.0   2.0    S      -     0       -
    12   -    77    2   66.4  76.9    O      -     0       -
    13   -    77    2   23.1  66.4    O      -     0       -
    14   -    77    2   76.9  33.6    O      -     0       -
    15   -    77    2   33.6  23.1    O      -     0       -
    16   -    29    2   82.9  87.2    S      -     0       -
    17   -    29    2   17.1  87.2    S      -     0       -
    18   -    29    2   82.9  12.8    S      -     0       -
    19   -    13    2   17.1  12.8    S      -     0       -
    20   -     6    2   57.8  86.6    O      -     0       -
    21   -     6    2   26.4  79.0    O      -     0       -
    22   -     6    2   73.6  21.0    O      -     0       -
    23   -     6    2   42.2  13.4    O      -     0       -
    24   -    15    4   77.3  72.6    O      -     0       -
    25   -    15    4   15.4  57.7    O      -     0       -
    26   -    15    4   84.6  42.3    O      -     0       -
    27   -    15    4   22.7  27.4    O      -     0       -
[POLICY]  attack_budget per source
   src=  7  budget=10
[MISSIONS]  N=0  (sorted by score desc)
   (none)
[MOVES]  N=0

===== TURN 10  player=1  ts=2026-05-01 11:10:10  planets=28  fleets=2  =====
[GLOBAL]
   my_total=12  enemy_total=28  my_prod=2  enemy_prod=2
   my_planets=1  enemy_planets=1  neutral=26  4p=False
   step=10  remaining=490  is_early=True  is_opening=True  is_late=False  is_very_late=False  is_total_war=False
[MODES]
   domination=-0.400  is_behind=True  is_ahead=False  is_dominating=False  is_finishing=False  attack_margin_mult=0.95
[PLANETS]
   pid own ships prod    x      y    type fall_t keep_n first_en
     0   -    30    3   93.1  81.8    S      -     0       -
     1   -    30    3    6.9  81.8    S      -     0       -
     2   -    30    3   93.1  18.2    S      -     0       -
     3   -    30    3    6.9  18.2    S      -     0       -
     4  p0     5    2   91.4  96.5    S      -     0       -
     5   -    34    2    8.6  96.5    S      -     0       -
     6   -    34    2   91.4   3.5    S      -     0       -
     7  me    12    2    8.6   3.5    S      -     0       -
     8   -    27    2   58.0  98.0    S      -     0       -
     9   -    27    2   42.0  98.0    S      -     0       -
    10   -    27    2   58.0   2.0    S      -     0       -
    11   -    27    2   42.0   2.0    S      -     0       -
    12   -    77    2   65.6  77.4    O      -     0       -
    13   -    77    2   22.6  65.6    O      -     0       -
    14   -    77    2   77.4  34.4    O      -     0       -
    15   -    77    2   34.4  22.6    O      -     0       -
    16   -    29    2   82.9  87.2    S      -     0       -
    17   -    29    2   17.1  87.2    S      -     0       -
    18   -    29    2   82.9  12.8    S      -     0       -
    19   -    13    2   17.1  12.8    S      -     0       -
    20   -     6    2   56.7  86.8    O      -     0       -
    21   -     6    2   25.5  78.3    O      -     0       -
    22   -     6    2   74.5  21.7    O      -     0       -
    23   -     6    2   43.3  13.2    O      -     0       -
    24   -    15    4   76.6  73.4    O      -     0       -
    25   -    15    4   15.2  56.6    O      -     0       -
    26   -    15    4   84.8  43.4    O      -     0       -
    27   -    15    4   23.4  26.6    O      -     0       -
[POLICY]  attack_budget per source
   src=  7  budget=12
[MISSIONS]  N=0  (sorted by score desc)
   (none)
[MOVES]  N=0

===== TURN 11  player=1  ts=2026-05-01 11:10:10  planets=28  fleets=2  =====
[GLOBAL]
   my_total=14  enemy_total=30  my_prod=2  enemy_prod=2
   my_planets=1  enemy_planets=1  neutral=26  4p=False
   step=11  remaining=489  is_early=True  is_opening=True  is_late=False  is_very_late=False  is_total_war=False
[MODES]
   domination=-0.364  is_behind=True  is_ahead=False  is_dominating=False  is_finishing=False  attack_margin_mult=0.95
[PLANETS]
   pid own ships prod    x      y    type fall_t keep_n first_en
     0   -    30    3   93.1  81.8    S      -     0       -
     1   -    30    3    6.9  81.8    S      -     0       -
     2   -    30    3   93.1  18.2    S      -     0       -
     3   -    30    3    6.9  18.2    S      -     0       -
     4  p0     7    2   91.4  96.5    S      -     0       -
     5   -    34    2    8.6  96.5    S      -     0       -
     6   -    34    2   91.4   3.5    S      -     0       -
     7  me    14    2    8.6   3.5    S      -     0       -
     8   -    27    2   58.0  98.0    S      -     0       -
     9   -    27    2   42.0  98.0    S      -     0       -
    10   -    27    2   58.0   2.0    S      -     0       -
    11   -    27    2   42.0   2.0    S      -     0       -
    12   -    77    2   64.8  77.8    O      -     0       -
    13   -    77    2   22.2  64.8    O      -     0       -
    14   -    77    2   77.8  35.2    O      -     0       -
    15   -    77    2   35.2  22.2    O      -     0       -
    16   -    29    2   82.9  87.2    S      -     0       -
    17   -    29    2   17.1  87.2    S      -     0       -
    18   -    29    2   82.9  12.8    S      -     0       -
    19   -    13    2   17.1  12.8    S      -     0       -
    20   -     6    2   55.6  87.0    O      -     0       -
    21   -     6    2   24.7  77.5    O      -     0       -
    22   -     6    2   75.3  22.5    O      -     0       -
    23   -     6    2   44.4  13.0    O      -     0       -
    24   -    15    4   75.9  74.2    O      -     0       -
    25   -    15    4   15.0  55.6    O      -     0       -
    26   -    15    4   85.0  44.4    O      -     0       -
    27   -    15    4   24.1  25.8    O      -     0       -
[POLICY]  attack_budget per source
   src=  7  budget=14
[MISSIONS]  N=1  (sorted by score desc)
   #0  single         score=  +190.73  src=[7]→tgt= 19  turns=  5  need=  14  cap=  14
[MOVES]  N=1
   src=  7  angle= +47.76°  ships=  14   tgt=19 (own=-, ships=13, eta=5)

===== TURN 12  player=1  ts=2026-05-01 11:10:10  planets=28  fleets=3  =====
[GLOBAL]
   my_total=16  enemy_total=32  my_prod=2  enemy_prod=2
   my_planets=1  enemy_planets=1  neutral=26  4p=False
   step=12  remaining=488  is_early=True  is_opening=True  is_late=False  is_very_late=False  is_total_war=False
[MODES]
   domination=-0.333  is_behind=True  is_ahead=False  is_dominating=False  is_finishing=False  attack_margin_mult=0.95
[PLANETS]
   pid own ships prod    x      y    type fall_t keep_n first_en
     0   -    30    3   93.1  81.8    S      -     0       -
     1   -    30    3    6.9  81.8    S      -     0       -
     2   -    30    3   93.1  18.2    S      -     0       -
     3   -    30    3    6.9  18.2    S      -     0       -
     4  p0     9    2   91.4  96.5    S      -     0       -
     5   -    34    2    8.6  96.5    S      -     0       -
     6   -    34    2   91.4   3.5    S      -     0       -
     7  me     2    2    8.6   3.5    S      -     0       -
     8   -    27    2   58.0  98.0    S      -     0       -
     9   -    27    2   42.0  98.0    S      -     0       -
    10   -    27    2   58.0   2.0    S      -     0       -
    11   -    27    2   42.0   2.0    S      -     0       -
    12   -    77    2   64.0  78.2    O      -     0       -
    13   -    77    2   21.8  64.0    O      -     0       -
    14   -    77    2   78.2  36.0    O      -     0       -
    15   -    77    2   36.0  21.8    O      -     0       -
    16   -    29    2   82.9  87.2    S      -     0       -
    17   -    29    2   17.1  87.2    S      -     0       -
    18   -    29    2   82.9  12.8    S      -     0       -
    19   -    13    2   17.1  12.8    S      -     0       -
    20   -     6    2   54.5  87.1    O      -     0       -
    21   -     6    2   23.9  76.8    O      -     0       -
    22   -     6    2   76.1  23.2    O      -     0       -
    23   -     6    2   45.5  12.9    O      -     0       -
    24   -    15    4   75.2  75.0    O      -     0       -
    25   -    15    4   14.8  54.5    O      -     0       -
    26   -    15    4   85.2  45.5    O      -     0       -
    27   -    15    4   24.8  25.0    O      -     0       -
[POLICY]  attack_budget per source
   src=  7  budget=2
[MISSIONS]  N=0  (sorted by score desc)
   (none)
[MOVES]  N=0

===== TURN 13  player=1  ts=2026-05-01 11:10:10  planets=28  fleets=3  =====
[GLOBAL]
   my_total=18  enemy_total=34  my_prod=2  enemy_prod=2
   my_planets=1  enemy_planets=1  neutral=26  4p=False
   step=13  remaining=487  is_early=True  is_opening=True  is_late=False  is_very_late=False  is_total_war=False
[MODES]
   domination=-0.308  is_behind=True  is_ahead=False  is_dominating=False  is_finishing=False  attack_margin_mult=0.95
[PLANETS]
   pid own ships prod    x      y    type fall_t keep_n first_en
     0   -    30    3   93.1  81.8    S      -     0       -
     1   -    30    3    6.9  81.8    S      -     0       -
     2   -    30    3   93.1  18.2    S      -     0       -
     3   -    30    3    6.9  18.2    S      -     0       -
     4  p0    11    2   91.4  96.5    S      -     0       -
     5   -    34    2    8.6  96.5    S      -     0       -
     6   -    34    2   91.4   3.5    S      -     0       -
     7  me     4    2    8.6   3.5    S      -     0       -
     8   -    27    2   58.0  98.0    S      -     0       -
     9   -    27    2   42.0  98.0    S      -     0       -
    10   -    27    2   58.0   2.0    S      -     0       -
    11   -    27    2   42.0   2.0    S      -     0       -
    12   -    77    2   63.1  78.7    O      -     0       -
    13   -    77    2   21.3  63.1    O      -     0       -
    14   -    77    2   78.7  36.9    O      -     0       -
    15   -    77    2   36.9  21.3    O      -     0       -
    16   -    29    2   82.9  87.2    S      -     0       -
    17   -    29    2   17.1  87.2    S      -     0       -
    18   -    29    2   82.9  12.8    S      -     0       -
    19   -    13    2   17.1  12.8    S      -     0       -
    20   -     6    2   53.4  87.3    O      -     0       -
    21   -     6    2   23.1  76.0    O      -     0       -
    22   -     6    2   76.9  24.0    O      -     0       -
    23   -     6    2   46.6  12.7    O      -     0       -
    24   -    15    4   74.4  75.7    O      -     0       -
    25   -    15    4   14.7  53.5    O      -     0       -
    26   -    15    4   85.3  46.5    O      -     0       -
    27   -    15    4   25.6  24.3    O      -     0       -
[POLICY]  attack_budget per source
   src=  7  budget=4
[MISSIONS]  N=0  (sorted by score desc)
   (none)
[MOVES]  N=0

===== TURN 14  player=1  ts=2026-05-01 11:10:10  planets=28  fleets=3  =====
[GLOBAL]
   my_total=20  enemy_total=36  my_prod=2  enemy_prod=2
   my_planets=1  enemy_planets=1  neutral=26  4p=False
   step=14  remaining=486  is_early=True  is_opening=True  is_late=False  is_very_late=False  is_total_war=False
[MODES]
   domination=-0.286  is_behind=True  is_ahead=False  is_dominating=False  is_finishing=False  attack_margin_mult=0.95
[PLANETS]
   pid own ships prod    x      y    type fall_t keep_n first_en
     0   -    30    3   93.1  81.8    S      -     0       -
     1   -    30    3    6.9  81.8    S      -     0       -
     2   -    30    3   93.1  18.2    S      -     0       -
     3   -    30    3    6.9  18.2    S      -     0       -
     4  p0    13    2   91.4  96.5    S      -     0       -
     5   -    34    2    8.6  96.5    S      -     0       -
     6   -    34    2   91.4   3.5    S      -     0       -
     7  me     6    2    8.6   3.5    S      -     0       -
     8   -    27    2   58.0  98.0    S      -     0       -
     9   -    27    2   42.0  98.0    S      -     0       -
    10   -    27    2   58.0   2.0    S      -     0       -
    11   -    27    2   42.0   2.0    S      -     0       -
    12   -    77    2   62.3  79.0    O      -     0       -
    13   -    77    2   21.0  62.3    O      -     0       -
    14   -    77    2   79.0  37.7    O      -     0       -
    15   -    77    2   37.7  21.0    O      -     0       -
    16   -    29    2   82.9  87.2    S      -     0       -
    17   -    29    2   17.1  87.2    S      -     0       -
    18   -    29    2   82.9  12.8    S      -     0       -
    19   -    13    2   17.1  12.8    S      -     0       -
    20   -     6    2   52.3  87.3    O      -     0       -
    21   -     6    2   22.3  75.2    O      -     0       -
    22   -     6    2   77.7  24.8    O      -     0       -
    23   -     6    2   47.7  12.7    O      -     0       -
    24   -    15    4   73.7  76.4    O      -     0       -
    25   -    15    4   14.6  52.5    O      -     0       -
    26   -    15    4   85.4  47.5    O      -     0       -
    27   -    15    4   26.3  23.6    O      -     0       -
[POLICY]  attack_budget per source
   src=  7  budget=6
[MISSIONS]  N=0  (sorted by score desc)
   (none)
[MOVES]  N=0

===== TURN 15  player=1  ts=2026-05-01 11:10:10  planets=28  fleets=3  =====
[GLOBAL]
   my_total=22  enemy_total=38  my_prod=2  enemy_prod=2
   my_planets=1  enemy_planets=1  neutral=26  4p=False
   step=15  remaining=485  is_early=True  is_opening=True  is_late=False  is_very_late=False  is_total_war=False
[MODES]
   domination=-0.267  is_behind=True  is_ahead=False  is_dominating=False  is_finishing=False  attack_margin_mult=0.95
[PLANETS]
   pid own ships prod    x      y    type fall_t keep_n first_en
     0   -    30    3   93.1  81.8    S      -     0       -
     1   -    30    3    6.9  81.8    S      -     0       -
     2   -    30    3   93.1  18.2    S      -     0       -
     3   -    30    3    6.9  18.2    S      -     0       -
     4  p0    15    2   91.4  96.5    S      -     0       -
     5   -    34    2    8.6  96.5    S      -     0       -
     6   -    34    2   91.4   3.5    S      -     0       -
     7  me     8    2    8.6   3.5    S      -     0       -
     8   -    27    2   58.0  98.0    S      -     0       -
     9   -    27    2   42.0  98.0    S      -     0       -
    10   -    27    2   58.0   2.0    S      -     0       -
    11   -    27    2   42.0   2.0    S      -     0       -
    12   -    77    2   61.4  79.4    O      -     0       -
    13   -    77    2   20.6  61.4    O      -     0       -
    14   -    77    2   79.4  38.6    O      -     0       -
    15   -    77    2   38.6  20.6    O      -     0       -
    16   -    29    2   82.9  87.2    S      -     0       -
    17   -    29    2   17.1  87.2    S      -     0       -
    18   -    29    2   82.9  12.8    S      -     0       -
    19   -    13    2   17.1  12.8    S      -     0       -
    20   -     6    2   51.2  87.4    O      -     0       -
    21   -     6    2   21.6  74.4    O      -     0       -
    22   -     6    2   78.4  25.6    O      -     0       -
    23   -     6    2   48.8  12.6    O      -     0       -
    24   -    15    4   72.9  77.1    O      -     0       -
    25   -    15    4   14.6  51.4    O      -     0       -
    26   -    15    4   85.4  48.6    O      -     0       -
    27   -    15    4   27.1  22.9    O      -     0       -
[POLICY]  attack_budget per source
   src=  7  budget=8
[MISSIONS]  N=0  (sorted by score desc)
   (none)
[MOVES]  N=0

===== TURN 16  player=1  ts=2026-05-01 11:10:10  planets=28  fleets=2  =====
[GLOBAL]
   my_total=11  enemy_total=40  my_prod=4  enemy_prod=2
   my_planets=2  enemy_planets=1  neutral=25  4p=False
   step=16  remaining=484  is_early=True  is_opening=True  is_late=False  is_very_late=False  is_total_war=False
[MODES]
   domination=-0.569  is_behind=True  is_ahead=False  is_dominating=False  is_finishing=False  attack_margin_mult=0.95
[PLANETS]
   pid own ships prod    x      y    type fall_t keep_n first_en
     0   -    30    3   93.1  81.8    S      -     0       -
     1   -    30    3    6.9  81.8    S      -     0       -
     2   -    30    3   93.1  18.2    S      -     0       -
     3   -    30    3    6.9  18.2    S      -     0       -
     4  p0    17    2   91.4  96.5    S      -     0       -
     5   -    34    2    8.6  96.5    S      -     0       -
     6   -    34    2   91.4   3.5    S      -     0       -
     7  me    10    2    8.6   3.5    S      -     0       -
     8   -    27    2   58.0  98.0    S      -     0       -
     9   -    27    2   42.0  98.0    S      -     0       -
    10   -    27    2   58.0   2.0    S      -     0       -
    11   -    27    2   42.0   2.0    S      -     0       -
    12   -    77    2   60.5  79.7    O      -     0       -
    13   -    77    2   20.3  60.5    O      -     0       -
    14   -    77    2   79.7  39.5    O      -     0       -
    15   -    77    2   39.5  20.3    O      -     0       -
    16   -    29    2   82.9  87.2    S      -     0       -
    17   -    29    2   17.1  87.2    S      -     0       -
    18   -    29    2   82.9  12.8    S      -     0       -
    19  me     1    2   17.1  12.8    S      -     0       -
    20   -     6    2   50.1  87.4    O      -     0       -
    21   -     6    2   20.9  73.5    O      -     0       -
    22   -     6    2   79.1  26.5    O      -     0       -
    23   -     6    2   49.9  12.6    O      -     0       -
    24   -    15    4   72.0  77.8    O      -     0       -
    25   -    15    4   14.5  50.4    O      -     0       -
    26   -    15    4   85.5  49.6    O      -     0       -
    27   -    15    4   28.0  22.2    O      -     0       -
[POLICY]  attack_budget per source
   src=  7  budget=10
   src= 19  budget=1
[MISSIONS]  N=0  (sorted by score desc)
   (none)
[MOVES]  N=0

===== TURN 17  player=1  ts=2026-05-01 11:10:10  planets=28  fleets=3  =====
[GLOBAL]
   my_total=15  enemy_total=42  my_prod=4  enemy_prod=2
   my_planets=2  enemy_planets=1  neutral=25  4p=False
   step=17  remaining=483  is_early=True  is_opening=True  is_late=False  is_very_late=False  is_total_war=False
[MODES]
   domination=-0.474  is_behind=True  is_ahead=False  is_dominating=False  is_finishing=False  attack_margin_mult=0.95
[PLANETS]
   pid own ships prod    x      y    type fall_t keep_n first_en
     0   -    30    3   93.1  81.8    S      -     0       -
     1   -    30    3    6.9  81.8    S      -     0       -
     2   -    30    3   93.1  18.2    S      -     0       -
     3   -    30    3    6.9  18.2    S      -     0       -
     4  p0     3    2   91.4  96.5    S      -     0       -
     5   -    34    2    8.6  96.5    S      -     0       -
     6   -    34    2   91.4   3.5    S      -     0       -
     7  me    12    2    8.6   3.5    S      -     0       -
     8   -    27    2   58.0  98.0    S      -     0       -
     9   -    27    2   42.0  98.0    S      -     0       -
    10   -    27    2   58.0   2.0    S      -     0       -
    11   -    27    2   42.0   2.0    S      -     0       -
    12   -    77    2   59.6  80.0    O      -     0       -
    13   -    77    2   20.0  59.6    O      -     0       -
    14   -    77    2   80.0  40.4    O      -     0       -
    15   -    77    2   40.4  20.0    O      -     0       -
    16   -    29    2   82.9  87.2    S      -     0       -
    17   -    29    2   17.1  87.2    S      -     0       -
    18   -    29    2   82.9  12.8    S      -     0       -
    19  me     3    2   17.1  12.8    S      -     0       -
    20   -     6    2   49.0  87.4    O      -     0       -
    21   -     6    2   20.2  72.6    O      -     0       -
    22   -     6    2   79.8  27.4    O      -     0       -
    23   -     6    2   51.0  12.6    O      -     0       -
    24   -    15    4   71.2  78.4    O      -     0       -
    25   -    15    4   14.6  49.3    O      -     0       -
    26   -    15    4   85.4  50.7    O      -     0       -
    27   -    15    4   28.8  21.6    O      -     0       -
[POLICY]  attack_budget per source
   src=  7  budget=12
   src= 19  budget=3
[MISSIONS]  N=0  (sorted by score desc)
   (none)
[MOVES]  N=0

===== TURN 18  player=1  ts=2026-05-01 11:10:10  planets=28  fleets=3  =====
[GLOBAL]
   my_total=19  enemy_total=44  my_prod=4  enemy_prod=2
   my_planets=2  enemy_planets=1  neutral=25  4p=False
   step=18  remaining=482  is_early=True  is_opening=True  is_late=False  is_very_late=False  is_total_war=False
[MODES]
   domination=-0.397  is_behind=True  is_ahead=False  is_dominating=False  is_finishing=False  attack_margin_mult=0.95
[PLANETS]
   pid own ships prod    x      y    type fall_t keep_n first_en
     0   -    30    3   93.1  81.8    S      -     0       -
     1   -    30    3    6.9  81.8    S      -     0       -
     2   -    30    3   93.1  18.2    S      -     0       -
     3   -    30    3    6.9  18.2    S      -     0       -
     4  p0     5    2   91.4  96.5    S      -     0       -
     5   -    34    2    8.6  96.5    S      -     0       -
     6   -    34    2   91.4   3.5    S      -     0       -
     7  me    14    2    8.6   3.5    S      -     0       -
     8   -    27    2   58.0  98.0    S      -     0       -
     9   -    27    2   42.0  98.0    S      -     0       -
    10   -    27    2   58.0   2.0    S      -     0       -
    11   -    27    2   42.0   2.0    S      -     0       -
    12   -    77    2   58.7  80.3    O      -     0       -
    13   -    77    2   19.7  58.7    O      -     0       -
    14   -    77    2   80.3  41.3    O      -     0       -
    15   -    77    2   41.3  19.7    O      -     0       -
    16   -    29    2   82.9  87.2    S      -     0       -
    17   -    29    2   17.1  87.2    S      -     0       -
    18   -    29    2   82.9  12.8    S      -     0       -
    19  me     5    2   17.1  12.8    S      -     0       -
    20   -     6    2   47.9  87.3    O      -     0       -
    21   -     6    2   19.6  71.7    O      -     0       -
    22   -     6    2   80.4  28.3    O      -     0       -
    23   -     6    2   52.1  12.7    O      -     0       -
    24   -    15    4   70.4  79.0    O      -     0       -
    25   -    15    4   14.6  48.3    O      -     0       -
    26   -    15    4   85.4  51.7    O      -     0       -
    27   -    15    4   29.6  21.0    O      -     0       -
[POLICY]  attack_budget per source
   src=  7  budget=14
   src= 19  budget=5
[MISSIONS]  N=0  (sorted by score desc)
   (none)
[MOVES]  N=0

===== TURN 19  player=1  ts=2026-05-01 11:10:10  planets=28  fleets=2  =====
[GLOBAL]
   my_total=23  enemy_total=31  my_prod=4  enemy_prod=6
   my_planets=2  enemy_planets=2  neutral=24  4p=False
   step=19  remaining=481  is_early=True  is_opening=True  is_late=False  is_very_late=False  is_total_war=False
[MODES]
   domination=-0.148  is_behind=False  is_ahead=False  is_dominating=False  is_finishing=False  attack_margin_mult=1.00
[PLANETS]
   pid own ships prod    x      y    type fall_t keep_n first_en
     0   -    30    3   93.1  81.8    S      -     0       -
     1   -    30    3    6.9  81.8    S      -     0       -
     2   -    30    3   93.1  18.2    S      -     0       -
     3   -    30    3    6.9  18.2    S      -     0       -
     4  p0     7    2   91.4  96.5    S      -     0       -
     5   -    34    2    8.6  96.5    S      -     0       -
     6   -    34    2   91.4   3.5    S      -     0       -
     7  me    16    2    8.6   3.5    S      -     0       -
     8   -    27    2   58.0  98.0    S      -     0       -
     9   -    27    2   42.0  98.0    S      -     0       -
    10   -    27    2   58.0   2.0    S      -     0       -
    11   -    27    2   42.0   2.0    S      -     0       -
    12   -    77    2   57.8  80.5    O      -     0       -
    13   -    77    2   19.5  57.8    O      -     0       -
    14   -    77    2   80.5  42.2    O      -     0       -
    15   -    77    2   42.2  19.5    O      -     0       -
    16   -    29    2   82.9  87.2    S      -     0       -
    17   -    29    2   17.1  87.2    S      -     0       -
    18   -    29    2   82.9  12.8    S      -     0       -
    19  me     7    2   17.1  12.8    S      -     0       -
    20   -     6    2   46.7  87.3    O      -     0       -
    21   -     6    2   18.9  70.8    O      -     0       -
    22   -     6    2   81.1  29.2    O      -     0       -
    23   -     6    2   53.3  12.7    O      -     0       -
    24  p0     1    4   69.5  79.6    O      -     0       -
    25   -    15    4   14.7  47.2    O      -     0       -
    26   -    15    4   85.3  52.8    O      -     0       -
    27   -    15    4   30.5  20.4    O      -     0       -
[POLICY]  attack_budget per source
   src=  7  budget=16
   src= 19  budget=7
[MISSIONS]  N=1  (sorted by score desc)
   #0  single         score=   +91.90  src=[7]→tgt= 25  turns= 13  need=  16  cap=  16
[MOVES]  N=1
   src=  7  angle= +72.40°  ships=  16   tgt=25 (own=-, ships=15, eta=13)

===== TURN 20  player=1  ts=2026-05-01 11:10:10  planets=28  fleets=3  =====
[GLOBAL]
   my_total=27  enemy_total=37  my_prod=4  enemy_prod=6
   my_planets=2  enemy_planets=2  neutral=24  4p=False
   step=20  remaining=480  is_early=True  is_opening=True  is_late=False  is_very_late=False  is_total_war=False
[MODES]
   domination=-0.156  is_behind=False  is_ahead=False  is_dominating=False  is_finishing=False  attack_margin_mult=1.00
[PLANETS]
   pid own ships prod    x      y    type fall_t keep_n first_en
     0   -    30    3   93.1  81.8    S      -     0       -
     1   -    30    3    6.9  81.8    S      -     0       -
     2   -    30    3   93.1  18.2    S      -     0       -
     3   -    30    3    6.9  18.2    S      -     0       -
     4  p0     9    2   91.4  96.5    S      -     0       -
     5   -    34    2    8.6  96.5    S      -     0       -
     6   -    34    2   91.4   3.5    S      -     0       -
     7  me     2    2    8.6   3.5    S      -     0       -
     8   -    27    2   58.0  98.0    S      -     0       -
     9   -    27    2   42.0  98.0    S      -     0       -
    10   -    27    2   58.0   2.0    S      -     0       -
    11   -    27    2   42.0   2.0    S      -     0       -
    12   -    77    2   56.9  80.7    O      -     0       -
    13   -    77    2   19.3  56.9    O      -     0       -
    14   -    77    2   80.7  43.1    O      -     0       -
    15   -    77    2   43.1  19.3    O      -     0       -
    16   -    29    2   82.9  87.2    S      -     0       -
    17   -    29    2   17.1  87.2    S      -     0       -
    18   -    29    2   82.9  12.8    S      -     0       -
    19  me     9    2   17.1  12.8    S      -     0       -
    20   -     6    2   45.6  87.2    O      -     0       -
    21   -     6    2   18.3  69.9    O      -     0       -
    22   -     6    2   81.7  30.1    O      -     0       -
    23   -     6    2   54.4  12.8    O      -     0       -
    24  p0     5    4   68.6  80.2    O      -     0       -
    25   -    15    4   14.8  46.2    O      -     0       -
    26   -    15    4   85.2  53.8    O      -     0       -
    27   -    15    4   31.4  19.8    O      -     0       -
[POLICY]  attack_budget per source
   src=  7  budget=2
   src= 19  budget=9
[MISSIONS]  N=0  (sorted by score desc)
   (none)
[MOVES]  N=0

===== TURN 21  player=1  ts=2026-05-01 11:10:10  planets=28  fleets=3  =====
[GLOBAL]
   my_total=31  enemy_total=43  my_prod=4  enemy_prod=6
   my_planets=2  enemy_planets=2  neutral=24  4p=False
   step=21  remaining=479  is_early=True  is_opening=True  is_late=False  is_very_late=False  is_total_war=False
[MODES]
   domination=-0.162  is_behind=False  is_ahead=False  is_dominating=False  is_finishing=False  attack_margin_mult=1.00
[PLANETS]
   pid own ships prod    x      y    type fall_t keep_n first_en
     0   -    30    3   93.1  81.8    S      -     0       -
     1   -    30    3    6.9  81.8    S      -     0       -
     2   -    30    3   93.1  18.2    S      -     0       -
     3   -    30    3    6.9  18.2    S      -     0       -
     4  p0    11    2   91.4  96.5    S      -     0       -
     5   -    34    2    8.6  96.5    S      -     0       -
     6   -    34    2   91.4   3.5    S      -     0       -
     7  me     4    2    8.6   3.5    S      -     0       -
     8   -    27    2   58.0  98.0    S      -     0       -
     9   -    27    2   42.0  98.0    S      -     0       -
    10   -    27    2   58.0   2.0    S      -     0       -
    11   -    27    2   42.0   2.0    S      -     0       -
    12   -    77    2   56.0  80.9    O      -     0       -
    13   -    77    2   19.1  56.0    O      -     0       -
    14   -    77    2   80.9  44.0    O      -     0       -
    15   -    77    2   44.0  19.1    O      -     0       -
    16   -    29    2   82.9  87.2    S      -     0       -
    17   -    29    2   17.1  87.2    S      -     0       -
    18   -    29    2   82.9  12.8    S      -     0       -
    19  me    11    2   17.1  12.8    S      -     0       -
    20   -     6    2   44.5  87.0    O      -     0       -
    21   -     6    2   17.7  68.9    O      -     0       -
    22   -     6    2   82.3  31.1    O      -     0       -
    23   -     6    2   55.5  13.0    O      -     0       -
    24  p0     9    4   67.7  80.7    O      -     0       -
    25   -    15    4   14.9  45.1    O      -     0       -
    26   -    15    4   85.1  54.9    O      -     0       -
    27   -    15    4   32.3  19.3    O      -     0       -
[POLICY]  attack_budget per source
   src=  7  budget=4
   src= 19  budget=11
[MISSIONS]  N=0  (sorted by score desc)
   (none)
[MOVES]  N=0

===== TURN 22  player=1  ts=2026-05-01 11:10:10  planets=28  fleets=3  =====
[GLOBAL]
   my_total=35  enemy_total=49  my_prod=4  enemy_prod=6
   my_planets=2  enemy_planets=2  neutral=24  4p=False
   step=22  remaining=478  is_early=True  is_opening=True  is_late=False  is_very_late=False  is_total_war=False
[MODES]
   domination=-0.167  is_behind=False  is_ahead=False  is_dominating=False  is_finishing=False  attack_margin_mult=1.00
[PLANETS]
   pid own ships prod    x      y    type fall_t keep_n first_en
     0   -    30    3   93.1  81.8    S      -     0       -
     1   -    30    3    6.9  81.8    S      -     0       -
     2   -    30    3   93.1  18.2    S      -     0       -
     3   -    30    3    6.9  18.2    S      -     0       -
     4  p0    13    2   91.4  96.5    S      -     0       -
     5   -    34    2    8.6  96.5    S      -     0       -
     6   -    34    2   91.4   3.5    S      -     0       -
     7  me     6    2    8.6   3.5    S      -     0       -
     8   -    27    2   58.0  98.0    S      -     0       -
     9   -    27    2   42.0  98.0    S      -     0       -
    10   -    27    2   58.0   2.0    S      -     0       -
    11   -    27    2   42.0   2.0    S      -     0       -
    12   -    77    2   55.1  81.1    O      -     0       -
    13   -    77    2   18.9  55.1    O      -     0       -
    14   -    77    2   81.1  44.9    O      -     0       -
    15   -    77    2   44.9  18.9    O      -     0       -
    16   -    29    2   82.9  87.2    S      -     0       -
    17   -    29    2   17.1  87.2    S      -     0       -
    18   -    29    2   82.9  12.8    S      -     0       -
    19  me    13    2   17.1  12.8    S      -     0       -
    20   -     6    2   43.4  86.8    O      -     0       -
    21   -     6    2   17.2  68.0    O      -     0       -
    22   -     6    2   82.8  32.0    O      -     0       -
    23   -     6    2   56.6  13.2    O      -     0       -
    24  p0    13    4   66.8  81.2    O      -     0       -
    25   -    15    4   15.0  44.1    O      -     0       -
    26   -    15    4   85.0  55.9    O      -     0       -
    27   -    15    4   33.2  18.8    O      -     0       -
[POLICY]  attack_budget per source
   src=  7  budget=6
   src= 19  budget=13
[MISSIONS]  N=0  (sorted by score desc)
   (none)
[MOVES]  N=0

===== TURN 23  player=1  ts=2026-05-01 11:10:10  planets=28  fleets=3  =====
[GLOBAL]
   my_total=39  enemy_total=55  my_prod=4  enemy_prod=6
   my_planets=2  enemy_planets=2  neutral=24  4p=False
   step=23  remaining=477  is_early=True  is_opening=True  is_late=False  is_very_late=False  is_total_war=False
[MODES]
   domination=-0.170  is_behind=False  is_ahead=False  is_dominating=False  is_finishing=False  attack_margin_mult=1.00
[PLANETS]
   pid own ships prod    x      y    type fall_t keep_n first_en
     0   -    30    3   93.1  81.8    S      -     0       -
     1   -    30    3    6.9  81.8    S      -     0       -
     2   -    30    3   93.1  18.2    S      -     0       -
     3   -    30    3    6.9  18.2    S      -     0       -
     4  p0    15    2   91.4  96.5    S      -     0       -
     5   -    34    2    8.6  96.5    S      -     0       -
     6   -    34    2   91.4   3.5    S      -     0       -
     7  me     8    2    8.6   3.5    S      -     0       -
     8   -    27    2   58.0  98.0    S      -     0       -
     9   -    27    2   42.0  98.0    S      -     0       -
    10   -    27    2   58.0   2.0    S      -     0       -
    11   -    27    2   42.0   2.0    S      -     0       -
    12   -    77    2   54.2  81.2    O      -     0       -
    13   -    77    2   18.8  54.2    O      -     0       -
    14   -    77    2   81.2  45.8    O      -     0       -
    15   -    77    2   45.8  18.8    O      -     0       -
    16   -    29    2   82.9  87.2    S      -     0       -
    17   -    29    2   17.1  87.2    S      -     0       -
    18   -    29    2   82.9  12.8    S      -     0       -
    19  me    15    2   17.1  12.8    S      -     0       -
    20   -     6    2   42.4  86.6    O      -     0       -
    21   -     6    2   16.7  67.0    O      -     0       -
    22   -     6    2   83.3  33.0    O      -     0       -
    23   -     6    2   57.6  13.4    O      -     0       -
    24  p0    17    4   65.9  81.7    O      -     0       -
    25   -    15    4   15.2  43.0    O      -     0       -
    26   -    15    4   84.8  57.0    O      -     0       -
    27   -    15    4   34.1  18.3    O      -     0       -
[POLICY]  attack_budget per source
   src=  7  budget=8
   src= 19  budget=15
[MISSIONS]  N=0  (sorted by score desc)
   (none)
[MOVES]  N=0

===== TURN 24  player=1  ts=2026-05-01 11:10:10  planets=28  fleets=3  =====
[GLOBAL]
   my_total=43  enemy_total=61  my_prod=4  enemy_prod=6
   my_planets=2  enemy_planets=2  neutral=24  4p=False
   step=24  remaining=476  is_early=True  is_opening=True  is_late=False  is_very_late=False  is_total_war=False
[MODES]
   domination=-0.173  is_behind=False  is_ahead=False  is_dominating=False  is_finishing=False  attack_margin_mult=1.00
[PLANETS]
   pid own ships prod    x      y    type fall_t keep_n first_en
     0   -    30    3   93.1  81.8    S      -     0       -
     1   -    30    3    6.9  81.8    S      -     0       -
     2   -    30    3   93.1  18.2    S      -     0       -
     3   -    30    3    6.9  18.2    S      -     0       -
     4  p0    17    2   91.4  96.5    S      -     0       -
     5   -    34    2    8.6  96.5    S      -     0       -
     6   -    34    2   91.4   3.5    S      -     0       -
     7  me    10    2    8.6   3.5    S      -     0       -
     8   -    27    2   58.0  98.0    S      -     0       -
     9   -    27    2   42.0  98.0    S      -     0       -
    10   -    27    2   58.0   2.0    S      -     0       -
    11   -    27    2   42.0   2.0    S      -     0       -
    12   -    77    2   53.3  81.3    O      -     0       -
    13   -    77    2   18.7  53.3    O      -     0       -
    14   -    77    2   81.3  46.7    O      -     0       -
    15   -    77    2   46.7  18.7    O      -     0       -
    16   -    29    2   82.9  87.2    S      -     0       -
    17   -    29    2   17.1  87.2    S      -     0       -
    18   -    29    2   82.9  12.8    S      -     0       -
    19  me    17    2   17.1  12.8    S      -     0       -
    20   -     6    2   41.3  86.4    O      -     0       -
    21   -     6    2   16.2  66.0    O      -     0       -
    22   -     6    2   83.8  34.0    O      -     0       -
    23   -     6    2   58.7  13.6    O      -     0       -
    24  p0    21    4   64.9  82.2    O      -     0       -
    25   -    15    4   15.5  42.0    O      -     0       -
    26   -    15    4   84.5  58.0    O      -     0       -
    27   -    15    4   35.1  17.8    O      -     0       -
[POLICY]  attack_budget per source
   src=  7  budget=10
   src= 19  budget=17
[MISSIONS]  N=2  (sorted by score desc)
   #0  single         score=   +98.17  src=[19]→tgt= 25  turns=  8  need=  16  cap=  17
   #1  single         score=   +91.42  src=[19]→tgt= 27  turns= 11  need=  16  cap=  17
[MOVES]  N=1
   src= 19  angle= +86.70°  ships=  17   tgt=25 (own=-, ships=15, eta=8)

===== TURN 25  player=1  ts=2026-05-01 11:10:11  planets=28  fleets=4  =====
[GLOBAL]
   my_total=47  enemy_total=67  my_prod=4  enemy_prod=6
   my_planets=2  enemy_planets=2  neutral=24  4p=False
   step=25  remaining=475  is_early=True  is_opening=True  is_late=False  is_very_late=False  is_total_war=False
[MODES]
   domination=-0.175  is_behind=False  is_ahead=False  is_dominating=False  is_finishing=False  attack_margin_mult=1.00
[PLANETS]
   pid own ships prod    x      y    type fall_t keep_n first_en
     0   -    30    3   93.1  81.8    S      -     0       -
     1   -    30    3    6.9  81.8    S      -     0       -
     2   -    30    3   93.1  18.2    S      -     0       -
     3   -    30    3    6.9  18.2    S      -     0       -
     4  p0    19    2   91.4  96.5    S      -     0       -
     5   -    34    2    8.6  96.5    S      -     0       -
     6   -    34    2   91.4   3.5    S      -     0       -
     7  me    12    2    8.6   3.5    S      -     0       -
     8   -    27    2   58.0  98.0    S      -     0       -
     9   -    27    2   42.0  98.0    S      -     0       -
    10   -    27    2   58.0   2.0    S      -     0       -
    11   -    27    2   42.0   2.0    S      -     0       -
    12   -    77    2   52.3  81.4    O      -     0       -
    13   -    77    2   18.6  52.3    O      -     0       -
    14   -    77    2   81.4  47.7    O      -     0       -
    15   -    77    2   47.7  18.6    O      -     0       -
    16   -    29    2   82.9  87.2    S      -     0       -
    17   -    29    2   17.1  87.2    S      -     0       -
    18   -    29    2   82.9  12.8    S      -     0       -
    19  me     2    2   17.1  12.8    S      -     0       -
    20   -     6    2   40.2  86.1    O      -     0       -
    21   -     6    2   15.7  65.0    O      -     0       -
    22   -     6    2   84.3  35.0    O      -     0       -
    23   -     6    2   59.8  13.9    O      -     0       -
    24  p0    25    4   63.9  82.6    O      -     0       -
    25   -    15    4   15.7  41.0    O      -     0       -
    26   -    15    4   84.3  59.0    O      -     0       -
    27   -    15    4   36.1  17.4    O      -     0       -
[POLICY]  attack_budget per source
   src=  7  budget=12
   src= 19  budget=2
[MISSIONS]  N=0  (sorted by score desc)
   (none)
[MOVES]  N=0

===== TURN 26  player=1  ts=2026-05-01 11:10:11  planets=28  fleets=4  =====
[GLOBAL]
   my_total=51  enemy_total=73  my_prod=4  enemy_prod=6
   my_planets=2  enemy_planets=2  neutral=24  4p=False
   step=26  remaining=474  is_early=True  is_opening=True  is_late=False  is_very_late=False  is_total_war=False
[MODES]
   domination=-0.177  is_behind=False  is_ahead=False  is_dominating=False  is_finishing=False  attack_margin_mult=1.00
[PLANETS]
   pid own ships prod    x      y    type fall_t keep_n first_en
     0   -    30    3   93.1  81.8    S      -     0       -
     1   -    30    3    6.9  81.8    S      -     0       -
     2   -    30    3   93.1  18.2    S      -     0       -
     3   -    30    3    6.9  18.2    S      -     0       -
     4  p0    21    2   91.4  96.5    S      -     0       -
     5   -    34    2    8.6  96.5    S      -     0       -
     6   -    34    2   91.4   3.5    S      -     0       -
     7  me    14    2    8.6   3.5    S      -     0       -
     8   -    27    2   58.0  98.0    S      -     0       -
     9   -    27    2   42.0  98.0    S      -     0       -
    10   -    27    2   58.0   2.0    S      -     0       -
    11   -    27    2   42.0   2.0    S      -     0       -
    12   -    77    2   51.4  81.5    O      -     0       -
    13   -    77    2   18.5  51.4    O      -     0       -
    14   -    77    2   81.5  48.6    O      -     0       -
    15   -    77    2   48.6  18.5    O      -     0       -
    16   -    29    2   82.9  87.2    S      -     0       -
    17   -    29    2   17.1  87.2    S      -     0       -
    18   -    29    2   82.9  12.8    S      -     0       -
    19  me     4    2   17.1  12.8    S      -     0       -
    20   -     6    2   39.1  85.8    O      -     0       -
    21   -     6    2   15.3  64.0    O      -     0       -
    22   -     6    2   84.7  36.0    O      -     0       -
    23   -     6    2   60.9  14.2    O      -     0       -
    24  p0    29    4   63.0  83.0    O      -     0       -
    25   -    15    4   16.0  40.0    O      -     0       -
    26   -    15    4   84.0  60.0    O      -     0       -
    27   -    15    4   37.0  17.0    O      -     0       -
[POLICY]  attack_budget per source
   src=  7  budget=14
   src= 19  budget=4
[MISSIONS]  N=0  (sorted by score desc)
   (none)
[MOVES]  N=0

===== TURN 27  player=1  ts=2026-05-01 11:10:11  planets=28  fleets=4  =====
[GLOBAL]
   my_total=55  enemy_total=79  my_prod=4  enemy_prod=6
   my_planets=2  enemy_planets=2  neutral=24  4p=False
   step=27  remaining=473  is_early=True  is_opening=True  is_late=False  is_very_late=False  is_total_war=False
[MODES]
   domination=-0.179  is_behind=False  is_ahead=False  is_dominating=False  is_finishing=False  attack_margin_mult=1.00
[PLANETS]
   pid own ships prod    x      y    type fall_t keep_n first_en
     0   -    30    3   93.1  81.8    S      -     0       -
     1   -    30    3    6.9  81.8    S      -     0       -
     2   -    30    3   93.1  18.2    S      -     0       -
     3   -    30    3    6.9  18.2    S      -     0       -
     4  p0    23    2   91.4  96.5    S      -     0       -
     5   -    34    2    8.6  96.5    S      -     0       -
     6   -    34    2   91.4   3.5    S      -     0       -
     7  me    16    2    8.6   3.5    S      -     0       -
     8   -    27    2   58.0  98.0    S      -     0       -
     9   -    27    2   42.0  98.0    S      -     0       -
    10   -    27    2   58.0   2.0    S      -     0       -
    11   -    27    2   42.0   2.0    S      -     0       -
    12   -    77    2   50.5  81.5    O      -     0       -
    13   -    77    2   18.5  50.5    O      -     0       -
    14   -    77    2   81.5  49.5    O      -     0       -
    15   -    77    2   49.5  18.5    O      -     0       -
    16   -    29    2   82.9  87.2    S      -     0       -
    17   -    29    2   17.1  87.2    S      -     0       -
    18   -    29    2   82.9  12.8    S      -     0       -
    19  me     6    2   17.1  12.8    S      -     0       -
    20   -     6    2   38.1  85.5    O      -     0       -
    21   -     6    2   14.9  62.9    O      -     0       -
    22   -     6    2   85.1  37.1    O      -     0       -
    23   -     6    2   61.9  14.5    O      -     0       -
    24  p0    33    4   62.0  83.4    O      -     0       -
    25   -    15    4   16.3  39.0    O      -     0       -
    26   -    15    4   83.7  61.0    O      -     0       -
    27   -    15    4   38.0  16.6    O      -     0       -
[POLICY]  attack_budget per source
   src=  7  budget=16
   src= 19  budget=6
[MISSIONS]  N=0  (sorted by score desc)
   (none)
[MOVES]  N=0

===== TURN 28  player=1  ts=2026-05-01 11:10:11  planets=28  fleets=4  =====
[GLOBAL]
   my_total=59  enemy_total=85  my_prod=4  enemy_prod=6
   my_planets=2  enemy_planets=2  neutral=24  4p=False
   step=28  remaining=472  is_early=True  is_opening=True  is_late=False  is_very_late=False  is_total_war=False
[MODES]
   domination=-0.181  is_behind=False  is_ahead=False  is_dominating=False  is_finishing=False  attack_margin_mult=1.00
[PLANETS]
   pid own ships prod    x      y    type fall_t keep_n first_en
     0   -    30    3   93.1  81.8    S      -     0       -
     1   -    30    3    6.9  81.8    S      -     0       -
     2   -    30    3   93.1  18.2    S      -     0       -
     3   -    30    3    6.9  18.2    S      -     0       -
     4  p0    25    2   91.4  96.5    S      -     0       -
     5   -    34    2    8.6  96.5    S      -     0       -
     6   -    34    2   91.4   3.5    S      -     0       -
     7  me    18    2    8.6   3.5    S      -     0       -
     8   -    27    2   58.0  98.0    S      -     0       -
     9   -    27    2   42.0  98.0    S      -     0       -
    10   -    27    2   58.0   2.0    S      -     0       -
    11   -    27    2   42.0   2.0    S      -     0       -
    12   -    77    2   49.5  81.5    O      -     0       -
    13   -    77    2   18.5  49.5    O      -     0       -
    14   -    77    2   81.5  50.5    O      -     0       -
    15   -    77    2   50.5  18.5    O      -     0       -
    16   -    29    2   82.9  87.2    S      -     0       -
    17   -    29    2   17.1  87.2    S      -     0       -
    18   -    29    2   82.9  12.8    S      -     0       -
    19  me     8    2   17.1  12.8    S      -     0       -
    20   -     6    2   37.0  85.1    O      -     0       -
    21   -     6    2   14.5  61.9    O      -     0       -
    22   -     6    2   85.5  38.1    O      -     0       -
    23   -     6    2   63.0  14.9    O      -     0       -
    24  p0    37    4   61.0  83.7    O      -     0       -
    25   -    15    4   16.6  38.0    O      -     0       -
    26   -    15    4   83.4  62.0    O      -     0       -
    27   -    15    4   39.0  16.3    O      -     0       -
[POLICY]  attack_budget per source
   src=  7  budget=18
   src= 19  budget=8
[MISSIONS]  N=0  (sorted by score desc)
   (none)
[MOVES]  N=0

===== TURN 29  player=1  ts=2026-05-01 11:10:11  planets=28  fleets=4  =====
[GLOBAL]
   my_total=63  enemy_total=91  my_prod=4  enemy_prod=6
   my_planets=2  enemy_planets=2  neutral=24  4p=False
   step=29  remaining=471  is_early=True  is_opening=True  is_late=False  is_very_late=False  is_total_war=False
[MODES]
   domination=-0.182  is_behind=False  is_ahead=False  is_dominating=False  is_finishing=False  attack_margin_mult=1.00
[PLANETS]
   pid own ships prod    x      y    type fall_t keep_n first_en
     0   -    30    3   93.1  81.8    S      -     0       -
     1   -    30    3    6.9  81.8    S      -     0       -
     2   -    30    3   93.1  18.2    S      -     0       -
     3   -    30    3    6.9  18.2    S      -     0       -
     4  p0    27    2   91.4  96.5    S      -     0       -
     5   -    34    2    8.6  96.5    S      -     0       -
     6   -    34    2   91.4   3.5    S      -     0       -
     7  me    20    2    8.6   3.5    S      -     0       -
     8   -    27    2   58.0  98.0    S      -     0       -
     9   -    27    2   42.0  98.0    S      -     0       -
    10   -    27    2   58.0   2.0    S      -     0       -
    11   -    27    2   42.0   2.0    S      -     0       -
    12   -    77    2   48.6  81.5    O      -     0       -
    13   -    77    2   18.5  48.6    O      -     0       -
    14   -    77    2   81.5  51.4    O      -     0       -
    15   -    77    2   51.4  18.5    O      -     0       -
    16   -    29    2   82.9  87.2    S      -     0       -
    17   -    29    2   17.1  87.2    S      -     0       -
    18   -    29    2   82.9  12.8    S      -     0       -
    19  me    10    2   17.1  12.8    S      -     0       -
    20   -     6    2   36.0  84.7    O      -     0       -
    21   -     6    2   14.2  60.8    O      -     0       -
    22   -     6    2   85.8  39.2    O      -     0       -
    23   -     6    2   64.0  15.3    O      -     0       -
    24  p0    41    4   60.0  84.0    O      -     0       -
    25   -    15    4   17.0  37.0    O      -     0       -
    26   -    15    4   83.0  63.0    O      -     0       -
    27   -    15    4   40.0  16.0    O      -     0       -
[POLICY]  attack_budget per source
   src=  7  budget=20
   src= 19  budget=10
[MISSIONS]  N=3  (sorted by score desc)
   #0  swarm          score=   +88.76  src=[19,7]→tgt= 11  turns= 13  need=  56  cap=  30
   #1  swarm          score=   +79.56  src=[19,7]→tgt= 10  turns= 20  need=  56  cap=  30
   #2  swarm          score=   +53.60  src=[19,7]→tgt= 18  turns= 32  need=  60  cap=  30
[MOVES]  N=2
   src=  7  angle=  -2.58°  ships=  18   tgt=11 (own=-, ships=27, eta=13)
   src= 19  angle= -23.57°  ships=  10   tgt=11 (own=-, ships=27, eta=13)

===== TURN 30  player=1  ts=2026-05-01 11:10:11  planets=28  fleets=5  =====
[GLOBAL]
   my_total=67  enemy_total=82  my_prod=4  enemy_prod=10
   my_planets=2  enemy_planets=3  neutral=23  4p=False
   step=30  remaining=470  is_early=True  is_opening=True  is_late=False  is_very_late=False  is_total_war=False
[MODES]
   domination=-0.101  is_behind=False  is_ahead=False  is_dominating=False  is_finishing=False  attack_margin_mult=1.00
[PLANETS]
   pid own ships prod    x      y    type fall_t keep_n first_en
     0   -    30    3   93.1  81.8    S      -     0       -
     1   -    30    3    6.9  81.8    S      -     0       -
     2   -    30    3   93.1  18.2    S      -     0       -
     3   -    30    3    6.9  18.2    S      -     0       -
     4  p0    29    2   91.4  96.5    S      -     0       -
     5   -    34    2    8.6  96.5    S      -     0       -
     6   -    34    2   91.4   3.5    S      -     0       -
     7  me     4    2    8.6   3.5    S      -     0       -
     8   -    27    2   58.0  98.0    S      -     0       -
     9   -    27    2   42.0  98.0    S      -     0       -
    10   -    27    2   58.0   2.0    S      -     0       -
    11   -    27    2   42.0   2.0    S      -     0       -
    12   -    77    2   47.7  81.4    O      -     0       -
    13   -    77    2   18.6  47.7    O      -     0       -
    14   -    77    2   81.4  52.3    O      -     0       -
    15   -    77    2   52.3  18.6    O      -     0       -
    16   -    29    2   82.9  87.2    S      -     0       -
    17   -    29    2   17.1  87.2    S      -     0       -
    18   -    29    2   82.9  12.8    S      -     0       -
    19  me     2    2   17.1  12.8    S      -     0       -
    20   -     6    2   35.0  84.3    O      -     0       -
    21   -     6    2   13.9  59.8    O      -     0       -
    22   -     6    2   86.1  40.2    O      -     0       -
    23   -     6    2   65.0  15.7    O      -     0       -
    24  p0    45    4   59.0  84.3    O      -     0       -
    25   -    15    4   17.4  36.0    O      -     0       -
    26  p0     1    4   82.6  64.0    O      -     0       -
    27   -    15    4   41.0  15.7    O      -     0       -
[POLICY]  attack_budget per source
   src=  7  budget=4
   src= 19  budget=2
[MISSIONS]  N=0  (sorted by score desc)
   (none)
[MOVES]  N=0

===== TURN 31  player=1  ts=2026-05-01 11:10:11  planets=28  fleets=5  =====
[GLOBAL]
   my_total=71  enemy_total=92  my_prod=4  enemy_prod=10
   my_planets=2  enemy_planets=3  neutral=23  4p=False
   step=31  remaining=469  is_early=True  is_opening=True  is_late=False  is_very_late=False  is_total_war=False
[MODES]
   domination=-0.129  is_behind=False  is_ahead=False  is_dominating=False  is_finishing=False  attack_margin_mult=1.00
[PLANETS]
   pid own ships prod    x      y    type fall_t keep_n first_en
     0   -    30    3   93.1  81.8    S      -     0       -
     1   -    30    3    6.9  81.8    S      -     0       -
     2   -    30    3   93.1  18.2    S      -     0       -
     3   -    30    3    6.9  18.2    S      -     0       -
     4  p0    31    2   91.4  96.5    S      -     0       -
     5   -    34    2    8.6  96.5    S      -     0       -
     6   -    34    2   91.4   3.5    S      -     0       -
     7  me     6    2    8.6   3.5    S      -     0       -
     8   -    27    2   58.0  98.0    S      -     0       -
     9   -    27    2   42.0  98.0    S      -     0       -
    10   -    27    2   58.0   2.0    S      -     0       -
    11   -    27    2   42.0   2.0    S      -     0       -
    12   -    77    2   46.7  81.3    O      -     0       -
    13   -    77    2   18.7  46.7    O      -     0       -
    14   -    77    2   81.3  53.3    O      -     0       -
    15   -    77    2   53.3  18.7    O      -     0       -
    16   -    29    2   82.9  87.2    S      -     0       -
    17   -    29    2   17.1  87.2    S      -     0       -
    18   -    29    2   82.9  12.8    S      -     0       -
    19  me     4    2   17.1  12.8    S      -     0       -
    20   -     6    2   34.0  83.8    O      -     0       -
    21   -     6    2   13.6  58.7    O      -     0       -
    22   -     6    2   86.4  41.3    O      -     0       -
    23   -     6    2   66.0  16.2    O      -     0       -
    24  p0    49    4   58.0  84.6    O      -     0       -
    25   -    15    4   17.8  35.1    O      -     0       -
    26  p0     5    4   82.2  64.9    O      -     0       -
    27   -    15    4   42.0  15.4    O      -     0       -
[POLICY]  attack_budget per source
   src=  7  budget=6
   src= 19  budget=4
[MISSIONS]  N=0  (sorted by score desc)
   (none)
[MOVES]  N=0

===== TURN 32  player=1  ts=2026-05-01 11:10:11  planets=28  fleets=3  =====
[GLOBAL]
   my_total=60  enemy_total=102  my_prod=8  enemy_prod=10
   my_planets=3  enemy_planets=3  neutral=22  4p=False
   step=32  remaining=468  is_early=True  is_opening=True  is_late=False  is_very_late=False  is_total_war=False
[MODES]
   domination=-0.259  is_behind=True  is_ahead=False  is_dominating=False  is_finishing=False  attack_margin_mult=0.95
[PLANETS]
   pid own ships prod    x      y    type fall_t keep_n first_en
     0   -    30    3   93.1  81.8    S      -     0       -
     1   -    30    3    6.9  81.8    S      -     0       -
     2   -    30    3   93.1  18.2    S      -     0       -
     3   -    30    3    6.9  18.2    S      -     0       -
     4  p0    33    2   91.4  96.5    S      -     0       -
     5   -    34    2    8.6  96.5    S      -     0       -
     6   -    34    2   91.4   3.5    S      -     0       -
     7  me     8    2    8.6   3.5    S      -     0       -
     8   -    27    2   58.0  98.0    S      -     0       -
     9   -    27    2   42.0  98.0    S      -     0       -
    10   -    27    2   58.0   2.0    S      -     0       -
    11   -    27    2   42.0   2.0    S      -     0       -
    12   -    77    2   45.8  81.2    O      -     0       -
    13   -    77    2   18.8  45.8    O      -     0       -
    14   -    77    2   81.2  54.2    O      -     0       -
    15   -    77    2   54.2  18.8    O      -     0       -
    16   -    29    2   82.9  87.2    S      -     0       -
    17   -    29    2   17.1  87.2    S      -     0       -
    18   -    29    2   82.9  12.8    S      -     0       -
    19  me     6    2   17.1  12.8    S      -     0       -
    20   -     6    2   33.0  83.3    O      -     0       -
    21   -     6    2   13.4  57.6    O      -     0       -
    22   -     6    2   86.6  42.4    O      -     0       -
    23   -     6    2   67.0  16.7    O      -     0       -
    24  p0    53    4   56.9  84.8    O      -     0       -
    25  me    18    4   18.3  34.1    O      -     0       -
    26  p0     9    4   81.7  65.9    O      -     0       -
    27   -    15    4   43.1  15.2    O      -     0       -
[POLICY]  attack_budget per source
   src=  7  budget=8
   src= 19  budget=6
   src= 25  budget=18
[MISSIONS]  N=0  (sorted by score desc)
   (none)
[MOVES]  N=0

===== TURN 33  player=1  ts=2026-05-01 11:10:11  planets=28  fleets=3  =====
[GLOBAL]
   my_total=68  enemy_total=112  my_prod=8  enemy_prod=10
   my_planets=3  enemy_planets=3  neutral=22  4p=False
   step=33  remaining=467  is_early=True  is_opening=True  is_late=False  is_very_late=False  is_total_war=False
[MODES]
   domination=-0.244  is_behind=True  is_ahead=False  is_dominating=False  is_finishing=False  attack_margin_mult=0.95
[PLANETS]
   pid own ships prod    x      y    type fall_t keep_n first_en
     0   -    30    3   93.1  81.8    S      -     0       -
     1   -    30    3    6.9  81.8    S      -     0       -
     2   -    30    3   93.1  18.2    S      -     0       -
     3   -    30    3    6.9  18.2    S      -     0       -
     4  p0    35    2   91.4  96.5    S      -     0       -
     5   -    34    2    8.6  96.5    S      -     0       -
     6   -    34    2   91.4   3.5    S      -     0       -
     7  me    10    2    8.6   3.5    S      -     0       -
     8   -    27    2   58.0  98.0    S      -     0       -
     9   -    27    2   42.0  98.0    S      -     0       -
    10   -    27    2   58.0   2.0    S      -     0       -
    11   -    27    2   42.0   2.0    S      -     0       -
    12   -    77    2   44.9  81.1    O      -     0       -
    13   -    77    2   18.9  44.9    O      -     0       -
    14   -    77    2   81.1  55.1    O      -     0       -
    15   -    77    2   55.1  18.9    O      -     0       -
    16   -    29    2   82.9  87.2    S      -     0       -
    17   -    29    2   17.1  87.2    S      -     0       -
    18   -    29    2   82.9  12.8    S      -     0       -
    19  me     8    2   17.1  12.8    S      -     0       -
    20   -     6    2   32.0  82.8    O      -     0       -
    21   -     6    2   13.2  56.5    O      -     0       -
    22   -     6    2   86.8  43.5    O      -     0       -
    23   -     6    2   68.0  17.2    O      -     0       -
    24  p0    57    4   55.9  85.0    O      -     0       -
    25  me    22    4   18.8  33.2    O      -     0       -
    26  p0    13    4   81.2  66.8    O      -     0       -
    27   -    15    4   44.1  15.0    O      -     0       -
[POLICY]  attack_budget per source
   src=  7  budget=10
   src= 19  budget=8
   src= 25  budget=22
[MISSIONS]  N=1  (sorted by score desc)
   #0  swarm          score=  +142.42  src=[7,25]→tgt=  3  turns=  6  need=  62  cap=  32
[MOVES]  N=2
   src= 25  angle=-128.57°  ships=  21   tgt=3 (own=-, ships=30, eta=6)
   src=  7  angle= +96.65°  ships=  10   tgt=3 (own=-, ships=30, eta=6)

===== TURN 34  player=1  ts=2026-05-01 11:10:11  planets=28  fleets=5  =====
[GLOBAL]
   my_total=76  enemy_total=122  my_prod=8  enemy_prod=10
   my_planets=3  enemy_planets=3  neutral=22  4p=False
   step=34  remaining=466  is_early=True  is_opening=True  is_late=False  is_very_late=False  is_total_war=False
[MODES]
   domination=-0.232  is_behind=True  is_ahead=False  is_dominating=False  is_finishing=False  attack_margin_mult=0.95
[PLANETS]
   pid own ships prod    x      y    type fall_t keep_n first_en
     0   -    30    3   93.1  81.8    S      -     0       -
     1   -    30    3    6.9  81.8    S      -     0       -
     2   -    30    3   93.1  18.2    S      -     0       -
     3   -    30    3    6.9  18.2    S      -     0       -
     4  p0    37    2   91.4  96.5    S      -     0       -
     5   -    34    2    8.6  96.5    S      -     0       -
     6   -    34    2   91.4   3.5    S      -     0       -
     7  me     2    2    8.6   3.5    S      -     0       -
     8   -    27    2   58.0  98.0    S      -     0       -
     9   -    27    2   42.0  98.0    S      -     0       -
    10   -    27    2   58.0   2.0    S      -     0       -
    11   -    27    2   42.0   2.0    S      -     0       -
    12   -    77    2   43.9  80.9    O      -     0       -
    13   -    77    2   19.1  43.9    O      -     0       -
    14   -    77    2   80.9  56.1    O      -     0       -
    15   -    77    2   56.1  19.1    O      -     0       -
    16   -    29    2   82.9  87.2    S      -     0       -
    17   -    29    2   17.1  87.2    S      -     0       -
    18   -    29    2   82.9  12.8    S      -     0       -
    19  me    10    2   17.1  12.8    S      -     0       -
    20   -     6    2   31.0  82.2    O      -     0       -
    21   -     6    2   13.0  55.4    O      -     0       -
    22   -     6    2   87.0  44.6    O      -     0       -
    23   -     6    2   69.0  17.8    O      -     0       -
    24  p0    61    4   54.9  85.1    O      -     0       -
    25  me     5    4   19.3  32.3    O      -     0       -
    26  p0    17    4   80.7  67.7    O      -     0       -
    27   -    15    4   45.1  14.9    O      -     0       -
[POLICY]  attack_budget per source
   src=  7  budget=2
   src= 19  budget=10
   src= 25  budget=5
[MISSIONS]  N=0  (sorted by score desc)
   (none)
[MOVES]  N=0

===== TURN 35  player=1  ts=2026-05-01 11:10:11  planets=28  fleets=6  =====
[GLOBAL]
   my_total=84  enemy_total=126  my_prod=8  enemy_prod=12
   my_planets=3  enemy_planets=4  neutral=21  4p=False
   step=35  remaining=465  is_early=True  is_opening=True  is_late=False  is_very_late=False  is_total_war=False
[MODES]
   domination=-0.200  is_behind=False  is_ahead=False  is_dominating=False  is_finishing=False  attack_margin_mult=1.00
[PLANETS]
   pid own ships prod    x      y    type fall_t keep_n first_en
     0   -    30    3   93.1  81.8    S      -     0       -
     1   -    30    3    6.9  81.8    S      -     0       -
     2   -    30    3   93.1  18.2    S      -     0       -
     3   -    30    3    6.9  18.2    S      -     0       -
     4  p0    39    2   91.4  96.5    S      -     0       -
     5   -    34    2    8.6  96.5    S      -     0       -
     6   -    34    2   91.4   3.5    S      -     0       -
     7  me     4    2    8.6   3.5    S      -     0       -
     8   -    27    2   58.0  98.0    S      -     0       -
     9   -    27    2   42.0  98.0    S      -     0       -
    10   -    27    2   58.0   2.0    S      -     0       -
    11   -    27    2   42.0   2.0    S      -     0       -
    12   -    77    2   43.0  80.7    O      -     0       -
    13   -    77    2   19.3  43.0    O      -     0       -
    14   -    77    2   80.7  57.0    O      -     0       -
    15   -    77    2   57.0  19.3    O      -     0       -
    16   -    29    2   82.9  87.2    S      -     0       -
    17   -    29    2   17.1  87.2    S      -     0       -
    18   -    29    2   82.9  12.8    S      -     0       -
    19  me    12    2   17.1  12.8    S      -     0       -
    20  p0     1    2   30.1  81.7    O      -     0       -
    21   -     6    2   12.8  54.3    O      -     0       -
    22   -     6    2   87.2  45.7    O      -     0       -
    23   -     6    2   69.9  18.3    O      -     0       -
    24  p0    64    4   53.8  85.3    O      -     0       -
    25  me     9    4   19.8  31.4    O      -     0       -
    26  p0     5    4   80.2  68.6    O      -     0       -
    27   -    15    4   46.2  14.7    O      -     0       -
[POLICY]  attack_budget per source
   src=  7  budget=4
   src= 19  budget=12
   src= 25  budget=9
[MISSIONS]  N=0  (sorted by score desc)
   (none)
[MOVES]  N=0

===== TURN 36  player=1  ts=2026-05-01 11:10:11  planets=28  fleets=6  =====
[GLOBAL]
   my_total=92  enemy_total=138  my_prod=8  enemy_prod=12
   my_planets=3  enemy_planets=4  neutral=21  4p=False
   step=36  remaining=464  is_early=True  is_opening=True  is_late=False  is_very_late=False  is_total_war=False
[MODES]
   domination=-0.200  is_behind=False  is_ahead=False  is_dominating=False  is_finishing=False  attack_margin_mult=1.00
[PLANETS]
   pid own ships prod    x      y    type fall_t keep_n first_en
     0   -    30    3   93.1  81.8    S      -     0       -
     1   -    30    3    6.9  81.8    S      -     0       -
     2   -    30    3   93.1  18.2    S      -     0       -
     3   -    30    3    6.9  18.2    S      -     0       -
     4  p0    41    2   91.4  96.5    S      -     0       -
     5   -    34    2    8.6  96.5    S      -     0       -
     6   -    34    2   91.4   3.5    S      -     0       -
     7  me     6    2    8.6   3.5    S      -     0       -
     8   -    27    2   58.0  98.0    S      -     0       -
     9   -    27    2   42.0  98.0    S      -     0       -
    10   -    27    2   58.0   2.0    S      -     0       -
    11   -    27    2   42.0   2.0    S      -     0       -
    12   -    77    2   42.1  80.5    O      -     0       -
    13   -    77    2   19.5  42.1    O      -     0       -
    14   -    77    2   80.5  57.9    O      -     0       -
    15   -    77    2   57.9  19.5    O      -     0       -
    16   -    29    2   82.9  87.2    S      -     0       -
    17   -    29    2   17.1  87.2    S      -     0       -
    18   -    29    2   82.9  12.8    S      -     0       -
    19  me    14    2   17.1  12.8    S      -     0       -
    20  p0     3    2   29.2  81.1    O      -     0       -
    21   -     6    2   12.7  53.2    O      -     0       -
    22   -     6    2   87.3  46.8    O      -     0       -
    23   -     6    2   70.8  18.9    O      -     0       -
    24  p0    68    4   52.8  85.3    O      -     0       -
    25  me    13    4   20.4  30.5    O      -     0       -
    26  p0     9    4   79.6  69.5    O      -     0       -
    27   -    15    4   47.2  14.7    O      -     0       -
[POLICY]  attack_budget per source
   src=  7  budget=6
   src= 19  budget=14
   src= 25  budget=13
[MISSIONS]  N=0  (sorted by score desc)
   (none)
[MOVES]  N=0

===== TURN 37  player=1  ts=2026-05-01 11:10:11  planets=28  fleets=6  =====
[GLOBAL]
   my_total=100  enemy_total=150  my_prod=8  enemy_prod=12
   my_planets=3  enemy_planets=4  neutral=21  4p=False
   step=37  remaining=463  is_early=True  is_opening=True  is_late=False  is_very_late=False  is_total_war=False
[MODES]
   domination=-0.200  is_behind=False  is_ahead=False  is_dominating=False  is_finishing=False  attack_margin_mult=1.00
[PLANETS]
   pid own ships prod    x      y    type fall_t keep_n first_en
     0   -    30    3   93.1  81.8    S      -     0       -
     1   -    30    3    6.9  81.8    S      -     0       -
     2   -    30    3   93.1  18.2    S      -     0       -
     3   -    30    3    6.9  18.2    S      -     0       -
     4  p0    43    2   91.4  96.5    S      -     0       -
     5   -    34    2    8.6  96.5    S      -     0       -
     6   -    34    2   91.4   3.5    S      -     0       -
     7  me     8    2    8.6   3.5    S      -     0       -
     8   -    27    2   58.0  98.0    S      -     0       -
     9   -    27    2   42.0  98.0    S      -     0       -
    10   -    27    2   58.0   2.0    S      -     0       -
    11   -    27    2   42.0   2.0    S      -     0       -
    12   -    77    2   41.2  80.3    O      -     0       -
    13   -    77    2   19.7  41.2    O      -     0       -
    14   -    77    2   80.3  58.8    O      -     0       -
    15   -    77    2   58.8  19.7    O      -     0       -
    16   -    29    2   82.9  87.2    S      -     0       -
    17   -    29    2   17.1  87.2    S      -     0       -
    18   -    29    2   82.9  12.8    S      -     0       -
    19  me    16    2   17.1  12.8    S      -     0       -
    20  p0     5    2   28.2  80.4    O      -     0       -
    21   -     6    2   12.7  52.1    O      -     0       -
    22   -     6    2   87.3  47.9    O      -     0       -
    23   -     6    2   71.8  19.6    O      -     0       -
    24  p0    72    4   51.7  85.4    O      -     0       -
    25  me    17    4   21.0  29.6    O      -     0       -
    26  p0    13    4   79.0  70.4    O      -     0       -
    27   -    15    4   48.3  14.6    O      -     0       -
[POLICY]  attack_budget per source
   src=  7  budget=8
   src= 19  budget=16
   src= 25  budget=17
[MISSIONS]  N=3  (sorted by score desc)
   #0  swarm          score=   +79.33  src=[19,25]→tgt= 10  turns= 19  need=  56  cap=  33
   #1  swarm          score=   +75.25  src=[25,19]→tgt=  2  turns= 32  need=  62  cap=  33
   #2  swarm          score=   +55.53  src=[25,19]→tgt= 18  turns= 28  need=  60  cap=  33
[MOVES]  N=2
   src= 19  angle= -14.84°  ships=  11   tgt=10 (own=-, ships=27, eta=20)
   src= 25  angle= -36.71°  ships=  17   tgt=10 (own=-, ships=27, eta=19)

===== TURN 38  player=1  ts=2026-05-01 11:10:11  planets=28  fleets=8  =====
[GLOBAL]
   my_total=108  enemy_total=162  my_prod=8  enemy_prod=12
   my_planets=3  enemy_planets=4  neutral=21  4p=False
   step=38  remaining=462  is_early=True  is_opening=True  is_late=False  is_very_late=False  is_total_war=False
[MODES]
   domination=-0.200  is_behind=False  is_ahead=False  is_dominating=False  is_finishing=False  attack_margin_mult=1.00
[PLANETS]
   pid own ships prod    x      y    type fall_t keep_n first_en
     0   -    30    3   93.1  81.8    S      -     0       -
     1   -    30    3    6.9  81.8    S      -     0       -
     2   -    30    3   93.1  18.2    S      -     0       -
     3   -    30    3    6.9  18.2    S      -     0       -
     4  p0    45    2   91.4  96.5    S      -     0       -
     5   -    34    2    8.6  96.5    S      -     0       -
     6   -    34    2   91.4   3.5    S      -     0       -
     7  me    10    2    8.6   3.5    S      -     0       -
     8   -    27    2   58.0  98.0    S      -     0       -
     9   -    27    2   42.0  98.0    S      -     0       -
    10   -    27    2   58.0   2.0    S      -     0       -
    11   -    27    2   42.0   2.0    S      -     0       -
    12   -    77    2   40.3  80.0    O      -     0       -
    13   -    77    2   20.0  40.3    O      -     0       -
    14   -    77    2   80.0  59.7    O      -     0       -
    15   -    77    2   59.7  20.0    O      -     0       -
    16   -    29    2   82.9  87.2    S      -     0       -
    17   -    29    2   17.1  87.2    S      -     0       -
    18   -    29    2   82.9  12.8    S      -     0       -
    19  me     7    2   17.1  12.8    S      -     0       -
    20  p0     7    2   27.3  79.8    O      -     0       -
    21   -     6    2   12.6  51.0    O      -     0       -
    22   -     6    2   87.4  49.0    O      -     0       -
    23   -     6    2   72.7  20.2    O      -     0       -
    24  p0    76    4   50.7  85.4    O      -     0       -
    25  me     4    4   21.6  28.8    O      -     0       -
    26  p0    17    4   78.4  71.2    O      -     0       -
    27   -    15    4   49.3  14.6    O      -     0       -
[POLICY]  attack_budget per source
   src=  7  budget=10
   src= 19  budget=7
   src= 25  budget=4
[MISSIONS]  N=0  (sorted by score desc)
   (none)
[MOVES]  N=0

===== TURN 39  player=1  ts=2026-05-01 11:10:11  planets=28  fleets=6  =====
[GLOBAL]
   my_total=86  enemy_total=174  my_prod=11  enemy_prod=12
   my_planets=4  enemy_planets=4  neutral=20  4p=False
   step=39  remaining=461  is_early=True  is_opening=True  is_late=False  is_very_late=False  is_total_war=False
[MODES]
   domination=-0.338  is_behind=True  is_ahead=False  is_dominating=False  is_finishing=False  attack_margin_mult=0.95
[PLANETS]
   pid own ships prod    x      y    type fall_t keep_n first_en
     0   -    30    3   93.1  81.8    S      -     0       -
     1   -    30    3    6.9  81.8    S      -     0       -
     2   -    30    3   93.1  18.2    S      -     0       -
     3  me     1    3    6.9  18.2    S      -     0       -
     4  p0    47    2   91.4  96.5    S      -     0       -
     5   -    34    2    8.6  96.5    S      -     0       -
     6   -    34    2   91.4   3.5    S      -     0       -
     7  me    12    2    8.6   3.5    S      -     0       -
     8   -    27    2   58.0  98.0    S      -     0       -
     9   -    27    2   42.0  98.0    S      -     0       -
    10   -    27    2   58.0   2.0    S      -     0       -
    11   -    27    2   42.0   2.0    S      -     0       -
    12   -    77    2   39.4  79.7    O      -     0       -
    13   -    77    2   20.3  39.4    O      -     0       -
    14   -    77    2   79.7  60.6    O      -     0       -
    15   -    77    2   60.6  20.3    O      -     0       -
    16   -    29    2   82.9  87.2    S      -     0       -
    17   -    29    2   17.1  87.2    S      -     0       -
    18   -    29    2   82.9  12.8    S      -     0       -
    19  me     9    2   17.1  12.8    S      -     0       -
    20  p0     9    2   26.5  79.1    O      -     0       -
    21   -     6    2   12.6  49.9    O      -     0       -
    22   -     6    2   87.4  50.1    O      -     0       -
    23   -     6    2   73.5  20.9    O      -     0       -
    24  p0    80    4   49.6  85.5    O      -     0       -
    25  me     8    4   22.3  27.9    O      -     0       -
    26  p0    21    4   77.7  72.1    O      -     0       -
    27   -    15    4   50.4  14.5    O      -     0       -
[POLICY]  attack_budget per source
   src=  3  budget=1
   src=  7  budget=12
   src= 19  budget=9
   src= 25  budget=8
[MISSIONS]  N=0  (sorted by score desc)
   (none)
[MOVES]  N=0

===== TURN 40  player=1  ts=2026-05-01 11:10:11  planets=28  fleets=7  =====
[GLOBAL]
   my_total=97  enemy_total=186  my_prod=11  enemy_prod=12
   my_planets=4  enemy_planets=4  neutral=20  4p=False
   step=40  remaining=460  is_early=False  is_opening=True  is_late=False  is_very_late=False  is_total_war=False
[MODES]
   domination=-0.314  is_behind=True  is_ahead=False  is_dominating=False  is_finishing=False  attack_margin_mult=0.95
[PLANETS]
   pid own ships prod    x      y    type fall_t keep_n first_en
     0   -    30    3   93.1  81.8    S      -     0       -
     1   -    30    3    6.9  81.8    S      -     0       -
     2   -    30    3   93.1  18.2    S      -     0       -
     3  me     4    3    6.9  18.2    S      -     0       -
     4  p0    49    2   91.4  96.5    S      -     0       -
     5   -    34    2    8.6  96.5    S      -     0       -
     6   -    34    2   91.4   3.5    S      -     0       -
     7  me    14    2    8.6   3.5    S      -     0       -
     8   -    27    2   58.0  98.0    S      -     0       -
     9   -    27    2   42.0  98.0    S      -     0       -
    10   -    27    2   58.0   2.0    S      -     0       -
    11   -    27    2   42.0   2.0    S      -     0       -
    12   -    77    2   38.6  79.4    O      -     0       -
    13   -    77    2   20.6  38.6    O      -     0       -
    14   -    77    2   79.4  61.4    O      -     0       -
    15   -    77    2   61.4  20.6    O      -     0       -
    16   -    29    2   82.9  87.2    S      -     0       -
    17   -    29    2   17.1  87.2    S      -     0       -
    18   -    29    2   82.9  12.8    S      -     0       -
    19  me    11    2   17.1  12.8    S      -     0       -
    20  p0    11    2   25.6  78.4    O      -     0       -
    21   -     6    2   12.6  48.8    O      -     0       -
    22   -     6    2   87.4  51.2    O      -     0       -
    23   -     6    2   74.4  21.6    O      -     0       -
    24  p0     6    4   48.6  85.4    O      -     0       -
    25  me    12    4   22.9  27.1    O      -     0       -
    26  p0    25    4   77.1  72.9    O      -     0       -
    27   -    15    4   51.4  14.6    O      -     0       -
[POLICY]  attack_budget per source
   src=  3  budget=4
   src=  7  budget=14
   src= 19  budget=11
   src= 25  budget=12
[MISSIONS]  N=0  (sorted by score desc)
   (none)
[MOVES]  N=0

===== TURN 41  player=1  ts=2026-05-01 11:10:11  planets=28  fleets=7  =====
[GLOBAL]
   my_total=108  enemy_total=198  my_prod=11  enemy_prod=12
   my_planets=4  enemy_planets=4  neutral=20  4p=False
   step=41  remaining=459  is_early=False  is_opening=True  is_late=False  is_very_late=False  is_total_war=False
[MODES]
   domination=-0.294  is_behind=True  is_ahead=False  is_dominating=False  is_finishing=False  attack_margin_mult=0.95
[PLANETS]
   pid own ships prod    x      y    type fall_t keep_n first_en
     0   -    30    3   93.1  81.8    S      -     0       -
     1   -    30    3    6.9  81.8    S      -     0       -
     2   -    30    3   93.1  18.2    S      -     0       -
     3  me     7    3    6.9  18.2    S      -     0       -
     4  p0    51    2   91.4  96.5    S      -     0       -
     5   -    34    2    8.6  96.5    S      -     0       -
     6   -    34    2   91.4   3.5    S      -     0       -
     7  me    16    2    8.6   3.5    S      -     0       -
     8   -    27    2   58.0  98.0    S      -     0       -
     9   -    27    2   42.0  98.0    S      -     0       -
    10   -    27    2   58.0   2.0    S      -     0       -
    11   -    27    2   42.0   2.0    S      -     0       -
    12   -    77    2   37.7  79.0    O      -     0       -
    13   -    77    2   21.0  37.7    O      -     0       -
    14   -    77    2   79.0  62.3    O      -     0       -
    15   -    77    2   62.3  21.0    O      -     0       -
    16   -    29    2   82.9  87.2    S      -     0       -
    17   -    29    2   17.1  87.2    S      -     0       -
    18   -    29    2   82.9  12.8    S      -     0       -
    19  me    13    2   17.1  12.8    S      -     0       -
    20  p0    13    2   24.8  77.6    O      -     0       -
    21   -     6    2   12.7  47.7    O      -     0       -
    22   -     6    2   87.3  52.3    O      -     0       -
    23   -     6    2   75.2  22.4    O      -     0       -
    24  p0    10    4   47.5  85.4    O      -     0       -
    25  me    16    4   23.6  26.3    O      -     0       -
    26  p0    29    4   76.4  73.7    O      -     0       -
    27   -    15    4   52.5  14.6    O      -     0       -
[POLICY]  attack_budget per source
   src=  3  budget=7
   src=  7  budget=16
   src= 19  budget=13
   src= 25  budget=16
[MISSIONS]  N=1  (sorted by score desc)
   #0  swarm          score=   +31.66  src=[19,7]→tgt=  9  turns= 43  need=  56  cap=  29
[MOVES]  N=2
   src= 19  angle= +73.72°  ships=  12   tgt=9 (own=-, ships=27, eta=42)
   src=  7  angle= +70.56°  ships=  16   tgt=9 (own=-, ships=27, eta=43)

===== TURN 42  player=1  ts=2026-05-01 11:10:11  planets=28  fleets=8  =====
[GLOBAL]
   my_total=92  enemy_total=133  my_prod=13  enemy_prod=14
   my_planets=5  enemy_planets=5  neutral=18  4p=False
   step=42  remaining=458  is_early=False  is_opening=True  is_late=False  is_very_late=False  is_total_war=False
[MODES]
   domination=-0.182  is_behind=False  is_ahead=False  is_dominating=False  is_finishing=False  attack_margin_mult=1.00
[PLANETS]
   pid own ships prod    x      y    type fall_t keep_n first_en
     0   -    30    3   93.1  81.8    S      -     0       -
     1   -    30    3    6.9  81.8    S      -     0       -
     2   -    30    3   93.1  18.2    S      -     0       -
     3  me    10    3    6.9  18.2    S      -     0       -
     4  p0     2    2   91.4  96.5    S      -     0       -
     5   -    34    2    8.6  96.5    S      -     0       -
     6   -    34    2   91.4   3.5    S      -     0       -
     7  me     2    2    8.6   3.5    S      -     0       -
     8   -    27    2   58.0  98.0    S      -     0       -
     9   -    27    2   42.0  98.0    S      -     0       -
    10   -    27    2   58.0   2.0    S      -     0       -
    11  me     1    2   42.0   2.0    S      -     0       -
    12  p0     1    2   36.9  78.6    O      -     0       -
    13   -    77    2   21.4  36.9    O      -     0       -
    14   -    77    2   78.6  63.1    O      -     0       -
    15   -    77    2   63.1  21.4    O      -     0       -
    16   -    29    2   82.9  87.2    S      -     0       -
    17   -    29    2   17.1  87.2    S      -     0       -
    18   -    29    2   82.9  12.8    S      -     0       -
    19  me     3    2   17.1  12.8    S      -     0       -
    20  p0    15    2   24.0  76.9    O      -     0       -
    21   -     6    2   12.7  46.6    O      -     0       -
    22   -     6    2   87.3  53.4    O      -     0       -
    23   -     6    2   76.0  23.1    O      -     0       -
    24  p0    14    4   46.5  85.3    O      -     0       -
    25  me    20    4   24.3  25.5    O      -     0       -
    26  p0    26    4   75.7  74.5    O      -     0       -
    27   -    15    4   53.5  14.7    O      -     0       -
[POLICY]  attack_budget per source
   src=  3  budget=10
   src=  7  budget=2
   src= 11  budget=1
   src= 19  budget=3
   src= 25  budget=20
[MISSIONS]  N=0  (sorted by score desc)
   (none)
[MOVES]  N=0

===== TURN 43  player=1  ts=2026-05-01 11:10:11  planets=28  fleets=10  =====
[GLOBAL]
   my_total=105  enemy_total=147  my_prod=13  enemy_prod=14
   my_planets=5  enemy_planets=5  neutral=18  4p=False
   step=43  remaining=457  is_early=False  is_opening=True  is_late=False  is_very_late=False  is_total_war=False
[MODES]
   domination=-0.167  is_behind=False  is_ahead=False  is_dominating=False  is_finishing=False  attack_margin_mult=1.00
[PLANETS]
   pid own ships prod    x      y    type fall_t keep_n first_en
     0   -    30    3   93.1  81.8    S      -     0       -
     1   -    30    3    6.9  81.8    S      -     0       -
     2   -    30    3   93.1  18.2    S      -     0       -
     3  me    13    3    6.9  18.2    S      -     0       -
     4  p0     4    2   91.4  96.5    S      -     0       -
     5   -    34    2    8.6  96.5    S      -     0       -
     6   -    34    2   91.4   3.5    S      -     0       -
     7  me     4    2    8.6   3.5    S      -     0       -
     8   -    27    2   58.0  98.0    S      -     0       -
     9   -    27    2   42.0  98.0    S      -     0       -
    10   -    27    2   58.0   2.0    S      -     0       -
    11  me     3    2   42.0   2.0    S      -     0       -
    12  p0     3    2   36.0  78.2    O      -     0       -
    13   -    77    2   21.8  36.0    O      -     0       -
    14   -    77    2   78.2  64.0    O      -     0       -
    15   -    77    2   64.0  21.8    O      -     0       -
    16   -    29    2   82.9  87.2    S      -     0       -
    17   -    29    2   17.1  87.2    S      -     0       -
    18   -    29    2   82.9  12.8    S      -     0       -
    19  me     5    2   17.1  12.8    S      -     0       -
    20  p0     2    2   23.2  76.1    O      -     0       -
    21   -     6    2   12.9  45.5    O      -     0       -
    22   -     6    2   87.1  54.5    O      -     0       -
    23   -     6    2   76.8  23.9    O      -     0       -
    24  p0    18    4   45.4  85.2    O      -     0       -
    25  me    24    4   25.1  24.8    O      -     0       -
    26  p0    16    4   74.9  75.2    O      -     0       -
    27   -    15    4   54.6  14.8    O      -     0       -
[POLICY]  attack_budget per source
   src=  3  budget=13
   src=  7  budget=4
   src= 11  budget=3
   src= 19  budget=5
   src= 25  budget=24
[MISSIONS]  N=0  (sorted by score desc)
   (none)
[MOVES]  N=0

===== TURN 44  player=1  ts=2026-05-01 11:10:11  planets=28  fleets=10  =====
[GLOBAL]
   my_total=118  enemy_total=161  my_prod=13  enemy_prod=14
   my_planets=5  enemy_planets=5  neutral=18  4p=False
   step=44  remaining=456  is_early=False  is_opening=True  is_late=False  is_very_late=False  is_total_war=False
[MODES]
   domination=-0.154  is_behind=False  is_ahead=False  is_dominating=False  is_finishing=False  attack_margin_mult=1.00
[PLANETS]
   pid own ships prod    x      y    type fall_t keep_n first_en
     0   -    30    3   93.1  81.8    S      -     0       -
     1   -    30    3    6.9  81.8    S      -     0       -
     2   -    30    3   93.1  18.2    S      -     0       -
     3  me    16    3    6.9  18.2    S      -     0       -
     4  p0     6    2   91.4  96.5    S      -     0       -
     5   -    34    2    8.6  96.5    S      -     0       -
     6   -    34    2   91.4   3.5    S      -     0       -
     7  me     6    2    8.6   3.5    S      -     0       -
     8   -    27    2   58.0  98.0    S      -     0       -
     9   -    27    2   42.0  98.0    S      -     0       -
    10   -    27    2   58.0   2.0    S      -     0       -
    11  me     5    2   42.0   2.0    S      -     0       -
    12  p0     5    2   35.2  77.8    O      -     0       -
    13   -    77    2   22.2  35.2    O      -     0       -
    14   -    77    2   77.8  64.8    O      -     0       -
    15   -    77    2   64.8  22.2    O      -     0       -
    16   -    29    2   82.9  87.2    S      -     0       -
    17   -    29    2   17.1  87.2    S      -     0       -
    18   -    29    2   82.9  12.8    S      -     0       -
    19  me     7    2   17.1  12.8    S      -     0       -
    20  p0     4    2   22.4  75.3    O      -     0       -
    21   -     6    2   13.0  44.4    O      -     0       -
    22   -     6    2   87.0  55.6    O      -     0       -
    23   -     6    2   77.6  24.7    O      -     0       -
    24  p0    22    4   44.4  85.0    O      -     0       -
    25  me    28    4   25.8  24.1    O      -     0       -
    26  p0    20    4   74.2  75.9    O      -     0       -
    27   -    15    4   55.6  15.0    O      -     0       -
[POLICY]  attack_budget per source
   src=  3  budget=16
   src=  7  budget=6
   src= 11  budget=5
   src= 19  budget=7
   src= 25  budget=28
[MISSIONS]  N=2  (sorted by score desc)
   #0  single         score=   +35.97  src=[25]→tgt=  9  turns= 27  need=  27  cap=  28
   #1  single         score=   +34.92  src=[25]→tgt=  8  turns= 29  need=  28  cap=  28
[MOVES]  N=1
   src= 25  angle= +77.69°  ships=  28   tgt=9 (own=-, ships=27, eta=27)

===== TURN 45  player=1  ts=2026-05-01 11:10:11  planets=28  fleets=11  =====
[GLOBAL]
   my_total=131  enemy_total=175  my_prod=13  enemy_prod=14
   my_planets=5  enemy_planets=5  neutral=18  4p=False
   step=45  remaining=455  is_early=False  is_opening=True  is_late=False  is_very_late=False  is_total_war=False
[MODES]
   domination=-0.144  is_behind=False  is_ahead=False  is_dominating=False  is_finishing=False  attack_margin_mult=1.00
[PLANETS]
   pid own ships prod    x      y    type fall_t keep_n first_en
     0   -    30    3   93.1  81.8    S      -     0       -
     1   -    30    3    6.9  81.8    S      -     0       -
     2   -    30    3   93.1  18.2    S      -     0       -
     3  me    19    3    6.9  18.2    S      -     0       -
     4  p0     8    2   91.4  96.5    S      -     0       -
     5   -    34    2    8.6  96.5    S      -     0       -
     6   -    34    2   91.4   3.5    S      -     0       -
     7  me     8    2    8.6   3.5    S      -     0       -
     8   -    27    2   58.0  98.0    S      -     0       -
     9   -    27    2   42.0  98.0    S      -     0       -
    10   -    27    2   58.0   2.0    S      -     0       -
    11  me     7    2   42.0   2.0    S      -     0       -
    12  p0     7    2   34.4  77.4    O      -     0       -
    13   -    77    2   22.6  34.4    O      -     0       -
    14   -    77    2   77.4  65.6    O      -     0       -
    15   -    77    2   65.6  22.6    O      -     0       -
    16   -    29    2   82.9  87.2    S      -     0       -
    17   -    29    2   17.1  87.2    S      -     0       -
    18   -    29    2   82.9  12.8    S      -     0       -
    19  me     9    2   17.1  12.8    S      -     0       -
    20  p0     6    2   21.7  74.5    O      -     0       -
    21   -     6    2   13.2  43.3    O      -     0       -
    22   -     6    2   86.8  56.7    O      -     0       -
    23   -     6    2   78.3  25.5    O      -     0       -
    24  p0    26    4   43.3  84.8    O      -     0       -
    25  me     4    4   26.6  23.4    O      -     0       -
    26  p0    24    4   73.4  76.6    O      -     0       -
    27   -    15    4   56.7  15.2    O      -     0       -
[POLICY]  attack_budget per source
   src=  3  budget=19
   src=  7  budget=8
   src= 11  budget=7
   src= 19  budget=9
   src= 25  budget=4
[MISSIONS]  N=0  (sorted by score desc)
   (none)
[MOVES]  N=0

===== TURN 46  player=1  ts=2026-05-01 11:10:12  planets=28  fleets=11  =====
[GLOBAL]
   my_total=144  enemy_total=189  my_prod=13  enemy_prod=14
   my_planets=5  enemy_planets=5  neutral=18  4p=False
   step=46  remaining=454  is_early=False  is_opening=True  is_late=False  is_very_late=False  is_total_war=False
[MODES]
   domination=-0.135  is_behind=False  is_ahead=False  is_dominating=False  is_finishing=False  attack_margin_mult=1.00
[PLANETS]
   pid own ships prod    x      y    type fall_t keep_n first_en
     0   -    30    3   93.1  81.8    S      -     0       -
     1   -    30    3    6.9  81.8    S      -     0       -
     2   -    30    3   93.1  18.2    S      -     0       -
     3  me    22    3    6.9  18.2    S      -     0       -
     4  p0    10    2   91.4  96.5    S      -     0       -
     5   -    34    2    8.6  96.5    S      -     0       -
     6   -    34    2   91.4   3.5    S      -     0       -
     7  me    10    2    8.6   3.5    S      -     0       -
     8   -    27    2   58.0  98.0    S      -     0       -
     9   -    27    2   42.0  98.0    S      -     0       -
    10   -    27    2   58.0   2.0    S      -     0       -
    11  me     9    2   42.0   2.0    S      -     0       -
    12  p0     9    2   33.6  76.9    O      -     0       -
    13   -    77    2   23.1  33.6    O      -     0       -
    14   -    77    2   76.9  66.4    O      -     0       -
    15   -    77    2   66.4  23.1    O      -     0       -
    16   -    29    2   82.9  87.2    S      -     0       -
    17   -    29    2   17.1  87.2    S      -     0       -
    18   -    29    2   82.9  12.8    S      -     0       -
    19  me    11    2   17.1  12.8    S      -     0       -
    20  p0     8    2   21.0  73.6    O      -     0       -
    21   -     6    2   13.4  42.2    O      -     0       -
    22   -     6    2   86.6  57.8    O      -     0       -
    23   -     6    2   79.0  26.4    O      -     0       -
    24  p0    30    4   42.3  84.6    O      -     0       -
    25  me     8    4   27.4  22.7    O      -     0       -
    26  p0    28    4   72.6  77.3    O      -     0       -
    27   -    15    4   57.7  15.4    O      -     0       -
[POLICY]  attack_budget per source
   src=  3  budget=22
   src=  7  budget=10
   src= 11  budget=9
   src= 19  budget=11
   src= 25  budget=8
[MISSIONS]  N=2  (sorted by score desc)
   #0  swarm          score=   +42.86  src=[25,3]→tgt= 18  turns= 29  need=  60  cap=  30
   #1  swarm          score=   +41.74  src=[19,3]→tgt= 18  turns= 31  need=  60  cap=  33
[MOVES]  N=2
   src=  3  angle=  -4.06°  ships=  22   tgt=25 (own=me, ships=8, eta=11)
   src= 25  angle= -10.06°  ships=   8   tgt=18 (own=-, ships=29, eta=29)

===== TURN 47  player=1  ts=2026-05-01 11:10:12  planets=28  fleets=13  =====
[GLOBAL]
   my_total=157  enemy_total=203  my_prod=13  enemy_prod=14
   my_planets=5  enemy_planets=5  neutral=18  4p=False
   step=47  remaining=453  is_early=False  is_opening=True  is_late=False  is_very_late=False  is_total_war=False
[MODES]
   domination=-0.128  is_behind=False  is_ahead=False  is_dominating=False  is_finishing=False  attack_margin_mult=1.00
[PLANETS]
   pid own ships prod    x      y    type fall_t keep_n first_en
     0   -    30    3   93.1  81.8    S      -     0       -
     1   -    30    3    6.9  81.8    S      -     0       -
     2   -    30    3   93.1  18.2    S      -     0       -
     3  me     3    3    6.9  18.2    S      -     0       -
     4  p0    12    2   91.4  96.5    S      -     0       -
     5   -    34    2    8.6  96.5    S      -     0       -
     6   -    34    2   91.4   3.5    S      -     0       -
     7  me    12    2    8.6   3.5    S      -     0       -
     8   -    27    2   58.0  98.0    S      -     0       -
     9   -    27    2   42.0  98.0    S      -     0       -
    10   -    27    2   58.0   2.0    S      -     0       -
    11  me    11    2   42.0   2.0    S      -     0       -
    12  p0    11    2   32.8  76.4    O      -     0       -
    13   -    77    2   23.6  32.8    O      -     0       -
    14   -    77    2   76.4  67.2    O      -     0       -
    15   -    77    2   67.2  23.6    O      -     0       -
    16   -    29    2   82.9  87.2    S      -     0       -
    17   -    29    2   17.1  87.2    S      -     0       -
    18   -    29    2   82.9  12.8    S      -     0       -
    19  me    13    2   17.1  12.8    S      -     0       -
    20  p0    10    2   20.3  72.7    O      -     0       -
    21   -     6    2   13.7  41.1    O      -     0       -
    22   -     6    2   86.3  58.9    O      -     0       -
    23   -     6    2   79.7  27.3    O      -     0       -
    24  p0    34    4   41.3  84.4    O      -     0       -
    25  me     4    4   28.2  22.0    O      -     0       -
    26  p0    32    4   71.8  78.0    O      -     0       -
    27   -    15    4   58.7  15.6    O      -     0       -
[POLICY]  attack_budget per source
   src=  3  budget=3
   src=  7  budget=12
   src= 11  budget=11
   src= 19  budget=13
   src= 25  budget=4
[MISSIONS]  N=0  (sorted by score desc)
   (none)
[MOVES]  N=0

===== TURN 48  player=1  ts=2026-05-01 11:10:12  planets=28  fleets=12  =====
[GLOBAL]
   my_total=170  enemy_total=217  my_prod=13  enemy_prod=14
   my_planets=5  enemy_planets=5  neutral=18  4p=False
   step=48  remaining=452  is_early=False  is_opening=True  is_late=False  is_very_late=False  is_total_war=False
[MODES]
   domination=-0.121  is_behind=False  is_ahead=False  is_dominating=False  is_finishing=False  attack_margin_mult=1.00
[PLANETS]
   pid own ships prod    x      y    type fall_t keep_n first_en
     0   -    30    3   93.1  81.8    S      -     0       -
     1   -    30    3    6.9  81.8    S      -     0       -
     2   -    30    3   93.1  18.2    S      -     0       -
     3  me     6    3    6.9  18.2    S      -     0       -
     4  p0    14    2   91.4  96.5    S      -     0       -
     5   -    34    2    8.6  96.5    S      -     0       -
     6   -    34    2   91.4   3.5    S      -     0       -
     7  me    14    2    8.6   3.5    S      -     0       -
     8   -    27    2   58.0  98.0    S      -     0       -
     9   -    27    2   42.0  98.0    S      -     0       -
    10   -    27    2   58.0   2.0    S      -     0       -
    11  me    13    2   42.0   2.0    S      -     0       -
    12  p0    13    2   32.0  75.9    O      -     0       -
    13   -    77    2   24.1  32.0    O      -     0       -
    14   -    77    2   75.9  68.0    O      -     0       -
    15   -    77    2   68.0  24.1    O      -     0       -
    16   -    29    2   82.9  87.2    S      -     0       -
    17   -    29    2   17.1  87.2    S      -     0       -
    18   -    29    2   82.9  12.8    S      -     0       -
    19  me    15    2   17.1  12.8    S      -     0       -
    20  p0    12    2   19.6  71.8    O      -     0       -
    21   -     6    2   13.9  40.0    O      -     0       -
    22   -     6    2   86.1  60.0    O      -     0       -
    23   -     6    2   80.4  28.2    O      -     0       -
    24  p0    38    4   40.3  84.1    O      -     0       -
    25  me     8    4   29.1  21.4    O      -     0       -
    26  p0    37    4   70.9  78.6    O      -     0       -
    27   -    15    4   59.7  15.9    O      -     0       -
[POLICY]  attack_budget per source
   src=  3  budget=6
   src=  7  budget=14
   src= 11  budget=13
   src= 19  budget=15
   src= 25  budget=8
[MISSIONS]  N=0  (sorted by score desc)
   (none)
[MOVES]  N=0

===== TURN 49  player=1  ts=2026-05-01 11:10:12  planets=28  fleets=10  =====
[GLOBAL]
   my_total=183  enemy_total=225  my_prod=13  enemy_prod=16
   my_planets=5  enemy_planets=6  neutral=17  4p=False
   step=49  remaining=451  is_early=False  is_opening=True  is_late=False  is_very_late=False  is_total_war=False
[MODES]
   domination=-0.103  is_behind=False  is_ahead=False  is_dominating=False  is_finishing=False  attack_margin_mult=1.00
[PLANETS]
   pid own ships prod    x      y    type fall_t keep_n first_en
     0   -    30    3   93.1  81.8    S      -     0       -
     1   -    30    3    6.9  81.8    S      -     0       -
     2   -    30    3   93.1  18.2    S      -     0       -
     3  me     9    3    6.9  18.2    S      -     0       -
     4  p0    16    2   91.4  96.5    S      -     0       -
     5   -    34    2    8.6  96.5    S      -     0       -
     6   -    34    2   91.4   3.5    S      -     0       -
     7  me    16    2    8.6   3.5    S      -     0       -
     8   -    27    2   58.0  98.0    S      -     0       -
     9   -    27    2   42.0  98.0    S      -     0       -
    10   -    27    2   58.0   2.0    S      -     0       -
    11  me    15    2   42.0   2.0    S      -     0       -
    12  p0    15    2   31.2  75.3    O      -     0       -
    13   -    77    2   24.7  31.2    O      -     0       -
    14   -    77    2   75.3  68.8    O      -     0       -
    15   -    77    2   68.8  24.7    O      -     0       -
    16   -    29    2   82.9  87.2    S      -     0       -
    17   -    29    2   17.1  87.2    S      -     0       -
    18   -    29    2   82.9  12.8    S      -     0       -
    19  me    17    2   17.1  12.8    S      -     0       -
    20  p0    14    2   19.0  70.9    O      -     0       -
    21   -     6    2   14.3  39.0    O      -     0       -
    22  p0     1    2   85.7  61.0    O      -     0       -
    23   -     6    2   81.0  29.1    O      -     0       -
    24  p0    42    4   39.3  83.8    O      -     0       -
    25  me    12    4   29.9  20.8    O      -     0       -
    26  p0    92    4   70.1  79.2    O      -     0       -
    27   -    15    4   60.7  16.2    O      -     0       -
[POLICY]  attack_budget per source
   src=  3  budget=9
   src=  7  budget=16
   src= 11  budget=15
   src= 19  budget=17
   src= 25  budget=12
[MISSIONS]  N=0  (sorted by score desc)
   (none)
[MOVES]  N=0

===== TURN 50  player=1  ts=2026-05-01 11:10:12  planets=32  fleets=11  =====
[GLOBAL]
   my_total=196  enemy_total=241  my_prod=13  enemy_prod=16
   my_planets=5  enemy_planets=6  neutral=21  4p=False
   step=50  remaining=450  is_early=False  is_opening=True  is_late=False  is_very_late=False  is_total_war=False
[MODES]
   domination=-0.103  is_behind=False  is_ahead=False  is_dominating=False  is_finishing=False  attack_margin_mult=1.00
[PLANETS]
   pid own ships prod    x      y    type fall_t keep_n first_en
     0   -    30    3   93.1  81.8    S      -     0       -
     1   -    30    3    6.9  81.8    S      -     0       -
     2   -    30    3   93.1  18.2    S      -     0       -
     3  me    12    3    6.9  18.2    S      -     0       -
     4  p0    18    2   91.4  96.5    S      -     0       -
     5   -    34    2    8.6  96.5    S      -     0       -
     6   -    34    2   91.4   3.5    S      -     0       -
     7  me    18    2    8.6   3.5    S      -     0       -
     8   -    27    2   58.0  98.0    S      -     0       -
     9   -    27    2   42.0  98.0    S      -     0       -
    10   -    27    2   58.0   2.0    S      -     0       -
    11  me    17    2   42.0   2.0    S      -     0       -
    12  p0    17    2   30.5  74.7    O      -     0       -
    13   -    77    2   25.3  30.5    O      -     0       -
    14   -    77    2   74.7  69.5    O      -     0       -
    15   -    77    2   69.5  25.3    O      -     0       -
    16   -    29    2   82.9  87.2    S      -     0       -
    17   -    29    2   17.1  87.2    S      -     0       -
    18   -    29    2   82.9  12.8    S      -     0       -
    19  me    19    2   17.1  12.8    S      -     0       -
    20  p0    16    2   18.4  70.0    O      -     0       -
    21   -     6    2   14.6  37.9    O      -     0       -
    22  p0     3    2   85.4  62.1    O      -     0       -
    23   -     6    2   81.6  30.0    O      -     0       -
    24  p0    46    4   38.3  83.5    O      -     0       -
    25  me    16    4   30.8  20.2    O      -     0       -
    26  p0    18    4   69.2  79.8    O      -     0       -
    27   -    15    4   61.7  16.5    O      -     0       -
    28   -    41    1   23.7  98.3    S      -     0       -
    29   -    41    1   76.3  98.3    S      -     0       -
    30   -    41    1   23.7   1.7    S      -     0       -
    31   -    41    1   76.3   1.7    S      -     0       -
[POLICY]  attack_budget per source
   src=  3  budget=12
   src=  7  budget=18
   src= 11  budget=17
   src= 19  budget=19
   src= 25  budget=16
[MISSIONS]  N=8  (sorted by score desc)
   #0  single         score=   +89.81  src=[11]→tgt= 10  turns=  6  need=  11  cap=  17
   #1  swarm          score=   +51.48  src=[25,19]→tgt=  1  turns= 28  need=  62  cap=  35
   #2  swarm          score=   +50.81  src=[3,19]→tgt=  1  turns= 29  need=  62  cap=  31
   #3  swarm          score=   +35.30  src=[25,19]→tgt= 17  turns= 30  need=  60  cap=  35
   #4  swarm          score=   +34.38  src=[3,19]→tgt= 17  turns= 32  need=  60  cap=  31
   #5  swarm          score=   +32.26  src=[7,11]→tgt= 17  turns= 37  need=  60  cap=  35
   #6  swarm          score=   +30.73  src=[3,7]→tgt=  8  turns= 44  need=  56  cap=  30
   #7  swarm          score=   +29.99  src=[25,19]→tgt=  5  turns= 34  need=  70  cap=  35
[MOVES]  N=5
   src= 11  angle=  +0.00°  ships=  17   tgt=10 (own=-, ships=27, eta=6)
   src= 19  angle= +98.43°  ships=  15   tgt=20 (own=p0, ships=16, eta=17)
   src= 25  angle=+111.24°  ships=  16   tgt=13 (own=-, ships=77, eta=3)
   src=  7  angle= +62.38°  ships=  16   tgt=21 (own=-, ships=6, eta=11)
   src=  3  angle= +57.32°  ships=  12   tgt=14 (own=-, ships=77, eta=35)

===== TURN 51  player=1  ts=2026-05-01 11:10:12  planets=32  fleets=15  =====
[GLOBAL]
   my_total=209  enemy_total=180  my_prod=13  enemy_prod=18
   my_planets=5  enemy_planets=7  neutral=20  4p=False
   step=51  remaining=449  is_early=False  is_opening=True  is_late=False  is_very_late=False  is_total_war=False
[MODES]
   domination=+0.075  is_behind=False  is_ahead=False  is_dominating=False  is_finishing=False  attack_margin_mult=1.00
[PLANETS]
   pid own ships prod    x      y    type fall_t keep_n first_en
     0   -    30    3   93.1  81.8    S      -     0       -
     1   -    30    3    6.9  81.8    S      -     0       -
     2   -    30    3   93.1  18.2    S      -     0       -
     3  me     3    3    6.9  18.2    S      -     0       -
     4  p0    20    2   91.4  96.5    S      -     0       -
     5   -    34    2    8.6  96.5    S      -     0       -
     6   -    34    2   91.4   3.5    S      -     0       -
     7  me     4    2    8.6   3.5    S      -     0       -
     8   -    27    2   58.0  98.0    S      -     0       -
     9   -    27    2   42.0  98.0    S      -     0       -
    10   -    27    2   58.0   2.0    S      -     0       -
    11  me     2    2   42.0   2.0    S      -     0       -
    12  p0    19    2   29.8  74.2    O      -     0       -
    13   -    77    2   25.8  29.8    O      -     0       -
    14  p0     1    2   74.2  70.2    O      -     0       -
    15   -    77    2   70.2  25.8    O      -     0       -
    16   -    29    2   82.9  87.2    S      -     0       -
    17   -    29    2   17.1  87.2    S      -     0       -
    18   -    29    2   82.9  12.8    S      -     0       -
    19  me     6    2   17.1  12.8    S      -     0       -
    20  p0    18    2   17.8  69.1    O      -     0       -
    21   -     6    2   15.0  36.9    O      -     0       -
    22  p0     5    2   85.0  63.1    O      -     0       -
    23   -     6    2   82.2  30.9    O      -     0       -
    24  p0    50    4   37.3  83.1    O      -     0       -
    25  me     4    4   31.7  19.6    O      -     0       -
    26  p0    22    4   68.3  80.4    O      -     0       -
    27   -    15    4   62.7  16.9    O      -     0       -
    28   -    41    1   23.0  94.5    S      -     0       -
    29   -    41    1   77.0  94.5    S      -     0       -
    30   -    41    1   23.0   5.5    S      -     0       -
    31   -    41    1   77.0   5.5    S      -     0       -
[POLICY]  attack_budget per source
   src=  3  budget=3
   src=  7  budget=4
   src= 11  budget=2
   src= 19  budget=6
   src= 25  budget=4
[MISSIONS]  N=0  (sorted by score desc)
   (none)
[MOVES]  N=0

===== TURN 52  player=1  ts=2026-05-01 11:10:12  planets=32  fleets=14  =====
[GLOBAL]
   my_total=222  enemy_total=182  my_prod=13  enemy_prod=18
   my_planets=5  enemy_planets=7  neutral=20  4p=False
   step=52  remaining=448  is_early=False  is_opening=True  is_late=False  is_very_late=False  is_total_war=False
[MODES]
   domination=+0.099  is_behind=False  is_ahead=False  is_dominating=False  is_finishing=False  attack_margin_mult=1.00
[PLANETS]
   pid own ships prod    x      y    type fall_t keep_n first_en
     0   -    30    3   93.1  81.8    S      -     0       -
     1   -    30    3    6.9  81.8    S      -     0       -
     2   -    30    3   93.1  18.2    S      -     0       -
     3  me     6    3    6.9  18.2    S      -     0       -
     4  p0    22    2   91.4  96.5    S      -     0       -
     5   -    34    2    8.6  96.5    S      -     0       -
     6   -    34    2   91.4   3.5    S      -     0       -
     7  me     6    2    8.6   3.5    S      -     0       -
     8   -    27    2   58.0  98.0    S      -     0       -
     9   -    27    2   42.0  98.0    S      -     0       -
    10   -    27    2   58.0   2.0    S      -     0       -
    11  me     4    2   42.0   2.0    S      -     0       -
    12  p0    21    2   29.1  73.5    O      -     0       -
    13   -    77    2   26.5  29.1    O      -     0       -
    14  p0     3    2   73.5  70.9    O      -     0       -
    15   -    61    2   70.9  26.5    O      -     0       -
    16   -    29    2   82.9  87.2    S      -     0       -
    17   -    29    2   17.1  87.2    S      -     0       -
    18   -    29    2   82.9  12.8    S      -     0       -
    19  me     8    2   17.1  12.8    S      -     0       -
    20  p0    20    2   17.3  68.1    O      -     0       -
    21   -     6    2   15.4  35.8    O      -     0       -
    22  p0     7    2   84.6  64.2    O      -     0       -
    23   -     6    2   82.7  31.9    O      -     0       -
    24  p0    54    4   36.3  82.7    O      -     0       -
    25  me     8    4   32.6  19.1    O      -     0       -
    26  p0    26    4   67.4  80.9    O      -     0       -
    27   -    15    4   63.7  17.3    O      -     0       -
    28   -    41    1   22.5  90.5    O      -     0       -
    29   -    41    1   77.5  90.5    O      -     0       -
    30   -    41    1   22.5   9.5    O      -     0       -
    31   -    41    1   77.5   9.5    O      -     0       -
[POLICY]  attack_budget per source
   src=  3  budget=6
   src=  7  budget=6
   src= 11  budget=4
   src= 19  budget=8
   src= 25  budget=8
[MISSIONS]  N=4  (sorted by score desc)
   #0  swarm          score=   +65.03  src=[25,19]→tgt=  1  turns= 37  need=  32  cap=  16
   #1  single         score=   +47.91  src=[25]→tgt= 18  turns= 26  need=   8  cap=   8
   #2  single         score=   +38.92  src=[19]→tgt= 18  turns= 35  need=   8  cap=   8
   #3  swarm          score=   +35.14  src=[3,7]→tgt= 18  turns= 44  need=  16  cap=  12
[MOVES]  N=2
   src= 25  angle=+112.33°  ships=   8   tgt=13 (own=-, ships=77, eta=3)
   src= 19  angle= +98.43°  ships=   8   tgt=20 (own=p0, ships=20, eta=19)

===== TURN 53  player=1  ts=2026-05-01 11:10:12  planets=32  fleets=16  =====
[GLOBAL]
   my_total=219  enemy_total=185  my_prod=13  enemy_prod=18
   my_planets=5  enemy_planets=7  neutral=20  4p=False
   step=53  remaining=447  is_early=False  is_opening=True  is_late=False  is_very_late=False  is_total_war=False
[MODES]
   domination=+0.084  is_behind=False  is_ahead=False  is_dominating=False  is_finishing=False  attack_margin_mult=1.00
[PLANETS]
   pid own ships prod    x      y    type fall_t keep_n first_en
     0   -    30    3   93.1  81.8    S      -     0       -
     1   -    30    3    6.9  81.8    S      -     0       -
     2   -    30    3   93.1  18.2    S      -     0       -
     3  me     9    3    6.9  18.2    S      -     0       -
     4  p0    24    2   91.4  96.5    S      -     0       -
     5   -    34    2    8.6  96.5    S      -     0       -
     6   -    34    2   91.4   3.5    S      -     0       -
     7  me     8    2    8.6   3.5    S      -     0       -
     8   -    27    2   58.0  98.0    S      -     0       -
     9   -    12    2   42.0  98.0    S      -     0       -
    10   -    27    2   58.0   2.0    S      -     0       -
    11  me     6    2   42.0   2.0    S      -     0       -
    12  p0    23    2   28.4  72.9    O      -     0       -
    13   -    61    2   27.1  28.4    O      -     0       -
    14  p0     5    2   72.9  71.6    O      -     0       -
    15   -    61    2   71.6  27.1    O      -     0       -
    16   -    29    2   82.9  87.2    S      -     0       -
    17   -    29    2   17.1  87.2    S      -     0       -
    18   -    29    2   82.9  12.8    S      -     0       -
    19  me     2    2   17.1  12.8    S      -     0       -
    20  p0    22    2   16.7  67.1    O      -     0       -
    21   -     6    2   15.8  34.8    O      -     0       -
    22  p0     9    2   84.2  65.2    O      -     0       -
    23   -     6    2   83.3  32.9    O      -     0       -
    24  p0    57    4   35.3  82.3    O      -     0       -
    25  me     4    4   33.5  18.6    O      -     0       -
    26  p0    14    4   66.5  81.4    O      -     0       -
    27   -    15    4   64.7  17.7    O      -     0       -
    28   -    41    1   22.1  86.5    O      -     0       -
    29   -    41    1   77.9  86.5    O      -     0       -
    30   -    41    1   22.1  13.5    O      -     0       -
    31   -    41    1   77.9  13.5    O      -     0       -
[POLICY]  attack_budget per source
   src=  3  budget=9
   src=  7  budget=8
   src= 11  budget=6
   src= 19  budget=2
   src= 25  budget=4
[MISSIONS]  N=1  (sorted by score desc)
   #0  single         score=   +71.63  src=[7]→tgt=  1  turns= 41  need=   8  cap=   8
[MOVES]  N=1
   src=  7  angle= +91.26°  ships=   8   tgt=3 (own=me, ships=9, eta=7)

===== TURN 54  player=1  ts=2026-05-01 11:10:12  planets=32  fleets=17  =====
[GLOBAL]
   my_total=232  enemy_total=203  my_prod=13  enemy_prod=18
   my_planets=5  enemy_planets=7  neutral=20  4p=False
   step=54  remaining=446  is_early=False  is_opening=True  is_late=False  is_very_late=False  is_total_war=False
[MODES]
   domination=+0.067  is_behind=False  is_ahead=False  is_dominating=False  is_finishing=False  attack_margin_mult=1.00
[PLANETS]
   pid own ships prod    x      y    type fall_t keep_n first_en
     0   -    30    3   93.1  81.8    S      -     0       -
     1   -    30    3    6.9  81.8    S      -     0       -
     2   -    30    3   93.1  18.2    S      -     0       -
     3  me    12    3    6.9  18.2    S      -     0       -
     4  p0    26    2   91.4  96.5    S      -     0       -
     5   -    34    2    8.6  96.5    S      -     0       -
     6   -    34    2   91.4   3.5    S      -     0       -
     7  me     2    2    8.6   3.5    S      -     0       -
     8   -    27    2   58.0  98.0    S      -     0       -
     9   -    12    2   42.0  98.0    S      -     0       -
    10   -    27    2   58.0   2.0    S      -     0       -
    11  me     8    2   42.0   2.0    S      -     0       -
    12  p0    25    2   27.7  72.3    O      -     0       -
    13   -    61    2   27.7  27.7    O      -     0       -
    14  p0     7    2   72.3  72.3    O      -     0       -
    15   -    61    2   72.3  27.7    O      -     0       -
    16   -    29    2   82.9  87.2    S      -     0       -
    17   -    29    2   17.1  87.2    S      -     0       -
    18   -    29    2   82.9  12.8    S      -     0       -
    19  me     4    2   17.1  12.8    S      -     0       -
    20  p0    24    2   16.2  66.1    O      -     0       -
    21   -     6    2   16.3  33.8    O      -     0       -
    22  p0    11    2   83.7  66.2    O      -     0       -
    23   -     6    2   83.8  33.9    O      -     0       -
    24  p0    61    4   34.4  81.8    O      -     0       -
    25  me     8    4   34.5  18.1    O      -     0       -
    26  p0    18    4   65.5  81.9    O      -     0       -
    27   -    15    4   65.6  18.2    O      -     0       -
    28   -    41    1   21.8  82.6    O      -     0       -
    29   -    41    1   78.2  82.6    O      -     0       -
    30   -    41    1   21.8  17.4    O      -     0       -
    31   -    41    1   78.2  17.4    O      -     0       -
[POLICY]  attack_budget per source
   src=  3  budget=12
   src=  7  budget=2
   src= 11  budget=8
   src= 19  budget=4
   src= 25  budget=8
[MISSIONS]  N=3  (sorted by score desc)
   #0  single         score=   +79.05  src=[25]→tgt=  1  turns= 36  need=   8  cap=   8
   #1  single         score=   +65.07  src=[11]→tgt=  1  turns= 46  need=   8  cap=   8
   #2  single         score=   +41.11  src=[3]→tgt=  8  turns= 44  need=  12  cap=  12
[MOVES]  N=2
   src= 25  angle=+113.44°  ships=   8   tgt=13 (own=-, ships=61, eta=3)
   src=  3  angle= +57.32°  ships=  12   tgt=22 (own=p0, ships=11, eta=38)

===== TURN 55  player=1  ts=2026-05-01 11:10:12  planets=32  fleets=18  =====
[GLOBAL]
   my_total=237  enemy_total=221  my_prod=13  enemy_prod=18
   my_planets=5  enemy_planets=7  neutral=20  4p=False
   step=55  remaining=445  is_early=False  is_opening=True  is_late=False  is_very_late=False  is_total_war=False
[MODES]
   domination=+0.035  is_behind=False  is_ahead=False  is_dominating=False  is_finishing=False  attack_margin_mult=1.00
[PLANETS]
   pid own ships prod    x      y    type fall_t keep_n first_en
     0   -    30    3   93.1  81.8    S      -     0       -
     1   -    30    3    6.9  81.8    S      -     0       -
     2   -    30    3   93.1  18.2    S      -     0       -
     3  me     3    3    6.9  18.2    S      -     0       -
     4  p0    28    2   91.4  96.5    S      -     0       -
     5   -    34    2    8.6  96.5    S      -     0       -
     6   -    34    2   91.4   3.5    S      -     0       -
     7  me     4    2    8.6   3.5    S      -     0       -
     8   -    27    2   58.0  98.0    S      -     0       -
     9   -    12    2   42.0  98.0    S      -     0       -
    10   -    27    2   58.0   2.0    S      -     0       -
    11  me    10    2   42.0   2.0    S      -     0       -
    12  p0    27    2   27.0  71.6    O      -     0       -
    13   -    53    2   28.4  27.0    O      -     0       -
    14  p0     9    2   71.6  73.0    O      -     0       -
    15   -    61    2   73.0  28.4    O      -     0       -
    16   -    29    2   82.9  87.2    S      -     0       -
    17   -    29    2   17.1  87.2    S      -     0       -
    18   -    29    2   82.9  12.8    S      -     0       -
    19  me     6    2   17.1  12.8    S      -     0       -
    20  p0    26    2   15.8  65.1    O      -     0       -
    21   -     6    2   16.8  32.8    O      -     0       -
    22  p0    13    2   83.2  67.2    O      -     0       -
    23   -     6    2   84.2  34.9    O      -     0       -
    24  p0    65    4   33.5  81.4    O      -     0       -
    25  me     4    4   35.4  17.7    O      -     0       -
    26  p0    22    4   64.6  82.3    O      -     0       -
    27   -    15    4   66.5  18.6    O      -     0       -
    28   -    41    1   21.6  78.6    O      -     0       -
    29   -    41    1   78.4  78.6    O      -     0       -
    30   -    41    1   21.6  21.4    O      -     0       -
    31   -    41    1   78.4  21.4    O      -     0       -
[POLICY]  attack_budget per source
   src=  3  budget=3
   src=  7  budget=4
   src= 11  budget=10
   src= 19  budget=6
   src= 25  budget=4
[MISSIONS]  N=1  (sorted by score desc)
   #0  single         score=   +64.40  src=[11]→tgt=  1  turns= 43  need=   8  cap=  10
[MOVES]  N=1
   src= 11  angle=+113.74°  ships=  10   tgt=1 (own=-, ships=30, eta=43)

===== TURN 56  player=1  ts=2026-05-01 11:10:12  planets=32  fleets=16  =====
[GLOBAL]
   my_total=223  enemy_total=239  my_prod=15  enemy_prod=18
   my_planets=6  enemy_planets=7  neutral=19  4p=False
   step=56  remaining=444  is_early=False  is_opening=True  is_late=False  is_very_late=False  is_total_war=False
[MODES]
   domination=-0.035  is_behind=False  is_ahead=False  is_dominating=False  is_finishing=False  attack_margin_mult=1.00
[PLANETS]
   pid own ships prod    x      y    type fall_t keep_n first_en
     0   -    30    3   93.1  81.8    S      -     0       -
     1   -    30    3    6.9  81.8    S      -     0       -
     2   -    30    3   93.1  18.2    S      -     0       -
     3  me     6    3    6.9  18.2    S      -     0       -
     4  p0    30    2   91.4  96.5    S      -     0       -
     5   -    34    2    8.6  96.5    S      -     0       -
     6   -    34    2   91.4   3.5    S      -     0       -
     7  me     6    2    8.6   3.5    S      -     0       -
     8   -    27    2   58.0  98.0    S      -     0       -
     9   -    12    2   42.0  98.0    S      -     0       -
    10  me     7    2   58.0   2.0    S      -     0       -
    11  me     2    2   42.0   2.0    S      -     0       -
    12  p0    29    2   26.4  70.9    O      -     0       -
    13   -    53    2   29.1  26.4    O      -     0       -
    14  p0    11    2   70.9  73.6    O      -     0       -
    15   -    61    2   73.6  29.1    O      -     0       -
    16   -    29    2   82.9  87.2    S      -     0       -
    17   -    29    2   17.1  87.2    S      -     0       -
    18   -    29    2   82.9  12.8    S      -     0       -
    19  me     8    2   17.1  12.8    S      -     0       -
    20  p0    28    2   15.4  64.1    O      -     0       -
    21   -     6    2   17.3  31.8    O      -     0       -
    22  p0    15    2   82.7  68.2    O      -     0       -
    23   -     6    2   84.6  35.9    O      -     0       -
    24  p0    69    4   32.5  80.9    O      -     0       -
    25  me    30    4   36.4  17.3    O      -     0       -
    26  p0    26    4   63.6  82.7    O      -     0       -
    27   -    15    4   67.5  19.1    O      -     0       -
    28   -    41    1   21.7  74.5    O      -     0       -
    29   -    41    1   78.3  74.5    O      -     0       -
    30   -    41    1   21.7  25.5    O      -     0       -
    31   -    41    1   78.3  25.5    O      -     0       -
[POLICY]  attack_budget per source
   src=  3  budget=6
   src=  7  budget=6
   src= 10  budget=7
   src= 11  budget=2
   src= 19  budget=8
   src= 25  budget=30
[MISSIONS]  N=6  (sorted by score desc)
   #0  single         score=   +77.02  src=[19]→tgt=  1  turns= 37  need=   8  cap=   8
   #1  swarm          score=   +67.85  src=[10,25]→tgt=  2  turns= 20  need=  62  cap=  37
   #2  single         score=   +50.13  src=[25]→tgt=  1  turns= 25  need=  16  cap=  30
   #3  single         score=   +46.86  src=[25]→tgt= 18  turns= 16  need=  30  cap=  30
   #4  swarm          score=   +42.03  src=[10,25]→tgt=  6  turns= 20  need=  70  cap=  37
   #5  single         score=   +34.06  src=[25]→tgt= 17  turns= 26  need=  30  cap=  30
[MOVES]  N=3
   src= 19  angle= +98.43°  ships=   8   tgt=20 (own=p0, ships=28, eta=17)
   src= 25  angle=  +0.97°  ships=  24   tgt=2 (own=-, ships=30, eta=21)
   src= 10  angle= +24.85°  ships=   7   tgt=18 (own=-, ships=29, eta=14)

===== TURN 57  player=1  ts=2026-05-01 11:10:12  planets=32  fleets=18  =====
[GLOBAL]
   my_total=224  enemy_total=257  my_prod=17  enemy_prod=18
   my_planets=7  enemy_planets=7  neutral=18  4p=False
   step=57  remaining=443  is_early=False  is_opening=True  is_late=False  is_very_late=False  is_total_war=False
[MODES]
   domination=-0.069  is_behind=False  is_ahead=False  is_dominating=False  is_finishing=False  attack_margin_mult=1.00
[PLANETS]
   pid own ships prod    x      y    type fall_t keep_n first_en
     0   -    30    3   93.1  81.8    S      -     0       -
     1   -    30    3    6.9  81.8    S      -     0       -
     2   -    30    3   93.1  18.2    S      -     0       -
     3  me     9    3    6.9  18.2    S      -     0       -
     4  p0    32    2   91.4  96.5    S      -     0       -
     5   -    34    2    8.6  96.5    S      -     0       -
     6   -    34    2   91.4   3.5    S      -     0       -
     7  me     8    2    8.6   3.5    S      -     0       -
     8   -    27    2   58.0  98.0    S      -     0       -
     9   -    12    2   42.0  98.0    S      -     0       -
    10  me    13    2   58.0   2.0    S      -     0       -
    11  me     4    2   42.0   2.0    S      -     0       -
    12  p0    31    2   25.8  70.2    O      -     0       -
    13   -    45    2   29.8  25.8    O      -     0       -
    14  p0    13    2   70.2  74.2    O      -     0       -
    15   -    61    2   74.2  29.8    O      -     0       -
    16   -    29    2   82.9  87.2    S      -     0       -
    17   -    29    2   17.1  87.2    S      -     0       -
    18   -    29    2   82.9  12.8    S      -     0       -
    19  me     2    2   17.1  12.8    S      -     0       -
    20  p0     2    2   14.9  63.1    O      -     0       -
    21  me     6    2   17.8  30.9    O      -     0       -
    22  p0    17    2   82.2  69.1    O      -     0       -
    23   -     6    2   85.1  36.9    O      -     0       -
    24  p0    70    4   31.6  80.3    O      -     0       -
    25  me    10    4   37.3  16.9    O      -     0       -
    26  p0    30    4   62.7  83.1    O      -     0       -
    27   -    15    4   68.4  19.7    O      -     0       -
    28   -    41    1   21.9  70.6    O      -     0       -
    29   -    41    1   78.1  70.6    O      -     0       -
    30   -    41    1   21.9  29.4    O      -     0       -
    31   -    41    1   78.1  29.4    O      -     0       -
[POLICY]  attack_budget per source
   src=  3  budget=9
   src=  7  budget=8
   src= 10  budget=13
   src= 11  budget=4
   src= 19  budget=2
   src= 21  budget=6
   src= 25  budget=10
[MISSIONS]  N=2  (sorted by score desc)
   #0  swarm          score=   +52.40  src=[21,3]→tgt= 18  turns= 39  need=  30  cap=  15
   #1  swarm          score=   +51.55  src=[7,3]→tgt= 18  turns= 40  need=  30  cap=  17
[MOVES]  N=2
   src=  3  angle=  -4.06°  ships=   9   tgt=18 (own=-, ships=29, eta=39)
   src= 21  angle= -15.50°  ships=   6   tgt=25 (own=me, ships=10, eta=27)

===== TURN 58  player=1  ts=2026-05-01 11:10:13  planets=32  fleets=21  =====
[GLOBAL]
   my_total=235  enemy_total=275  my_prod=17  enemy_prod=18
   my_planets=7  enemy_planets=7  neutral=18  4p=False
   step=58  remaining=442  is_early=False  is_opening=True  is_late=False  is_very_late=False  is_total_war=False
[MODES]
   domination=-0.078  is_behind=False  is_ahead=False  is_dominating=False  is_finishing=False  attack_margin_mult=1.00
[PLANETS]
   pid own ships prod    x      y    type fall_t keep_n first_en
     0   -    30    3   93.1  81.8    S      -     0       -
     1   -    30    3    6.9  81.8    S      -     0       -
     2   -    30    3   93.1  18.2    S      -     0       -
     3  me     3    3    6.9  18.2    S      -     0       -
     4  p0     2    2   91.4  96.5    S      -     0       -
     5   -    34    2    8.6  96.5    S      -     0       -
     6   -    34    2   91.4   3.5    S      -     0       -
     7  me    10    2    8.6   3.5    S      -     0       -
     8   -    27    2   58.0  98.0    S      -     0       -
     9   -    12    2   42.0  98.0    S      -     0       -
    10  me    15    2   58.0   2.0    S      -     0       -
    11  me     6    2   42.0   2.0    S      -     0       -
    12  p0    33    2   25.2  69.5    O      -     0       -
    13   -    45    2   30.5  25.2    O      -     0       -
    14  p0    15    2   69.5  74.8    O      -     0       -
    15   -    61    2   74.8  30.5    O      -     0       -
    16   -    29    2   82.9  87.2    S      -     0       -
    17   -    29    2   17.1  87.2    S      -     0       -
    18   -    29    2   82.9  12.8    S      -     0       -
    19  me     4    2   17.1  12.8    S      -     0       -
    20  p0     4    2   14.6  62.0    O      -     0       -
    21  me     2    2   18.4  29.9    O      -     0       -
    22  p0    19    2   81.6  70.1    O      -     0       -
    23   -     6    2   85.4  38.0    O      -     0       -
    24  p0    74    4   30.7  79.8    O      -     0       -
    25  me    14    4   38.3  16.5    O      -     0       -
    26  p0     4    4   61.7  83.5    O      -     0       -
    27   -    15    4   69.3  20.2    O      -     0       -
    28   -    41    1   22.3  66.5    O      -     0       -
    29   -    41    1   77.7  66.5    O      -     0       -
    30   -    35    1   22.3  33.5    O      -     0       -
    31   -    41    1   77.7  33.5    O      -     0       -
[POLICY]  attack_budget per source
   src=  3  budget=3
   src=  7  budget=10
   src= 10  budget=15
   src= 11  budget=6
   src= 19  budget=4
   src= 21  budget=2
   src= 25  budget=14
[MISSIONS]  N=1  (sorted by score desc)
   #0  single         score=   +96.31  src=[25]→tgt=  2  turns= 24  need=   7  cap=  14
[MOVES]  N=1
   src= 25  angle=  +1.79°  ships=  14   tgt=2 (own=-, ships=30, eta=24)

===== TURN 59  player=1  ts=2026-05-01 11:10:13  planets=32  fleets=21  =====
[GLOBAL]
   my_total=252  enemy_total=281  my_prod=17  enemy_prod=20
   my_planets=7  enemy_planets=8  neutral=17  4p=False
   step=59  remaining=441  is_early=False  is_opening=True  is_late=False  is_very_late=False  is_total_war=False
[MODES]
   domination=-0.054  is_behind=False  is_ahead=False  is_dominating=False  is_finishing=False  attack_margin_mult=1.00
[PLANETS]
   pid own ships prod    x      y    type fall_t keep_n first_en
     0   -    30    3   93.1  81.8    S      -     0       -
     1   -    30    3    6.9  81.8    S      -     0       -
     2   -    30    3   93.1  18.2    S     24     0      24
     3  me     6    3    6.9  18.2    S      -     0       -
     4  p0     4    2   91.4  96.5    S      -     0       -
     5   -    34    2    8.6  96.5    S      -     0       -
     6   -    34    2   91.4   3.5    S      -     0       -
     7  me    12    2    8.6   3.5    S      -     0       -
     8   -    27    2   58.0  98.0    S      -     0       -
     9  p0     2    2   42.0  98.0    S      -     0       -
    10  me    17    2   58.0   2.0    S      -     0       -
    11  me     8    2   42.0   2.0    S      -     0       -
    12  p0    35    2   24.7  68.7    O      -     0       -
    13   -    45    2   31.3  24.7    O      -     0       -
    14  p0    17    2   68.7  75.3    O      -     0       -
    15   -    61    2   75.3  31.3    O      -     0       -
    16   -    29    2   82.9  87.2    S      -     0       -
    17   -    29    2   17.1  87.2    S      -     0       -
    18   -    29    2   82.9  12.8    S      -     0       -
    19  me     6    2   17.1  12.8    S      -     0       -
    20  p0     6    2   14.2  61.0    O      -     0       -
    21  me     4    2   19.0  29.0    O      -     0       -
    22  p0    21    2   81.0  71.0    O      -     0       -
    23   -     6    2   85.8  39.0    O      -     0       -
    24  p0    78    4   29.9  79.2    O      -     0       -
    25  me     4    4   39.3  16.2    O      -     0       -
    26  p0     8    4   60.7  83.8    O      -     0       -
    27   -    15    4   70.1  20.8    O      -     0       -
    28   -    41    1   22.9  62.6    O      -     0       -
    29   -    41    1   77.1  62.6    O      -     0       -
    30   -    35    1   22.9  37.4    O      -     0       -
    31   -    41    1   77.1  37.4    O      -     0       -
[POLICY]  attack_budget per source
   src=  3  budget=6
   src=  7  budget=12
   src= 10  budget=17
   src= 11  budget=8
   src= 19  budget=6
   src= 21  budget=4
   src= 25  budget=4
[MISSIONS]  N=0  (sorted by score desc)
   (none)
[MOVES]  N=1
   src= 10  angle=+132.13°  ships=  10   tgt=25 (own=me, ships=4, eta=7)

===== TURN 60  player=1  ts=2026-05-01 11:10:13  planets=32  fleets=22  =====
[GLOBAL]
   my_total=269  enemy_total=301  my_prod=17  enemy_prod=20
   my_planets=7  enemy_planets=8  neutral=17  4p=False
   step=60  remaining=440  is_early=False  is_opening=True  is_late=False  is_very_late=False  is_total_war=False
[MODES]
   domination=-0.056  is_behind=False  is_ahead=False  is_dominating=False  is_finishing=False  attack_margin_mult=1.00
[PLANETS]
   pid own ships prod    x      y    type fall_t keep_n first_en
     0   -    30    3   93.1  81.8    S      -     0       -
     1   -    30    3    6.9  81.8    S      -     0       -
     2   -    30    3   93.1  18.2    S     23     0      23
     3  me    17    3    6.9  18.2    S      -     0       -
     4  p0     6    2   91.4  96.5    S      -     0       -
     5   -    34    2    8.6  96.5    S      -     0       -
     6   -    34    2   91.4   3.5    S      -     0       -
     7  me    14    2    8.6   3.5    S      -     0       -
     8   -    27    2   58.0  98.0    S      -     0       -
     9  p0     4    2   42.0  98.0    S      -     0       -
    10  me     9    2   58.0   2.0    S      -     0       -
    11  me    10    2   42.0   2.0    S      -     0       -
    12  p0    37    2   24.1  68.0    O      -     0       -
    13   -    45    2   32.0  24.1    O      -     0       -
    14  p0    19    2   68.0  75.9    O      -     0       -
    15   -    61    2   75.9  32.0    O      -     0       -
    16   -    29    2   82.9  87.2    S      -     0       -
    17   -    29    2   17.1  87.2    S      -     0       -
    18   -    29    2   82.9  12.8    S      -     0       -
    19  me     8    2   17.1  12.8    S      -     0       -
    20  p0     8    2   13.9  59.9    O      -     0       -
    21  me     6    2   19.7  28.1    O      -     0       -
    22  p0    23    2   80.3  71.9    O      -     0       -
    23   -     6    2   86.1  40.1    O      -     0       -
    24  p0    21    4   29.0  78.6    O      -     0       -
    25  me     8    4   40.3  15.9    O      -     0       -
    26  p0    12    4   59.7  84.1    O      -     0       -
    27   -    15    4   71.0  21.4    O      -     0       -
    28   -    41    1   23.8  58.7    O      -     0       -
    29   -    41    1   76.2  58.7    O      -     0       -
    30   -    35    1   23.8  41.3    O      -     0       -
    31   -    41    1   76.2  41.3    O      -     0       -
[POLICY]  attack_budget per source
   src=  3  budget=17
   src=  7  budget=14
   src= 10  budget=9
   src= 11  budget=10
   src= 19  budget=8
   src= 21  budget=6
   src= 25  budget=8
[MISSIONS]  N=6  (sorted by score desc)
   #0  single         score=  +134.33  src=[10]→tgt=  2  turns= 19  need=   7  cap=   9
   #1  swarm          score=   +71.29  src=[25,11]→tgt= 18  turns= 22  need=  30  cap=  18
   #2  single         score=   +51.18  src=[3]→tgt= 18  turns= 32  need=  15  cap=  17
   #3  single         score=   +37.72  src=[3]→tgt=  8  turns= 40  need=  16  cap=  17
   #4  swarm          score=   +36.99  src=[21,7]→tgt=  8  turns= 48  need=  32  cap=  20
   #5  swarm          score=   +35.92  src=[19,7]→tgt=  8  turns= 50  need=  32  cap=  22
[MOVES]  N=4
   src= 10  angle= +24.85°  ships=   9   tgt=18 (own=-, ships=29, eta=13)
   src= 11  angle= +14.84°  ships=   7   tgt=18 (own=-, ships=29, eta=23)
   src= 25  angle=  -4.10°  ships=   8   tgt=18 (own=-, ships=29, eta=22)
   src=  3  angle= +57.32°  ships=  17   tgt=8 (own=-, ships=27, eta=40)

===== TURN 61  player=1  ts=2026-05-01 11:10:13  planets=32  fleets=25  =====
[GLOBAL]
   my_total=286  enemy_total=321  my_prod=17  enemy_prod=20
   my_planets=7  enemy_planets=8  neutral=17  4p=False
   step=61  remaining=439  is_early=False  is_opening=True  is_late=False  is_very_late=False  is_total_war=False
[MODES]
   domination=-0.058  is_behind=False  is_ahead=False  is_dominating=False  is_finishing=False  attack_margin_mult=1.00
[PLANETS]
   pid own ships prod    x      y    type fall_t keep_n first_en
     0   -    30    3   93.1  81.8    S      -     0       -
     1   -    30    3    6.9  81.8    S      -     0       -
     2   -    30    3   93.1  18.2    S      -     0       -
     3  me     3    3    6.9  18.2    S      -     0       -
     4  p0     8    2   91.4  96.5    S      -     0       -
     5   -    34    2    8.6  96.5    S      -     0       -
     6   -    34    2   91.4   3.5    S      -     0       -
     7  me    16    2    8.6   3.5    S      -     0       -
     8   -    27    2   58.0  98.0    S      -     0       -
     9  p0     6    2   42.0  98.0    S      -     0       -
    10  me     2    2   58.0   2.0    S      -     0       -
    11  me     5    2   42.0   2.0    S      -     0       -
    12  p0    39    2   23.6  67.2    O      -     0       -
    13   -    45    2   32.8  23.6    O      -     0       -
    14  p0    21    2   67.2  76.4    O      -     0       -
    15   -    61    2   76.4  32.8    O      -     0       -
    16   -    29    2   82.9  87.2    S      -     0       -
    17   -    29    2   17.1  87.2    S      -     0       -
    18   -    29    2   82.9  12.8    S      -     0       -
    19  me    10    2   17.1  12.8    S      -     0       -
    20  p0    10    2   13.6  58.8    O      -     0       -
    21  me    24    2   20.3  27.2    O      -     0       -
    22  p0    25    2   79.7  72.8    O      -     0       -
    23   -     6    2   86.4  41.2    O      -     0       -
    24  p0    25    4   28.2  77.9    O      -     0       -
    25  me     4    4   41.4  15.6    O      -     0       -
    26  p0    16    4   58.6  84.4    O      -     0       -
    27   -    15    4   71.8  22.1    O      -     0       -
    28   -    41    1   24.9  54.8    O      -     0       -
    29   -    41    1   75.1  54.8    O      -     0       -
    30   -    35    1   24.9  45.2    O      -     0       -
    31   -    41    1   75.1  45.2    O      -     0       -
[POLICY]  attack_budget per source
   src=  3  budget=3
   src=  7  budget=16
   src= 10  budget=2
   src= 11  budget=5
   src= 19  budget=10
   src= 21  budget=24
   src= 25  budget=4
[MISSIONS]  N=1  (sorted by score desc)
   #0  single         score=   +61.28  src=[21]→tgt=  1  turns= 21  need=  14  cap=  24
[MOVES]  N=1
   src= 21  angle=+103.88°  ships=  24   tgt=1 (own=-, ships=30, eta=21)

===== TURN 62  player=1  ts=2026-05-01 11:10:13  planets=32  fleets=25  =====
[GLOBAL]
   my_total=303  enemy_total=313  my_prod=17  enemy_prod=20
   my_planets=7  enemy_planets=8  neutral=17  4p=False
   step=62  remaining=438  is_early=False  is_opening=True  is_late=False  is_very_late=False  is_total_war=False
[MODES]
   domination=-0.016  is_behind=False  is_ahead=False  is_dominating=False  is_finishing=False  attack_margin_mult=1.00
[PLANETS]
   pid own ships prod    x      y    type fall_t keep_n first_en
     0   -    30    3   93.1  81.8    S      -     0       -
     1   -     2    3    6.9  81.8    S      -     0       -
     2   -    30    3   93.1  18.2    S     21     0      21
     3  me     6    3    6.9  18.2    S      -     0       -
     4  p0    10    2   91.4  96.5    S      -     0       -
     5   -    34    2    8.6  96.5    S      -     0       -
     6   -    34    2   91.4   3.5    S      -     0       -
     7  me    18    2    8.6   3.5    S      -     0       -
     8   -    27    2   58.0  98.0    S      -     0       -
     9  p0     8    2   42.0  98.0    S      -     0       -
    10  me     4    2   58.0   2.0    S      -     0       -
    11  me     7    2   42.0   2.0    S      -     0       -
    12  p0    41    2   23.1  66.4    O      -     0       -
    13   -    45    2   33.6  23.1    O      -     0       -
    14  p0    23    2   66.4  76.9    O      -     0       -
    15   -    61    2   76.9  33.6    O      -     0       -
    16   -    29    2   82.9  87.2    S      -     0       -
    17   -    29    2   17.1  87.2    S      -     0       -
    18   -    29    2   82.9  12.8    S      -     0       -
    19  me    12    2   17.1  12.8    S      -     0       -
    20  p0    12    2   13.4  57.7    O      -     0       -
    21  me     2    2   21.0  26.3    O      -     0       -
    22  p0    27    2   79.0  73.7    O      -     0       -
    23   -     6    2   86.6  42.3    O      -     0       -
    24  p0    29    4   27.3  77.3    O      -     0       -
    25  me     8    4   42.4  15.4    O      -     0       -
    26  p0    20    4   57.6  84.6    O      -     0       -
    27   -    15    4   72.7  22.7    O      -     0       -
    28   -    41    1   26.3  51.1    O      -     0       -
    29   -    41    1   73.7  51.1    O      -     0       -
    30   -    35    1   26.3  48.9    O      -     0       -
    31   -    41    1   73.7  48.9    O      -     0       -
[POLICY]  attack_budget per source
   src=  3  budget=6
   src=  7  budget=18
   src= 10  budget=4
   src= 11  budget=7
   src= 19  budget=12
   src= 21  budget=2
   src= 25  budget=8
[MISSIONS]  N=3  (sorted by score desc)
   #0  swarm          score=   +61.38  src=[3,19]→tgt= 20  turns= 13  need=  28  cap=  18
   #1  swarm          score=   +32.17  src=[19,7]→tgt= 17  turns= 35  need=  60  cap=  30
   #2  swarm          score=   +29.90  src=[19,7]→tgt=  8  turns= 44  need=  56  cap=  30
[MOVES]  N=2
   src=  7  angle= +84.21°  ships=  18   tgt=20 (own=p0, ships=12, eta=15)
   src= 19  angle= +90.00°  ships=  12   tgt=24 (own=p0, ships=29, eta=21)

===== TURN 63  player=1  ts=2026-05-01 11:10:13  planets=32  fleets=26  =====
[GLOBAL]
   my_total=304  enemy_total=333  my_prod=17  enemy_prod=20
   my_planets=7  enemy_planets=8  neutral=17  4p=False
   step=63  remaining=437  is_early=False  is_opening=True  is_late=False  is_very_late=False  is_total_war=False
[MODES]
   domination=-0.046  is_behind=False  is_ahead=False  is_dominating=False  is_finishing=False  attack_margin_mult=1.00
[PLANETS]
   pid own ships prod    x      y    type fall_t keep_n first_en
     0   -    30    3   93.1  81.8    S      -     0       -
     1   -     2    3    6.9  81.8    S      -     0       -
     2   -    30    3   93.1  18.2    S     20     0      20
     3  me     9    3    6.9  18.2    S      -     0       -
     4  p0    12    2   91.4  96.5    S      -     0       -
     5   -    34    2    8.6  96.5    S      -     0       -
     6   -    34    2   91.4   3.5    S      -     0       -
     7  me     2    2    8.6   3.5    S      -     0       -
     8   -    27    2   58.0  98.0    S      -     0       -
     9  p0    10    2   42.0  98.0    S      -     0       -
    10  me     6    2   58.0   2.0    S      -     0       -
    11  me     9    2   42.0   2.0    S      -     0       -
    12  p0    43    2   22.6  65.6    O      -     0       -
    13   -    45    2   34.4  22.6    O      -     0       -
    14  p0    25    2   65.6  77.4    O      -     0       -
    15   -    61    2   77.4  34.4    O      -     0       -
    16   -    29    2   82.9  87.2    S      -     0       -
    17   -    29    2   17.1  87.2    S      -     0       -
    18   -    29    2   82.9  12.8    S      -     0       -
    19  me     2    2   17.1  12.8    S      -     0       -
    20  p0    14    2   13.2  56.7    O      -     0       -
    21  me     4    2   21.7  25.5    O      -     0       -
    22  p0    29    2   78.3  74.5    O      -     0       -
    23   -     6    2   86.8  43.3    O      -     0       -
    24  p0    33    4   26.6  76.6    O      -     0       -
    25  me    12    4   43.4  15.2    O      -     0       -
    26  p0    24    4   56.6  84.8    O      -     0       -
    27   -    15    4   73.4  23.4    O      -     0       -
    28   -    25    1   28.0  47.5    O      -     0       -
    29   -    41    1   72.0  47.5    O      -     0       -
    30   -    35    1   28.0  52.5    O      -     0       -
    31   -    41    1   72.0  52.5    O      -     0       -
[POLICY]  attack_budget per source
   src=  3  budget=9
   src=  7  budget=2
   src= 10  budget=6
   src= 11  budget=9
   src= 19  budget=2
   src= 21  budget=4
   src= 25  budget=12
[MISSIONS]  N=4  (sorted by score desc)
   #0  single         score=  +124.10  src=[10]→tgt= 18  turns= 15  need=   6  cap=   6
   #1  swarm          score=   +81.59  src=[10,11]→tgt= 20  turns= 10  need=  20  cap=  15
   #2  single         score=   +81.21  src=[25]→tgt= 18  turns= 18  need=   6  cap=  12
   #3  swarm          score=   +42.64  src=[3,25]→tgt= 17  turns= 35  need=  36  cap=  21
[MOVES]  N=1
   src= 10  angle= +23.57°  ships=   6   tgt=18 (own=-, ships=29, eta=15)

===== TURN 64  player=1  ts=2026-05-01 11:10:13  planets=32  fleets=28  =====
[GLOBAL]
   my_total=321  enemy_total=353  my_prod=17  enemy_prod=20
   my_planets=7  enemy_planets=8  neutral=17  4p=False
   step=64  remaining=436  is_early=False  is_opening=True  is_late=False  is_very_late=False  is_total_war=False
[MODES]
   domination=-0.047  is_behind=False  is_ahead=False  is_dominating=False  is_finishing=False  attack_margin_mult=1.00
[PLANETS]
   pid own ships prod    x      y    type fall_t keep_n first_en
     0   -    30    3   93.1  81.8    S      -     0       -
     1   -     2    3    6.9  81.8    S      -     0       -
     2   -    30    3   93.1  18.2    S     19     0      19
     3  me    12    3    6.9  18.2    S      -     0       -
     4  p0    14    2   91.4  96.5    S      -     0       -
     5   -    34    2    8.6  96.5    S      -     0       -
     6   -    34    2   91.4   3.5    S      -     0       -
     7  me     4    2    8.6   3.5    S      -     0       -
     8   -    27    2   58.0  98.0    S      -     0       -
     9  p0    12    2   42.0  98.0    S      -     0       -
    10  me     2    2   58.0   2.0    S      -     0       -
    11  me    11    2   42.0   2.0    S      -     0       -
    12  p0    33    2   22.2  64.8    O      -     0       -
    13   -    45    2   35.2  22.2    O      -     0       -
    14  p0    27    2   64.8  77.8    O      -     0       -
    15   -    61    2   77.8  35.2    O      -     0       -
    16   -    29    2   82.9  87.2    S      -     0       -
    17   -    29    2   17.1  87.2    S      -     0       -
    18   -    29    2   82.9  12.8    S      -     0       -
    19  me     4    2   17.1  12.8    S      -     0       -
    20  p0    16    2   13.0  55.6    O      -     0       -
    21  me     6    2   22.5  24.7    O      -     0       -
    22  p0    31    2   77.5  75.3    O      -     0       -
    23   -     6    2   87.0  44.4    O      -     0       -
    24  p0    37    4   25.8  75.9    O      -     0       -
    25  me    16    4   44.4  15.0    O      -     0       -
    26  p0    28    4   55.6  85.0    O      -     0       -
    27   -    15    4   74.2  24.1    O      -     0       -
    28   -    25    1   30.0  44.1    O      -     0       -
    29   -    41    1   70.0  44.1    O      -     0       -
    30   -    35    1   30.0  55.9    O      -     0       -
    31   -    41    1   70.0  55.9    O      -     0       -
[POLICY]  attack_budget per source
   src=  3  budget=12
   src=  7  budget=4
   src= 10  budget=2
   src= 11  budget=11
   src= 19  budget=4
   src= 21  budget=6
   src= 25  budget=16
[MISSIONS]  N=2  (sorted by score desc)
   #0  swarm          score=   +64.17  src=[11,3]→tgt= 20  turns= 11  need=  28  cap=  23
   #1  swarm          score=   +43.95  src=[3,25]→tgt= 17  turns= 33  need=  48  cap=  28
[MOVES]  N=0

===== TURN 65  player=1  ts=2026-05-01 11:10:13  planets=32  fleets=28  =====
[GLOBAL]
   my_total=338  enemy_total=373  my_prod=17  enemy_prod=20
   my_planets=7  enemy_planets=8  neutral=17  4p=False
   step=65  remaining=435  is_early=False  is_opening=True  is_late=False  is_very_late=False  is_total_war=False
[MODES]
   domination=-0.049  is_behind=False  is_ahead=False  is_dominating=False  is_finishing=False  attack_margin_mult=1.00
[PLANETS]
   pid own ships prod    x      y    type fall_t keep_n first_en
     0   -    30    3   93.1  81.8    S      -     0       -
     1   -     2    3    6.9  81.8    S      -     0       -
     2   -    30    3   93.1  18.2    S     18     0      18
     3  me    15    3    6.9  18.2    S      -     0       -
     4  p0    16    2   91.4  96.5    S      -     0       -
     5   -    34    2    8.6  96.5    S      -     0       -
     6   -    34    2   91.4   3.5    S      -     0       -
     7  me     6    2    8.6   3.5    S      -     0       -
     8   -    27    2   58.0  98.0    S      -     0       -
     9  p0    75    2   42.0  98.0    S      -     0       -
    10  me     4    2   58.0   2.0    S      -     0       -
    11  me    13    2   42.0   2.0    S      -     0       -
    12  p0    35    2   21.7  63.9    O      -     0       -
    13   -    45    2   36.1  21.7    O      -     0       -
    14  p0    29    2   63.9  78.3    O      -     0       -
    15   -    61    2   78.3  36.1    O      -     0       -
    16   -    29    2   82.9  87.2    S      -     0       -
    17   -    29    2   17.1  87.2    S      -     0       -
    18   -    29    2   82.9  12.8    S      -     0       -
    19  me     6    2   17.1  12.8    S      -     0       -
    20  p0    18    2   12.9  54.5    O      -     0       -
    21  me     8    2   23.2  23.9    O      -     0       -
    22  p0    33    2   76.8  76.1    O      -     0       -
    23   -     6    2   87.1  45.5    O      -     0       -
    24  p0    41    4   25.0  75.2    O      -     0       -
    25  me    20    4   45.5  14.8    O      -     0       -
    26  p0     4    4   54.5  85.2    O      -     0       -
    27   -    15    4   75.0  24.8    O      -     0       -
    28   -    25    1   32.4  40.8    O      -     0       -
    29   -    41    1   67.6  40.8    O      -     0       -
    30   -    35    1   32.4  59.2    O      -     0       -
    31   -    41    1   67.6  59.2    O      -     0       -
[POLICY]  attack_budget per source
   src=  3  budget=11
   src=  7  budget=6
   src= 10  budget=4
   src= 11  budget=13
   src= 19  budget=6
   src= 21  budget=8
   src= 25  budget=20
[MISSIONS]  N=4  (sorted by score desc)
   #0  snipe          score=  +113.95  src=[25]→tgt=  2  turns= 18  need=  19  cap=  20
   #1  single         score=   +86.48  src=[25]→tgt=  2  turns= 18  need=  19  cap=  20
   #2  swarm          score=   +43.84  src=[21,3]→tgt= 17  turns= 33  need=  36  cap=  19
   #3  swarm          score=   +37.47  src=[19,11]→tgt= 17  turns= 43  need=  36  cap=  19
[MOVES]  N=3
   src= 25  angle=  +4.08°  ships=  20   tgt=2 (own=-, ships=30, eta=18)
   src=  3  angle= +81.57°  ships=  10   tgt=17 (own=-, ships=29, eta=34)
   src= 21  angle= +95.57°  ships=   8   tgt=17 (own=-, ships=29, eta=33)

===== TURN 66  player=1  ts=2026-05-01 11:10:13  planets=32  fleets=29  =====
[GLOBAL]
   my_total=355  enemy_total=393  my_prod=17  enemy_prod=20
   my_planets=7  enemy_planets=8  neutral=17  4p=False
   step=66  remaining=434  is_early=False  is_opening=True  is_late=False  is_very_late=False  is_total_war=False
[MODES]
   domination=-0.051  is_behind=False  is_ahead=False  is_dominating=False  is_finishing=False  attack_margin_mult=1.00
[PLANETS]
   pid own ships prod    x      y    type fall_t keep_n first_en
     0   -    30    3   93.1  81.8    S      -     0       -
     1   -     2    3    6.9  81.8    S      -     0       -
     2   -    30    3   93.1  18.2    S      -     0      17
     3  me     8    3    6.9  18.2    S      -     0       -
     4  p0    18    2   91.4  96.5    S      -     0       -
     5   -    34    2    8.6  96.5    S      -     0       -
     6   -    34    2   91.4   3.5    S      -     0       -
     7  me     8    2    8.6   3.5    S      -     0       -
     8   -    27    2   58.0  98.0    S      -     0       -
     9  p0    77    2   42.0  98.0    S      -     0       -
    10  me     6    2   58.0   2.0    S      -     0       -
    11  me    15    2   42.0   2.0    S      -     0       -
    12  p0    37    2   21.3  63.1    O      -     0       -
    13   -    45    2   36.9  21.3    O      -     0       -
    14  p0    31    2   63.1  78.7    O      -     0       -
    15   -    61    2   78.7  36.9    O      -     0       -
    16   -    29    2   82.9  87.2    S      -     0       -
    17   -    29    2   17.1  87.2    S      -     0       -
    18   -    29    2   82.9  12.8    S      -     0       -
    19  me     8    2   17.1  12.8    S      -     0       -
    20  p0    20    2   12.7  53.4    O      -     0       -
    21  me     2    2   24.0  23.1    O      -     0       -
    22  p0    35    2   76.0  76.9    O      -     0       -
    23   -     6    2   87.3  46.6    O      -     0       -
    24  p0    45    4   24.3  74.4    O      -     0       -
    25  me    14    4   46.5  14.7    O      -     0       -
    26  p0     9    4   53.5  85.3    O      -     0       -
    27   -    15    4   75.7  25.6    O      -     0       -
    28   -    25    1   35.1  37.9    O      -     0       -
    29   -    41    1   64.9  37.9    O      -     0       -
    30   -    35    1   35.1  62.1    O      -     0       -
    31   -    41    1   64.9  62.1    O      -     0       -
[POLICY]  attack_budget per source
   src=  3  budget=4
   src=  7  budget=8
   src= 10  budget=6
   src= 11  budget=15
   src= 19  budget=8
   src= 21  budget=2
   src= 25  budget=14
[MISSIONS]  N=2  (sorted by score desc)
   #0  single         score=   +44.82  src=[25]→tgt= 17  turns= 34  need=  10  cap=  14
   #1  single         score=   +39.90  src=[11]→tgt= 17  turns= 39  need=  10  cap=  15
[MOVES]  N=1
   src= 25  angle=+112.12°  ships=  14   tgt=30 (own=-, ships=35, eta=18)

===== TURN 67  player=1  ts=2026-05-01 11:10:13  planets=32  fleets=30  =====
[GLOBAL]
   my_total=357  enemy_total=398  my_prod=17  enemy_prod=20
   my_planets=7  enemy_planets=8  neutral=17  4p=False
   step=67  remaining=433  is_early=False  is_opening=True  is_late=False  is_very_late=False  is_total_war=False
[MODES]
   domination=-0.054  is_behind=False  is_ahead=False  is_dominating=False  is_finishing=False  attack_margin_mult=1.00
[PLANETS]
   pid own ships prod    x      y    type fall_t keep_n first_en
     0   -    30    3   93.1  81.8    S      -     0       -
     1   -     2    3    6.9  81.8    S      -     0       -
     2   -    30    3   93.1  18.2    S      -     0      16
     3  me    11    3    6.9  18.2    S      -     0       -
     4  p0    20    2   91.4  96.5    S      -     0       -
     5   -    34    2    8.6  96.5    S      -     0       -
     6   -    34    2   91.4   3.5    S      -     0       -
     7  me    10    2    8.6   3.5    S      -     0       -
     8   -    27    2   58.0  98.0    S      -     0       -
     9  p0    79    2   42.0  98.0    S      -     0       -
    10  me     8    2   58.0   2.0    S      -     0       -
    11  me    17    2   42.0   2.0    S      -     0       -
    12  p0    39    2   21.0  62.2    O      -     0       -
    13   -    45    2   37.8  21.0    O      -     0       -
    14  p0    33    2   62.2  79.0    O      -     0       -
    15   -    61    2   79.0  37.8    O      -     0       -
    16   -    29    2   82.9  87.2    S      -     0       -
    17   -    29    2   17.1  87.2    S      -     0       -
    18   -    29    2   82.9  12.8    S      -     0       -
    19  me    10    2   17.1  12.8    S      -     0       -
    20  p0     7    2   12.7  52.3    O      -     0       -
    21  me     4    2   24.8  22.3    O      -     0       -
    22  p0    37    2   75.2  77.7    O      -     0       -
    23   -     6    2   87.3  47.7    O      -     0       -
    24  p0    19    4   23.6  73.6    O      -     0       -
    25  me     4    4   47.6  14.6    O      -     0       -
    26  p0    13    4   52.4  85.4    O      -     0       -
    27   -    15    4   76.4  26.4    O      -     0       -
    28   -    25    1   38.1  35.2    O      -     0       -
    29   -    41    1   61.9  35.2    O      -     0       -
    30   -    35    1   38.1  64.8    O      -     0       -
    31   -    41    1   61.9  64.8    O      -     0       -
[POLICY]  attack_budget per source
   src=  3  budget=11
   src=  7  budget=10
   src= 10  budget=8
   src= 11  budget=17
   src= 19  budget=10
   src= 21  budget=4
   src= 25  budget=4
[MISSIONS]  N=0  (sorted by score desc)
   (none)
[MOVES]  N=1
   src= 11  angle=+123.08°  ships=  10   tgt=21 (own=me, ships=4, eta=8)

===== TURN 68  player=1  ts=2026-05-01 11:10:13  planets=32  fleets=30  =====
[GLOBAL]
   my_total=374  enemy_total=391  my_prod=17  enemy_prod=22
   my_planets=7  enemy_planets=9  neutral=16  4p=False
   step=68  remaining=432  is_early=False  is_opening=True  is_late=False  is_very_late=False  is_total_war=False
[MODES]
   domination=-0.022  is_behind=False  is_ahead=False  is_dominating=False  is_finishing=False  attack_margin_mult=1.00
[PLANETS]
   pid own ships prod    x      y    type fall_t keep_n first_en
     0   -    30    3   93.1  81.8    S      -     0       -
     1   -     2    3    6.9  81.8    S      -     0       -
     2   -    30    3   93.1  18.2    S      -     0      15
     3  me    14    3    6.9  18.2    S      -     0       -
     4  p0    22    2   91.4  96.5    S      -     0       -
     5   -    34    2    8.6  96.5    S      -     0       -
     6   -    34    2   91.4   3.5    S      -     0       -
     7  me    12    2    8.6   3.5    S      -     0       -
     8  p0     1    2   58.0  98.0    S      -     0       -
     9  p0    81    2   42.0  98.0    S      -     0       -
    10  me    10    2   58.0   2.0    S      -     0       -
    11  me     9    2   42.0   2.0    S      -     0       -
    12  p0    41    2   20.6  61.4    O      -     0       -
    13   -    45    2   38.6  20.6    O      -     0       -
    14  p0    35    2   61.4  79.4    O      -     0       -
    15   -    61    2   79.4  38.6    O      -     0       -
    16   -    29    2   82.9  87.2    S      -     0       -
    17   -    29    2   17.1  87.2    S      -     0       -
    18   -    29    2   82.9  12.8    S      -     0       -
    19  me    12    2   17.1  12.8    S      -     0       -
    20  p0     9    2   12.6  51.1    O      -     0       -
    21  me     6    2   25.7  21.6    O      -     0       -
    22  p0    39    2   74.3  78.4    O      -     0       -
    23   -     6    2   87.4  48.9    O      -     0       -
    24  p0    23    4   22.9  72.8    O      -     0       -
    25  me     8    4   48.6  14.6    O      -     0       -
    26  p0    17    4   51.4  85.4    O      -     0       -
    27   -    15    4   77.1  27.2    O      -     0       -
    28   -    25    1   41.4  32.9    O      -     0       -
    29   -    41    1   58.6  32.9    O      -     0       -
    30   -    35    1   41.4  67.1    O      -     0       -
    31   -    41    1   58.6  67.1    O      -     0       -
[POLICY]  attack_budget per source
   src=  3  budget=5
   src=  7  budget=12
   src= 10  budget=10
   src= 11  budget=9
   src= 19  budget=12
   src= 21  budget=6
   src= 25  budget=8
[MISSIONS]  N=3  (sorted by score desc)
   #0  swarm          score=   +68.41  src=[11,10]→tgt= 20  turns= 10  need=  28  cap=  19
   #1  swarm          score=   +60.67  src=[11,19]→tgt= 20  turns= 11  need=  30  cap=  21
   #2  swarm          score=   +60.67  src=[10,19]→tgt= 20  turns= 11  need=  30  cap=  22
[MOVES]  N=0

===== TURN 69  player=1  ts=2026-05-01 11:10:13  planets=32  fleets=30  =====
[GLOBAL]
   my_total=391  enemy_total=413  my_prod=17  enemy_prod=22
   my_planets=7  enemy_planets=9  neutral=16  4p=False
   step=69  remaining=431  is_early=False  is_opening=True  is_late=False  is_very_late=False  is_total_war=False
[MODES]
   domination=-0.027  is_behind=False  is_ahead=False  is_dominating=False  is_finishing=False  attack_margin_mult=1.00
[PLANETS]
   pid own ships prod    x      y    type fall_t keep_n first_en
     0   -    30    3   93.1  81.8    S      -     0       -
     1   -     2    3    6.9  81.8    S      -     0       -
     2   -    30    3   93.1  18.2    S      -     0      14
     3  me    17    3    6.9  18.2    S      -     0       -
     4  p0    24    2   91.4  96.5    S      -     0       -
     5   -    34    2    8.6  96.5    S      -     0       -
     6   -    34    2   91.4   3.5    S      -     0       -
     7  me    14    2    8.6   3.5    S      -     0       -
     8  p0     3    2   58.0  98.0    S      -     0       -
     9  p0    83    2   42.0  98.0    S      -     0       -
    10  me    12    2   58.0   2.0    S      -     0       -
    11  me    11    2   42.0   2.0    S      -     0       -
    12  p0    43    2   20.3  60.5    O      -     0       -
    13   -    45    2   39.5  20.3    O      -     0       -
    14  p0    37    2   60.5  79.7    O      -     0       -
    15   -    61    2   79.7  39.5    O      -     0       -
    16   -    29    2   82.9  87.2    S      -     0       -
    17   -    29    2   17.1  87.2    S      -     0       -
    18   -    29    2   82.9  12.8    S      -     0       -
    19  me    14    2   17.1  12.8    S      -     0       -
    20  p0    11    2   12.6  50.0    O      -     0       -
    21  me     8    2   26.5  20.9    O      -     0       -
    22  p0    41    2   73.5  79.1    O      -     0       -
    23   -     6    2   87.4  50.0    O      -     0       -
    24  p0    27    4   22.2  72.0    O      -     0       -
    25  me    12    4   49.7  14.5    O      -     0       -
    26  p0    21    4   50.3  85.5    O      -     0       -
    27   -    15    4   77.8  28.0    O      -     0       -
    28   -    25    1   44.9  31.0    O      -     0       -
    29   -    41    1   55.1  31.0    O      -     0       -
    30   -    35    1   44.9  69.0    O      -     0       -
    31   -    41    1   55.1  69.0    O      -     0       -
[POLICY]  attack_budget per source
   src=  3  budget=7
   src=  7  budget=14
   src= 10  budget=12
   src= 11  budget=11
   src= 19  budget=14
   src= 21  budget=8
   src= 25  budget=12
[MISSIONS]  N=1  (sorted by score desc)
   #0  single         score=   +56.91  src=[7]→tgt= 20  turns= 14  need=   8  cap=  14
[MOVES]  N=1
   src=  7  angle= +77.15°  ships=  14   tgt=20 (own=p0, ships=11, eta=14)

===== TURN 70  player=1  ts=2026-05-01 11:10:14  planets=32  fleets=28  =====
[GLOBAL]
   my_total=401  enemy_total=390  my_prod=17  enemy_prod=24
   my_planets=7  enemy_planets=10  neutral=15  4p=False
   step=70  remaining=430  is_early=False  is_opening=True  is_late=False  is_very_late=False  is_total_war=False
[MODES]
   domination=+0.014  is_behind=False  is_ahead=False  is_dominating=False  is_finishing=False  attack_margin_mult=1.00
[PLANETS]
   pid own ships prod    x      y    type fall_t keep_n first_en
     0   -    30    3   93.1  81.8    S      -     0       -
     1   -     2    3    6.9  81.8    S      -     0       -
     2   -    30    3   93.1  18.2    S      -     0       -
     3  me    20    3    6.9  18.2    S      -     0       -
     4  p0    26    2   91.4  96.5    S      -     0       -
     5   -    34    2    8.6  96.5    S      -     0       -
     6   -    34    2   91.4   3.5    S      -     0       -
     7  me     2    2    8.6   3.5    S      -     0       -
     8  p0     5    2   58.0  98.0    S      -     0       -
     9  p0    85    2   42.0  98.0    S      -     0       -
    10  me    14    2   58.0   2.0    S      -     0       -
    11  me    13    2   42.0   2.0    S      -     0       -
    12  p0    45    2   20.0  59.6    O      -     0       -
    13   -    45    2   40.4  20.0    O      -     0       -
    14  p0    39    2   59.6  80.0    O      -     0       -
    15   -    45    2   80.0  40.4    O      -     0       -
    16   -    29    2   82.9  87.2    S      -     0       -
    17  p0     1    2   17.1  87.2    S      -     0       -
    18   -    22    2   82.9  12.8    S      -     0       -
    19  me    16    2   17.1  12.8    S      -     0       -
    20  p0    13    2   12.6  48.9    O      -     0       -
    21  me    10    2   27.4  20.2    O      -     0       -
    22  p0    43    2   72.6  79.8    O      -     0       -
    23   -     6    2   87.4  51.1    O      -     0       -
    24  p0    31    4   21.6  71.2    O      -     0       -
    25  me    16    4   50.7  14.6    O      -     0       -
    26  p0    25    4   49.3  85.4    O      -     0       -
    27   -    15    4   78.4  28.8    O      -     0       -
    28   -    25    1   48.6  29.5    O      -     0       -
    29   -    41    1   51.4  29.5    O      -     0       -
    30   -    35    1   48.6  70.5    O      -     0       -
    31   -    41    1   51.4  70.5    O      -     0       -
[POLICY]  attack_budget per source
   src=  3  budget=7
   src=  7  budget=2
   src= 10  budget=14
   src= 11  budget=13
   src= 19  budget=16
   src= 21  budget=10
   src= 25  budget=16
[MISSIONS]  N=2  (sorted by score desc)
   #0  single         score=   +97.06  src=[3]→tgt= 20  turns= 10  need=   2  cap=   7
   #1  single         score=   +71.93  src=[19]→tgt= 20  turns= 11  need=   4  cap=  11
[MOVES]  N=1
   src=  3  angle= +68.78°  ships=   7   tgt=20 (own=p0, ships=13, eta=10)

===== TURN 71  player=1  ts=2026-05-01 11:10:14  planets=32  fleets=28  =====
[GLOBAL]
   my_total=408  enemy_total=404  my_prod=19  enemy_prod=22
   my_planets=8  enemy_planets=9  neutral=15  4p=False
   step=71  remaining=429  is_early=False  is_opening=True  is_late=False  is_very_late=False  is_total_war=False
[MODES]
   domination=+0.005  is_behind=False  is_ahead=False  is_dominating=False  is_finishing=False  attack_margin_mult=1.00
[PLANETS]
   pid own ships prod    x      y    type fall_t keep_n first_en
     0   -    30    3   93.1  81.8    S      -     0       -
     1   -     2    3    6.9  81.8    S      -     0       -
     2   -    30    3   93.1  18.2    S      -     0       -
     3  me    16    3    6.9  18.2    S      -     0       -
     4  p0    28    2   91.4  96.5    S      -     0       -
     5   -    34    2    8.6  96.5    S      -     0       -
     6   -    34    2   91.4   3.5    S      -     0       -
     7  me     4    2    8.6   3.5    S      -     0       -
     8  p0     7    2   58.0  98.0    S      -     0       -
     9  me    26    2   42.0  98.0    S      -     0       -
    10  me    16    2   58.0   2.0    S      -     0       -
    11  me    15    2   42.0   2.0    S      -     0       -
    12  p0    47    2   19.7  58.7    O      -     0       -
    13   -    45    2   41.3  19.7    O      -     0       -
    14  p0    41    2   58.7  80.3    O      -     0       -
    15   -    45    2   80.3  41.3    O      -     0       -
    16   -    29    2   82.9  87.2    S      -     0       -
    17  p0     3    2   17.1  87.2    S      -     0       -
    18   -    22    2   82.9  12.8    S      -     0       -
    19  me    18    2   17.1  12.8    S      -     0       -
    20  p0    19    2   12.7  47.8    O      -     0       -
    21  me    12    2   28.3  19.5    O      -     0       -
    22  p0    45    2   71.7  80.5    O      -     0       -
    23   -     6    2   87.3  52.2    O      -     0       -
    24  p0    35    4   21.0  70.3    O      -     0       -
    25  me    20    4   51.8  14.6    O      -     0       -
    26  p0    13    4   48.2  85.4    O      -     0       -
    27   -    15    4   79.0  29.7    O      -     0       -
    28   -    25    1   52.4  28.4    O      -     0       -
    29   -    41    1   47.6  28.4    O      -     0       -
    30   -    35    1   52.4  71.6    O      -     0       -
    31   -    41    1   47.6  71.6    O      -     0       -
[POLICY]  attack_budget per source
   src=  3  budget=1
   src=  7  budget=4
   src=  9  budget=0
   src= 10  budget=16
   src= 11  budget=15
   src= 19  budget=3
   src= 21  budget=12
   src= 25  budget=20
[MISSIONS]  N=1  (sorted by score desc)
   #0  swarm          score=   +42.72  src=[10,25]→tgt=  6  turns= 16  need=  70  cap=  36
[MOVES]  N=2
   src= 10  angle=  +2.58°  ships=  15   tgt=6 (own=-, ships=34, eta=14)
   src= 25  angle= -15.65°  ships=  20   tgt=6 (own=-, ships=34, eta=16)

===== TURN 72  player=1  ts=2026-05-01 11:10:14  planets=32  fleets=32  =====
[GLOBAL]
   my_total=427  enemy_total=396  my_prod=19  enemy_prod=22
   my_planets=8  enemy_planets=9  neutral=15  4p=False
   step=72  remaining=428  is_early=False  is_opening=True  is_late=False  is_very_late=False  is_total_war=False
[MODES]
   domination=+0.038  is_behind=False  is_ahead=False  is_dominating=False  is_finishing=False  attack_margin_mult=1.00
[PLANETS]
   pid own ships prod    x      y    type fall_t keep_n first_en
     0   -    30    3   93.1  81.8    S      -     0       -
     1   -     2    3    6.9  81.8    S      -     0       -
     2   -    30    3   93.1  18.2    S      -     0       -
     3  me    19    3    6.9  18.2    S      -     0       -
     4  p0    30    2   91.4  96.5    S      -     0       -
     5   -    34    2    8.6  96.5    S      -     0       -
     6   -    34    2   91.4   3.5    S      -     0       -
     7  me     6    2    8.6   3.5    S      -     0      28
     8  p0     9    2   58.0  98.0    S      -     0       -
     9  me    28    2   42.0  98.0    S      -    27       7
    10  me     3    2   58.0   2.0    S      -     0       -
    11  me    17    2   42.0   2.0    S      -     0       -
    12  p0    40    2   19.5  57.8    O      -     0       -
    13   -    45    2   42.2  19.5    O      -     0       -
    14  p0     2    2   57.8  80.5    O      -     0       -
    15   -    15    2   80.5  42.2    O      -     0       -
    16   -    29    2   82.9  87.2    S      -     0       -
    17  p0     5    2   17.1  87.2    S      -     0       -
    18   -    22    2   82.9  12.8    S      -     0       -
    19  me    20    2   17.1  12.8    S      -     0       -
    20  p0    21    2   12.7  46.7    O      -     0       -
    21  me    14    2   29.2  18.9    O      -     0       -
    22  p0    47    2   70.8  81.1    O      -     0       -
    23   -     6    2   87.3  53.3    O      -     0       -
    24  p0    39    4   20.4  69.5    O      -     0       -
    25  me     4    4   52.8  14.7    O      -     0       -
    26  p0    15    4   47.2  85.3    O      -     0       -
    27   -    15    4   79.6  30.5    O      -     0       -
    28   -    25    1   56.4  27.6    O      -     0       -
    29   -    41    1   43.6  27.6    O      -     0       -
    30   -    35    1   56.4  72.4    O      -     0       -
    31   -    41    1   43.6  72.4    O      -     0       -
[POLICY]  attack_budget per source
   src=  3  budget=5
   src=  7  budget=6
   src=  9  budget=1
   src= 10  budget=3
   src= 11  budget=17
   src= 19  budget=15
   src= 21  budget=14
   src= 25  budget=4
[MISSIONS]  N=0  (sorted by score desc)
   (none)
[MOVES]  N=1
   src= 11  angle=+113.88°  ships=  10   tgt=21 (own=me, ships=14, eta=7)

===== TURN 73  player=1  ts=2026-05-01 11:10:14  planets=32  fleets=29  =====
[GLOBAL]
   my_total=429  enemy_total=408  my_prod=19  enemy_prod=25
   my_planets=8  enemy_planets=10  neutral=14  4p=False
   step=73  remaining=427  is_early=False  is_opening=True  is_late=False  is_very_late=False  is_total_war=False
[MODES]
   domination=+0.025  is_behind=False  is_ahead=False  is_dominating=False  is_finishing=False  attack_margin_mult=1.00
[PLANETS]
   pid own ships prod    x      y    type fall_t keep_n first_en
     0   -    30    3   93.1  81.8    S      -     0       -
     1  p0     1    3    6.9  81.8    S      -     0       -
     2   -    30    3   93.1  18.2    S      -     0       -
     3  me    22    3    6.9  18.2    S      -     0       -
     4  p0    32    2   91.4  96.5    S      -     0       -
     5   -    34    2    8.6  96.5    S      -     0       -
     6   -    34    2   91.4   3.5    S      -     0       -
     7  me     8    2    8.6   3.5    S      -     0      27
     8  p0    11    2   58.0  98.0    S      -     0       -
     9  me    30    2   42.0  98.0    S      -    29       6
    10  me     5    2   58.0   2.0    S      -     0       -
    11  me     9    2   42.0   2.0    S      -     0       -
    12  p0    42    2   19.3  56.9    O      -     0       -
    13   -    45    2   43.1  19.3    O      -     0       -
    14  p0     4    2   56.9  80.7    O      -     0       -
    15   -    15    2   80.7  43.1    O      -     0       -
    16   -    29    2   82.9  87.2    S      -     0       -
    17  p0     7    2   17.1  87.2    S      -     0       -
    18   -    13    2   82.9  12.8    S      -     0       -
    19  me    22    2   17.1  12.8    S      -     0       -
    20  p0    15    2   12.9  45.6    O      -     0       -
    21  me    16    2   30.1  18.3    O      -     0       -
    22  p0    49    2   69.9  81.7    O      -     0       -
    23   -     6    2   87.1  54.4    O      -     0       -
    24  p0    43    4   19.8  68.6    O      -     0       -
    25  me     8    4   53.9  14.8    O      -     0       -
    26  p0   104    4   46.1  85.2    O      -     0       -
    27   -    15    4   80.2  31.4    O      -     0       -
    28   -    25    1   60.4  27.1    O      -     0       -
    29   -    41    1   39.6  27.1    O      -     0       -
    30   -    35    1   60.4  72.9    O      -     0       -
    31   -    41    1   39.6  72.9    O      -     0       -
[POLICY]  attack_budget per source
   src=  3  budget=9
   src=  7  budget=8
   src=  9  budget=1
   src= 10  budget=5
   src= 11  budget=9
   src= 19  budget=9
   src= 21  budget=16
   src= 25  budget=8
[MISSIONS]  N=3  (sorted by score desc)
   #0  swarm          score=   +56.32  src=[3,11]→tgt= 20  turns= 10  need=  34  cap=  18
   #1  swarm          score=   +56.32  src=[3,19]→tgt= 20  turns= 10  need=  34  cap=  18
   #2  swarm          score=   +56.32  src=[11,19]→tgt= 20  turns= 10  need=  36  cap=  18
[MOVES]  N=2
   src=  3  angle= +64.49°  ships=   9   tgt=20 (own=p0, ships=15, eta=9)
   src= 19  angle= +92.32°  ships=   9   tgt=20 (own=p0, ships=15, eta=10)

===== TURN 74  player=1  ts=2026-05-01 11:10:14  planets=32  fleets=31  =====
[GLOBAL]
   my_total=448  enemy_total=433  my_prod=19  enemy_prod=25
   my_planets=8  enemy_planets=10  neutral=14  4p=False
   step=74  remaining=426  is_early=False  is_opening=True  is_late=False  is_very_late=False  is_total_war=False
[MODES]
   domination=+0.017  is_behind=False  is_ahead=False  is_dominating=False  is_finishing=False  attack_margin_mult=1.00
[PLANETS]
   pid own ships prod    x      y    type fall_t keep_n first_en
     0   -    30    3   93.1  81.8    S      -     0       -
     1  p0     4    3    6.9  81.8    S      -     0       -
     2   -    30    3   93.1  18.2    S      -     0       -
     3  me    16    3    6.9  18.2    S      -     0       -
     4  p0    34    2   91.4  96.5    S      -     0       -
     5   -    34    2    8.6  96.5    S      -     0       -
     6   -    34    2   91.4   3.5    S      -     0       -
     7  me    10    2    8.6   3.5    S      -     0      26
     8  p0    13    2   58.0  98.0    S      -     0       -
     9  me    32    2   42.0  98.0    S      -    31       5
    10  me     7    2   58.0   2.0    S      -     0       -
    11  me    11    2   42.0   2.0    S      -     0       -
    12  p0    44    2   19.1  56.0    O      -     0       -
    13   -    45    2   44.0  19.1    O      -     0       -
    14  p0     6    2   56.0  80.9    O      -     0       -
    15   -    15    2   80.9  44.0    O      -     0       -
    16   -    29    2   82.9  87.2    S      -     0       -
    17  p0     9    2   17.1  87.2    S      -     0       -
    18   -    13    2   82.9  12.8    S      -     0       -
    19  me    15    2   17.1  12.8    S      -     0       -
    20  p0    17    2   13.0  44.5    O      -     0       -
    21  me    18    2   31.1  17.7    O      -     0       -
    22  p0    51    2   68.9  82.3    O      -     0       -
    23   -     6    2   87.0  55.5    O      -     0       -
    24  p0    47    4   19.3  67.7    O      -     0       -
    25  me    12    4   54.9  14.9    O      -     0       -
    26  p0   108    4   45.1  85.1    O      -     0       -
    27   -    15    4   80.7  32.3    O      -     0       -
    28   -    25    1   64.3  27.0    O      -     0       -
    29   -    41    1   35.7  27.0    O      -     0       -
    30   -    35    1   64.3  73.0    O      -     0       -
    31   -    41    1   35.7  73.0    O      -     0       -
[POLICY]  attack_budget per source
   src=  3  budget=2
   src=  7  budget=10
   src=  9  budget=1
   src= 10  budget=7
   src= 11  budget=11
   src= 19  budget=1
   src= 21  budget=18
   src= 25  budget=12
[MISSIONS]  N=0  (sorted by score desc)
   (none)
[MOVES]  N=1
   src= 21  angle= +82.29°  ships=  11   tgt=9 (own=me, ships=32, eta=39)

===== TURN 75  player=1  ts=2026-05-01 11:10:14  planets=32  fleets=30  =====
[GLOBAL]
   my_total=459  enemy_total=443  my_prod=19  enemy_prod=27
   my_planets=8  enemy_planets=11  neutral=13  4p=False
   step=75  remaining=425  is_early=False  is_opening=True  is_late=False  is_very_late=False  is_total_war=False
[MODES]
   domination=+0.018  is_behind=False  is_ahead=False  is_dominating=False  is_finishing=False  attack_margin_mult=1.00
[PLANETS]
   pid own ships prod    x      y    type fall_t keep_n first_en
     0   -    30    3   93.1  81.8    S      -     0       -
     1  p0     7    3    6.9  81.8    S      -     0       -
     2   -    30    3   93.1  18.2    S      -     0       -
     3  me    19    3    6.9  18.2    S      -     0       -
     4  p0    36    2   91.4  96.5    S      -     0       -
     5   -    34    2    8.6  96.5    S      -     0       -
     6   -    34    2   91.4   3.5    S      -     0       -
     7  me    12    2    8.6   3.5    S      -     0      21
     8  p0    15    2   58.0  98.0    S      -     0       -
     9  me    34    2   42.0  98.0    S      -    33       4
    10  me     9    2   58.0   2.0    S      -     0       -
    11  me    13    2   42.0   2.0    S      -     0       -
    12  p0    28    2   18.9  55.1    O      -     0       -
    13   -    45    2   44.9  18.9    O      -     0       -
    14  p0     8    2   55.1  81.1    O      -     0       -
    15  p0    17    2   81.1  44.9    O      -     0       -
    16   -    29    2   82.9  87.2    S      -     0       -
    17  p0    11    2   17.1  87.2    S      -     0       -
    18   -     5    2   82.9  12.8    S      -     0       -
    19  me    17    2   17.1  12.8    S      -     0       -
    20  p0    19    2   13.2  43.4    O      -     0       -
    21  me    19    2   32.1  17.2    O      -     0       -
    22  p0    53    2   67.9  82.8    O      -     0       -
    23   -     6    2   86.8  56.6    O      -     0       -
    24  p0    51    4   18.8  66.8    O      -     0       -
    25  me    16    4   56.0  15.0    O      -     0       -
    26  p0   112    4   44.0  85.0    O      -     0       -
    27   -    15    4   81.2  33.2    O      -     0       -
    28   -    25    1   68.4  27.1    O      -     0       -
    29   -    41    1   31.6  27.1    O      -     0       -
    30   -    35    1   68.4  72.9    O      -     0       -
    31   -    41    1   31.6  72.9    O      -     0       -
[POLICY]  attack_budget per source
   src=  3  budget=13
   src=  7  budget=12
   src=  9  budget=1
   src= 10  budget=9
   src= 11  budget=13
   src= 19  budget=13
   src= 21  budget=19
   src= 25  budget=12
[MISSIONS]  N=5  (sorted by score desc)
   #0  swarm          score=   +52.91  src=[10,3]→tgt= 20  turns=  9  need=  38  cap=  22
   #1  swarm          score=   +52.91  src=[10,19]→tgt= 20  turns=  9  need=  40  cap=  22
   #2  swarm          score=   +52.91  src=[3,19]→tgt= 20  turns=  9  need=  38  cap=  26
   #3  swarm          score=   +48.07  src=[10,11]→tgt= 20  turns= 10  need=  42  cap=  22
   #4  swarm          score=   +48.07  src=[19,11]→tgt= 20  turns= 10  need=  42  cap=  26
[MOVES]  N=3
   src=  3  angle= +59.21°  ships=   7   tgt=20 (own=p0, ships=19, eta=9)
   src= 19  angle= +92.32°  ships=  13   tgt=20 (own=p0, ships=19, eta=9)
   src= 21  angle= +83.02°  ships=  11   tgt=29 (own=-, ships=41, eta=3)

===== TURN 76  player=1  ts=2026-05-01 11:10:14  planets=32  fleets=33  =====
[GLOBAL]
   my_total=478  enemy_total=470  my_prod=19  enemy_prod=27
   my_planets=8  enemy_planets=11  neutral=13  4p=False
   step=76  remaining=424  is_early=False  is_opening=True  is_late=False  is_very_late=False  is_total_war=False
[MODES]
   domination=+0.008  is_behind=False  is_ahead=False  is_dominating=False  is_finishing=False  attack_margin_mult=1.00
[PLANETS]
   pid own ships prod    x      y    type fall_t keep_n first_en
     0   -    30    3   93.1  81.8    S      -     0       -
     1  p0    10    3    6.9  81.8    S      -     0       -
     2   -    30    3   93.1  18.2    S      -     0       -
     3  me    15    3    6.9  18.2    S      -     0       -
     4  p0    38    2   91.4  96.5    S      -     0       -
     5   -    34    2    8.6  96.5    S      -     0       -
     6   -    34    2   91.4   3.5    S      -     0       -
     7  me    14    2    8.6   3.5    S      -     0      20
     8  p0    17    2   58.0  98.0    S      -     0       -
     9  me    36    2   42.0  98.0    S      -    35       3
    10  me    11    2   58.0   2.0    S      -     0       -
    11  me    15    2   42.0   2.0    S      -     0       -
    12  p0    30    2   18.8  54.2    O      -     0       -
    13   -    45    2   45.8  18.8    O      -     0       -
    14  p0    10    2   54.2  81.2    O      -     0       -
    15  p0    19    2   81.2  45.8    O      -     0       -
    16   -    29    2   82.9  87.2    S      -     0       -
    17  p0    13    2   17.1  87.2    S      -     0       -
    18   -     5    2   82.9  12.8    S      -     0       -
    19  me     6    2   17.1  12.8    S      -     0       -
    20  p0    21    2   13.4  42.3    O      -     0       -
    21  me    10    2   33.0  16.7    O      -     0       -
    22  p0    55    2   67.0  83.3    O      -     0       -
    23   -     6    2   86.6  57.7    O      -     0       -
    24  p0    55    4   18.3  65.8    O      -     0       -
    25  me    20    4   57.0  15.2    O      -     0       -
    26  p0   116    4   43.0  84.8    O      -     0       -
    27   -    15    4   81.7  34.2    O      -     0       -
    28   -    25    1   72.3  27.5    O      -     0       -
    29   -    41    1   27.7  27.5    O      -     0       -
    30   -    35    1   72.3  72.5    O      -     0       -
    31   -    41    1   27.7  72.5    O      -     0       -
[POLICY]  attack_budget per source
   src=  3  budget=0
   src=  7  budget=14
   src=  9  budget=1
   src= 10  budget=11
   src= 11  budget=15
   src= 19  budget=0
   src= 21  budget=10
   src= 25  budget=16
[MISSIONS]  N=3  (sorted by score desc)
   #0  swarm          score=   +44.76  src=[10,11]→tgt= 20  turns= 10  need=  46  cap=  26
   #1  swarm          score=   +43.71  src=[7,25]→tgt= 12  turns= 17  need=  40  cap=  30
   #2  swarm          score=   +40.30  src=[11,25]→tgt= 12  turns= 18  need=  44  cap=  31
[MOVES]  N=0

===== TURN 77  player=1  ts=2026-05-01 11:10:14  planets=32  fleets=32  =====
[GLOBAL]
   my_total=455  enemy_total=479  my_prod=19  enemy_prod=27
   my_planets=8  enemy_planets=11  neutral=13  4p=False
   step=77  remaining=423  is_early=False  is_opening=True  is_late=False  is_very_late=False  is_total_war=False
[MODES]
   domination=-0.026  is_behind=False  is_ahead=False  is_dominating=False  is_finishing=False  attack_margin_mult=1.00
[PLANETS]
   pid own ships prod    x      y    type fall_t keep_n first_en
     0   -    30    3   93.1  81.8    S      -     0       -
     1  p0    13    3    6.9  81.8    S      -     0       -
     2   -     6    3   93.1  18.2    S      -     0       -
     3  me    18    3    6.9  18.2    S      -     0       -
     4  p0    40    2   91.4  96.5    S      -     0       -
     5   -    34    2    8.6  96.5    S      -     0       -
     6   -    34    2   91.4   3.5    S      -     0       -
     7  me    16    2    8.6   3.5    S      -     0      19
     8  p0    19    2   58.0  98.0    S      -     0       -
     9  me    38    2   42.0  98.0    S      -    37       2
    10  me    13    2   58.0   2.0    S      -     0       -
    11  me    17    2   42.0   2.0    S      -     0       -
    12  p0    14    2   18.7  53.2    O      -     0       -
    13   -    45    2   46.8  18.7    O      -     0       -
    14  p0    12    2   53.2  81.3    O      -     0       -
    15  p0    21    2   81.3  46.8    O      -     0       -
    16   -    29    2   82.9  87.2    S      -     0       -
    17  p0    15    2   17.1  87.2    S      -     0       -
    18   -     5    2   82.9  12.8    S      -     0       -
    19  me     8    2   17.1  12.8    S      -     0       -
    20  p0     5    2   13.6  41.2    O      -     0       -
    21  me    12    2   34.0  16.2    O      -     0       -
    22  p0    57    2   66.0  83.8    O      -     0       -
    23   -     6    2   86.4  58.8    O      -     0       -
    24  p0    59    4   17.8  64.9    O      -     0       -
    25  me    24    4   58.0  15.5    O      -     0       -
    26  p0   120    4   42.0  84.5    O      -     0       -
    27   -    15    4   82.2  35.1    O      -     0       -
    28   -    25    1   76.3  28.1    O      -     0       -
    29   -    41    1   23.7  28.1    O      -     0       -
    30   -    35    1   76.3  71.9    O      -     0       -
    31   -    41    1   23.7  71.9    O      -     0       -
[POLICY]  attack_budget per source
   src=  3  budget=3
   src=  7  budget=16
   src=  9  budget=1
   src= 10  budget=13
   src= 11  budget=17
   src= 19  budget=8
   src= 21  budget=12
   src= 25  budget=19
[MISSIONS]  N=1  (sorted by score desc)
   #0  swarm          score=   +28.66  src=[10,11]→tgt= 16  turns= 41  need=  60  cap=  30
[MOVES]  N=3
   src= 11  angle= +64.31°  ships=  17   tgt=16 (own=-, ships=29, eta=40)
   src= 10  angle= +73.72°  ships=  13   tgt=25 (own=me, ships=24, eta=6)
   src= 25  angle=-176.33°  ships=  11   tgt=21 (own=me, ships=12, eta=7)

===== TURN 78  player=1  ts=2026-05-01 11:10:14  planets=32  fleets=34  =====
[GLOBAL]
   my_total=469  enemy_total=506  my_prod=21  enemy_prod=27
   my_planets=9  enemy_planets=11  neutral=12  4p=False
   step=78  remaining=422  is_early=False  is_opening=True  is_late=False  is_very_late=False  is_total_war=False
[MODES]
   domination=-0.038  is_behind=False  is_ahead=False  is_dominating=False  is_finishing=False  attack_margin_mult=1.00
[PLANETS]
   pid own ships prod    x      y    type fall_t keep_n first_en
     0   -    30    3   93.1  81.8    S      -     0       -
     1  p0    16    3    6.9  81.8    S      -     0       -
     2   -     6    3   93.1  18.2    S      -     0       -
     3  me    21    3    6.9  18.2    S      -     0       -
     4  p0    42    2   91.4  96.5    S      -     0       -
     5   -    34    2    8.6  96.5    S      -     0       -
     6   -    34    2   91.4   3.5    S      -     0       -
     7  me    18    2    8.6   3.5    S      -     0       -
     8  p0    21    2   58.0  98.0    S      -     0       -
     9  me    40    2   42.0  98.0    S      -    39       1
    10  me     2    2   58.0   2.0    S      -     0       -
    11  me     2    2   42.0   2.0    S      -     0       -
    12  p0    16    2   18.6  52.3    O      -     0       -
    13   -    45    2   47.7  18.6    O      -     0       -
    14  p0    14    2   52.3  81.4    O      -     0       -
    15  p0    23    2   81.4  47.7    O      -     0       -
    16   -    29    2   82.9  87.2    S      -     0       -
    17  p0    17    2   17.1  87.2    S      -     0       -
    18  me     1    2   82.9  12.8    S      -     0       -
    19  me    10    2   17.1  12.8    S      -     0       -
    20  p0     7    2   13.9  40.2    O      -     0       -
    21  me    14    2   35.0  15.7    O      -     0       -
    22  p0    59    2   65.0  84.3    O      -     0       -
    23   -     6    2   86.1  59.8    O      -     0       -
    24  p0    63    4   17.4  63.9    O      -     0       -
    25  me    17    4   59.0  15.7    O      -     0       -
    26  p0   124    4   41.0  84.3    O      -     0       -
    27   -    15    4   82.6  36.1    O      -     0       -
    28   -    25    1   80.2  28.9    O      -     0       -
    29   -    41    1   19.8  28.9    O      -     0       -
    30   -    35    1   80.2  71.1    O      -     0       -
    31   -    41    1   19.8  71.1    O      -     0       -
[POLICY]  attack_budget per source
   src=  3  budget=5
   src=  7  budget=18
   src=  9  budget=1
   src= 10  budget=2
   src= 11  budget=2
   src= 18  budget=0
   src= 19  budget=9
   src= 21  budget=14
   src= 25  budget=12
[MISSIONS]  N=2  (sorted by score desc)
   #0  single         score=  +164.32  src=[19]→tgt= 12  turns= 13  need=   7  cap=   9
   #1  single         score=  +110.13  src=[7]→tgt= 12  turns= 15  need=  11  cap=  16
[MOVES]  N=2
   src= 19  angle= +83.88°  ships=   9   tgt=20 (own=p0, ships=7, eta=9)
   src=  7  angle= +47.76°  ships=  11   tgt=19 (own=me, ships=10, eta=5)

===== TURN 79  player=1  ts=2026-05-01 11:10:15  planets=32  fleets=36  =====
[GLOBAL]
   my_total=449  enemy_total=492  my_prod=21  enemy_prod=27
   my_planets=9  enemy_planets=11  neutral=12  4p=False
   step=79  remaining=421  is_early=False  is_opening=True  is_late=False  is_very_late=False  is_total_war=False
[MODES]
   domination=-0.046  is_behind=False  is_ahead=False  is_dominating=False  is_finishing=False  attack_margin_mult=1.00
[PLANETS]
   pid own ships prod    x      y    type fall_t keep_n first_en
     0   -    30    3   93.1  81.8    S      -     0       -
     1  p0    19    3    6.9  81.8    S      -     0       -
     2   -     6    3   93.1  18.2    S      -     0       -
     3  me    24    3    6.9  18.2    S      -     0       -
     4  p0    44    2   91.4  96.5    S      -     0       -
     5   -    34    2    8.6  96.5    S      -     0       -
     6   -    34    2   91.4   3.5    S      -     0       -
     7  me     9    2    8.6   3.5    S      -     0       -
     8  p0     2    2   58.0  98.0    S      -     0       -
     9  me     1    2   42.0  98.0    S      -     0       1
    10  me     4    2   58.0   2.0    S      -     0       -
    11  me     4    2   42.0   2.0    S      -     0       -
    12  p0    18    2   18.5  51.4    O      -     0       -
    13   -    45    2   48.6  18.5    O      -     0       -
    14  p0    16    2   51.4  81.5    O      -     0       -
    15  p0    25    2   81.5  48.6    O      -     0       -
    16   -    29    2   82.9  87.2    S      -     0       -
    17  p0    19    2   17.1  87.2    S      -     0       -
    18  me     3    2   82.9  12.8    S      -     0       -
    19  me     3    2   17.1  12.8    S      -     0       -
    20  p0     9    2   14.2  39.1    O      -     0       -
    21  me    26    2   36.1  15.3    O      -     0       -
    22  p0    61    2   63.9  84.7    O      -     0       -
    23   -     6    2   85.8  60.9    O      -     0       -
    24  p0    67    4   17.0  62.9    O      -     0       -
    25  me    21    4   60.0  16.0    O      -     0       -
    26  p0   119    4   40.0  84.0    O      -     0       -
    27   -    15    4   83.0  37.1    O      -     0       -
    28   -    25    1   84.0  29.8    O      -     0       -
    29   -    41    1   16.0  29.8    O      -     0       -
    30   -    35    1   84.0  70.2    O      -     0       -
    31   -    41    1   16.0  70.2    O      -     0       -
[POLICY]  attack_budget per source
   src=  3  budget=4
   src=  7  budget=9
   src=  9  budget=0
   src= 10  budget=4
   src= 11  budget=4
   src= 18  budget=0
   src= 19  budget=0
   src= 21  budget=26
   src= 25  budget=15
[MISSIONS]  N=4  (sorted by score desc)
   #0  swarm          score=   +99.44  src=[7,25]→tgt= 12  turns= 18  need=  36  cap=  24
   #1  single         score=   +95.35  src=[21]→tgt= 12  turns= 11  need=   5  cap=  22
   #2  swarm          score=   +45.49  src=[25,21]→tgt=  0  turns= 32  need=  62  cap=  41
   #3  single         score=   +43.44  src=[25]→tgt= 16  turns= 32  need=   9  cap=  15
[MOVES]  N=2
   src= 21  angle=+122.20°  ships=  22   tgt=12 (own=p0, ships=18, eta=11)
   src= 25  angle= +72.18°  ships=  15   tgt=16 (own=-, ships=29, eta=32)

===== TURN 80  player=1  ts=2026-05-01 11:10:15  planets=32  fleets=35  =====
[GLOBAL]
   my_total=449  enemy_total=498  my_prod=21  enemy_prod=27
   my_planets=9  enemy_planets=11  neutral=12  4p=False
   step=80  remaining=420  is_early=False  is_opening=False  is_late=False  is_very_late=False  is_total_war=False
[MODES]
   domination=-0.052  is_behind=False  is_ahead=False  is_dominating=False  is_finishing=False  attack_margin_mult=1.00
[PLANETS]
   pid own ships prod    x      y    type fall_t keep_n first_en
     0   -    30    3   93.1  81.8    S      -     0       -
     1  p0    22    3    6.9  81.8    S      -     0       -
     2   -     6    3   93.1  18.2    S      -     0       -
     3  me    27    3    6.9  18.2    S      -     0       -
     4  p0    46    2   91.4  96.5    S      -     0       -
     5   -    34    2    8.6  96.5    S      -     0       -
     6   -    34    2   91.4   3.5    S      -     0       -
     7  me    11    2    8.6   3.5    S      -     0       -
     8  p0     4    2   58.0  98.0    S      -     0       -
     9  me     1    2   42.0  98.0    S      -     0       -
    10  me     6    2   58.0   2.0    S      -     0       -
    11  me     6    2   42.0   2.0    S      -     0       -
    12  p0     8    2   18.5  50.4    O      -     0       -
    13   -    45    2   49.6  18.5    O      -     0       -
    14  p0    18    2   50.4  81.5    O      -     0       -
    15  p0    27    2   81.5  49.6    O      -     0       -
    16   -    29    2   82.9  87.2    S      -     0       -
    17  p0    21    2   17.1  87.2    S      -     0       -
    18  me     5    2   82.9  12.8    S      -     0       -
    19  me     5    2   17.1  12.8    S      -     0       -
    20  p0     4    2   14.6  38.0    O      -     0       -
    21  me     6    2   37.1  14.9    O      -     0       -
    22  p0    63    2   62.9  85.1    O      -     0       -
    23   -     6    2   85.4  62.0    O      -     0       -
    24  p0    71    4   16.6  62.0    O      -     0       -
    25  me    10    4   61.1  16.3    O      -     0       -
    26  p0   123    4   38.9  83.7    O      -     0       -
    27   -    15    4   83.4  38.0    O      -     0       -
    28   -    25    1   87.9  31.0    O      -     0       -
    29   -    41    1   12.1  31.0    O      -     0       -
    30   -    35    1   87.9  69.0    O      -     0       -
    31   -    41    1   12.1  69.0    O      -     0       -
[POLICY]  attack_budget per source
   src=  3  budget=9
   src=  7  budget=11
   src=  9  budget=0
   src= 10  budget=6
   src= 11  budget=6
   src= 18  budget=0
   src= 19  budget=0
   src= 21  budget=6
   src= 25  budget=4
[MISSIONS]  N=2  (sorted by score desc)
   #0  single         score=   +23.14  src=[3]→tgt= 23  turns= 41  need=   7  cap=   9
   #1  single         score=   +20.59  src=[7]→tgt= 23  turns= 44  need=   7  cap=  11
[MOVES]  N=1
   src=  3  angle= +58.05°  ships=   9   tgt=12 (own=p0, ships=8, eta=12)

===== TURN 81  player=1  ts=2026-05-01 11:10:15  planets=32  fleets=34  =====
[GLOBAL]
   my_total=470  enemy_total=525  my_prod=21  enemy_prod=27
   my_planets=9  enemy_planets=11  neutral=12  4p=False
   step=81  remaining=419  is_early=False  is_opening=False  is_late=False  is_very_late=False  is_total_war=False
[MODES]
   domination=-0.055  is_behind=False  is_ahead=False  is_dominating=False  is_finishing=False  attack_margin_mult=1.00
[PLANETS]
   pid own ships prod    x      y    type fall_t keep_n first_en
     0   -    30    3   93.1  81.8    S      -     0       -
     1  p0    25    3    6.9  81.8    S      -     0       -
     2   -     6    3   93.1  18.2    S      -     0       -
     3  me    21    3    6.9  18.2    S      -     0       -
     4  p0    48    2   91.4  96.5    S      -     0       -
     5   -    34    2    8.6  96.5    S      -     0       -
     6   -    34    2   91.4   3.5    S      -     0       -
     7  me    13    2    8.6   3.5    S      -     0       -
     8  p0     6    2   58.0  98.0    S      -     0       -
     9  me     3    2   42.0  98.0    S      -     0       -
    10  me     8    2   58.0   2.0    S      -     0       -
    11  me     8    2   42.0   2.0    S      -     0       -
    12  p0    10    2   18.5  49.5    O      -     0       -
    13   -    45    2   50.5  18.5    O      -     0       -
    14  p0    20    2   49.5  81.5    O      -     0       -
    15  p0    29    2   81.5  50.5    O      -     0       -
    16   -    29    2   82.9  87.2    S      -     0       -
    17  p0    23    2   17.1  87.2    S      -     0       -
    18  me     7    2   82.9  12.8    S      -     0       -
    19  me     7    2   17.1  12.8    S      -     0       -
    20  p0    33    2   14.9  37.0    O      -     0       -
    21  me     8    2   38.1  14.5    O      -     0       -
    22  p0    65    2   61.9  85.5    O      -     0       -
    23   -     6    2   85.1  63.0    O      -     0       -
    24  p0    75    4   16.3  61.0    O      -     0       -
    25  me    14    4   62.0  16.7    O      -     0       -
    26  p0   127    4   38.0  83.3    O      -     0       -
    27   -    15    4   83.7  39.0    O      -     0       -
    28   -    25    1   91.7  32.3    O      -     0       -
    29   -    41    1    8.3  32.3    O      -     0       -
    30   -    35    1   91.7  67.7    O      -     0       -
    31   -    41    1    8.3  67.7    O      -     0       -
[POLICY]  attack_budget per source
   src=  3  budget=3
   src=  7  budget=6
   src=  9  budget=0
   src= 10  budget=8
   src= 11  budget=8
   src= 18  budget=1
   src= 19  budget=0
   src= 21  budget=8
   src= 25  budget=8
[MISSIONS]  N=0  (sorted by score desc)
   (none)
[MOVES]  N=0

===== TURN 82  player=1  ts=2026-05-01 11:10:15  planets=32  fleets=30  =====
[GLOBAL]
   my_total=452  enemy_total=519  my_prod=24  enemy_prod=27
   my_planets=10  enemy_planets=11  neutral=11  4p=False
   step=82  remaining=418  is_early=False  is_opening=False  is_late=False  is_very_late=False  is_total_war=False
[MODES]
   domination=-0.069  is_behind=False  is_ahead=False  is_dominating=False  is_finishing=False  attack_margin_mult=1.00
[PLANETS]
   pid own ships prod    x      y    type fall_t keep_n first_en
     0   -    30    3   93.1  81.8    S      -     0       -
     1  p0     4    3    6.9  81.8    S      -     0       -
     2  me     8    3   93.1  18.2    S      -     0       -
     3  me    24    3    6.9  18.2    S      -     0       -
     4  p0    50    2   91.4  96.5    S      -     0       -
     5   -    34    2    8.6  96.5    S      -     0       -
     6   -    34    2   91.4   3.5    S      -     0       -
     7  me    15    2    8.6   3.5    S      -     0       -
     8  p0     8    2   58.0  98.0    S      -     0       -
     9  me     5    2   42.0  98.0    S      -     0       -
    10  me    10    2   58.0   2.0    S      -     0       -
    11  me    10    2   42.0   2.0    S      -     0       -
    12  p0    12    2   18.5  48.6    O      -     0       -
    13   -    45    2   51.4  18.5    O      -     0       -
    14  p0    22    2   48.6  81.5    O      -     0       -
    15  p0    31    2   81.5  51.4    O      -     0       -
    16   -    29    2   82.9  87.2    S      -     0       -
    17  p0    25    2   17.1  87.2    S      -     0       -
    18  me    17    2   82.9  12.8    S      -     0       -
    19  me     9    2   17.1  12.8    S      -     0       -
    20  p0    26    2   15.3  36.0    O      -     0       -
    21  me    10    2   39.2  14.2    O      -     0       -
    22  p0    67    2   60.8  85.8    O      -     0       -
    23   -     6    2   84.7  64.0    O      -     0       -
    24  p0    79    4   16.0  60.0    O      -     0       -
    25  me    18    4   63.0  17.0    O      -     0       -
    26  p0   131    4   37.0  83.0    O      -     0       -
    27   -    15    4   84.0  40.0    O      -     0       -
    28   -    25    1   95.5  33.7    O      -     0       -
    29   -    41    1    4.5  33.7    O      -     0       -
    30   -    35    1   95.5  66.3    O      -     0       -
    31   -    41    1    4.5  66.3    O      -     0       -
[POLICY]  attack_budget per source
   src=  2  budget=1
   src=  3  budget=3
   src=  7  budget=9
   src=  9  budget=0
   src= 10  budget=10
   src= 11  budget=10
   src= 18  budget=10
   src= 19  budget=0
   src= 21  budget=10
   src= 25  budget=11
[MISSIONS]  N=3  (sorted by score desc)
   #0  swarm          score=   +51.24  src=[25,18]→tgt= 27  turns= 25  need=  32  cap=  21
   #1  single         score=   +22.66  src=[18]→tgt= 23  turns= 40  need=   7  cap=  10
   #2  single         score=   +20.95  src=[7]→tgt= 23  turns= 46  need=   7  cap=   9
[MOVES]  N=1
   src= 18  angle=+113.82°  ships=  10   tgt=23 (own=-, ships=6, eta=40)

===== TURN 83  player=1  ts=2026-05-01 11:10:15  planets=32  fleets=26  =====
[GLOBAL]
   my_total=453  enemy_total=523  my_prod=24  enemy_prod=27
   my_planets=10  enemy_planets=11  neutral=11  4p=False
   step=83  remaining=417  is_early=False  is_opening=False  is_late=False  is_very_late=False  is_total_war=False
[MODES]
   domination=-0.072  is_behind=False  is_ahead=False  is_dominating=False  is_finishing=False  attack_margin_mult=1.00
[PLANETS]
   pid own ships prod    x      y    type fall_t keep_n first_en
     0   -    30    3   93.1  81.8    S      -     0       -
     1  p0     7    3    6.9  81.8    S      -     0       -
     2  me    31    3   93.1  18.2    S      -     0       -
     3  me    27    3    6.9  18.2    S      -     0       -
     4  p0    52    2   91.4  96.5    S      -     0       -
     5   -    34    2    8.6  96.5    S      -     0       -
     6   -    34    2   91.4   3.5    S      -     0       -
     7  me    17    2    8.6   3.5    S      -     0       -
     8  p0    10    2   58.0  98.0    S      -     0       -
     9  me    19    2   42.0  98.0    S      -     5       6
    10  me    12    2   58.0   2.0    S      -     0       -
    11  me    12    2   42.0   2.0    S      -     0       -
    12  p0    14    2   18.6  47.6    O      -     0       -
    13   -    45    2   52.4  18.6    O      -     0       -
    14  p0     7    2   47.6  81.4    O      -     0       -
    15  p0    33    2   81.4  52.4    O      -     0       -
    16   -    29    2   82.9  87.2    S      -     0       -
    17  p0    27    2   17.1  87.2    S      -     0       -
    18  me    16    2   82.9  12.8    S      -     0       -
    19  me    22    2   17.1  12.8    S      -     0       -
    20  p0    23    2   15.8  34.9    O      -     0       -
    21  me    12    2   40.3  13.9    O      -     0       -
    22  p0    62    2   59.7  86.1    O      -     0       -
    23   -     6    2   84.2  65.1    O      -     0       -
    24  p0    83    4   15.7  58.9    O      -     0       -
    25  me    35    4   64.0  17.4    O      -     0       -
    26  p0     4    4   36.0  82.6    O      -     0       -
    27   -    15    4   84.3  41.1    O      -     0       -
    28   -    25    1   99.2  35.2    S      -     0       -
    29   -    41    1    0.8  35.2    S      -     0       -
    30   -    35    1   99.2  64.8    S      -     0       -
    31   -    41    1    0.8  64.8    S      -     0       -
[POLICY]  attack_budget per source
   src=  2  budget=24
   src=  3  budget=4
   src=  7  budget=12
   src=  9  budget=0
   src= 10  budget=12
   src= 11  budget=12
   src= 18  budget=9
   src= 19  budget=3
   src= 21  budget=12
   src= 25  budget=28
[MISSIONS]  N=12  (sorted by score desc)
   #0  swarm          score=   +87.66  src=[10,11]→tgt= 20  turns= 10  need=  30  cap=  24
   #1  swarm          score=   +78.14  src=[18,10]→tgt= 20  turns= 11  need=  32  cap=  21
   #2  swarm          score=   +78.14  src=[18,11]→tgt= 20  turns= 11  need=  32  cap=  21
   #3  single         score=   +46.90  src=[25]→tgt= 20  turns= 14  need=  23  cap=  28
   #4  single         score=   +45.68  src=[2]→tgt= 27  turns= 13  need=  16  cap=  24
   #5  single         score=   +43.28  src=[25]→tgt= 27  turns= 16  need=  16  cap=  24
   #6  single         score=   +36.67  src=[2]→tgt= 16  turns= 26  need=   9  cap=  24
   #7  single         score=   +33.99  src=[25]→tgt= 16  turns= 26  need=   9  cap=  27
   #8  single         score=   +22.48  src=[18]→tgt= 23  turns= 42  need=   7  cap=   9
   #9  single         score=   +20.76  src=[25]→tgt= 23  turns= 26  need=   7  cap=  21
   #10 single         score=   +20.14  src=[7]→tgt= 23  turns= 43  need=   7  cap=  12
   #11 single         score=   +19.75  src=[2]→tgt= 23  turns= 29  need=   7  cap=  21
[MOVES]  N=3
   src= 25  angle=+172.76°  ships=  28   tgt=13 (own=-, ships=45, eta=3)
   src=  2  angle=+102.38°  ships=  24   tgt=27 (own=-, ships=15, eta=13)
   src= 18  angle=+115.97°  ships=   9   tgt=23 (own=-, ships=6, eta=42)

===== TURN 84  player=1  ts=2026-05-01 11:10:15  planets=28  fleets=25  =====
[GLOBAL]
   my_total=457  enemy_total=530  my_prod=24  enemy_prod=27
   my_planets=10  enemy_planets=11  neutral=7  4p=False
   step=84  remaining=416  is_early=False  is_opening=False  is_late=False  is_very_late=False  is_total_war=False
[MODES]
   domination=-0.074  is_behind=False  is_ahead=False  is_dominating=False  is_finishing=False  attack_margin_mult=1.00
[PLANETS]
   pid own ships prod    x      y    type fall_t keep_n first_en
     0   -    30    3   93.1  81.8    S      -     0       -
     1  p0    10    3    6.9  81.8    S      -     0       -
     2  me    10    3   93.1  18.2    S      -     0       -
     3  me    30    3    6.9  18.2    S      -     0       -
     4  p0    54    2   91.4  96.5    S      -     0       -
     5   -    34    2    8.6  96.5    S      -     0       -
     6   -    34    2   91.4   3.5    S      -     0       -
     7  me    19    2    8.6   3.5    S      -     0       -
     8  p0    12    2   58.0  98.0    S      -     0       -
     9  me    21    2   42.0  98.0    S      -     7       5
    10  me    14    2   58.0   2.0    S      -     0       -
    11  me    14    2   42.0   2.0    S      -     0       -
    12  p0    16    2   18.7  46.7    O      -     0       -
    13   -    45    2   53.3  18.7    O      -     0       -
    14  p0   140    2   46.7  81.3    O      -     0       -
    15  p0    35    2   81.3  53.3    O      -     0       -
    16   -    29    2   82.9  87.2    S      -     0       -
    17  p0    29    2   17.1  87.2    S      -     0       -
    18  me     9    2   82.9  12.8    S      -     0       -
    19  me    24    2   17.1  12.8    S      -     0       -
    20  p0     5    2   16.2  33.9    O      -     0       -
    21  me    25    2   41.3  13.6    O      -     0       -
    22  p0    64    2   58.7  86.4    O      -     0       -
    23   -     6    2   83.8  66.1    O      -     0       -
    24  p0    87    4   15.4  57.9    O      -     0       -
    25  me    11    4   65.0  17.9    O      -     0       -
    26  p0     8    4   35.0  82.1    O      -     0       -
    27   -    15    4   84.6  42.1    O      -     0       -
[POLICY]  attack_budget per source
   src=  2  budget=2
   src=  3  budget=5
   src=  7  budget=19
   src=  9  budget=0
   src= 10  budget=14
   src= 11  budget=14
   src= 18  budget=1
   src= 19  budget=0
   src= 21  budget=25
   src= 25  budget=3
[MISSIONS]  N=6  (sorted by score desc)
   #0  single         score=   +82.76  src=[21]→tgt= 20  turns=  9  need=  15  cap=  15
   #1  swarm          score=   +79.44  src=[10,11]→tgt= 20  turns= 10  need=  34  cap=  28
   #2  single         score=   +67.70  src=[7]→tgt= 20  turns= 10  need=  17  cap=  19
   #3  single         score=   +36.08  src=[21]→tgt= 27  turns= 25  need=  16  cap=  25
   #4  single         score=   +32.23  src=[21]→tgt= 13  turns=  6  need=  18  cap=  24
   #5  single         score=   +24.27  src=[7]→tgt= 13  turns= 30  need=  18  cap=  19
[MOVES]  N=2
   src= 21  angle=+148.67°  ships=  15   tgt=20 (own=p0, ships=5, eta=9)
   src=  7  angle= +23.39°  ships=  19   tgt=13 (own=-, ships=45, eta=30)

===== TURN 85  player=1  ts=2026-05-01 11:10:15  planets=28  fleets=26  =====
[GLOBAL]
   my_total=456  enemy_total=547  my_prod=24  enemy_prod=27
   my_planets=10  enemy_planets=11  neutral=7  4p=False
   step=85  remaining=415  is_early=False  is_opening=False  is_late=False  is_very_late=False  is_total_war=False
[MODES]
   domination=-0.091  is_behind=False  is_ahead=False  is_dominating=False  is_finishing=False  attack_margin_mult=1.00
[PLANETS]
   pid own ships prod    x      y    type fall_t keep_n first_en
     0   -    30    3   93.1  81.8    S      -     0       -
     1  p0    13    3    6.9  81.8    S      -     0       -
     2  me    13    3   93.1  18.2    S      -     0       -
     3  me    33    3    6.9  18.2    S      -     0       -
     4  p0    56    2   91.4  96.5    S      -     0       -
     5   -    34    2    8.6  96.5    S      -     0       -
     6   -    19    2   91.4   3.5    S      -     0       -
     7  me     2    2    8.6   3.5    S      -     0       -
     8  p0    14    2   58.0  98.0    S      -     0       -
     9  me    23    2   42.0  98.0    S      -     9       4
    10  me    16    2   58.0   2.0    S      -     0       -
    11  me    16    2   42.0   2.0    S      -     0       -
    12  p0    18    2   18.8  45.8    O      -     0       -
    13   -    45    2   54.2  18.8    O      -     0       -
    14  p0   142    2   45.8  81.2    O      -     0       -
    15  p0    20    2   81.2  54.2    O      -     0       -
    16   -    29    2   82.9  87.2    S      -     0       -
    17  p0    31    2   17.1  87.2    S      -     0       -
    18  me    11    2   82.9  12.8    S      -     0       -
    19  me    26    2   17.1  12.8    S      -     0       -
    20  p0     7    2   16.7  32.9    O      -     0       -
    21  me    12    2   42.4  13.4    O      -     0       -
    22  p0    66    2   57.6  86.6    O      -     0       -
    23   -     6    2   83.3  67.1    O      -     0       -
    24  p0    81    4   15.2  56.9    O      -     0       -
    25  me    15    4   65.9  18.3    O      -     0       -
    26  p0    12    4   34.1  81.7    O      -     0       -
    27   -    15    4   84.8  43.1    O      -     0       -
[POLICY]  attack_budget per source
   src=  2  budget=13
   src=  3  budget=10
   src=  7  budget=2
   src=  9  budget=0
   src= 10  budget=16
   src= 11  budget=16
   src= 18  budget=11
   src= 19  budget=1
   src= 21  budget=12
   src= 25  budget=11
[MISSIONS]  N=8  (sorted by score desc)
   #0  swarm          score=  +104.93  src=[3,25]→tgt= 20  turns=  7  need=  24  cap=  21
   #1  swarm          score=   +79.91  src=[3,21]→tgt= 12  turns= 10  need=  34  cap=  22
   #2  single         score=   +46.64  src=[25]→tgt= 16  turns= 34  need=  10  cap=  11
   #3  swarm          score=   +44.02  src=[25,18]→tgt= 16  turns= 36  need=  24  cap=  22
   #4  swarm          score=   +41.05  src=[18,21]→tgt= 13  turns=  9  need=  36  cap=  23
   #5  swarm          score=   +41.05  src=[18,10]→tgt= 13  turns=  9  need=  36  cap=  27
   #6  swarm          score=   +41.05  src=[21,10]→tgt= 13  turns=  9  need=  36  cap=  28
   #7  swarm          score=   +38.03  src=[18,10]→tgt= 16  turns= 38  need=  32  cap=  27
[MOVES]  N=5
   src= 25  angle= +76.11°  ships=  11   tgt=27 (own=-, ships=15, eta=25)
   src= 10  angle= +75.19°  ships=   7   tgt=13 (own=-, ships=45, eta=10)
   src= 18  angle=+156.62°  ships=  11   tgt=13 (own=-, ships=45, eta=10)
   src= 21  angle= +21.51°  ships=   7   tgt=13 (own=-, ships=45, eta=12)
   src= 10  angle= +77.34°  ships=   9   tgt=13 (own=-, ships=45, eta=9)

===== TURN 86  player=1  ts=2026-05-01 11:10:15  planets=28  fleets=30  =====
[GLOBAL]
   my_total=452  enemy_total=574  my_prod=24  enemy_prod=27
   my_planets=10  enemy_planets=11  neutral=7  4p=False
   step=86  remaining=414  is_early=False  is_opening=False  is_late=False  is_very_late=False  is_total_war=False
[MODES]
   domination=-0.119  is_behind=False  is_ahead=False  is_dominating=False  is_finishing=False  attack_margin_mult=1.00
[PLANETS]
   pid own ships prod    x      y    type fall_t keep_n first_en
     0   -    30    3   93.1  81.8    S      -     0       -
     1  p0    16    3    6.9  81.8    S      -     0       -
     2  me    16    3   93.1  18.2    S      -     0       -
     3  me    36    3    6.9  18.2    S      -     0       -
     4  p0    58    2   91.4  96.5    S      -     0       -
     5   -    34    2    8.6  96.5    S      -     0       -
     6   -    19    2   91.4   3.5    S      -     0       -
     7  me     4    2    8.6   3.5    S      -     0       -
     8  p0    16    2   58.0  98.0    S      -     0       -
     9  me    25    2   42.0  98.0    S      -    11       3
    10  me     2    2   58.0   2.0    S      -     0       -
    11  me    18    2   42.0   2.0    S      -     0       -
    12  p0    20    2   18.9  44.8    O      -     0       -
    13   -    17    2   55.2  18.9    O      -     0       -
    14  p0   144    2   44.8  81.1    O      -     0       -
    15  p0    22    2   81.1  55.2    O      -     0       -
    16   -    29    2   82.9  87.2    S      -     0       -
    17  p0    33    2   17.1  87.2    S      -     0       -
    18  me     2    2   82.9  12.8    S      -     0       -
    19  me    28    2   17.1  12.8    S      -     0       -
    20  p0     9    2   17.2  32.0    O      -     0       -
    21  me     7    2   43.5  13.2    O      -     0       -
    22  p0    68    2   56.5  86.8    O      -     0       -
    23   -     6    2   82.8  68.0    O      -     0       -
    24  p0    85    4   15.0  55.9    O      -     0       -
    25  me     8    4   66.8  18.8    O      -     0       -
    26  p0    16    4   33.2  81.2    O      -     0       -
    27   -    15    4   85.0  44.1    O      -     0       -
[POLICY]  attack_budget per source
   src=  2  budget=11
   src=  3  budget=9
   src=  7  budget=0
   src=  9  budget=0
   src= 10  budget=2
   src= 11  budget=18
   src= 18  budget=2
   src= 19  budget=1
   src= 21  budget=7
   src= 25  budget=3
[MISSIONS]  N=4  (sorted by score desc)
   #0  swarm          score=  +114.57  src=[21,3]→tgt= 12  turns= 10  need=  20  cap=  16
   #1  single         score=   +64.66  src=[11]→tgt= 12  turns= 14  need=  18  cap=  18
   #2  single         score=   +49.15  src=[2]→tgt= 13  turns= 12  need=  11  cap=  11
   #3  single         score=   +36.02  src=[11]→tgt= 13  turns= 13  need=  11  cap=  17
[MOVES]  N=2
   src= 11  angle=+120.77°  ships=  18   tgt=12 (own=p0, ships=20, eta=14)
   src=  2  angle=+170.86°  ships=  11   tgt=13 (own=-, ships=17, eta=12)

===== TURN 87  player=1  ts=2026-05-01 11:10:15  planets=28  fleets=29  =====
[GLOBAL]
   my_total=448  enemy_total=577  my_prod=26  enemy_prod=31
   my_planets=11  enemy_planets=12  neutral=5  4p=False
   step=87  remaining=413  is_early=False  is_opening=False  is_late=False  is_very_late=False  is_total_war=False
[MODES]
   domination=-0.126  is_behind=False  is_ahead=False  is_dominating=False  is_finishing=False  attack_margin_mult=1.00
[PLANETS]
   pid own ships prod    x      y    type fall_t keep_n first_en
     0   -    30    3   93.1  81.8    S      -     0       -
     1  p0    19    3    6.9  81.8    S      -     0       -
     2  me     8    3   93.1  18.2    S      -     0       -
     3  me    39    3    6.9  18.2    S      -     0       -
     4  p0    60    2   91.4  96.5    S      -     0       -
     5   -    34    2    8.6  96.5    S      -     0       -
     6  me     1    2   91.4   3.5    S      -     0       -
     7  me     6    2    8.6   3.5    S      -     0       -
     8  p0    18    2   58.0  98.0    S      -     0       -
     9  me    27    2   42.0  98.0    S      -    13       2
    10  me     4    2   58.0   2.0    S      -     0       -
    11  me     2    2   42.0   2.0    S      -     0       -
    12  p0    22    2   19.1  43.9    O      -     0       -
    13   -    17    2   56.1  19.1    O      -     0       -
    14  p0   146    2   43.9  80.9    O      -     0       -
    15  p0    24    2   80.9  56.1    O      -     0       -
    16   -    29    2   82.9  87.2    S      -     0       -
    17  p0    35    2   17.1  87.2    S      -     0       -
    18  me     4    2   82.9  12.8    S      -     0       -
    19  me    30    2   17.1  12.8    S      -     0       -
    20  p0     2    2   17.8  31.0    O      -     0       -
    21  me     9    2   44.6  13.0    O      -     0       -
    22  p0    70    2   55.4  87.0    O      -     0       -
    23   -     6    2   82.2  69.0    O      -     0       -
    24  p0    89    4   14.9  54.8    O      -     0       -
    25  me    12    4   67.8  19.3    O      -     0       -
    26  p0    20    4   32.2  80.7    O      -     0       -
    27  p0     2    4   85.1  45.2    O      -     0       -
[POLICY]  attack_budget per source
   src=  2  budget=8
   src=  3  budget=12
   src=  6  budget=1
   src=  7  budget=0
   src=  9  budget=0
   src= 10  budget=4
   src= 11  budget=2
   src= 18  budget=4
   src= 19  budget=3
   src= 21  budget=9
   src= 25  budget=7
[MISSIONS]  N=5  (sorted by score desc)
   #0  swarm          score=   +85.02  src=[25,3]→tgt= 20  turns=  7  need=  32  cap=  19
   #1  swarm          score=   +67.75  src=[21,3]→tgt= 12  turns= 10  need=  42  cap=  21
   #2  single         score=   +31.73  src=[3]→tgt= 13  turns= 35  need=  11  cap=  12
   #3  single         score=   +25.75  src=[3]→tgt= 23  turns= 37  need=   7  cap=  12
   #4  single         score=   +24.74  src=[2]→tgt= 23  turns= 46  need=   7  cap=   8
[MOVES]  N=2
   src=  3  angle= +16.29°  ships=  12   tgt=13 (own=-, ships=17, eta=35)
   src=  2  angle=+129.36°  ships=   8   tgt=23 (own=-, ships=6, eta=46)

===== TURN 88  player=1  ts=2026-05-01 11:10:16  planets=28  fleets=30  =====
[GLOBAL]
   my_total=474  enemy_total=587  my_prod=26  enemy_prod=31
   my_planets=11  enemy_planets=12  neutral=5  4p=False
   step=88  remaining=412  is_early=False  is_opening=False  is_late=False  is_very_late=False  is_total_war=False
[MODES]
   domination=-0.107  is_behind=False  is_ahead=False  is_dominating=False  is_finishing=False  attack_margin_mult=1.00
[PLANETS]
   pid own ships prod    x      y    type fall_t keep_n first_en
     0   -    30    3   93.1  81.8    S      -     0       -
     1  p0    22    3    6.9  81.8    S      -     0       -
     2  me     3    3   93.1  18.2    S      -     0       -
     3  me    30    3    6.9  18.2    S      -     0       -
     4  p0    62    2   91.4  96.5    S      -     0       -
     5   -    34    2    8.6  96.5    S      -     0       -
     6  me     3    2   91.4   3.5    S      -     0       -
     7  me     8    2    8.6   3.5    S      -     0       -
     8  p0    20    2   58.0  98.0    S      -     0       -
     9  me    29    2   42.0  98.0    S      -    15       1
    10  me     6    2   58.0   2.0    S      -     0       -
    11  me     4    2   42.0   2.0    S      -     0       -
    12  p0    24    2   19.3  43.0    O      -     0       -
    13   -    17    2   57.0  19.3    O      -     0       -
    14  p0   148    2   43.0  80.7    O      -     0       -
    15  p0    42    2   80.7  57.0    O      -     0       -
    16   -     8    2   82.9  87.2    S      -     0       -
    17  p0    37    2   17.1  87.2    S      -     0       -
    18  me     6    2   82.9  12.8    S      -     0       -
    19  me    32    2   17.1  12.8    S      -     0       -
    20  p0     4    2   18.4  30.1    O      -     0       -
    21  me    11    2   45.7  12.8    O      -     0       -
    22  p0    72    2   54.3  87.2    O      -     0       -
    23   -     6    2   81.6  69.9    O      -     0       -
    24  p0    87    4   14.7  53.8    O      -     0       -
    25  me    16    4   68.7  19.9    O      -     0       -
    26  p0    24    4   31.3  80.1    O      -     0       -
    27  p0     6    4   85.3  46.2    O      -     0       -
[POLICY]  attack_budget per source
   src=  2  budget=0
   src=  3  budget=3
   src=  6  budget=3
   src=  7  budget=0
   src=  9  budget=0
   src= 10  budget=6
   src= 11  budget=4
   src= 18  budget=0
   src= 19  budget=5
   src= 21  budget=10
   src= 25  budget=6
[MISSIONS]  N=0  (sorted by score desc)
   (none)
[MOVES]  N=0

===== TURN 89  player=1  ts=2026-05-01 11:10:16  planets=28  fleets=30  =====
[GLOBAL]
   my_total=483  enemy_total=601  my_prod=26  enemy_prod=31
   my_planets=11  enemy_planets=12  neutral=5  4p=False
   step=89  remaining=411  is_early=False  is_opening=False  is_late=False  is_very_late=False  is_total_war=False
[MODES]
   domination=-0.109  is_behind=False  is_ahead=False  is_dominating=False  is_finishing=False  attack_margin_mult=1.00
[PLANETS]
   pid own ships prod    x      y    type fall_t keep_n first_en
     0   -    30    3   93.1  81.8    S      -     0       -
     1  p0    25    3    6.9  81.8    S      -     0       -
     2  me     6    3   93.1  18.2    S      -     0       -
     3  me    33    3    6.9  18.2    S      -     0       -
     4  p0    64    2   91.4  96.5    S      -     0       -
     5   -    34    2    8.6  96.5    S      -     0       -
     6  me     5    2   91.4   3.5    S      -     0       -
     7  me    10    2    8.6   3.5    S      -     0       -
     8  p0    22    2   58.0  98.0    S      -     0       -
     9  me    14    2   42.0  98.0    S      -     0       -
    10  me     8    2   58.0   2.0    S      -     0       -
    11  me     6    2   42.0   2.0    S      -     0       -
    12  p0     4    2   19.5  42.1    O      -     0       4
    13   -    17    2   57.9  19.5    O      -     0       -
    14  p0   150    2   42.1  80.5    O      -     0       -
    15  p0    44    2   80.5  57.9    O      -     0       -
    16   -     8    2   82.9  87.2    S      -     0       -
    17  p0    39    2   17.1  87.2    S      -     0       -
    18  me     8    2   82.9  12.8    S      -     0       -
    19  me    34    2   17.1  12.8    S      -     0       -
    20  p0     6    2   19.0  29.1    O      -     0       -
    21  me    13    2   46.8  12.7    O      -     0       -
    22  p0    74    2   53.2  87.3    O      -     0       -
    23   -     6    2   81.0  70.9    O      -     0       -
    24  p0    91    4   14.6  52.7    O      -     0       -
    25  me    20    4   69.5  20.4    O      -     0       -
    26  p0    28    4   30.5  79.6    O      -     0       -
    27  p0    10    4   85.4  47.3    O      -     0       -
[POLICY]  attack_budget per source
   src=  2  budget=0
   src=  3  budget=10
   src=  6  budget=5
   src=  7  budget=0
   src=  9  budget=0
   src= 10  budget=8
   src= 11  budget=6
   src= 18  budget=0
   src= 19  budget=11
   src= 21  budget=11
   src= 25  budget=10
[MISSIONS]  N=5  (sorted by score desc)
   #0  single         score=  +112.04  src=[3]→tgt= 20  turns=  8  need=   8  cap=  10
   #1  swarm          score=  +100.30  src=[11,10]→tgt= 20  turns= 10  need=  24  cap=  14
   #2  swarm          score=   +79.28  src=[25,19]→tgt= 20  turns=  6  need=  36  cap=  21
   #3  single         score=   +62.38  src=[21]→tgt= 13  turns=  9  need=  11  cap=  11
   #4  single         score=   +34.66  src=[19]→tgt= 13  turns= 32  need=  11  cap=  11
[MOVES]  N=2
   src=  3  angle= +13.16°  ships=  10   tgt=20 (own=p0, ships=6, eta=8)
   src= 21  angle= +27.77°  ships=  11   tgt=13 (own=-, ships=17, eta=9)

===== TURN 90  player=1  ts=2026-05-01 11:10:16  planets=28  fleets=34  =====
[GLOBAL]
   my_total=503  enemy_total=626  my_prod=28  enemy_prod=29
   my_planets=12  enemy_planets=11  neutral=5  4p=False
   step=90  remaining=410  is_early=False  is_opening=False  is_late=False  is_very_late=False  is_total_war=False
[MODES]
   domination=-0.109  is_behind=False  is_ahead=False  is_dominating=False  is_finishing=False  attack_margin_mult=1.00
[PLANETS]
   pid own ships prod    x      y    type fall_t keep_n first_en
     0   -    30    3   93.1  81.8    S      -     0       -
     1  p0    28    3    6.9  81.8    S      -     0       -
     2  me     9    3   93.1  18.2    S      -     0       -
     3  me    26    3    6.9  18.2    S      -     0       -
     4  p0    66    2   91.4  96.5    S      -     0       -
     5   -    34    2    8.6  96.5    S      -     0       -
     6  me     7    2   91.4   3.5    S      -     0       -
     7  me    12    2    8.6   3.5    S      -     0       -
     8  p0    24    2   58.0  98.0    S      -     0       -
     9  me    16    2   42.0  98.0    S      -     0       -
    10  me    10    2   58.0   2.0    S      -     0       -
    11  me     8    2   42.0   2.0    S      -     0       -
    12  me    16    2   19.7  41.2    O      2    16       2
    13   -    17    2   58.8  19.7    O      -     0       -
    14  p0   152    2   41.2  80.3    O      -     0       -
    15  p0    27    2   80.3  58.8    O      -     0       -
    16   -     8    2   82.9  87.2    S      -     0       -
    17  p0    41    2   17.1  87.2    S      -     0       -
    18  me    10    2   82.9  12.8    S      -     0       -
    19  me    36    2   17.1  12.8    S      -     0       -
    20  p0     8    2   19.6  28.2    O      -     0       -
    21  me     4    2   47.9  12.7    O      -     0       -
    22  p0     2    2   52.1  87.3    O      -     0       -
    23   -     6    2   80.4  71.8    O      -     0       -
    24  p0    33    4   14.6  51.7    O      -     0       -
    25  me    24    4   70.4  21.0    O      -     0      14
    26  p0    32    4   29.6  79.0    O      -     0       -
    27  p0    14    4   85.4  48.3    O      -     0       -
[POLICY]  attack_budget per source
   src=  2  budget=6
   src=  3  budget=19
   src=  6  budget=7
   src=  7  budget=11
   src=  9  budget=0
   src= 10  budget=10
   src= 11  budget=8
   src= 12  budget=0
   src= 18  budget=10
   src= 19  budget=29
   src= 21  budget=1
   src= 25  budget=18
[MISSIONS]  N=8  (sorted by score desc)
   #0  swarm          score=   +89.59  src=[11,10]→tgt= 20  turns= 10  need=  28  cap=  18
   #1  single         score=   +85.75  src=[3]→tgt= 20  turns=  7  need=   8  cap=  15
   #2  swarm          score=   +79.44  src=[11,18]→tgt= 20  turns= 11  need=  30  cap=  18
   #3  swarm          score=   +79.44  src=[10,18]→tgt= 20  turns= 11  need=  30  cap=  20
   #4  single         score=   +62.39  src=[19]→tgt= 20  turns=  4  need=  17  cap=  24
   #5  single         score=   +50.72  src=[25]→tgt= 13  turns=  3  need=  18  cap=  18
   #6  single         score=   +41.83  src=[25]→tgt= 16  turns= 27  need=   6  cap=  18
   #7  swarm          score=   +27.70  src=[3,19]→tgt=  5  turns= 32  need=  70  cap=  48
[MOVES]  N=4
   src=  3  angle= +13.16°  ships=  15   tgt=20 (own=p0, ships=8, eta=7)
   src= 19  angle= +66.00°  ships=  24   tgt=20 (own=p0, ships=8, eta=4)
   src= 25  angle=-177.64°  ships=  18   tgt=13 (own=-, ships=17, eta=3)
   src= 12  angle= +68.65°  ships=  16   tgt=9 (own=me, ships=16, eta=26)

===== TURN 91  player=1  ts=2026-05-01 11:10:16  planets=28  fleets=41  =====
[GLOBAL]
   my_total=531  enemy_total=655  my_prod=28  enemy_prod=29
   my_planets=12  enemy_planets=11  neutral=5  4p=False
   step=91  remaining=409  is_early=False  is_opening=False  is_late=False  is_very_late=False  is_total_war=False
[MODES]
   domination=-0.105  is_behind=False  is_ahead=False  is_dominating=False  is_finishing=False  attack_margin_mult=1.00
[PLANETS]
   pid own ships prod    x      y    type fall_t keep_n first_en
     0   -    30    3   93.1  81.8    S      -     0       -
     1  p0    31    3    6.9  81.8    S      -     0       -
     2  me    12    3   93.1  18.2    S      -     0       -
     3  me    14    3    6.9  18.2    S      -     0       -
     4  p0    68    2   91.4  96.5    S      -     0       -
     5   -    34    2    8.6  96.5    S      -     0       -
     6  me     9    2   91.4   3.5    S      -     0       -
     7  me    14    2    8.6   3.5    S      -     0       -
     8  p0     2    2   58.0  98.0    S      -     0       -
     9  me    18    2   42.0  98.0    S      -    16       4
    10  me    12    2   58.0   2.0    S      -     0       -
    11  me    10    2   42.0   2.0    S      -     0       -
    12  me     2    2   20.0  40.3    O      1     2       1
    13   -    17    2   59.7  20.0    O      -     0       -
    14  p0   139    2   40.3  80.0    O      -     0       -
    15  p0    29    2   80.0  59.7    O      -     0       -
    16   -     8    2   82.9  87.2    S      -     0       -
    17  p0    43    2   17.1  87.2    S      -     0       -
    18  me    12    2   82.9  12.8    S      -     0       -
    19  me    14    2   17.1  12.8    S      -     0       -
    20  p0    10    2   20.3  27.3    O      -     0       -
    21  me     6    2   49.0  12.6    O      -     0       -
    22  p0     4    2   51.0  87.4    O      -     0       -
    23   -     6    2   79.7  72.7    O      -     0       -
    24  p0    37    4   14.5  50.6    O      -     0       -
    25  me    10    4   71.3  21.6    O      -     0       -
    26  p0    36    4   28.7  78.4    O      -     0       -
    27  p0    18    4   85.5  49.4    O      -     0       -
[POLICY]  attack_budget per source
   src=  2  budget=8
   src=  3  budget=3
   src=  6  budget=9
   src=  7  budget=12
   src=  9  budget=0
   src= 10  budget=12
   src= 11  budget=10
   src= 12  budget=0
   src= 18  budget=8
   src= 19  budget=6
   src= 21  budget=2
   src= 25  budget=4
[MISSIONS]  N=3  (sorted by score desc)
   #0  swarm          score=   +81.24  src=[11,10]→tgt= 20  turns= 10  need=  32  cap=  22
   #1  swarm          score=   +72.77  src=[18,11]→tgt= 20  turns= 11  need=  34  cap=  18
   #2  swarm          score=   +72.77  src=[18,10]→tgt= 20  turns= 11  need=  34  cap=  20
[MOVES]  N=0

===== TURN 92  player=1  ts=2026-05-01 11:10:16  planets=28  fleets=38  =====
[GLOBAL]
   my_total=540  enemy_total=665  my_prod=28  enemy_prod=29
   my_planets=12  enemy_planets=11  neutral=5  4p=False
   step=92  remaining=408  is_early=False  is_opening=False  is_late=False  is_very_late=False  is_total_war=False
[MODES]
   domination=-0.104  is_behind=False  is_ahead=False  is_dominating=False  is_finishing=False  attack_margin_mult=1.00
[PLANETS]
   pid own ships prod    x      y    type fall_t keep_n first_en
     0   -    30    3   93.1  81.8    S      -     0       -
     1  p0    34    3    6.9  81.8    S      -     0       -
     2  me    15    3   93.1  18.2    S      -     0       -
     3  me    17    3    6.9  18.2    S      -     0       -
     4  p0    70    2   91.4  96.5    S      -     0       -
     5   -    34    2    8.6  96.5    S      -     0       -
     6  me    11    2   91.4   3.5    S      -     0       -
     7  me    16    2    8.6   3.5    S      -     0       -
     8  p0     4    2   58.0  98.0    S      -     0       -
     9  me    20    2   42.0  98.0    S      -    18       3
    10  me    14    2   58.0   2.0    S      -     0       -
    11  me    12    2   42.0   2.0    S      -     0       -
    12  p0    49    2   20.3  39.4    O      -     0       -
    13   -    17    2   60.6  20.3    O      -     0       -
    14  p0   141    2   39.4  79.7    O      -     0       -
    15  p0    31    2   79.7  60.6    O      -     0       -
    16   -     8    2   82.9  87.2    S      -     0       -
    17  p0    45    2   17.1  87.2    S      -     0       -
    18  me    14    2   82.9  12.8    S      -     0       -
    19  me    16    2   17.1  12.8    S      -     0       -
    20  p0    12    2   20.9  26.4    O      -     0       -
    21  me     8    2   50.1  12.6    O      -     0       -
    22  me     6    2   49.9  87.4    O      -     0       3
    23   -     6    2   79.1  73.6    O      -     0       -
    24  p0    41    4   14.5  49.6    O      -     0       -
    25  me    14    4   72.1  22.3    O      -     0       -
    26  p0    40    4   27.9  77.7    O      -     0       -
    27  p0    22    4   85.5  50.4    O      -     0       -
[POLICY]  attack_budget per source
   src=  2  budget=10
   src=  3  budget=0
   src=  6  budget=11
   src=  7  budget=2
   src=  9  budget=0
   src= 10  budget=14
   src= 11  budget=0
   src= 18  budget=9
   src= 19  budget=0
   src= 21  budget=3
   src= 22  budget=0
   src= 25  budget=7
[MISSIONS]  N=0  (sorted by score desc)
   (none)
[MOVES]  N=0

===== TURN 93  player=1  ts=2026-05-01 11:10:16  planets=28  fleets=37  =====
[GLOBAL]
   my_total=537  enemy_total=674  my_prod=32  enemy_prod=29
   my_planets=14  enemy_planets=11  neutral=3  4p=False
   step=93  remaining=407  is_early=False  is_opening=False  is_late=False  is_very_late=False  is_total_war=False
[MODES]
   domination=-0.113  is_behind=False  is_ahead=False  is_dominating=False  is_finishing=False  attack_margin_mult=1.00
[PLANETS]
   pid own ships prod    x      y    type fall_t keep_n first_en
     0   -    30    3   93.1  81.8    S      -     0       -
     1  p0    37    3    6.9  81.8    S      -     0       -
     2  me    18    3   93.1  18.2    S      -     0       -
     3  me    20    3    6.9  18.2    S      -     0       -
     4  p0    72    2   91.4  96.5    S      -     0       -
     5   -    34    2    8.6  96.5    S      -     0       -
     6  me    13    2   91.4   3.5    S      -     0       -
     7  me    18    2    8.6   3.5    S      -     0       -
     8  p0     6    2   58.0  98.0    S      -     0       -
     9  me    22    2   42.0  98.0    S      -    20       2
    10  me    16    2   58.0   2.0    S      -     0       -
    11  me    14    2   42.0   2.0    S      -     0       -
    12  p0    51    2   20.6  38.5    O      -     0       -
    13  me     1    2   61.5  20.6    O      -     0       -
    14  p0     2    2   38.5  79.4    O      -     0       -
    15  p0    14    2   79.4  61.5    O      -     0       -
    16   -     8    2   82.9  87.2    S      -     0       -
    17  p0    47    2   17.1  87.2    S      -     0       -
    18  me    16    2   82.9  12.8    S      -     0       -
    19  me    18    2   17.1  12.8    S      -     0       -
    20  me     1    2   21.6  25.6    O      1     1       1
    21  me    10    2   51.2  12.6    O      -     0       -
    22  me     8    2   48.8  87.4    O      1     8       1
    23  p0     1    2   78.4  74.4    O      -     0       -
    24  p0    45    4   14.6  48.5    O      -     0       -
    25  me    18    4   72.9  22.9    O      -     0      14
    26  p0    44    4   27.1  77.1    O      -     0       -
    27  p0    26    4   85.4  51.5    O      -     0       -
[POLICY]  attack_budget per source
   src=  2  budget=12
   src=  3  budget=0
   src=  6  budget=13
   src=  7  budget=0
   src=  9  budget=0
   src= 10  budget=16
   src= 11  budget=2
   src= 13  budget=0
   src= 18  budget=10
   src= 19  budget=0
   src= 20  budget=0
   src= 21  budget=4
   src= 22  budget=0
   src= 25  budget=12
[MISSIONS]  N=0  (sorted by score desc)
   (none)
[MOVES]  N=0

===== TURN 94  player=1  ts=2026-05-01 11:10:16  planets=28  fleets=35  =====
[GLOBAL]
   my_total=537  enemy_total=671  my_prod=30  enemy_prod=31
   my_planets=13  enemy_planets=12  neutral=3  4p=False
   step=94  remaining=406  is_early=False  is_opening=False  is_late=False  is_very_late=False  is_total_war=False
[MODES]
   domination=-0.111  is_behind=False  is_ahead=False  is_dominating=False  is_finishing=False  attack_margin_mult=1.00
[PLANETS]
   pid own ships prod    x      y    type fall_t keep_n first_en
     0   -    30    3   93.1  81.8    S      -     0       -
     1  p0    40    3    6.9  81.8    S      -     0       -
     2  me    21    3   93.1  18.2    S      -     0       -
     3  me    23    3    6.9  18.2    S      -     0       -
     4  p0     2    2   91.4  96.5    S      -     0       -
     5   -    34    2    8.6  96.5    S      -     0       -
     6  me    15    2   91.4   3.5    S      -     0       -
     7  me    20    2    8.6   3.5    S      -     0       -
     8  p0     8    2   58.0  98.0    S      -     0       -
     9  me    24    2   42.0  98.0    S      -    22       1
    10  me    18    2   58.0   2.0    S      -     0       -
    11  me    16    2   42.0   2.0    S      -     0       -
    12  p0    53    2   21.0  37.7    O      -     0       -
    13  me    12    2   62.3  21.0    O      -     0       -
    14  p0     4    2   37.7  79.0    O      -     0       -
    15  p0     3    2   79.0  62.3    O      -     0       -
    16   -     8    2   82.9  87.2    S      -     0       -
    17  p0    49    2   17.1  87.2    S      -     0       -
    18  me    18    2   82.9  12.8    S      -     0      21
    19  me    20    2   17.1  12.8    S      -     0       -
    20  me     5    2   22.4  24.8    O      -     0       -
    21  me    12    2   52.4  12.7    O      -     0       -
    22  p0     1    2   47.6  87.3    O      -     0       -
    23  p0     3    2   77.6  75.2    O      -     0       -
    24  p0    49    4   14.6  47.5    O      -     0       -
    25  me    22    4   73.7  23.6    O      -     0       -
    26  p0    48    4   26.3  76.4    O      -     0       -
    27  p0    30    4   85.4  52.5    O      -     0       -
[POLICY]  attack_budget per source
   src=  2  budget=14
   src=  3  budget=0
   src=  6  budget=15
   src=  7  budget=0
   src=  9  budget=0
   src= 10  budget=18
   src= 11  budget=4
   src= 13  budget=5
   src= 18  budget=11
   src= 19  budget=0
   src= 20  budget=0
   src= 21  budget=5
   src= 25  budget=15
[MISSIONS]  N=1  (sorted by score desc)
   #0  swarm          score=   +41.41  src=[6,10]→tgt=  0  turns= 36  need=  62  cap=  33
[MOVES]  N=2
   src=  6  angle= +88.74°  ships=  13   tgt=2 (own=me, ships=21, eta=6)
   src= 10  angle= +66.26°  ships=  18   tgt=0 (own=-, ships=30, eta=36)

===== TURN 95  player=1  ts=2026-05-01 11:10:16  planets=28  fleets=32  =====
[GLOBAL]
   my_total=519  enemy_total=654  my_prod=30  enemy_prod=31
   my_planets=13  enemy_planets=12  neutral=3  4p=False
   step=95  remaining=405  is_early=False  is_opening=False  is_late=False  is_very_late=False  is_total_war=False
[MODES]
   domination=-0.115  is_behind=False  is_ahead=False  is_dominating=False  is_finishing=False  attack_margin_mult=1.00
[PLANETS]
   pid own ships prod    x      y    type fall_t keep_n first_en
     0   -    30    3   93.1  81.8    S      -     0       -
     1  p0    43    3    6.9  81.8    S      -     0       -
     2  me    24    3   93.1  18.2    S      -     0       -
     3  me    26    3    6.9  18.2    S      -     0       -
     4  p0     4    2   91.4  96.5    S      -     0       -
     5   -    34    2    8.6  96.5    S      -     0       -
     6  me     4    2   91.4   3.5    S      -     0       -
     7  me    22    2    8.6   3.5    S      -     0       -
     8  p0    10    2   58.0  98.0    S      -     0       -
     9  me     2    2   42.0  98.0    S      -     0       5
    10  me     2    2   58.0   2.0    S      -     0       -
    11  me    18    2   42.0   2.0    S      -     0       -
    12  p0    55    2   21.4  36.8    O      -     0       -
    13  me    32    2   63.2  21.4    O      -     0       -
    14  p0     6    2   36.8  78.6    O      -     0       -
    15  p0     5    2   78.6  63.2    O      -     0       -
    16   -     8    2   82.9  87.2    S      -     0       -
    17  p0    51    2   17.1  87.2    S      -     0       -
    18  me    20    2   82.9  12.8    S      -     0      20
    19  me    22    2   17.1  12.8    S      -     0       -
    20  me     7    2   23.1  24.0    O      -     0       -
    21  me    14    2   53.5  12.8    O      -     0       -
    22  p0     3    2   46.5  87.2    O      -     0       -
    23  p0     5    2   76.9  76.0    O      -     0       -
    24  p0    53    4   14.7  46.4    O      -     0       -
    25  me    37    4   74.5  24.3    O      -     0       -
    26  p0    52    4   25.5  75.7    O      -     0       -
    27  p0    10    4   85.3  53.6    O      -     0       -
[POLICY]  attack_budget per source
   src=  2  budget=24
   src=  3  budget=1
   src=  6  budget=4
   src=  7  budget=0
   src=  9  budget=0
   src= 10  budget=2
   src= 11  budget=5
   src= 13  budget=30
   src= 18  budget=20
   src= 19  budget=0
   src= 20  budget=0
   src= 21  budget=12
   src= 25  budget=34
[MISSIONS]  N=6  (sorted by score desc)
   #0  swarm          score=   +48.45  src=[2,13]→tgt=  0  turns= 24  need=  62  cap=  54
   #1  single         score=   +44.34  src=[25]→tgt=  0  turns= 20  need=  31  cap=  34
   #2  single         score=   +35.01  src=[25]→tgt= 23  turns= 22  need=  33  cap=  34
   #3  swarm          score=   +32.34  src=[2,13]→tgt= 16  turns= 26  need=  58  cap=  54
   #4  single         score=   +31.51  src=[13]→tgt= 16  turns= 24  need=  27  cap=  30
   #5  single         score=   +30.02  src=[25]→tgt= 16  turns= 21  need=  21  cap=  34
[MOVES]  N=4
   src= 25  angle= +71.99°  ships=  34   tgt=0 (own=-, ships=30, eta=20)
   src= 13  angle= +73.29°  ships=  30   tgt=27 (own=p0, ships=10, eta=18)
   src= 18  angle=+102.18°  ships=  12   tgt=25 (own=me, ships=37, eta=7)
   src=  2  angle=-173.87°  ships=  14   tgt=21 (own=me, ships=14, eta=12)

===== TURN 96  player=1  ts=2026-05-01 11:10:17  planets=28  fleets=34  =====
[GLOBAL]
   my_total=549  enemy_total=685  my_prod=30  enemy_prod=31
   my_planets=13  enemy_planets=12  neutral=3  4p=False
   step=96  remaining=404  is_early=False  is_opening=False  is_late=False  is_very_late=False  is_total_war=False
[MODES]
   domination=-0.110  is_behind=False  is_ahead=False  is_dominating=False  is_finishing=False  attack_margin_mult=1.00
[PLANETS]
   pid own ships prod    x      y    type fall_t keep_n first_en
     0   -    30    3   93.1  81.8    S      -     0       -
     1  p0    46    3    6.9  81.8    S      -     0       -
     2  me    13    3   93.1  18.2    S      -     0       -
     3  me    29    3    6.9  18.2    S      -     0       -
     4  p0     6    2   91.4  96.5    S      -     0       -
     5   -    34    2    8.6  96.5    S      -     0       -
     6  me     6    2   91.4   3.5    S      -     0       -
     7  me    24    2    8.6   3.5    S      -     0       -
     8  p0    12    2   58.0  98.0    S      -     0       -
     9  me     4    2   42.0  98.0    S      -     0       4
    10  me     4    2   58.0   2.0    S      -     0       -
    11  me    20    2   42.0   2.0    S      -     0       -
    12  p0    57    2   21.8  36.0    O      -     0       -
    13  me    11    2   64.0  21.8    O      -     0       -
    14  p0     8    2   36.0  78.2    O      -     0       -
    15  p0     7    2   78.2  64.0    O      -     0       -
    16   -     8    2   82.9  87.2    S      -     0       -
    17  p0    53    2   17.1  87.2    S      -     0       -
    18  me    19    2   82.9  12.8    S      -     0      19
    19  me    24    2   17.1  12.8    S      -     0       -
    20  me     9    2   23.9  23.2    O      -     0       -
    21  me    16    2   54.6  12.9    O      -     0       -
    22  p0     5    2   45.4  87.1    O      -     0       -
    23  p0     7    2   76.1  76.8    O      -     0       -
    24  p0    57    4   14.8  45.4    O      -     0       -
    25  me     7    4   75.2  25.1    O      -     0       -
    26  p0    56    4   24.8  74.9    O      -     0       -
    27  p0    14    4   85.2  54.6    O      -     0       -
[POLICY]  attack_budget per source
   src=  2  budget=13
   src=  3  budget=2
   src=  6  budget=6
   src=  7  budget=0
   src=  9  budget=0
   src= 10  budget=4
   src= 11  budget=7
   src= 13  budget=8
   src= 18  budget=19
   src= 19  budget=0
   src= 20  budget=0
   src= 21  budget=13
   src= 25  budget=2
[MISSIONS]  N=2  (sorted by score desc)
   #0  single         score=   +59.61  src=[21]→tgt=  0  turns= 36  need=  13  cap=  13
   #1  swarm          score=   +45.74  src=[2,18]→tgt=  0  turns= 28  need=  62  cap=  32
[MOVES]  N=3
   src= 21  angle= +60.75°  ships=  13   tgt=0 (own=-, ships=30, eta=36)
   src= 18  angle= +81.57°  ships=  18   tgt=0 (own=-, ships=30, eta=28)
   src=  2  angle= +90.00°  ships=  13   tgt=0 (own=-, ships=30, eta=28)

===== TURN 97  player=1  ts=2026-05-01 11:10:17  planets=28  fleets=38  =====
[GLOBAL]
   my_total=579  enemy_total=716  my_prod=30  enemy_prod=31
   my_planets=13  enemy_planets=12  neutral=3  4p=False
   step=97  remaining=403  is_early=False  is_opening=False  is_late=False  is_very_late=False  is_total_war=False
[MODES]
   domination=-0.106  is_behind=False  is_ahead=False  is_dominating=False  is_finishing=False  attack_margin_mult=1.00
[PLANETS]
   pid own ships prod    x      y    type fall_t keep_n first_en
     0   -    30    3   93.1  81.8    S      -     0       -
     1  p0    49    3    6.9  81.8    S      -     0       -
     2  me     3    3   93.1  18.2    S      -     0       -
     3  me    32    3    6.9  18.2    S      7    32       7
     4  p0     8    2   91.4  96.5    S      -     0       -
     5   -    34    2    8.6  96.5    S      -     0       -
     6  me     8    2   91.4   3.5    S      -     0       -
     7  me    26    2    8.6   3.5    S      -     0       -
     8  p0     2    2   58.0  98.0    S      -     0       -
     9  me     6    2   42.0  98.0    S      -     4       3
    10  me     6    2   58.0   2.0    S      -     0       -
    11  me    22    2   42.0   2.0    S      -     0       -
    12  p0    20    2   22.2  35.2    O      -     0       -
    13  me    24    2   64.8  22.2    O      -     0       -
    14  p0    10    2   35.2  77.8    O      -     0       -
    15  p0     9    2   77.8  64.8    O      -     0       -
    16   -     8    2   82.9  87.2    S      -     0       -
    17  p0    20    2   17.1  87.2    S      -     0       -
    18  me     3    2   82.9  12.8    S      -     0      18
    19  me    26    2   17.1  12.8    S      -     0       -
    20  me    36    2   24.7  22.4    O      -     0       -
    21  me     5    2   55.7  13.0    O      -     0       -
    22  p0     7    2   44.3  87.0    O      -     0       -
    23  p0     9    2   75.3  77.6    O      -     0       -
    24  p0     7    4   15.0  44.3    O      -     0       -
    25  me    11    4   76.0  25.8    O      -     0       -
    26  p0    50    4   24.0  74.2    O      -     0       -
    27  p0    18    4   85.0  55.7    O      -     0       -
[POLICY]  attack_budget per source
   src=  2  budget=3
   src=  3  budget=0
   src=  6  budget=8
   src=  7  budget=22
   src=  9  budget=0
   src= 10  budget=6
   src= 11  budget=22
   src= 13  budget=20
   src= 18  budget=3
   src= 19  budget=22
   src= 20  budget=32
   src= 21  budget=1
   src= 25  budget=5
[MISSIONS]  N=11  (sorted by score desc)
   #0  reinforce      score=  +256.97  src=[19]→tgt=  3  turns=  7  need=   1  cap=   3
   #1  single         score=  +197.42  src=[20]→tgt= 24  turns=  5  need=  28  cap=  32
   #2  rescue         score=  +150.70  src=[19]→tgt=  3  turns=  7  need=   1  cap=   5
   #3  single         score=  +136.55  src=[19]→tgt= 12  turns=  7  need=  17  cap=  22
   #4  single         score=  +105.94  src=[20]→tgt= 12  turns=  3  need=  27  cap=  32
   #5  single         score=   +87.36  src=[20]→tgt= 14  turns= 16  need=  27  cap=  32
   #6  reinforce      score=   +72.07  src=[7]→tgt=  3  turns=  7  need=   1  cap=  19
   #7  reinforce      score=   +52.08  src=[20]→tgt=  3  turns=  7  need=   1  cap=  27
   #8  rescue         score=   +48.22  src=[7]→tgt=  3  turns=  7  need=   1  cap=  22
   #9  single         score=   +38.77  src=[13]→tgt= 16  turns= 27  need=  20  cap=  20
   #10 rescue         score=   +34.06  src=[20]→tgt=  3  turns=  7  need=   1  cap=  32
[MOVES]  N=6
   src= 19  angle=+152.12°  ships=   3   tgt=3 (own=me, ships=32, eta=6)
   src= 20  angle=+117.35°  ships=  32   tgt=24 (own=p0, ships=7, eta=6)
   src= 19  angle= +62.53°  ships=  19   tgt=12 (own=p0, ships=20, eta=7)
   src=  7  angle= +96.65°  ships=  19   tgt=3 (own=me, ships=32, eta=5)
   src= 13  angle= +74.45°  ships=  20   tgt=16 (own=-, ships=8, eta=27)
   src= 11  angle=+123.29°  ships=  13   tgt=20 (own=me, ships=36, eta=8)

===== TURN 98  player=1  ts=2026-05-01 11:10:17  planets=28  fleets=46  =====
[GLOBAL]
   my_total=601  enemy_total=739  my_prod=30  enemy_prod=31
   my_planets=13  enemy_planets=12  neutral=3  4p=False
   step=98  remaining=402  is_early=False  is_opening=False  is_late=False  is_very_late=False  is_total_war=False
[MODES]
   domination=-0.103  is_behind=False  is_ahead=False  is_dominating=False  is_finishing=False  attack_margin_mult=1.00
[PLANETS]
   pid own ships prod    x      y    type fall_t keep_n first_en
     0   -    30    3   93.1  81.8    S      -     0       -
     1  p0    41    3    6.9  81.8    S      -     0       -
     2  me     6    3   93.1  18.2    S      -     0       -
     3  me    35    3    6.9  18.2    S      -    14       6
     4  p0    10    2   91.4  96.5    S      -     0       -
     5   -    34    2    8.6  96.5    S      -     0       -
     6  me    10    2   91.4   3.5    S      -     0       -
     7  me     9    2    8.6   3.5    S      -     0       -
     8  p0     4    2   58.0  98.0    S      -     0       -
     9  me     8    2   42.0  98.0    S      5     8       2
    10  me     8    2   58.0   2.0    S      -     0       -
    11  me    11    2   42.0   2.0    S      -     0       -
    12  p0    22    2   22.7  34.3    O      -     0       -
    13  me     6    2   65.7  22.7    O      -     0       -
    14  p0    12    2   34.3  77.3    O      -     0       -
    15  p0    85    2   77.3  65.7    O      -     0       -
    16   -     8    2   82.9  87.2    S      -     0       -
    17  p0    14    2   17.1  87.2    S      3     0       3
    18  me     5    2   82.9  12.8    S      -     0      17
    19  me     6    2   17.1  12.8    S      -     0       -
    20  me     6    2   25.6  21.7    O      3     6       3
    21  me     7    2   56.8  13.2    O      -     0       -
    22  p0     2    2   43.2  86.8    O      -     0       -
    23  p0    11    2   74.4  78.3    O      -     0       -
    24  p0    11    4   15.2  43.3    O      -     0       -
    25  me    15    4   76.7  26.6    O      -     0       -
    26  p0     4    4   23.3  73.4    O      -     0       -
    27  p0    22    4   84.8  56.7    O      -     0       -
[POLICY]  attack_budget per source
   src=  2  budget=0
   src=  3  budget=21
   src=  6  budget=10
   src=  7  budget=4
   src=  9  budget=0
   src= 10  budget=8
   src= 11  budget=6
   src= 13  budget=0
   src= 18  budget=0
   src= 19  budget=1
   src= 20  budget=0
   src= 21  budget=0
   src= 25  budget=0
[MISSIONS]  N=2  (sorted by score desc)
   #0  single         score=  +323.50  src=[3]→tgt= 24  turns=  7  need=   8  cap=  17
   #1  single         score=  +138.46  src=[3]→tgt= 12  turns=  8  need=  21  cap=  21
[MOVES]  N=1
   src=  3  angle= +57.54°  ships=  17   tgt=24 (own=p0, ships=11, eta=8)

===== TURN 99  player=1  ts=2026-05-01 11:10:17  planets=28  fleets=49  =====
[GLOBAL]
   my_total=621  enemy_total=752  my_prod=30  enemy_prod=33
   my_planets=13  enemy_planets=13  neutral=2  4p=False
   step=99  remaining=401  is_early=False  is_opening=False  is_late=False  is_very_late=False  is_total_war=False
[MODES]
   domination=-0.095  is_behind=False  is_ahead=False  is_dominating=False  is_finishing=False  attack_margin_mult=1.00
[PLANETS]
   pid own ships prod    x      y    type fall_t keep_n first_en
     0   -    30    3   93.1  81.8    S      -     0       -
     1  p0     4    3    6.9  81.8    S      -     0       -
     2  me     9    3   93.1  18.2    S      -     0       -
     3  me    21    3    6.9  18.2    S      -    17       5
     4  p0     2    2   91.4  96.5    S      -     0       -
     5   -    34    2    8.6  96.5    S      -     0       -
     6  me    12    2   91.4   3.5    S      -     0       -
     7  me    11    2    8.6   3.5    S      -     0       -
     8  p0     6    2   58.0  98.0    S      -     0       -
     9  me    10    2   42.0  98.0    S      4    10       1
    10  me    10    2   58.0   2.0    S      -     0       -
    11  me    13    2   42.0   2.0    S      -     0       -
    12  p0    24    2   23.1  33.5    O      -     0       -
    13  me     8    2   66.5  23.1    O      -     0       -
    14  p0    14    2   33.5  76.9    O      -     0       -
    15  p0    55    2   76.9  66.5    O      -     0       -
    16  p0     1    2   82.9  87.2    S      -     0       -
    17  p0     6    2   17.1  87.2    S      2     0       2
    18  me     7    2   82.9  12.8    S      -     0      16
    19  me     8    2   17.1  12.8    S      -     0       -
    20  me     8    2   26.4  21.0    O      2     8       2
    21  me     9    2   57.8  13.4    O      -     0       -
    22  p0     4    2   42.2  86.6    O      -     0       -
    23  p0    13    2   73.6  79.0    O      -     0       -
    24  p0    15    4   15.4  42.3    O      -     0       -
    25  me    19    4   77.3  27.4    O      -     0       -
    26  p0     8    4   22.7  72.6    O      -     0       -
    27  p0    26    4   84.6  57.7    O      -     0       -
[POLICY]  attack_budget per source
   src=  2  budget=3
   src=  3  budget=4
   src=  6  budget=12
   src=  7  budget=6
   src=  9  budget=0
   src= 10  budget=10
   src= 11  budget=8
   src= 13  budget=0
   src= 18  budget=7
   src= 19  budget=3
   src= 20  budget=0
   src= 21  budget=0
   src= 25  budget=6
[MISSIONS]  N=0  (sorted by score desc)
   (none)
[MOVES]  N=2
   src=  9  angle=-106.28°  ships=  10   tgt=19 (own=me, ships=8, eta=44)
   src= 20  angle=-138.97°  ships=   8   tgt=19 (own=me, ships=8, eta=5)

===== TURN 100  player=1  ts=2026-05-01 11:10:17  planets=28  fleets=47  =====
[GLOBAL]
   my_total=625  enemy_total=725  my_prod=34  enemy_prod=31
   my_planets=15  enemy_planets=12  neutral=1  4p=False
   step=100  remaining=400  is_early=False  is_opening=False  is_late=False  is_very_late=False  is_total_war=False
[MODES]
   domination=-0.074  is_behind=False  is_ahead=False  is_dominating=False  is_finishing=False  attack_margin_mult=1.00
[PLANETS]
   pid own ships prod    x      y    type fall_t keep_n first_en
     0   -    30    3   93.1  81.8    S      -     0       -
     1  p0     7    3    6.9  81.8    S      -     0       -
     2  me    25    3   93.1  18.2    S      -     0       -
     3  me    24    3    6.9  18.2    S      -    20       4
     4  p0     4    2   91.4  96.5    S      -     0       -
     5  p0     1    2    8.6  96.5    S      -     0       -
     6  me    14    2   91.4   3.5    S      -     0       -
     7  me    13    2    8.6   3.5    S      -     0       -
     8  me     9    2   58.0  98.0    S      -     0       -
     9  p0     2    2   42.0  98.0    S      -     0       -
    10  me    12    2   58.0   2.0    S      -     0       -
    11  me    15    2   42.0   2.0    S      -     0       -
    12  me    10    2   23.6  32.7    O      -     0       -
    13  me    10    2   67.3  23.6    O      -     0       4
    14  p0    16    2   32.7  76.4    O      -     0       -
    15  p0    57    2   76.4  67.3    O      -     0       -
    16  p0     3    2   82.9  87.2    S      -     0       -
    17  me     6    2   17.1  87.2    S      1     6       1
    18  me     9    2   82.9  12.8    S      -     0      15
    19  me    10    2   17.1  12.8    S      -     3       7
    20  me     2    2   27.3  20.3    O      1     2       1
    21  me    11    2   58.9  13.7    O      -     0       -
    22  p0     6    2   41.1  86.3    O      -     0       -
    23  p0    15    2   72.7  79.7    O      -     0       -
    24  p0     4    4   15.6  41.3    O      -     0       -
    25  me    23    4   78.0  28.2    O      -     0       -
    26  p0    12    4   22.0  71.8    O      -     0       -
    27  p0    30    4   84.4  58.7    O      -     0       -
[POLICY]  attack_budget per source
   src=  2  budget=18
   src=  3  budget=4
   src=  6  budget=14
   src=  7  budget=13
   src=  8  budget=0
   src= 10  budget=12
   src= 11  budget=15
   src= 12  budget=10
   src= 13  budget=0
   src= 17  budget=0
   src= 18  budget=9
   src= 19  budget=7
   src= 20  budget=0
   src= 21  budget=0
   src= 25  budget=10
[MISSIONS]  N=0  (sorted by score desc)
   (none)
[MOVES]  N=1
   src=  2  angle=+122.17°  ships=  11   tgt=25 (own=me, ships=23, eta=8)

===== TURN 101  player=1  ts=2026-05-01 11:10:17  planets=28  fleets=45  =====
[GLOBAL]
   my_total=647  enemy_total=744  my_prod=30  enemy_prod=35
   my_planets=13  enemy_planets=14  neutral=1  4p=False
   step=101  remaining=399  is_early=False  is_opening=False  is_late=False  is_very_late=False  is_total_war=False
[MODES]
   domination=-0.070  is_behind=False  is_ahead=False  is_dominating=False  is_finishing=False  attack_margin_mult=1.00
[PLANETS]
   pid own ships prod    x      y    type fall_t keep_n first_en
     0   -    30    3   93.1  81.8    S      -     0       -
     1  p0    10    3    6.9  81.8    S      -     0       -
     2  me    17    3   93.1  18.2    S      -     0       -
     3  me    27    3    6.9  18.2    S      -    23       3
     4  p0     6    2   91.4  96.5    S      -     0       -
     5  p0     3    2    8.6  96.5    S      -     0       -
     6  me    16    2   91.4   3.5    S      -     0       -
     7  me    15    2    8.6   3.5    S      -     0       -
     8  me    11    2   58.0  98.0    S      -     0       -
     9  p0     4    2   42.0  98.0    S      -     0       -
    10  me    14    2   58.0   2.0    S      -     0       -
    11  me    17    2   42.0   2.0    S      -     0       -
    12  me    12    2   24.2  32.0    O      -     0       -
    13  me    12    2   68.0  24.2    O      -     0       2
    14  p0    18    2   32.0  75.8    O      -     0       -
    15  p0   200    2   75.8  68.0    O      -     0       -
    16  p0     5    2   82.9  87.2    S      -     0       -
    17  p0     3    2   17.1  87.2    S      -     0       -
    18  me    11    2   82.9  12.8    S      -     0      14
    19  me    12    2   17.1  12.8    S      -     5       6
    20  p0    41    2   28.2  19.6    O      -     0       -
    21  me    13    2   60.0  14.0    O      -     0       -
    22  p0     8    2   40.0  86.0    O      -     0       -
    23  p0    17    2   71.8  80.4    O      -     0       -
    24  p0     8    4   15.9  40.2    O      -     0       -
    25  me    27    4   78.6  29.1    O      -     0       -
    26  p0    16    4   21.4  70.9    O      -     0       -
    27  p0    34    4   84.1  59.8    O      -     0       -
[POLICY]  attack_budget per source
   src=  2  budget=0
   src=  3  budget=4
   src=  6  budget=16
   src=  7  budget=6
   src=  8  budget=0
   src= 10  budget=5
   src= 11  budget=8
   src= 12  budget=3
   src= 13  budget=0
   src= 18  budget=0
   src= 19  budget=3
   src= 21  budget=0
   src= 25  budget=0
[MISSIONS]  N=0  (sorted by score desc)
   (none)
[MOVES]  N=0

===== TURN 102  player=1  ts=2026-05-01 11:10:17  planets=28  fleets=42  =====
[GLOBAL]
   my_total=662  enemy_total=764  my_prod=30  enemy_prod=35
   my_planets=13  enemy_planets=14  neutral=1  4p=False
   step=102  remaining=398  is_early=False  is_opening=False  is_late=False  is_very_late=False  is_total_war=False
[MODES]
   domination=-0.072  is_behind=False  is_ahead=False  is_dominating=False  is_finishing=False  attack_margin_mult=1.00
[PLANETS]
   pid own ships prod    x      y    type fall_t keep_n first_en
     0   -    30    3   93.1  81.8    S      -     0       -
     1  p0    13    3    6.9  81.8    S      -     0       -
     2  me    20    3   93.1  18.2    S      -     0       -
     3  me    49    3    6.9  18.2    S      -    45       2
     4  p0     8    2   91.4  96.5    S      -     0       -
     5  p0     5    2    8.6  96.5    S      -     0       -
     6  me    18    2   91.4   3.5    S     18    18      18
     7  me    17    2    8.6   3.5    S      -     0       -
     8  me    13    2   58.0  98.0    S      -     0       -
     9  p0    13    2   42.0  98.0    S      -     0       -
    10  me    16    2   58.0   2.0    S      -     0       -
    11  me    19    2   42.0   2.0    S      -     0       -
    12  me    14    2   24.7  31.2    O      -     0       -
    13  me    14    2   68.8  24.7    O      1    14       1
    14  p0    20    2   31.2  75.3    O      -     0       -
    15  p0   124    2   75.3  68.8    O      -     0       -
    16  p0     7    2   82.9  87.2    S      -     0       -
    17  p0     5    2   17.1  87.2    S      -     0       -
    18  me    13    2   82.9  12.8    S      -     0       -
    19  me    14    2   17.1  12.8    S      -     7       5
    20  p0    43    2   29.1  19.0    O      -     0       -
    21  me    15    2   61.1  14.3    O      -     0       -
    22  p0    10    2   38.9  85.7    O      -     0       -
    23  p0    19    2   70.9  81.0    O      -     0       -
    24  p0    12    4   16.2  39.2    O      -     0       -
    25  me    43    4   79.2  29.9    O      -     0       5
    26  p0    20    4   20.8  70.1    O      -     0       -
    27  p0    38    4   83.8  60.8    O      -     0       -
[POLICY]  attack_budget per source
   src=  2  budget=0
   src=  3  budget=4
   src=  6  budget=0
   src=  7  budget=7
   src=  8  budget=0
   src= 10  budget=6
   src= 11  budget=9
   src= 12  budget=4
   src= 13  budget=0
   src= 18  budget=0
   src= 19  budget=4
   src= 21  budget=0
   src= 25  budget=14
[MISSIONS]  N=8  (sorted by score desc)
   #0  single         score=  +110.91  src=[25]→tgt= 16  turns= 25  need=   7  cap=  14
   #1  reinforce      score=   +85.33  src=[18]→tgt=  6  turns= 18  need=   9  cap=   9
   #2  reinforce      score=   +71.11  src=[2]→tgt=  6  turns= 18  need=   9  cap=  11
   #3  reinforce      score=   +61.70  src=[13]→tgt=  6  turns= 18  need=   9  cap=  10
   #4  reinforce      score=   +60.58  src=[25]→tgt=  6  turns= 18  need=   9  cap=  11
   #5  reinforce      score=   +58.13  src=[10]→tgt=  6  turns= 18  need=   9  cap=  11
   #6  reinforce      score=   +58.13  src=[21]→tgt=  6  turns= 18  need=   9  cap=  11
   #7  rescue         score=   +42.30  src=[25]→tgt=  6  turns= 18  need=   9  cap=  12
[MOVES]  N=7
   src= 25  angle= +86.31°  ships=  14   tgt=16 (own=p0, ships=7, eta=25)
   src= 18  angle= -47.76°  ships=   9   tgt=6 (own=me, ships=18, eta=5)
   src=  2  angle= -96.65°  ships=   3   tgt=6 (own=me, ships=18, eta=9)
   src= 13  angle= -43.16°  ships=  10   tgt=18 (own=me, ships=13, eta=8)
   src= 25  angle= -65.27°  ships=  11   tgt=6 (own=me, ships=18, eta=13)
   src= 10  angle=  +2.58°  ships=  11   tgt=6 (own=me, ships=18, eta=15)
   src= 21  angle= -19.55°  ships=  11   tgt=6 (own=me, ships=18, eta=15)

===== TURN 103  player=1  ts=2026-05-01 11:10:17  planets=28  fleets=43  =====
[GLOBAL]
   my_total=670  enemy_total=777  my_prod=32  enemy_prod=33
   my_planets=13  enemy_planets=14  neutral=1  4p=False
   step=103  remaining=397  is_early=False  is_opening=False  is_late=False  is_very_late=False  is_total_war=False
[MODES]
   domination=-0.074  is_behind=False  is_ahead=False  is_dominating=False  is_finishing=False  attack_margin_mult=1.00
[PLANETS]
   pid own ships prod    x      y    type fall_t keep_n first_en
     0   -    30    3   93.1  81.8    S      -     0       -
     1  p0    16    3    6.9  81.8    S      -     0       -
     2  me    20    3   93.1  18.2    S      -     0       -
     3  me    55    3    6.9  18.2    S      -    51       1
     4  p0    10    2   91.4  96.5    S      -     0       -
     5  p0     7    2    8.6  96.5    S      -     0       -
     6  me    20    2   91.4   3.5    S      -     0      17
     7  me    19    2    8.6   3.5    S      -     0       -
     8  me    15    2   58.0  98.0    S      -     0       -
     9  p0    27    2   42.0  98.0    S      -     0       -
    10  me     7    2   58.0   2.0    S      -     0       -
    11  me    21    2   42.0   2.0    S      -     0       -
    12  me    16    2   25.3  30.5    O      -     0       -
    13  p0    13    2   69.5  25.3    O      4     0       4
    14  p0    22    2   30.5  74.7    O      -     0       -
    15  p0   126    2   74.7  69.5    O      -     0       -
    16  p0     9    2   82.9  87.2    S      -     0       -
    17  p0     7    2   17.1  87.2    S      -     0       -
    18  me     6    2   82.9  12.8    S      -     0       -
    19  me    16    2   17.1  12.8    S      -     9       4
    20  p0    45    2   30.0  18.4    O      -     0       -
    21  me     6    2   62.1  14.6    O      -     0       -
    22  p0    45    2   37.9  85.4    O      -     0       -
    23  p0    21    2   70.0  81.6    O      -     0       -
    24  me    16    4   16.6  38.2    O      -     0       -
    25  me    22    4   79.8  30.8    O      -     1       3
    26  p0    24    4   20.2  69.2    O      -     0       -
    27  p0   114    4   83.4  61.8    O      -     0       -
[POLICY]  attack_budget per source
   src=  2  budget=0
   src=  3  budget=4
   src=  6  budget=17
   src=  7  budget=9
   src=  8  budget=0
   src= 10  budget=0
   src= 11  budget=11
   src= 12  budget=6
   src= 18  budget=0
   src= 19  budget=6
   src= 21  budget=0
   src= 24  budget=6
   src= 25  budget=0
[MISSIONS]  N=0  (sorted by score desc)
   (none)
[MOVES]  N=1
   src=  6  angle=+132.24°  ships=  10   tgt=18 (own=me, ships=6, eta=5)

===== TURN 104  player=1  ts=2026-05-01 11:10:18  planets=28  fleets=40  =====
[GLOBAL]
   my_total=633  enemy_total=731  my_prod=34  enemy_prod=31
   my_planets=14  enemy_planets=13  neutral=1  4p=False
   step=104  remaining=396  is_early=False  is_opening=False  is_late=False  is_very_late=False  is_total_war=False
[MODES]
   domination=-0.072  is_behind=False  is_ahead=False  is_dominating=False  is_finishing=False  attack_margin_mult=1.00
[PLANETS]
   pid own ships prod    x      y    type fall_t keep_n first_en
     0   -    20    3   93.1  81.8    S      -     0       -
     1  p0    19    3    6.9  81.8    S      -     0       -
     2  me    23    3   93.1  18.2    S      -     0       -
     3  me     4    3    6.9  18.2    S      -     0       -
     4  p0    12    2   91.4  96.5    S      -     0       -
     5  p0     9    2    8.6  96.5    S      -     0       -
     6  me    12    2   91.4   3.5    S      -     0      16
     7  me    21    2    8.6   3.5    S      -     0       -
     8  me    17    2   58.0  98.0    S      -     0       -
     9  p0    29    2   42.0  98.0    S      -     0       -
    10  me     9    2   58.0   2.0    S      -     0       -
    11  me    23    2   42.0   2.0    S      -     0       -
    12  me    37    2   25.9  29.7    O      -     0       -
    13  me     3    2   70.3  25.9    O      2     3       2
    14  p0    24    2   29.7  74.1    O      -     0       -
    15  p0    89    2   74.1  70.3    O      -     0       -
    16  p0    11    2   82.9  87.2    S      -     0       -
    17  p0     9    2   17.1  87.2    S      -     0       -
    18  me     8    2   82.9  12.8    S      -     0       -
    19  me    26    2   17.1  12.8    S      -    19       3
    20  p0    47    2   31.0  17.8    O      -     0       -
    21  me     8    2   63.2  15.0    O      -     0       -
    22  p0    47    2   36.8  85.0    O      -     0       -
    23  p0    23    2   69.0  82.2    O      -     0       -
    24  me    20    4   16.9  37.3    O      -     0       -
    25  me    26    4   80.4  31.7    O      -     5       2
    26  p0    28    4   19.6  68.3    O      -     0       -
    27  p0   118    4   83.1  62.7    O      -     0       -
[POLICY]  attack_budget per source
   src=  2  budget=0
   src=  3  budget=0
   src=  6  budget=12
   src=  7  budget=10
   src=  8  budget=0
   src= 10  budget=0
   src= 11  budget=12
   src= 12  budget=26
   src= 13  budget=0
   src= 18  budget=0
   src= 19  budget=7
   src= 21  budget=0
   src= 24  budget=9
   src= 25  budget=0
[MISSIONS]  N=0  (sorted by score desc)
   (none)
[MOVES]  N=0

===== TURN 105  player=1  ts=2026-05-01 11:10:18  planets=28  fleets=37  =====
[GLOBAL]
   my_total=631  enemy_total=726  my_prod=34  enemy_prod=31
   my_planets=14  enemy_planets=13  neutral=1  4p=False
   step=105  remaining=395  is_early=False  is_opening=False  is_late=False  is_very_late=False  is_total_war=False
[MODES]
   domination=-0.070  is_behind=False  is_ahead=False  is_dominating=False  is_finishing=False  attack_margin_mult=1.00
[PLANETS]
   pid own ships prod    x      y    type fall_t keep_n first_en
     0   -    20    3   93.1  81.8    S      -     0       -
     1  p0    22    3    6.9  81.8    S      -     0       -
     2  me    26    3   93.1  18.2    S      -     0       -
     3  me     7    3    6.9  18.2    S      -     0       -
     4  p0    14    2   91.4  96.5    S      -     0       -
     5  p0    11    2    8.6  96.5    S      -     0       -
     6  me    14    2   91.4   3.5    S      -     0      15
     7  me    23    2    8.6   3.5    S      -     0       -
     8  me    19    2   58.0  98.0    S      -     0       -
     9  p0    31    2   42.0  98.0    S      -     0       -
    10  me    11    2   58.0   2.0    S      -     0       -
    11  me    25    2   42.0   2.0    S      -     0       -
    12  me    39    2   26.5  29.0    O      -     0       -
    13  me     5    2   71.0  26.5    O      1     5       1
    14  p0    26    2   29.0  73.5    O      -     0       -
    15  p0    91    2   73.5  71.0    O      -     0       -
    16  p0    13    2   82.9  87.2    S      -     0       -
    17  p0    11    2   17.1  87.2    S      -     0       -
    18  me    10    2   82.9  12.8    S      -     0       -
    19  me    28    2   17.1  12.8    S      -    21       2
    20  p0    36    2   31.9  17.2    O      -     0       -
    21  me    10    2   64.2  15.4    O      -     0       -
    22  p0    39    2   35.8  84.6    O      -     0       -
    23  p0    25    2   68.1  82.8    O      -     0       -
    24  me    24    4   17.3  36.3    O      -     0       -
    25  me    17    4   80.9  32.6    O      -     0       -
    26  p0    32    4   19.1  67.4    O      -     0       -
    27  p0   122    4   82.7  63.7    O      -     0       -
[POLICY]  attack_budget per source
   src=  2  budget=0
   src=  3  budget=0
   src=  6  budget=14
   src=  7  budget=15
   src=  8  budget=0
   src= 10  budget=3
   src= 11  budget=17
   src= 12  budget=31
   src= 13  budget=0
   src= 18  budget=0
   src= 19  budget=7
   src= 21  budget=0
   src= 24  budget=16
   src= 25  budget=0
[MISSIONS]  N=0  (sorted by score desc)
   (none)
[MOVES]  N=1
   src= 11  angle=+111.54°  ships=  10   tgt=20 (own=p0, ships=36, eta=6)

===== TURN 106  player=1  ts=2026-05-01 11:10:18  planets=28  fleets=35  =====
[GLOBAL]
   my_total=658  enemy_total=730  my_prod=32  enemy_prod=36
   my_planets=13  enemy_planets=15  neutral=0  4p=False
   step=106  remaining=394  is_early=False  is_opening=False  is_late=False  is_very_late=False  is_total_war=False
[MODES]
   domination=-0.052  is_behind=False  is_ahead=False  is_dominating=False  is_finishing=False  attack_margin_mult=1.00
[PLANETS]
   pid own ships prod    x      y    type fall_t keep_n first_en
     0  p0     2    3   93.1  81.8    S      -     0       -
     1  p0    25    3    6.9  81.8    S      -     0       -
     2  me    29    3   93.1  18.2    S      -     0       -
     3  me    10    3    6.9  18.2    S      -     0       -
     4  p0    16    2   91.4  96.5    S      -     0       -
     5  p0    13    2    8.6  96.5    S      -     0       -
     6  me    16    2   91.4   3.5    S      -     0      14
     7  me    25    2    8.6   3.5    S      -     0       -
     8  me    21    2   58.0  98.0    S      -     0       -
     9  p0    33    2   42.0  98.0    S      -     0       -
    10  me    13    2   58.0   2.0    S      -     0       -
    11  me    17    2   42.0   2.0    S      -     0       -
    12  me    41    2   27.1  28.3    O      -     0       -
    13  p0    12    2   71.7  27.1    O      -     0       -
    14  p0    28    2   28.3  72.9    O      -     0       -
    15  p0    93    2   72.9  71.7    O      -     0       -
    16  p0    15    2   82.9  87.2    S      -     0       -
    17  p0    13    2   17.1  87.2    S      -     0       -
    18  me    12    2   82.9  12.8    S      -     0       -
    19  me    30    2   17.1  12.8    S      -    23       1
    20  p0    38    2   32.9  16.7    O      -     0       -
    21  me    12    2   65.2  15.8    O      -     0       -
    22  p0    41    2   34.8  84.2    O      -     0       -
    23  p0    27    2   67.1  83.3    O      -     0       -
    24  me    45    4   17.7  35.3    O      -     0       -
    25  me    21    4   81.4  33.5    O      -     0       -
    26  p0    36    4   18.6  66.5    O      -     0       -
    27  p0   126    4   82.3  64.7    O      -     0       -
[POLICY]  attack_budget per source
   src=  2  budget=0
   src=  3  budget=1
   src=  6  budget=14
   src=  7  budget=16
   src=  8  budget=0
   src= 10  budget=4
   src= 11  budget=8
   src= 12  budget=32
   src= 18  budget=0
   src= 19  budget=7
   src= 21  budget=0
   src= 24  budget=36
   src= 25  budget=0
[MISSIONS]  N=0  (sorted by score desc)
   (none)
[MOVES]  N=1
   src= 24  angle= -38.26°  ships=  22   tgt=12 (own=me, ships=41, eta=5)

===== TURN 107  player=1  ts=2026-05-01 11:10:18  planets=28  fleets=34  =====
[GLOBAL]
   my_total=672  enemy_total=748  my_prod=32  enemy_prod=36
   my_planets=13  enemy_planets=15  neutral=0  4p=False
   step=107  remaining=393  is_early=False  is_opening=False  is_late=False  is_very_late=False  is_total_war=False
[MODES]
   domination=-0.054  is_behind=False  is_ahead=False  is_dominating=False  is_finishing=False  attack_margin_mult=1.00
[PLANETS]
   pid own ships prod    x      y    type fall_t keep_n first_en
     0  p0     5    3   93.1  81.8    S      -     0       -
     1  p0    28    3    6.9  81.8    S      -     0       -
     2  me    32    3   93.1  18.2    S      -     0       -
     3  me    13    3    6.9  18.2    S      -     0       -
     4  p0    18    2   91.4  96.5    S      -     0       -
     5  p0    15    2    8.6  96.5    S      -     0       -
     6  me    27    2   91.4   3.5    S      -     0       -
     7  me    27    2    8.6   3.5    S      -     0       -
     8  me    23    2   58.0  98.0    S      -     0       -
     9  p0    35    2   42.0  98.0    S      -     0       -
    10  me    15    2   58.0   2.0    S      -     0       -
    11  me    19    2   42.0   2.0    S      -     0       -
    12  me    43    2   27.8  27.7    O      -     0       -
    13  p0    14    2   72.3  27.8    O      -     0       -
    14  p0    30    2   27.7  72.2    O      -     0       -
    15  p0    95    2   72.2  72.3    O      -     0       -
    16  p0    17    2   82.9  87.2    S      -     0       -
    17  p0    15    2   17.1  87.2    S      -     0       -
    18  me    14    2   82.9  12.8    S      -     0       -
    19  me    14    2   17.1  12.8    S      -     7       4
    20  p0    40    2   33.9  16.2    O      -     0       -
    21  me    28    2   66.2  16.3    O      -     0       -
    22  p0    43    2   33.8  83.7    O      -     0       -
    23  p0    29    2   66.1  83.8    O      -     0       -
    24  me    27    4   18.2  34.4    O      -     0       -
    25  me    25    4   81.9  34.5    O      4    25       4
    26  p0    40    4   18.1  65.5    O      -     0       -
    27  p0    25    4   81.8  65.6    O      -     0       -
[POLICY]  attack_budget per source
   src=  2  budget=29
   src=  3  budget=4
   src=  6  budget=24
   src=  7  budget=18
   src=  8  budget=0
   src= 10  budget=3
   src= 11  budget=10
   src= 12  budget=34
   src= 18  budget=11
   src= 19  budget=5
   src= 21  budget=2
   src= 24  budget=18
   src= 25  budget=0
[MISSIONS]  N=2  (sorted by score desc)
   #0  single         score=   +47.81  src=[2]→tgt= 13  turns=  7  need=  29  cap=  29
   #1  recapture      score=   +25.99  src=[2]→tgt= 25  turns=  8  need=  28  cap=  29
[MOVES]  N=5
   src=  2  angle=+138.86°  ships=  29   tgt=13 (own=p0, ships=14, eta=7)
   src= 25  angle=-148.76°  ships=  25   tgt=13 (own=p0, ships=14, eta=3)
   src=  6  angle=+132.24°  ships=  14   tgt=18 (own=me, ships=14, eta=5)
   src=  7  angle= +47.76°  ships=  11   tgt=19 (own=me, ships=14, eta=5)
   src= 24  angle= -36.37°  ships=  11   tgt=12 (own=me, ships=43, eta=7)

===== TURN 108  player=1  ts=2026-05-01 11:10:18  planets=28  fleets=35  =====
[GLOBAL]
   my_total=704  enemy_total=784  my_prod=32  enemy_prod=36
   my_planets=13  enemy_planets=15  neutral=0  4p=False
   step=108  remaining=392  is_early=False  is_opening=False  is_late=False  is_very_late=False  is_total_war=False
[MODES]
   domination=-0.054  is_behind=False  is_ahead=False  is_dominating=False  is_finishing=False  attack_margin_mult=1.00
[PLANETS]
   pid own ships prod    x      y    type fall_t keep_n first_en
     0  p0     8    3   93.1  81.8    S      -     0       -
     1  p0    31    3    6.9  81.8    S      -     0       -
     2  me     6    3   93.1  18.2    S      -     0       -
     3  me    16    3    6.9  18.2    S      -     0       -
     4  p0    20    2   91.4  96.5    S      -     0       -
     5  p0    17    2    8.6  96.5    S      -     0       -
     6  me    15    2   91.4   3.5    S      -     0       -
     7  me    18    2    8.6   3.5    S      -     0       -
     8  me    25    2   58.0  98.0    S      -     0       -
     9  p0    37    2   42.0  98.0    S      -     0       -
    10  me    17    2   58.0   2.0    S      -     0       -
    11  me    21    2   42.0   2.0    S      -     0       -
    12  me    45    2   28.4  27.0    O      -     0       -
    13  p0    16    2   73.0  28.4    O      -     0       -
    14  p0    32    2   27.0  71.6    O      -     0       -
    15  p0    97    2   71.6  73.0    O      -     0       -
    16  p0    29    2   82.9  87.2    S      -     0       -
    17  p0    17    2   17.1  87.2    S      -     0       -
    18  me    26    2   82.9  12.8    S      -     0       -
    19  me    16    2   17.1  12.8    S      -     9       3
    20  p0    42    2   34.9  15.8    O      -     0       -
    21  me    30    2   67.2  16.8    O      -     0       -
    22  p0    45    2   32.8  83.2    O      -     0       -
    23  p0    70    2   65.1  84.2    O      -     0       -
    24  me    20    4   18.7  33.4    O      -     0       -
    25  me    15    4   82.3  35.4    O      2    15       2
    26  p0    44    4   17.7  64.6    O      -     0       -
    27  p0    29    4   81.3  66.6    O      -     0       -
[POLICY]  attack_budget per source
   src=  2  budget=3
   src=  3  budget=6
   src=  6  budget=12
   src=  7  budget=8
   src=  8  budget=0
   src= 10  budget=7
   src= 11  budget=11
   src= 12  budget=35
   src= 18  budget=23
   src= 19  budget=6
   src= 21  budget=0
   src= 24  budget=10
   src= 25  budget=0
[MISSIONS]  N=0  (sorted by score desc)
   (none)
[MOVES]  N=2
   src= 25  angle=-120.99°  ships=  15   tgt=21 (own=me, ships=30, eta=7)
   src= 18  angle=+148.05°  ships=  14   tgt=21 (own=me, ships=30, eta=5)

===== TURN 109  player=1  ts=2026-05-01 11:10:18  planets=28  fleets=38  =====
[GLOBAL]
   my_total=736  enemy_total=820  my_prod=32  enemy_prod=36
   my_planets=13  enemy_planets=15  neutral=0  4p=False
   step=109  remaining=391  is_early=False  is_opening=False  is_late=False  is_very_late=False  is_total_war=False
[MODES]
   domination=-0.054  is_behind=False  is_ahead=False  is_dominating=False  is_finishing=False  attack_margin_mult=1.00
[PLANETS]
   pid own ships prod    x      y    type fall_t keep_n first_en
     0  p0    11    3   93.1  81.8    S      -     0       -
     1  p0    34    3    6.9  81.8    S      -     0       -
     2  me     9    3   93.1  18.2    S      -     0       -
     3  me    19    3    6.9  18.2    S      -     0       -
     4  p0    22    2   91.4  96.5    S      -     0       -
     5  p0    19    2    8.6  96.5    S      -     0       -
     6  me    17    2   91.4   3.5    S      -     0       -
     7  me    20    2    8.6   3.5    S      -     0       -
     8  me    27    2   58.0  98.0    S      4    27       4
     9  p0    66    2   42.0  98.0    S      -     0       -
    10  me    19    2   58.0   2.0    S      -     0       -
    11  me    23    2   42.0   2.0    S      -     0       -
    12  me    47    2   29.1  26.4    O      -     0       -
    13  p0    18    2   73.6  29.1    O      -     0       -
    14  p0    34    2   26.4  70.9    O      -     0       -
    15  p0     5    2   70.9  73.6    O      -     0       -
    16  p0    31    2   82.9  87.2    S      -     0       -
    17  p0    19    2   17.1  87.2    S      -     0       -
    18  me    14    2   82.9  12.8    S     15    14      15
    19  me    18    2   17.1  12.8    S      -    11       2
    20  p0     2    2   35.9  15.3    O      -     0       -
    21  me    32    2   68.2  17.3    O      -     0       -
    22  p0    47    2   31.8  82.7    O      -     0       -
    23  p0    36    2   64.1  84.7    O      -     0       -
    24  me    24    4   19.2  32.5    O      -    18       6
    25  me     4    4   82.7  36.4    O      1     4       1
    26  p0    48    4   17.3  63.6    O      -     0       -
    27  p0    33    4   80.8  67.5    O      -     0       -
[POLICY]  attack_budget per source
   src=  2  budget=5
   src=  3  budget=8
   src=  6  budget=13
   src=  7  budget=20
   src=  8  budget=0
   src= 10  budget=15
   src= 11  budget=23
   src= 12  budget=43
   src= 18  budget=0
   src= 19  budget=7
   src= 21  budget=20
   src= 24  budget=6
   src= 25  budget=0
[MISSIONS]  N=1  (sorted by score desc)
   #0  recapture      score=    +8.07  src=[12]→tgt= 18  turns= 18  need=  33  cap=  43
[MOVES]  N=5
   src= 12  angle= -14.15°  ships=  43   tgt=18 (own=me, ships=14, eta=18)
   src=  8  angle= -71.62°  ships=  25   tgt=15 (own=p0, ships=5, eta=8)
   src= 18  angle= +86.78°  ships=  14   tgt=25 (own=me, ships=4, eta=17)
   src=  7  angle= +47.76°  ships=  12   tgt=19 (own=me, ships=18, eta=5)
   src= 11  angle=+106.55°  ships=  14   tgt=12 (own=me, ships=47, eta=9)

===== TURN 110  player=1  ts=2026-05-01 11:10:18  planets=28  fleets=40  =====
[GLOBAL]
   my_total=729  enemy_total=817  my_prod=30  enemy_prod=38
   my_planets=13  enemy_planets=15  neutral=0  4p=False
   step=110  remaining=390  is_early=False  is_opening=False  is_late=False  is_very_late=False  is_total_war=False
[MODES]
   domination=-0.057  is_behind=False  is_ahead=False  is_dominating=False  is_finishing=False  attack_margin_mult=1.00
[PLANETS]
   pid own ships prod    x      y    type fall_t keep_n first_en
     0  p0    14    3   93.1  81.8    S      -     0       -
     1  p0    37    3    6.9  81.8    S      -     0       -
     2  me    12    3   93.1  18.2    S      -     0       -
     3  me    22    3    6.9  18.2    S      -     0       -
     4  p0    24    2   91.4  96.5    S      -     0       -
     5  p0    21    2    8.6  96.5    S      -     0       -
     6  me    19    2   91.4   3.5    S      -     0       -
     7  me    10    2    8.6   3.5    S      -     0       -
     8  me     4    2   58.0  98.0    S      3     4       3
     9  p0    68    2   42.0  98.0    S      -     0       -
    10  me    21    2   58.0   2.0    S      -     0       -
    11  me    11    2   42.0   2.0    S      -     0       -
    12  me     6    2   29.8  25.8    O      -     0       -
    13  me     5    2   74.2  29.8    O      -     0       -
    14  p0    36    2   25.8  70.2    O      -     0       -
    15  p0     7    2   70.2  74.2    O      -     0       -
    16  p0    33    2   82.9  87.2    S      -     0       -
    17  p0    21    2   17.1  87.2    S      -     0       -
    18  me    12    2   82.9  12.8    S     14    12      14
    19  me    20    2   17.1  12.8    S      -    13       1
    20  p0     4    2   37.0  14.9    O      -     0       -
    21  me    34    2   69.1  17.9    O      -     0       -
    22  p0    49    2   30.9  82.1    O      -     0       -
    23  p0    38    2   63.0  85.1    O      -     0       -
    24  me    28    4   19.7  31.6    O      -    26       4
    25  p0    55    4   83.1  37.4    O      -     0       -
    26  p0     8    4   16.9  62.6    O      -     0       -
    27  p0    26    4   80.3  68.4    O      -     0       -
[POLICY]  attack_budget per source
   src=  2  budget=0
   src=  3  budget=22
   src=  6  budget=6
   src=  7  budget=10
   src=  8  budget=0
   src= 10  budget=8
   src= 11  budget=11
   src= 12  budget=0
   src= 13  budget=0
   src= 18  budget=0
   src= 19  budget=7
   src= 21  budget=15
   src= 24  budget=2
[MISSIONS]  N=0  (sorted by score desc)
   (none)
[MOVES]  N=2
   src= 18  angle= +97.79°  ships=  12   tgt=13 (own=me, ships=5, eta=11)
   src=  3  angle= -27.88°  ships=  13   tgt=19 (own=me, ships=20, eta=4)

===== TURN 111  player=1  ts=2026-05-01 11:10:19  planets=28  fleets=38  =====
[GLOBAL]
   my_total=738  enemy_total=834  my_prod=32  enemy_prod=36
   my_planets=14  enemy_planets=14  neutral=0  4p=False
   step=111  remaining=389  is_early=False  is_opening=False  is_late=False  is_very_late=False  is_total_war=False
[MODES]
   domination=-0.061  is_behind=False  is_ahead=False  is_dominating=False  is_finishing=False  attack_margin_mult=1.00
[PLANETS]
   pid own ships prod    x      y    type fall_t keep_n first_en
     0  p0   122    3   93.1  81.8    S      -     0       -
     1  p0    40    3    6.9  81.8    S      -     0       -
     2  me    15    3   93.1  18.2    S      -     0       -
     3  me    12    3    6.9  18.2    S      -     0       -
     4  p0    26    2   91.4  96.5    S      -     0       -
     5  p0    23    2    8.6  96.5    S      -     0       -
     6  me    24    2   91.4   3.5    S      -     0       -
     7  me    12    2    8.6   3.5    S      -     0       -
     8  me     6    2   58.0  98.0    S      2     6       2
     9  p0    70    2   42.0  98.0    S      -     0       -
    10  me    23    2   58.0   2.0    S      -     0       -
    11  me    13    2   42.0   2.0    S      -     0       -
    12  me    30    2   30.6  25.2    O      -     0       -
    13  me     7    2   74.8  30.6    O      -     0       -
    14  p0    38    2   25.2  69.4    O      -     0       -
    15  p0     9    2   69.4  74.8    O      -     0       -
    16  p0    35    2   82.9  87.2    S      -     0       -
    17  p0    23    2   17.1  87.2    S      -     0       -
    18  me     2    2   82.9  12.8    S     13     2      13
    19  me     7    2   17.1  12.8    S      -     0       -
    20  me     4    2   38.0  14.6    O      -     0       -
    21  me    36    2   70.1  18.4    O      -     0       -
    22  p0    51    2   29.9  81.6    O      -     0       -
    23  p0    31    2   62.0  85.4    O      -     0       -
    24  me    32    4   20.3  30.7    O      -    30       3
    25  p0    59    4   83.5  38.4    O      -     0       -
    26  p0    12    4   16.5  61.6    O      -     0       -
    27  p0    30    4   79.7  69.3    O      -     0       -
[POLICY]  attack_budget per source
   src=  2  budget=1
   src=  3  budget=12
   src=  6  budget=10
   src=  7  budget=12
   src=  8  budget=0
   src= 10  budget=9
   src= 11  budget=13
   src= 12  budget=16
   src= 13  budget=0
   src= 18  budget=0
   src= 19  budget=7
   src= 20  budget=0
   src= 21  budget=0
   src= 24  budget=2
[MISSIONS]  N=0  (sorted by score desc)
   (none)
[MOVES]  N=0

===== TURN 112  player=1  ts=2026-05-01 11:10:19  planets=28  fleets=36  =====
[GLOBAL]
   my_total=770  enemy_total=870  my_prod=32  enemy_prod=36
   my_planets=14  enemy_planets=14  neutral=0  4p=False
   step=112  remaining=388  is_early=False  is_opening=False  is_late=False  is_very_late=False  is_total_war=False
[MODES]
   domination=-0.061  is_behind=False  is_ahead=False  is_dominating=False  is_finishing=False  attack_margin_mult=1.00
[PLANETS]
   pid own ships prod    x      y    type fall_t keep_n first_en
     0  p0   125    3   93.1  81.8    S      -     0       -
     1  p0    43    3    6.9  81.8    S      -     0       -
     2  me    18    3   93.1  18.2    S      -     0       -
     3  me    15    3    6.9  18.2    S      -     0       -
     4  p0    28    2   91.4  96.5    S      -     0       -
     5  p0    25    2    8.6  96.5    S      -     0       -
     6  me    26    2   91.4   3.5    S      -     0       -
     7  me    14    2    8.6   3.5    S      -     0       -
     8  me     8    2   58.0  98.0    S      1     8       1
     9  p0    72    2   42.0  98.0    S      -     0       -
    10  me    25    2   58.0   2.0    S      -     0       -
    11  me    15    2   42.0   2.0    S      -     0       -
    12  me    32    2   31.3  24.6    O      -     0       -
    13  me     9    2   75.4  31.3    O      -     0       -
    14  p0    40    2   24.6  68.7    O      -     0       -
    15  p0    11    2   68.7  75.4    O      -     0       -
    16  p0    37    2   82.9  87.2    S      -     0       -
    17  p0    25    2   17.1  87.2    S      -     0       -
    18  me    18    2   82.9  12.8    S     12    18      12
    19  me    20    2   17.1  12.8    S      -     0       -
    20  me     6    2   39.1  14.2    O      -     0       -
    21  me    38    2   71.0  19.1    O      -     0       -
    22  p0    53    2   29.0  80.9    O      -     0       -
    23  p0    33    2   60.9  85.8    O      -     0       -
    24  me    36    4   20.8  29.8    O      -    34       2
    25  p0    63    4   83.8  39.4    O      -     0       -
    26  p0    16    4   16.2  60.6    O      -     0       -
    27  p0    34    4   79.2  70.2    O      -     0       -
[POLICY]  attack_budget per source
   src=  2  budget=3
   src=  3  budget=15
   src=  6  budget=11
   src=  7  budget=14
   src=  8  budget=0
   src= 10  budget=10
   src= 11  budget=15
   src= 12  budget=17
   src= 13  budget=0
   src= 18  budget=0
   src= 19  budget=20
   src= 20  budget=0
   src= 21  budget=0
   src= 24  budget=2
[MISSIONS]  N=0  (sorted by score desc)
   (none)
[MOVES]  N=4
   src=  8  angle= -62.09°  ships=   8   tgt=27 (own=p0, ships=34, eta=12)
   src= 18  angle= +96.85°  ships=  18   tgt=13 (own=me, ships=9, eta=10)
   src= 19  angle= +57.34°  ships=  12   tgt=24 (own=me, ships=36, eta=6)
   src= 12  angle= +20.70°  ships=  10   tgt=21 (own=me, ships=38, eta=29)

===== TURN 113  player=1  ts=2026-05-01 11:10:19  planets=28  fleets=33  =====
[GLOBAL]
   my_total=694  enemy_total=798  my_prod=26  enemy_prod=42
   my_planets=12  enemy_planets=16  neutral=0  4p=False
   step=113  remaining=387  is_early=False  is_opening=False  is_late=False  is_very_late=False  is_total_war=False
[MODES]
   domination=-0.070  is_behind=False  is_ahead=False  is_dominating=False  is_finishing=False  attack_margin_mult=1.00
[PLANETS]
   pid own ships prod    x      y    type fall_t keep_n first_en
     0  p0   128    3   93.1  81.8    S      -     0       -
     1  p0    46    3    6.9  81.8    S      -     0       -
     2  me    21    3   93.1  18.2    S      -     0       -
     3  me    18    3    6.9  18.2    S      -     0       -
     4  p0    30    2   91.4  96.5    S      -     0       -
     5  p0    27    2    8.6  96.5    S      -     0       -
     6  me    28    2   91.4   3.5    S      -     0       -
     7  me    16    2    8.6   3.5    S      -     0       -
     8  p0    34    2   58.0  98.0    S      -     0       -
     9  p0    63    2   42.0  98.0    S      -     0       -
    10  me    27    2   58.0   2.0    S      -     0       -
    11  me    17    2   42.0   2.0    S      -     0       -
    12  me    24    2   32.1  24.1    O      -     0       -
    13  me    30    2   75.9  32.1    O      -     0       -
    14  p0    42    2   24.1  67.9    O      -     0       -
    15  p0    13    2   67.9  75.9    O      -     0       -
    16  p0    39    2   82.9  87.2    S      -     0       -
    17  p0    27    2   17.1  87.2    S      -     0       -
    18  me     2    2   82.9  12.8    S     11     2      11
    19  me    10    2   17.1  12.8    S      -     0       -
    20  me     8    2   40.1  13.9    O      -     6      10
    21  me    54    2   71.9  19.7    O      -     0       -
    22  p0    55    2   28.1  80.3    O      -     0       -
    23  p0    10    2   59.9  86.1    O      -     0       -
    24  p0     2    4   21.4  29.0    O      -     0       -
    25  p0    67    4   84.1  40.4    O      -     0       -
    26  p0    20    4   15.9  59.6    O      -     0       -
    27  p0     8    4   78.6  71.0    O      -     0       -
[POLICY]  attack_budget per source
   src=  2  budget=5
   src=  3  budget=18
   src=  6  budget=12
   src=  7  budget=16
   src= 10  budget=11
   src= 11  budget=17
   src= 12  budget=8
   src= 13  budget=0
   src= 18  budget=0
   src= 19  budget=10
   src= 20  budget=0
   src= 21  budget=6
[MISSIONS]  N=0  (sorted by score desc)
   (none)
[MOVES]  N=2
   src= 11  angle= +71.61°  ships=  10   tgt=20 (own=me, ships=8, eta=5)
   src=  3  angle=  +0.38°  ships=  11   tgt=12 (own=me, ships=24, eta=19)

===== TURN 114  player=1  ts=2026-05-01 11:10:19  planets=28  fleets=28  =====
[GLOBAL]
   my_total=709  enemy_total=829  my_prod=26  enemy_prod=42
   my_planets=12  enemy_planets=16  neutral=0  4p=False
   step=114  remaining=386  is_early=False  is_opening=False  is_late=False  is_very_late=False  is_total_war=False
[MODES]
   domination=-0.078  is_behind=False  is_ahead=False  is_dominating=False  is_finishing=False  attack_margin_mult=1.00
[PLANETS]
   pid own ships prod    x      y    type fall_t keep_n first_en
     0  p0   131    3   93.1  81.8    S      -     0       -
     1  p0    49    3    6.9  81.8    S      -     0       -
     2  me    24    3   93.1  18.2    S      -     0       -
     3  me    10    3    6.9  18.2    S      -     0       -
     4  p0    32    2   91.4  96.5    S      -     0       -
     5  p0    29    2    8.6  96.5    S      -     0       -
     6  me    30    2   91.4   3.5    S      -     0       -
     7  me    18    2    8.6   3.5    S      -     0       -
     8  p0    36    2   58.0  98.0    S      -     0       -
     9  p0    54    2   42.0  98.0    S      -     0       -
    10  me    29    2   58.0   2.0    S      -     0       -
    11  me     9    2   42.0   2.0    S      -     0       -
    12  me    37    2   32.8  23.6    O      -     0       -
    13  me    61    2   76.4  32.8    O      -     0       -
    14  p0    44    2   23.6  67.2    O      -     0       -
    15  p0    24    2   67.2  76.4    O      -     0       -
    16  p0    41    2   82.9  87.2    S      -     0       -
    17  p0    29    2   17.1  87.2    S      -     0       -
    18  me     4    2   82.9  12.8    S     10     4      10
    19  me    37    2   17.1  12.8    S      -     0       -
    20  me    24    2   41.2  13.6    O      -    22       9
    21  me    56    2   72.8  20.4    O      -     0       -
    22  p0    57    2   27.2  79.6    O      -     0       -
    23  p0    12    2   58.8  86.4    O      -     0       -
    24  p0     6    4   22.1  28.1    O      -     0       -
    25  p0    71    4   84.4  41.4    O      -     0       -
    26  p0    24    4   15.6  58.6    O      -     0       -
    27  p0    12    4   77.9  71.9    O      -     0       -
[POLICY]  attack_budget per source
   src=  2  budget=7
   src=  3  budget=9
   src=  6  budget=13
   src=  7  budget=18
   src= 10  budget=12
   src= 11  budget=9
   src= 12  budget=19
   src= 13  budget=24
   src= 18  budget=0
   src= 19  budget=36
   src= 20  budget=2
   src= 21  budget=7
[MISSIONS]  N=2  (sorted by score desc)
   #0  single         score=  +143.45  src=[12]→tgt= 24  turns=  3  need=  19  cap=  19
   #1  single         score=   +83.14  src=[19]→tgt= 24  turns=  4  need=  23  cap=  34
[MOVES]  N=3
   src= 12  angle=+165.95°  ships=  19   tgt=24 (own=p0, ships=6, eta=3)
   src=  7  angle= +47.76°  ships=  11   tgt=19 (own=me, ships=37, eta=5)
   src= 19  angle= +17.03°  ships=  22   tgt=12 (own=me, ships=37, eta=9)

===== TURN 115  player=1  ts=2026-05-01 11:10:19  planets=28  fleets=28  =====
[GLOBAL]
   my_total=701  enemy_total=837  my_prod=26  enemy_prod=42
   my_planets=12  enemy_planets=16  neutral=0  4p=False
   step=115  remaining=385  is_early=False  is_opening=False  is_late=False  is_very_late=False  is_total_war=False
[MODES]
   domination=-0.088  is_behind=False  is_ahead=False  is_dominating=False  is_finishing=False  attack_margin_mult=1.00
[PLANETS]
   pid own ships prod    x      y    type fall_t keep_n first_en
     0  p0   100    3   93.1  81.8    S      -     0       -
     1  p0    52    3    6.9  81.8    S      -     0       -
     2  me    27    3   93.1  18.2    S      -     0       -
     3  me    13    3    6.9  18.2    S      -     0       -
     4  p0    34    2   91.4  96.5    S      -     0       -
     5  p0    31    2    8.6  96.5    S      -     0       -
     6  me    43    2   91.4   3.5    S      -     0       -
     7  me     9    2    8.6   3.5    S      -     0       -
     8  p0    38    2   58.0  98.0    S      -     0       -
     9  p0    56    2   42.0  98.0    S      -     0       -
    10  me    31    2   58.0   2.0    S      -     0       -
    11  me    11    2   42.0   2.0    S      -     0       -
    12  me    20    2   33.6  23.1    O      -     0       -
    13  me    63    2   76.9  33.6    O      -     0       -
    14  p0    46    2   23.1  66.4    O      -     0       -
    15  p0    26    2   66.4  76.9    O      -     0       -
    16  p0    43    2   82.9  87.2    S      -     0       -
    17  p0    31    2   17.1  87.2    S      -     0       -
    18  me     6    2   82.9  12.8    S      9     6       9
    19  me    17    2   17.1  12.8    S      -     0       -
    20  me    26    2   42.3  13.4    O      -    24       8
    21  me    73    2   73.7  21.0    O      -     0       -
    22  p0    59    2   26.3  79.0    O      -     0       -
    23  p0    14    2   57.7  86.6    O      -     0       -
    24  p0    10    4   22.7  27.3    O      -     0       -
    25  p0    75    4   84.6  42.4    O      -     0       -
    26  p0    28    4   15.4  57.6    O      -     0       -
    27  p0    16    4   77.3  72.7    O      -     0       -
[POLICY]  attack_budget per source
   src=  2  budget=9
   src=  3  budget=7
   src=  6  budget=25
   src=  7  budget=7
   src= 10  budget=13
   src= 11  budget=11
   src= 12  budget=2
   src= 13  budget=23
   src= 18  budget=0
   src= 19  budget=15
   src= 20  budget=2
   src= 21  budget=30
[MISSIONS]  N=0  (sorted by score desc)
   (none)
[MOVES]  N=2
   src=  6  angle=+132.24°  ships=  15   tgt=18 (own=me, ships=6, eta=5)
   src= 21  angle= +71.91°  ships=  18   tgt=13 (own=me, ships=63, eta=7)

===== TURN 116  player=1  ts=2026-05-01 11:10:19  planets=28  fleets=29  =====
[GLOBAL]
   my_total=711  enemy_total=863  my_prod=26  enemy_prod=42
   my_planets=12  enemy_planets=16  neutral=0  4p=False
   step=116  remaining=384  is_early=False  is_opening=False  is_late=False  is_very_late=False  is_total_war=False
[MODES]
   domination=-0.097  is_behind=False  is_ahead=False  is_dominating=False  is_finishing=False  attack_margin_mult=1.00
[PLANETS]
   pid own ships prod    x      y    type fall_t keep_n first_en
     0  p0   103    3   93.1  81.8    S      -     0       -
     1  p0    55    3    6.9  81.8    S      -     0       -
     2  me    30    3   93.1  18.2    S      -     0       -
     3  me    16    3    6.9  18.2    S      -     0       -
     4  p0    36    2   91.4  96.5    S      -     0       -
     5  p0    33    2    8.6  96.5    S      -     0       -
     6  me    30    2   91.4   3.5    S      -     0       -
     7  me    11    2    8.6   3.5    S      -     0       -
     8  p0    40    2   58.0  98.0    S      -     0       -
     9  p0    42    2   42.0  98.0    S      -     0       -
    10  me    33    2   58.0   2.0    S      -     0       -
    11  me    13    2   42.0   2.0    S      -     0       -
    12  me    22    2   34.4  22.6    O      -     0       -
    13  me    65    2   77.4  34.4    O      2    65       2
    14  p0    48    2   22.6  65.6    O      -     0       -
    15  p0    28    2   65.6  77.4    O      -     0       -
    16  p0    45    2   82.9  87.2    S      -     0       -
    17  p0    33    2   17.1  87.2    S      -     0       -
    18  me     8    2   82.9  12.8    S      -     0       -
    19  me    19    2   17.1  12.8    S      -     0       -
    20  me    28    2   43.4  13.2    O      -    24       8
    21  me    57    2   74.5  21.8    O      -     0       -
    22  p0    61    2   25.5  78.2    O      -     0       -
    23  p0    16    2   56.6  86.8    O      -     0       -
    24  p0    14    4   23.4  26.5    O      -     0       -
    25  p0    79    4   84.8  43.4    O      -     0       -
    26  p0    32    4   15.2  56.6    O      -     0       -
    27  p0    20    4   76.6  73.5    O      -     0       -
[POLICY]  attack_budget per source
   src=  2  budget=12
   src=  3  budget=9
   src=  6  budget=12
   src=  7  budget=8
   src= 10  budget=15
   src= 11  budget=10
   src= 12  budget=4
   src= 13  budget=0
   src= 18  budget=0
   src= 19  budget=16
   src= 20  budget=4
   src= 21  budget=12
[MISSIONS]  N=0  (sorted by score desc)
   (none)
[MOVES]  N=1
   src= 13  angle= +84.01°  ships=  40   tgt=16 (own=p0, ships=45, eta=17)

===== TURN 117  player=1  ts=2026-05-01 11:10:19  planets=28  fleets=26  =====
[GLOBAL]
   my_total=702  enemy_total=870  my_prod=30  enemy_prod=38
   my_planets=13  enemy_planets=15  neutral=0  4p=False
   step=117  remaining=383  is_early=False  is_opening=False  is_late=False  is_very_late=False  is_total_war=False
[MODES]
   domination=-0.107  is_behind=False  is_ahead=False  is_dominating=False  is_finishing=False  attack_margin_mult=1.00
[PLANETS]
   pid own ships prod    x      y    type fall_t keep_n first_en
     0  p0   106    3   93.1  81.8    S      -     0       -
     1  p0    58    3    6.9  81.8    S      -     0       -
     2  me    33    3   93.1  18.2    S      -     0       -
     3  me    19    3    6.9  18.2    S      -     0       -
     4  p0    38    2   91.4  96.5    S      -     0       -
     5  p0    35    2    8.6  96.5    S      -     0       -
     6  me    54    2   91.4   3.5    S      -     0       -
     7  me    13    2    8.6   3.5    S      -     0       -
     8  p0    42    2   58.0  98.0    S      -     0       -
     9  p0    44    2   42.0  98.0    S      -     0       -
    10  me    35    2   58.0   2.0    S      -     0       -
    11  me    15    2   42.0   2.0    S      -     0       -
    12  me    24    2   35.2  22.2    O      -     0       -
    13  me    27    2   77.8  35.2    O      1    27       1
    14  p0    50    2   22.2  64.8    O      -     0       -
    15  p0    30    2   64.8  77.8    O      -     0       -
    16  p0    30    2   82.9  87.2    S      -     0       -
    17  p0    35    2   17.1  87.2    S      -     0       -
    18  me    10    2   82.9  12.8    S      -     0       -
    19  me    21    2   17.1  12.8    S      -     0       -
    20  me    30    2   44.5  13.0    O      -     0       -
    21  me    59    2   75.4  22.5    O      -     0       -
    22  p0    63    2   24.6  77.5    O      -     0       -
    23  p0    18    2   55.5  87.0    O      -     0       -
    24  me     1    4   24.1  25.7    O      -     0       -
    25  p0    83    4   85.0  44.5    O      -     0       -
    26  p0    36    4   15.0  55.5    O      -     0       -
    27  p0    24    4   75.9  74.3    O      -     0       -
[POLICY]  attack_budget per source
   src=  2  budget=14
   src=  3  budget=11
   src=  6  budget=35
   src=  7  budget=13
   src= 10  budget=16
   src= 11  budget=15
   src= 12  budget=5
   src= 13  budget=0
   src= 18  budget=0
   src= 19  budget=13
   src= 20  budget=11
   src= 21  budget=17
   src= 24  budget=0
[MISSIONS]  N=0  (sorted by score desc)
   (none)
[MOVES]  N=3
   src= 13  angle= -90.80°  ships=  27   tgt=21 (own=me, ships=59, eta=3)
   src=  6  angle=+132.24°  ships=  21   tgt=18 (own=me, ships=10, eta=4)
   src= 21  angle= +75.46°  ships=  10   tgt=13 (own=me, ships=27, eta=10)

===== TURN 118  player=1  ts=2026-05-01 11:10:20  planets=28  fleets=27  =====
[GLOBAL]
   my_total=730  enemy_total=906  my_prod=28  enemy_prod=40
   my_planets=12  enemy_planets=16  neutral=0  4p=False
   step=118  remaining=382  is_early=False  is_opening=False  is_late=False  is_very_late=False  is_total_war=False
[MODES]
   domination=-0.108  is_behind=False  is_ahead=False  is_dominating=False  is_finishing=False  attack_margin_mult=1.00
[PLANETS]
   pid own ships prod    x      y    type fall_t keep_n first_en
     0  p0    92    3   93.1  81.8    S      -     0       -
     1  p0    61    3    6.9  81.8    S      -     0       -
     2  me    36    3   93.1  18.2    S      -     0       -
     3  me    22    3    6.9  18.2    S      -     0       -
     4  p0    40    2   91.4  96.5    S      -     0       -
     5  p0    37    2    8.6  96.5    S      -     0       -
     6  me    35    2   91.4   3.5    S      -     0       -
     7  me    15    2    8.6   3.5    S      -     0       -
     8  p0    44    2   58.0  98.0    S      -     0       -
     9  p0    46    2   42.0  98.0    S      -     0       -
    10  me    37    2   58.0   2.0    S      -     0       -
    11  me    17    2   42.0   2.0    S      -     0       -
    12  me    26    2   36.1  21.7    O      2    26       2
    13  p0    92    2   78.3  36.1    O      -     0       -
    14  p0    52    2   21.7  63.9    O      -     0       -
    15  p0    32    2   63.9  78.3    O      -     0       -
    16  p0    32    2   82.9  87.2    S      -     0       -
    17  p0    37    2   17.1  87.2    S      -     0       -
    18  me    12    2   82.9  12.8    S      -     0       -
    19  me    23    2   17.1  12.8    S      -     0       -
    20  me    42    2   45.6  12.9    O      -     0       -
    21  me    51    2   76.2  23.3    O      -     0       -
    22  p0    65    2   23.8  76.7    O      -     0       -
    23  p0    20    2   54.4  87.1    O      -     0       -
    24  me    17    4   24.9  25.0    O      -     0       -
    25  p0    87    4   85.2  45.5    O      -     0       -
    26  p0    40    4   14.8  54.5    O      -     0       -
    27  p0    28    4   75.1  75.0    O      -     0       -
[POLICY]  attack_budget per source
   src=  2  budget=0
   src=  3  budget=0
   src=  6  budget=0
   src=  7  budget=15
   src= 10  budget=15
   src= 11  budget=0
   src= 12  budget=0
   src= 18  budget=0
   src= 19  budget=14
   src= 20  budget=0
   src= 21  budget=2
   src= 24  budget=0
[MISSIONS]  N=0  (sorted by score desc)
   (none)
[MOVES]  N=1
   src= 12  angle= +22.29°  ships=  26   tgt=21 (own=me, ships=51, eta=20)

===== TURN 119  player=1  ts=2026-05-01 11:10:20  planets=28  fleets=27  =====
[GLOBAL]
   my_total=758  enemy_total=946  my_prod=28  enemy_prod=40
   my_planets=12  enemy_planets=16  neutral=0  4p=False
   step=119  remaining=381  is_early=False  is_opening=False  is_late=False  is_very_late=False  is_total_war=False
[MODES]
   domination=-0.110  is_behind=False  is_ahead=False  is_dominating=False  is_finishing=False  attack_margin_mult=1.00
[PLANETS]
   pid own ships prod    x      y    type fall_t keep_n first_en
     0  p0    95    3   93.1  81.8    S      -     0       -
     1  p0    64    3    6.9  81.8    S      -     0       -
     2  me    39    3   93.1  18.2    S      -     0       -
     3  me    25    3    6.9  18.2    S      -     0       -
     4  p0    42    2   91.4  96.5    S      -     0       -
     5  p0    39    2    8.6  96.5    S      -     0       -
     6  me    37    2   91.4   3.5    S      -     0       -
     7  me    17    2    8.6   3.5    S      -     0       -
     8  p0    46    2   58.0  98.0    S      -     0       -
     9  p0    48    2   42.0  98.0    S      -     0       -
    10  me    39    2   58.0   2.0    S      -     0       -
    11  me    19    2   42.0   2.0    S      -     0       -
    12  me     2    2   36.9  21.3    O      1     2       1
    13  p0    94    2   78.7  36.9    O      -     0       -
    14  p0    54    2   21.3  63.1    O      -     0       -
    15  p0    34    2   63.1  78.7    O      -     0       -
    16  p0    34    2   82.9  87.2    S      -     0       -
    17  p0    39    2   17.1  87.2    S      -     0       -
    18  me    14    2   82.9  12.8    S      -     0       -
    19  me    36    2   17.1  12.8    S      -     0       -
    20  me    44    2   46.7  12.7    O      -     0       -
    21  me    53    2   76.9  24.1    O      -     0       -
    22  p0    67    2   23.1  75.9    O      -     0       -
    23  p0    22    2   53.3  87.3    O      -     0       -
    24  me    21    4   25.6  24.3    O      -     0       -
    25  p0    91    4   85.3  46.6    O      -     0       -
    26  p0    44    4   14.7  53.4    O      -     0       -
    27  p0    32    4   74.4  75.7    O      -     0       -
[POLICY]  attack_budget per source
   src=  2  budget=0
   src=  3  budget=2
   src=  6  budget=0
   src=  7  budget=17
   src= 10  budget=0
   src= 11  budget=0
   src= 12  budget=0
   src= 18  budget=0
   src= 19  budget=26
   src= 20  budget=0
   src= 21  budget=1
   src= 24  budget=0
[MISSIONS]  N=0  (sorted by score desc)
   (none)
[MOVES]  N=2
   src=  7  angle= +96.65°  ships=  10   tgt=3 (own=me, ships=25, eta=6)
   src= 19  angle= +32.72°  ships=  16   tgt=24 (own=me, ships=21, eta=5)

===== TURN 120  player=1  ts=2026-05-01 11:10:20  planets=28  fleets=26  =====
[GLOBAL]
   my_total=782  enemy_total=982  my_prod=26  enemy_prod=42
   my_planets=11  enemy_planets=17  neutral=0  4p=False
   step=120  remaining=380  is_early=False  is_opening=False  is_late=False  is_very_late=False  is_total_war=False
[MODES]
   domination=-0.113  is_behind=False  is_ahead=False  is_dominating=False  is_finishing=False  attack_margin_mult=1.00
[PLANETS]
   pid own ships prod    x      y    type fall_t keep_n first_en
     0  p0    98    3   93.1  81.8    S      -     0       -
     1  p0    67    3    6.9  81.8    S      -     0       -
     2  me    42    3   93.1  18.2    S      -     0       -
     3  me    28    3    6.9  18.2    S      -     0       -
     4  p0    44    2   91.4  96.5    S      -     0       -
     5  p0    41    2    8.6  96.5    S      -     0       -
     6  me    39    2   91.4   3.5    S      -     0       -
     7  me     9    2    8.6   3.5    S      -     0       -
     8  p0    48    2   58.0  98.0    S      -     0       -
     9  p0    50    2   42.0  98.0    S      -     0       -
    10  me    41    2   58.0   2.0    S      -     0       -
    11  me    21    2   42.0   2.0    S      -     0       -
    12  p0    36    2   37.8  21.0    O      -     0       -
    13  p0    96    2   79.0  37.8    O      -     0       -
    14  p0    56    2   21.0  62.2    O      -     0       -
    15  p0    36    2   62.2  79.0    O      -     0       -
    16  p0    36    2   82.9  87.2    S      -     0       -
    17  p0    41    2   17.1  87.2    S      -     0       -
    18  me    31    2   82.9  12.8    S      -     0       -
    19  me    22    2   17.1  12.8    S      -     0       -
    20  me    46    2   47.8  12.7    O      -     0       -
    21  me    82    2   77.7  24.9    O      -     0       -
    22  p0    69    2   22.3  75.1    O      -     0       -
    23  p0    24    2   52.2  87.3    O      -     0       -
    24  me    25    4   26.4  23.5    O      -     0       -
    25  p0    95    4   85.4  47.6    O      -     0       -
    26  p0    48    4   14.6  52.4    O      -     0       -
    27  p0    36    4   73.6  76.5    O      -     0       -
[POLICY]  attack_budget per source
   src=  2  budget=0
   src=  3  budget=8
   src=  6  budget=0
   src=  7  budget=1
   src= 10  budget=0
   src= 11  budget=0
   src= 18  budget=0
   src= 19  budget=11
   src= 20  budget=0
   src= 21  budget=28
   src= 24  budget=0
[MISSIONS]  N=1  (sorted by score desc)
   #0  single         score=   +72.84  src=[21]→tgt= 16  turns= 23  need=  26  cap=  28
[MOVES]  N=1
   src= 21  angle= +85.21°  ships=  28   tgt=13 (own=p0, ships=96, eta=6)

===== TURN 121  player=1  ts=2026-05-01 11:10:20  planets=28  fleets=23  =====
[GLOBAL]
   my_total=778  enemy_total=994  my_prod=26  enemy_prod=42
   my_planets=11  enemy_planets=17  neutral=0  4p=False
   step=121  remaining=379  is_early=False  is_opening=False  is_late=False  is_very_late=False  is_total_war=False
[MODES]
   domination=-0.122  is_behind=False  is_ahead=False  is_dominating=False  is_finishing=False  attack_margin_mult=1.00
[PLANETS]
   pid own ships prod    x      y    type fall_t keep_n first_en
     0  p0   101    3   93.1  81.8    S      -     0       -
     1  p0    70    3    6.9  81.8    S      -     0       -
     2  me    45    3   93.1  18.2    S      -     0       -
     3  me    31    3    6.9  18.2    S      -     0       -
     4  p0    46    2   91.4  96.5    S      -     0       -
     5  p0    43    2    8.6  96.5    S      -     0       -
     6  me    41    2   91.4   3.5    S      -     0       -
     7  me    11    2    8.6   3.5    S      -     0       -
     8  p0    50    2   58.0  98.0    S      -     0       -
     9  p0    52    2   42.0  98.0    S      -     0       -
    10  me    43    2   58.0   2.0    S      -     0       -
    11  me    23    2   42.0   2.0    S      -     0       -
    12  p0    38    2   38.6  20.6    O      -     0       -
    13  p0    68    2   79.4  38.6    O      -     0       -
    14  p0    58    2   20.6  61.4    O      -     0       -
    15  p0    38    2   61.4  79.4    O      -     0       -
    16  p0    55    2   82.9  87.2    S      -     0       -
    17  p0    43    2   17.1  87.2    S      -     0       -
    18  me    54    2   82.9  12.8    S      -     0       -
    19  me    24    2   17.1  12.8    S      -     0       -
    20  me    48    2   48.9  12.6    O      -     0       -
    21  me    56    2   78.4  25.7    O      -     0       -
    22  p0    71    2   21.6  74.3    O      -     0       -
    23  p0    26    2   51.1  87.4    O      -     0       -
    24  me    29    4   27.2  22.9    O      -     0       -
    25  p0    99    4   85.4  48.7    O      -     0       -
    26  p0    52    4   14.6  51.3    O      -     0       -
    27  p0    40    4   72.8  77.1    O      -     0       -
[POLICY]  attack_budget per source
   src=  2  budget=5
   src=  3  budget=0
   src=  6  budget=1
   src=  7  budget=0
   src= 10  budget=3
   src= 11  budget=14
   src= 18  budget=14
   src= 19  budget=0
   src= 20  budget=8
   src= 21  budget=7
   src= 24  budget=0
[MISSIONS]  N=1  (sorted by score desc)
   #0  single         score=   +63.22  src=[18]→tgt= 13  turns= 18  need=  11  cap=  14
[MOVES]  N=1
   src= 18  angle= +92.50°  ships=  14   tgt=21 (own=me, ships=56, eta=8)

===== TURN 122  player=1  ts=2026-05-01 11:10:20  planets=28  fleets=20  =====
[GLOBAL]
   my_total=742  enemy_total=974  my_prod=26  enemy_prod=42
   my_planets=11  enemy_planets=17  neutral=0  4p=False
   step=122  remaining=378  is_early=False  is_opening=False  is_late=False  is_very_late=False  is_total_war=False
[MODES]
   domination=-0.135  is_behind=False  is_ahead=False  is_dominating=False  is_finishing=False  attack_margin_mult=1.00
[PLANETS]
   pid own ships prod    x      y    type fall_t keep_n first_en
     0  p0   104    3   93.1  81.8    S      -     0       -
     1  p0    73    3    6.9  81.8    S      -     0       -
     2  me    48    3   93.1  18.2    S      -     0       -
     3  me    34    3    6.9  18.2    S      -     0       -
     4  p0    48    2   91.4  96.5    S      -     0       -
     5  p0    45    2    8.6  96.5    S      -     0       -
     6  me    43    2   91.4   3.5    S      -     0       -
     7  me    13    2    8.6   3.5    S      -     0       -
     8  p0    52    2   58.0  98.0    S      -     0       -
     9  p0    54    2   42.0  98.0    S      -     0       -
    10  me    45    2   58.0   2.0    S      -     0       -
    11  me    25    2   42.0   2.0    S      -     0       -
    12  p0    18    2   39.5  20.3    O      -     0       -
    13  p0    40    2   79.7  39.5    O      -     0       -
    14  p0    60    2   20.3  60.5    O      -     0       -
    15  p0    40    2   60.5  79.7    O      -     0       -
    16  p0    57    2   82.9  87.2    S      -     0       -
    17  p0    45    2   17.1  87.2    S      -     0       -
    18  me    42    2   82.9  12.8    S      -     0       -
    19  me    26    2   17.1  12.8    S      -     0       -
    20  me    50    2   50.0  12.6    O      -     0       -
    21  me    58    2   79.1  26.6    O      -     0       -
    22  p0    73    2   20.9  73.4    O      -     0       -
    23  p0    18    2   50.0  87.4    O      -     0       -
    24  me    33    4   28.0  22.2    O      -     0       -
    25  p0   103    4   85.5  49.7    O      -     0       -
    26  p0    56    4   14.5  50.3    O      -     0       -
    27  p0    44    4   72.0  77.8    O      -     0       -
[POLICY]  attack_budget per source
   src=  2  budget=14
   src=  3  budget=16
   src=  6  budget=9
   src=  7  budget=0
   src= 10  budget=11
   src= 11  budget=21
   src= 18  budget=8
   src= 19  budget=0
   src= 20  budget=21
   src= 21  budget=7
   src= 24  budget=0
[MISSIONS]  N=2  (sorted by score desc)
   #0  single         score=   +66.15  src=[2]→tgt= 13  turns= 16  need=   9  cap=  14
   #1  single         score=   +45.34  src=[20]→tgt= 13  turns= 22  need=  21  cap=  21
[MOVES]  N=2
   src=  2  angle=+108.30°  ships=  14   tgt=13 (own=p0, ships=40, eta=16)
   src= 11  angle= +34.71°  ships=  13   tgt=20 (own=me, ships=50, eta=8)

===== TURN 123  player=1  ts=2026-05-01 11:10:20  planets=28  fleets=24  =====
[GLOBAL]
   my_total=768  enemy_total=1016  my_prod=26  enemy_prod=42
   my_planets=11  enemy_planets=17  neutral=0  4p=False
   step=123  remaining=377  is_early=False  is_opening=False  is_late=False  is_very_late=False  is_total_war=False
[MODES]
   domination=-0.139  is_behind=False  is_ahead=False  is_dominating=False  is_finishing=False  attack_margin_mult=1.00
[PLANETS]
   pid own ships prod    x      y    type fall_t keep_n first_en
     0  p0   107    3   93.1  81.8    S      -     0       -
     1  p0    76    3    6.9  81.8    S      -     0       -
     2  me    37    3   93.1  18.2    S      -     0       -
     3  me    37    3    6.9  18.2    S      -     0       -
     4  p0    50    2   91.4  96.5    S      -     0       -
     5  p0    47    2    8.6  96.5    S      -     0       -
     6  me    45    2   91.4   3.5    S      -     0       -
     7  me    15    2    8.6   3.5    S      -     0       -
     8  p0    54    2   58.0  98.0    S      -     0       -
     9  p0    56    2   42.0  98.0    S      -     0       -
    10  me    47    2   58.0   2.0    S      -     0       -
    11  me    14    2   42.0   2.0    S      -     0       -
    12  p0    20    2   40.4  20.0    O      -     0       -
    13  p0     2    2   80.0  40.4    O      -     0       -
    14  p0    62    2   20.0  59.6    O      -     0       -
    15  p0    42    2   59.6  80.0    O      -     0       -
    16  p0    59    2   82.9  87.2    S      -     0       -
    17  p0    47    2   17.1  87.2    S      -     0       -
    18  me    44    2   82.9  12.8    S      -     0       -
    19  me    28    2   17.1  12.8    S      -     0       -
    20  me    52    2   51.1  12.6    O      -     0       -
    21  me    60    2   79.8  27.4    O      -    34       3
    22  p0    75    2   20.2  72.6    O      -     0       -
    23  p0    20    2   48.9  87.4    O      -     0       -
    24  me    37    4   28.8  21.6    O      -     0       -
    25  p0    78    4   85.4  50.8    O      -     0       -
    26  p0    60    4   14.6  49.2    O      -     0       -
    27  p0    48    4   71.2  78.4    O      -     0       -
[POLICY]  attack_budget per source
   src=  2  budget=19
   src=  3  budget=8
   src=  6  budget=27
   src=  7  budget=0
   src= 10  budget=43
   src= 11  budget=10
   src= 18  budget=26
   src= 19  budget=9
   src= 20  budget=13
   src= 21  budget=8
   src= 24  budget=8
[MISSIONS]  N=2  (sorted by score desc)
   #0  swarm          score=   +54.60  src=[2,18]→tgt= 16  turns= 28  need=  84  cap=  45
   #1  single         score=   +43.44  src=[10]→tgt= 12  turns=  7  need=  24  cap=  31
[MOVES]  N=4
   src= 10  angle=+124.00°  ships=  31   tgt=12 (own=p0, ships=20, eta=7)
   src=  6  angle=+132.24°  ships=  16   tgt=18 (own=me, ships=44, eta=5)
   src= 18  angle= +85.59°  ships=  16   tgt=21 (own=me, ships=60, eta=9)
   src=  2  angle=+117.71°  ships=  11   tgt=21 (own=me, ships=60, eta=8)

===== TURN 124  player=1  ts=2026-05-01 11:10:21  planets=28  fleets=24  =====
[GLOBAL]
   my_total=735  enemy_total=999  my_prod=26  enemy_prod=42
   my_planets=11  enemy_planets=17  neutral=0  4p=False
   step=124  remaining=376  is_early=False  is_opening=False  is_late=False  is_very_late=False  is_total_war=False
[MODES]
   domination=-0.152  is_behind=False  is_ahead=False  is_dominating=False  is_finishing=False  attack_margin_mult=1.00
[PLANETS]
   pid own ships prod    x      y    type fall_t keep_n first_en
     0  p0    79    3   93.1  81.8    S      -     0       -
     1  p0    79    3    6.9  81.8    S      -     0       -
     2  me    29    3   93.1  18.2    S      -     0       -
     3  me    40    3    6.9  18.2    S      -     0       -
     4  p0    52    2   91.4  96.5    S      -     0       -
     5  p0    49    2    8.6  96.5    S      -     0       -
     6  me    31    2   91.4   3.5    S      -     0       -
     7  me    17    2    8.6   3.5    S      -     0       -
     8  p0    56    2   58.0  98.0    S      -     0       -
     9  p0    58    2   42.0  98.0    S      -     0       -
    10  me    18    2   58.0   2.0    S      -     0       -
    11  me    16    2   42.0   2.0    S      -     0       -
    12  p0    22    2   41.3  19.7    O      -     0       -
    13  p0     4    2   80.3  41.3    O      -     0       -
    14  p0    64    2   19.7  58.7    O      -     0       -
    15  p0    44    2   58.7  80.3    O      -     0       -
    16  p0    41    2   82.9  87.2    S      -     0       -
    17  p0    49    2   17.1  87.2    S      -     0       -
    18  me    30    2   82.9  12.8    S      -     0       -
    19  me    30    2   17.1  12.8    S      -     0       -
    20  me    54    2   52.2  12.7    O      -     0       -
    21  me    62    2   80.5  28.3    O      -    38       1
    22  p0    77    2   19.5  71.7    O      -     0       -
    23  p0    22    2   47.8  87.3    O      -     0       -
    24  me    57    4   29.7  20.9    O      -     0       -
    25  p0     9    4   85.4  51.8    O      -     0       -
    26  p0    64    4   14.6  48.2    O      -     0       -
    27  p0    44    4   70.3  79.1    O      -     0       -
[POLICY]  attack_budget per source
   src=  2  budget=29
   src=  3  budget=20
   src=  6  budget=31
   src=  7  budget=0
   src= 10  budget=13
   src= 11  budget=11
   src= 18  budget=30
   src= 19  budget=0
   src= 20  budget=26
   src= 21  budget=20
   src= 24  budget=27
[MISSIONS]  N=4  (sorted by score desc)
   #0  single         score=  +116.48  src=[2]→tgt= 13  turns= 15  need=  19  cap=  20
   #1  single         score=  +106.79  src=[18]→tgt= 13  turns= 16  need=  21  cap=  22
   #2  single         score=   +77.95  src=[6]→tgt= 13  turns= 20  need=  29  cap=  31
   #3  single         score=   +50.69  src=[24]→tgt= 12  turns=  5  need=  22  cap=  27
[MOVES]  N=5
   src=  2  angle=+108.07°  ships=  20   tgt=13 (own=p0, ships=4, eta=15)
   src= 18  angle= +92.36°  ships=  30   tgt=13 (own=p0, ships=4, eta=14)
   src= 24  angle=  -7.68°  ships=  27   tgt=12 (own=p0, ships=22, eta=5)
   src=  6  angle=+132.24°  ships=  19   tgt=18 (own=me, ships=30, eta=4)
   src=  3  angle=  -5.06°  ships=  12   tgt=24 (own=me, ships=57, eta=17)

===== TURN 125  player=1  ts=2026-05-01 11:10:21  planets=28  fleets=25  =====
[GLOBAL]
   my_total=712  enemy_total=992  my_prod=26  enemy_prod=42
   my_planets=11  enemy_planets=17  neutral=0  4p=False
   step=125  remaining=375  is_early=False  is_opening=False  is_late=False  is_very_late=False  is_total_war=False
[MODES]
   domination=-0.164  is_behind=False  is_ahead=False  is_dominating=False  is_finishing=False  attack_margin_mult=1.00
[PLANETS]
   pid own ships prod    x      y    type fall_t keep_n first_en
     0  p0    82    3   93.1  81.8    S      -     0       -
     1  p0    82    3    6.9  81.8    S      -     0       -
     2  me    12    3   93.1  18.2    S      -     0       -
     3  me    41    3    6.9  18.2    S      -     0       -
     4  p0    54    2   91.4  96.5    S      -     0       -
     5  p0    51    2    8.6  96.5    S      -     0       -
     6  me    14    2   91.4   3.5    S      -     0       -
     7  me    19    2    8.6   3.5    S      -     0       -
     8  p0    58    2   58.0  98.0    S      -     0       -
     9  p0    60    2   42.0  98.0    S      -     0       -
    10  me    20    2   58.0   2.0    S      -     0       -
    11  me    18    2   42.0   2.0    S      -     0       -
    12  p0    24    2   42.2  19.5    O      -     0       -
    13  p0    79    2   80.5  42.2    O      -     0       -
    14  p0    66    2   19.5  57.8    O      -     0       -
    15  p0    46    2   57.8  80.5    O      -     0       -
    16  p0    43    2   82.9  87.2    S      -     0       -
    17  p0    51    2   17.1  87.2    S      -     0       -
    18  me     2    2   82.9  12.8    S      -     0       -
    19  me    32    2   17.1  12.8    S      -     0       -
    20  me    56    2   53.3  12.7    O      -     0       -
    21  me    24    2   81.1  29.2    O      -     0       4
    22  p0    79    2   18.9  70.8    O      -     0       -
    23  p0    15    2   46.7  87.3    O      -     0       -
    24  me    34    4   30.6  20.3    O      -     0       -
    25  p0    13    4   85.3  52.9    O      -     0       -
    26  p0    68    4   14.7  47.1    O      -     0       -
    27  p0    48    4   69.4  79.7    O      -     0       -
[POLICY]  attack_budget per source
   src=  2  budget=0
   src=  3  budget=20
   src=  6  budget=0
   src=  7  budget=0
   src= 10  budget=2
   src= 11  budget=13
   src= 18  budget=0
   src= 19  budget=10
   src= 20  budget=26
   src= 21  budget=0
   src= 24  budget=0
[MISSIONS]  N=1  (sorted by score desc)
   #0  single         score=  +106.91  src=[20]→tgt= 12  turns=  3  need=   4  cap=  12
[MOVES]  N=2
   src= 20  angle=+141.05°  ships=  12   tgt=12 (own=p0, ships=24, eta=4)
   src=  3  angle=  -5.03°  ships=  12   tgt=24 (own=me, ships=34, eta=18)

===== TURN 126  player=1  ts=2026-05-01 11:10:21  planets=28  fleets=25  =====
[GLOBAL]
   my_total=686  enemy_total=982  my_prod=26  enemy_prod=42
   my_planets=11  enemy_planets=17  neutral=0  4p=False
   step=126  remaining=374  is_early=False  is_opening=False  is_late=False  is_very_late=False  is_total_war=False
[MODES]
   domination=-0.177  is_behind=False  is_ahead=False  is_dominating=False  is_finishing=False  attack_margin_mult=1.00
[PLANETS]
   pid own ships prod    x      y    type fall_t keep_n first_en
     0  p0    85    3   93.1  81.8    S      -     0       -
     1  p0    85    3    6.9  81.8    S      -     0       -
     2  me    15    3   93.1  18.2    S      -     0       -
     3  me    32    3    6.9  18.2    S      -     0       -
     4  p0    56    2   91.4  96.5    S      -     0       -
     5  p0    53    2    8.6  96.5    S      -     0       -
     6  me    16    2   91.4   3.5    S      -     0       -
     7  me    21    2    8.6   3.5    S      -     0       -
     8  p0    60    2   58.0  98.0    S      -     0       -
     9  p0    62    2   42.0  98.0    S      -     0       -
    10  me    22    2   58.0   2.0    S      -     0       -
    11  me    20    2   42.0   2.0    S      -     0       -
    12  p0    26    2   43.1  19.2    O      -     0       -
    13  p0     4    2   80.8  43.1    O      -     0       -
    14  p0    68    2   19.2  56.9    O      -     0       -
    15  p0    48    2   56.9  80.8    O      -     0       -
    16  p0    45    2   82.9  87.2    S      -     0       -
    17  p0    53    2   17.1  87.2    S      -     0       -
    18  me     4    2   82.9  12.8    S      -     0       -
    19  me    34    2   17.1  12.8    S      -     0       -
    20  me    46    2   54.4  12.9    O      -     0       -
    21  me    26    2   81.7  30.2    O      -    11       2
    22  p0    81    2   18.3  69.8    O      -     0       -
    23  p0    17    2   45.6  87.1    O      -     0       -
    24  me    38    4   31.4  19.8    O      -     0       -
    25  p0     3    4   85.2  53.9    O      -     0       -
    26  p0    72    4   14.8  46.1    O      -     0       -
    27  p0    52    4   68.6  80.2    O      -     0       -
[POLICY]  attack_budget per source
   src=  2  budget=15
   src=  3  budget=0
   src=  6  budget=16
   src=  7  budget=0
   src= 10  budget=16
   src= 11  budget=3
   src= 18  budget=4
   src= 19  budget=0
   src= 20  budget=15
   src= 21  budget=0
   src= 24  budget=5
[MISSIONS]  N=1  (sorted by score desc)
   #0  single         score=   +99.74  src=[20]→tgt= 12  turns=  3  need=   6  cap=  13
[MOVES]  N=1
   src= 20  angle=+142.75°  ships=  13   tgt=12 (own=p0, ships=26, eta=4)

===== TURN 127  player=1  ts=2026-05-01 11:10:21  planets=28  fleets=25  =====
[GLOBAL]
   my_total=698  enemy_total=1010  my_prod=26  enemy_prod=42
   my_planets=11  enemy_planets=17  neutral=0  4p=False
   step=127  remaining=373  is_early=False  is_opening=False  is_late=False  is_very_late=False  is_total_war=False
[MODES]
   domination=-0.183  is_behind=False  is_ahead=False  is_dominating=False  is_finishing=False  attack_margin_mult=1.00
[PLANETS]
   pid own ships prod    x      y    type fall_t keep_n first_en
     0  p0    88    3   93.1  81.8    S      -     0       -
     1  p0    88    3    6.9  81.8    S      -     0       -
     2  me    18    3   93.1  18.2    S      -     0       -
     3  me    35    3    6.9  18.2    S      -     0       -
     4  p0    58    2   91.4  96.5    S      -     0       -
     5  p0    55    2    8.6  96.5    S      -     0       -
     6  me    18    2   91.4   3.5    S      -     0       -
     7  me    23    2    8.6   3.5    S      -     0       -
     8  p0    62    2   58.0  98.0    S      -     0       -
     9  p0    64    2   42.0  98.0    S      -     0       -
    10  me    24    2   58.0   2.0    S      -     0       -
    11  me    22    2   42.0   2.0    S      -     0       -
    12  p0    28    2   44.0  19.1    O      -     0       -
    13  p0     6    2   80.9  44.0    O      -     0       -
    14  p0    70    2   19.1  56.0    O      -     0       -
    15  p0    50    2   56.0  80.9    O      -     0       -
    16  p0    33    2   82.9  87.2    S      -     0       -
    17  p0    55    2   17.1  87.2    S      -     0       -
    18  me    49    2   82.9  12.8    S      -     0       -
    19  me    36    2   17.1  12.8    S      -     0       -
    20  me    35    2   55.5  13.0    O      -     0       -
    21  me    28    2   82.3  31.1    O      -    13       1
    22  p0    83    2   17.7  68.9    O      -     0       -
    23  p0    19    2   44.5  87.0    O      -     0       -
    24  me    42    4   32.3  19.2    O      -     0       -
    25  p0     7    4   85.1  54.9    O      -     0       -
    26  p0    76    4   14.9  45.1    O      -     0       -
    27  p0    13    4   67.7  80.8    O      -     0       -
[POLICY]  attack_budget per source
   src=  2  budget=18
   src=  3  budget=0
   src=  6  budget=18
   src=  7  budget=0
   src= 10  budget=18
   src= 11  budget=4
   src= 18  budget=43
   src= 19  budget=0
   src= 20  budget=6
   src= 21  budget=0
   src= 24  budget=7
[MISSIONS]  N=2  (sorted by score desc)
   #0  single         score=   +75.71  src=[18]→tgt= 13  turns= 15  need=  16  cap=  35
   #1  single         score=   +51.43  src=[18]→tgt= 16  turns= 24  need=  42  cap=  43
[MOVES]  N=4
   src= 18  angle= +93.08°  ships=  35   tgt=13 (own=p0, ships=6, eta=15)
   src=  6  angle=+132.24°  ships=  11   tgt=18 (own=me, ships=49, eta=5)
   src=  2  angle=+106.24°  ships=  11   tgt=21 (own=me, ships=28, eta=10)
   src= 10  angle= +76.77°  ships=  11   tgt=20 (own=me, ships=35, eta=5)

===== TURN 128  player=1  ts=2026-05-01 11:10:21  planets=28  fleets=25  =====
[GLOBAL]
   my_total=668  enemy_total=996  my_prod=26  enemy_prod=42
   my_planets=11  enemy_planets=17  neutral=0  4p=False
   step=128  remaining=372  is_early=False  is_opening=False  is_late=False  is_very_late=False  is_total_war=False
[MODES]
   domination=-0.197  is_behind=False  is_ahead=False  is_dominating=False  is_finishing=False  attack_margin_mult=1.00
[PLANETS]
   pid own ships prod    x      y    type fall_t keep_n first_en
     0  p0    91    3   93.1  81.8    S      -     0       -
     1  p0    91    3    6.9  81.8    S      -     0       -
     2  me    10    3   93.1  18.2    S      -     0       -
     3  me    38    3    6.9  18.2    S      -     0       -
     4  p0    60    2   91.4  96.5    S      -     0       -
     5  p0    57    2    8.6  96.5    S      -     0       -
     6  me     9    2   91.4   3.5    S      -     0       -
     7  me    25    2    8.6   3.5    S      -     0       -
     8  p0    64    2   58.0  98.0    S      -     0       -
     9  p0    66    2   42.0  98.0    S      -     0       -
    10  me    15    2   58.0   2.0    S      -     0       -
    11  me    24    2   42.0   2.0    S      -     0       -
    12  p0     3    2   45.0  18.9    O      -     0       -
    13  p0     8    2   81.1  45.0    O      -     0       -
    14  p0    72    2   18.9  55.0    O      -     0       -
    15  p0    52    2   55.0  81.1    O      -     0       -
    16  p0    35    2   82.9  87.2    S      -     0       -
    17  p0    57    2   17.1  87.2    S      -     0       -
    18  me    51    2   82.9  12.8    S      -     0       -
    19  me    38    2   17.1  12.8    S      -     0       -
    20  me    37    2   56.6  13.2    O      1    37       1
    21  me    15    2   82.8  32.1    O      -     0       -
    22  p0    85    2   17.2  67.9    O      -     0       -
    23  p0    21    2   43.4  86.8    O      -     0       -
    24  me    46    4   33.3  18.7    O      -     0       -
    25  p0    11    4   84.9  56.0    O      -     0       -
    26  p0    30    4   15.1  44.0    O      -     0       -
    27  p0    17    4   66.7  81.3    O      -     0       -
[POLICY]  attack_budget per source
   src=  2  budget=9
   src=  3  budget=1
   src=  6  budget=9
   src=  7  budget=18
   src= 10  budget=15
   src= 11  budget=24
   src= 18  budget=51
   src= 19  budget=14
   src= 20  budget=0
   src= 21  budget=0
   src= 24  budget=29
[MISSIONS]  N=2  (sorted by score desc)
   #0  single         score=   +76.18  src=[18]→tgt= 13  turns= 16  need=  31  cap=  34
   #1  single         score=   +45.35  src=[18]→tgt= 16  turns= 23  need=  42  cap=  51
[MOVES]  N=5
   src= 18  angle= +93.60°  ships=  34   tgt=13 (own=p0, ships=8, eta=16)
   src= 20  angle=+170.02°  ships=  37   tgt=24 (own=me, ships=46, eta=6)
   src=  7  angle= +47.76°  ships=  11   tgt=19 (own=me, ships=38, eta=5)
   src= 18  angle= +83.39°  ships=  10   tgt=21 (own=me, ships=15, eta=18)
   src= 11  angle= +30.42°  ships=  14   tgt=20 (own=me, ships=37, eta=14)

===== TURN 129  player=1  ts=2026-05-01 11:10:21  planets=28  fleets=28  =====
[GLOBAL]
   my_total=687  enemy_total=1031  my_prod=26  enemy_prod=42
   my_planets=11  enemy_planets=17  neutral=0  4p=False
   step=129  remaining=371  is_early=False  is_opening=False  is_late=False  is_very_late=False  is_total_war=False
[MODES]
   domination=-0.200  is_behind=True  is_ahead=False  is_dominating=False  is_finishing=False  attack_margin_mult=0.95
[PLANETS]
   pid own ships prod    x      y    type fall_t keep_n first_en
     0  p0    94    3   93.1  81.8    S      -     0       -
     1  p0    94    3    6.9  81.8    S      -     0       -
     2  me    13    3   93.1  18.2    S      -     0       -
     3  me    41    3    6.9  18.2    S      -     0       -
     4  p0    62    2   91.4  96.5    S      -     0       -
     5  p0    59    2    8.6  96.5    S      -     0       -
     6  me    11    2   91.4   3.5    S      -     0       -
     7  me    16    2    8.6   3.5    S      -     0       -
     8  p0    66    2   58.0  98.0    S      -     0       -
     9  p0    68    2   42.0  98.0    S      -     0       -
    10  me    17    2   58.0   2.0    S      -     0       -
    11  me    12    2   42.0   2.0    S      -     0       -
    12  me     7    2   45.9  18.8    O      -     0       -
    13  p0    10    2   81.2  45.9    O      -     0       -
    14  p0    74    2   18.8  54.1    O      -     0       -
    15  p0    54    2   54.1  81.2    O      -     0       -
    16  p0    37    2   82.9  87.2    S      -     0       -
    17  p0    59    2   17.1  87.2    S      -     0       -
    18  me     9    2   82.9  12.8    S      -     0       -
    19  me    40    2   17.1  12.8    S      -     0       -
    20  p0    42    2   57.7  13.4    O      -     0       -
    21  me    17    2   83.4  33.1    O      -     0       -
    22  p0    87    2   16.6  66.9    O      -     0       -
    23  p0    23    2   42.3  86.6    O      -     0       -
    24  me    50    4   34.2  18.3    O      -     0       -
    25  p0    15    4   84.8  57.0    O      -     0       -
    26  p0    34    4   15.2  43.0    O      -     0       -
    27  p0    21    4   65.8  81.7    O      -     0       -
[POLICY]  attack_budget per source
   src=  2  budget=1
   src=  3  budget=3
   src=  6  budget=1
   src=  7  budget=0
   src= 10  budget=7
   src= 11  budget=2
   src= 12  budget=0
   src= 18  budget=0
   src= 19  budget=4
   src= 21  budget=0
   src= 24  budget=25
[MISSIONS]  N=0  (sorted by score desc)
   (none)
[MOVES]  N=1
   src= 24  angle=  +0.87°  ships=  15   tgt=12 (own=me, ships=7, eta=6)

===== TURN 130  player=1  ts=2026-05-01 11:10:22  planets=28  fleets=28  =====
[GLOBAL]
   my_total=700  enemy_total=1060  my_prod=26  enemy_prod=42
   my_planets=11  enemy_planets=17  neutral=0  4p=False
   step=130  remaining=370  is_early=False  is_opening=False  is_late=False  is_very_late=False  is_total_war=False
[MODES]
   domination=-0.205  is_behind=True  is_ahead=False  is_dominating=False  is_finishing=False  attack_margin_mult=0.95
[PLANETS]
   pid own ships prod    x      y    type fall_t keep_n first_en
     0  p0    73    3   93.1  81.8    S      -     0       -
     1  p0    97    3    6.9  81.8    S      -     0       -
     2  me    16    3   93.1  18.2    S      -     0       -
     3  me    44    3    6.9  18.2    S      -     0       -
     4  p0    64    2   91.4  96.5    S      -     0       -
     5  p0    61    2    8.6  96.5    S      -     0       -
     6  me    13    2   91.4   3.5    S      -     0       -
     7  me    18    2    8.6   3.5    S      -     0       -
     8  p0    68    2   58.0  98.0    S      -     0       -
     9  p0    70    2   42.0  98.0    S      -     0       -
    10  me    19    2   58.0   2.0    S      -     0       -
    11  me    14    2   42.0   2.0    S      -     0       -
    12  me    53    2   46.8  18.6    O      -     0       -
    13  p0    12    2   81.4  46.8    O      -     0       -
    14  p0    76    2   18.6  53.2    O      -     0       -
    15  p0    56    2   53.2  81.4    O      -     0       -
    16  p0    39    2   82.9  87.2    S      -     0       -
    17  p0    61    2   17.1  87.2    S      -     0       -
    18  me    11    2   82.9  12.8    S      -     0       -
    19  me    42    2   17.1  12.8    S      -     0       -
    20  p0    31    2   58.8  13.6    O      -     0       -
    21  me    19    2   83.8  34.1    O      -     0      17
    22  p0    89    2   16.2  65.9    O      -     0       -
    23  p0    25    2   41.2  86.4    O      -     0       -
    24  me    39    4   35.2  17.8    O      -     0       -
    25  p0     4    4   84.5  58.0    O      -     0       -
    26  p0    38    4   15.5  42.0    O      -     0       -
    27  p0    25    4   64.8  82.2    O      -     0       -
[POLICY]  attack_budget per source
   src=  2  budget=6
   src=  3  budget=5
   src=  6  budget=6
   src=  7  budget=0
   src= 10  budget=12
   src= 11  budget=7
   src= 12  budget=46
   src= 18  budget=4
   src= 19  budget=0
   src= 21  budget=0
   src= 24  budget=12
[MISSIONS]  N=1  (sorted by score desc)
   #0  single         score=   +30.61  src=[12]→tgt= 20  turns=  5  need=  42  cap=  46
[MOVES]  N=1
   src= 12  angle= -10.86°  ships=  46   tgt=20 (own=p0, ships=31, eta=5)

===== TURN 131  player=1  ts=2026-05-01 11:10:22  planets=28  fleets=28  =====
[GLOBAL]
   my_total=726  enemy_total=1102  my_prod=26  enemy_prod=42
   my_planets=11  enemy_planets=17  neutral=0  4p=False
   step=131  remaining=369  is_early=False  is_opening=False  is_late=False  is_very_late=False  is_total_war=False
[MODES]
   domination=-0.206  is_behind=True  is_ahead=False  is_dominating=False  is_finishing=False  attack_margin_mult=0.95
[PLANETS]
   pid own ships prod    x      y    type fall_t keep_n first_en
     0  p0    39    3   93.1  81.8    S      -     0       -
     1  p0   100    3    6.9  81.8    S      -     0       -
     2  me    19    3   93.1  18.2    S      -     0       -
     3  me    47    3    6.9  18.2    S      -     0       -
     4  p0    66    2   91.4  96.5    S      -     0       -
     5  p0    63    2    8.6  96.5    S      -     0       -
     6  me    15    2   91.4   3.5    S      -     0      35
     7  me    20    2    8.6   3.5    S      -     0       -
     8  p0    70    2   58.0  98.0    S      -     0       -
     9  p0    72    2   42.0  98.0    S      -     0       -
    10  me    21    2   58.0   2.0    S      -     0       -
    11  me    16    2   42.0   2.0    S      -     0       -
    12  me    20    2   47.7  18.6    O      -     0       -
    13  p0    14    2   81.4  47.7    O      -     0       -
    14  p0    78    2   18.6  52.3    O      -     0       -
    15  p0    58    2   52.3  81.4    O      -     0       -
    16  p0    41    2   82.9  87.2    S      -     0       -
    17  p0    63    2   17.1  87.2    S      -     0       -
    18  me    13    2   82.9  12.8    S      -     0       -
    19  me    44    2   17.1  12.8    S      -     0       -
    20  p0    33    2   59.9  13.9    O      -     0       -
    21  me    48    2   84.3  35.1    O      -    19      15
    22  p0    91    2   15.7  64.9    O      -     0       -
    23  p0    27    2   40.1  86.1    O      -     0       -
    24  me    43    4   36.1  17.4    O      -     0       -
    25  p0     4    4   84.3  59.1    O      -     0       -
    26  p0    42    4   15.7  40.9    O      -     0       -
    27  p0    29    4   63.9  82.6    O      -     0       -
[POLICY]  attack_budget per source
   src=  2  budget=8
   src=  3  budget=7
   src=  6  budget=8
   src=  7  budget=0
   src= 10  budget=14
   src= 11  budget=9
   src= 12  budget=13
   src= 18  budget=6
   src= 19  budget=4
   src= 21  budget=0
   src= 24  budget=15
[MISSIONS]  N=0  (sorted by score desc)
   (none)
[MOVES]  N=0

===== TURN 132  player=1  ts=2026-05-01 11:10:22  planets=28  fleets=25  =====
[GLOBAL]
   my_total=728  enemy_total=1120  my_prod=26  enemy_prod=42
   my_planets=11  enemy_planets=17  neutral=0  4p=False
   step=132  remaining=368  is_early=False  is_opening=False  is_late=False  is_very_late=False  is_total_war=False
[MODES]
   domination=-0.212  is_behind=True  is_ahead=False  is_dominating=False  is_finishing=False  attack_margin_mult=0.95
[PLANETS]
   pid own ships prod    x      y    type fall_t keep_n first_en
     0  p0    29    3   93.1  81.8    S      -     0       -
     1  p0   103    3    6.9  81.8    S      -     0       -
     2  me    22    3   93.1  18.2    S      -     0       -
     3  me    50    3    6.9  18.2    S      -     0       -
     4  p0    68    2   91.4  96.5    S      -     0       -
     5  p0    65    2    8.6  96.5    S      -     0       -
     6  me    17    2   91.4   3.5    S      -     0      34
     7  me    22    2    8.6   3.5    S      -     0       -
     8  p0    72    2   58.0  98.0    S      -     0       -
     9  p0    74    2   42.0  98.0    S      -     0       -
    10  me    23    2   58.0   2.0    S      -     0       -
    11  me    18    2   42.0   2.0    S      -     0       -
    12  me    22    2   48.7  18.5    O      -     0       -
    13  p0    16    2   81.5  48.7    O      5     0       5
    14  p0    80    2   18.5  51.3    O      -     0       -
    15  p0    60    2   51.3  81.5    O      -     0       -
    16  p0    43    2   82.9  87.2    S      -     0       -
    17  p0    65    2   17.1  87.2    S      -     0       -
    18  me    26    2   82.9  12.8    S      -     0       -
    19  me    46    2   17.1  12.8    S      -     0       -
    20  p0    24    2   60.9  14.2    O      -     0       -
    21  me    50    2   84.7  36.1    O      -    23      13
    22  p0    93    2   15.3  63.9    O      -     0       -
    23  p0    29    2   39.1  85.8    O      -     0       -
    24  me    47    4   37.1  17.0    O      -     0       -
    25  p0     8    4   84.0  60.1    O      -     0       -
    26  p0    46    4   16.0  39.9    O      -     0       -
    27  p0    33    4   62.9  83.0    O      -     0       -
[POLICY]  attack_budget per source
   src=  2  budget=13
   src=  3  budget=9
   src=  6  budget=12
   src=  7  budget=0
   src= 10  budget=18
   src= 11  budget=7
   src= 12  budget=0
   src= 18  budget=21
   src= 19  budget=16
   src= 21  budget=0
   src= 24  budget=17
[MISSIONS]  N=0  (sorted by score desc)
   (none)
[MOVES]  N=2
   src= 24  angle=  +6.31°  ships=  10   tgt=12 (own=me, ships=22, eta=8)
   src= 18  angle= +85.38°  ships=  13   tgt=21 (own=me, ships=50, eta=20)

===== TURN 133  player=1  ts=2026-05-01 11:10:22  planets=28  fleets=25  =====
[GLOBAL]
   my_total=706  enemy_total=1114  my_prod=26  enemy_prod=42
   my_planets=11  enemy_planets=17  neutral=0  4p=False
   step=133  remaining=367  is_early=False  is_opening=False  is_late=False  is_very_late=False  is_total_war=False
[MODES]
   domination=-0.224  is_behind=True  is_ahead=False  is_dominating=False  is_finishing=False  attack_margin_mult=0.95
[PLANETS]
   pid own ships prod    x      y    type fall_t keep_n first_en
     0  p0    32    3   93.1  81.8    S      -     0       -
     1  p0   106    3    6.9  81.8    S      -     0       -
     2  me    25    3   93.1  18.2    S      -     0       -
     3  me    53    3    6.9  18.2    S      -     0       -
     4  p0     7    2   91.4  96.5    S      -     0       -
     5  p0    67    2    8.6  96.5    S      -     0       -
     6  me    19    2   91.4   3.5    S      -     0      33
     7  me    24    2    8.6   3.5    S      -     0       -
     8  p0    74    2   58.0  98.0    S      -     0       -
     9  p0    76    2   42.0  98.0    S      -     0       -
    10  me    25    2   58.0   2.0    S      -     0       -
    11  me    20    2   42.0   2.0    S      -     0       -
    12  me    24    2   49.6  18.5    O      -     0       -
    13  p0    18    2   81.5  49.6    O      -     0       -
    14  p0    82    2   18.5  50.4    O      -     0       -
    15  p0    62    2   50.4  81.5    O      -     0       -
    16  p0     5    2   82.9  87.2    S      -     0       -
    17  p0    67    2   17.1  87.2    S      -     0       -
    18  me    15    2   82.9  12.8    S      -     0       -
    19  me    59    2   17.1  12.8    S      -     0       -
    20  p0    26    2   62.0  14.6    O      -     0       -
    21  me    52    2   85.1  37.1    O      -    27       4
    22  p0    95    2   14.9  62.9    O      -     0       -
    23  p0    23    2   38.0  85.4    O      -     0       -
    24  me    41    4   38.1  16.6    O      -     0       -
    25  p0    12    4   83.7  61.1    O      -     0       -
    26  p0    50    4   16.3  38.9    O      -     0       -
    27  p0    37    4   61.9  83.4    O      -     0       -
[POLICY]  attack_budget per source
   src=  2  budget=15
   src=  3  budget=11
   src=  6  budget=13
   src=  7  budget=0
   src= 10  budget=19
   src= 11  budget=8
   src= 12  budget=0
   src= 18  budget=9
   src= 19  budget=17
   src= 21  budget=8
   src= 24  budget=10
[MISSIONS]  N=0  (sorted by score desc)
   (none)
[MOVES]  N=1
   src= 19  angle= +15.60°  ships=  10   tgt=12 (own=me, ships=24, eta=28)

===== TURN 134  player=1  ts=2026-05-01 11:10:22  planets=28  fleets=25  =====
[GLOBAL]
   my_total=732  enemy_total=1156  my_prod=26  enemy_prod=42
   my_planets=11  enemy_planets=17  neutral=0  4p=False
   step=134  remaining=366  is_early=False  is_opening=False  is_late=False  is_very_late=False  is_total_war=False
[MODES]
   domination=-0.225  is_behind=True  is_ahead=False  is_dominating=False  is_finishing=False  attack_margin_mult=0.95
[PLANETS]
   pid own ships prod    x      y    type fall_t keep_n first_en
     0  p0    35    3   93.1  81.8    S      -     0       -
     1  p0   109    3    6.9  81.8    S      -     0       -
     2  me    28    3   93.1  18.2    S      -     0       -
     3  me    56    3    6.9  18.2    S      -     0       -
     4  p0     9    2   91.4  96.5    S      -     0       -
     5  p0    69    2    8.6  96.5    S      -     0       -
     6  me    21    2   91.4   3.5    S      -     0      32
     7  me    26    2    8.6   3.5    S      -     0       -
     8  p0    76    2   58.0  98.0    S      -     0       -
     9  p0    78    2   42.0  98.0    S      -     0       -
    10  me    27    2   58.0   2.0    S      -     0       -
    11  me    22    2   42.0   2.0    S      -     0       -
    12  me    26    2   50.5  18.5    O      -     0       -
    13  p0    20    2   81.5  50.5    O      -     0       -
    14  p0    84    2   18.5  49.5    O      -     0       -
    15  p0    64    2   49.5  81.5    O      -     0       -
    16  p0     7    2   82.9  87.2    S      -     0       -
    17  p0    69    2   17.1  87.2    S      -     0       -
    18  me    17    2   82.9  12.8    S      -     0       -
    19  me    51    2   17.1  12.8    S      -     0       -
    20  p0    28    2   63.0  14.9    O     10     0      10
    21  me    54    2   85.5  38.2    O      -    31       2
    22  p0    97    2   14.5  61.8    O      -     0       -
    23  p0    25    2   37.0  85.1    O      -     0       -
    24  me    82    4   39.1  16.3    O      -     0       -
    25  p0    16    4   83.3  62.1    O      -     0       -
    26  p0    54    4   16.7  37.9    O      -     0       -
    27  p0    41    4   60.9  83.7    O      -     0       -
[POLICY]  attack_budget per source
   src=  2  budget=17
   src=  3  budget=13
   src=  6  budget=15
   src=  7  budget=0
   src= 10  budget=21
   src= 11  budget=0
   src= 12  budget=2
   src= 18  budget=11
   src= 19  budget=8
   src= 21  budget=7
   src= 24  budget=49
[MISSIONS]  N=2  (sorted by score desc)
   #0  single         score=   +91.86  src=[6]→tgt= 20  turns= 12  need=   7  cap=   9
   #1  single         score=   +43.75  src=[24]→tgt= 20  turns= 13  need=   9  cap=  26
[MOVES]  N=3
   src=  6  angle=+133.05°  ships=   9   tgt=18 (own=me, ships=17, eta=5)
   src= 24  angle=  +7.73°  ships=  36   tgt=12 (own=me, ships=26, eta=4)
   src=  2  angle=-152.12°  ships=  10   tgt=18 (own=me, ships=17, eta=4)

===== TURN 135  player=1  ts=2026-05-01 11:10:22  planets=28  fleets=29  =====
[GLOBAL]
   my_total=728  enemy_total=1168  my_prod=28  enemy_prod=40
   my_planets=12  enemy_planets=16  neutral=0  4p=False
   step=135  remaining=365  is_early=False  is_opening=False  is_late=False  is_very_late=False  is_total_war=False
[MODES]
   domination=-0.232  is_behind=True  is_ahead=False  is_dominating=False  is_finishing=False  attack_margin_mult=0.95
[PLANETS]
   pid own ships prod    x      y    type fall_t keep_n first_en
     0  p0    38    3   93.1  81.8    S      -     0       -
     1  p0   112    3    6.9  81.8    S      -     0       -
     2  me    21    3   93.1  18.2    S      -     0       -
     3  me    59    3    6.9  18.2    S      -     0       -
     4  p0    11    2   91.4  96.5    S      -     0       -
     5  p0    71    2    8.6  96.5    S      -     0       -
     6  me    14    2   91.4   3.5    S      -     0       -
     7  me    28    2    8.6   3.5    S      -     0       -
     8  p0    78    2   58.0  98.0    S      -     0       -
     9  p0    80    2   42.0  98.0    S      -     0       -
    10  me    29    2   58.0   2.0    S      -     0       -
    11  me    24    2   42.0   2.0    S      -     0       -
    12  me    43    2   51.5  18.5    O     15    43       2
    13  p0    22    2   81.5  51.5    O      -     0       -
    14  p0     2    2   18.5  48.5    O      -     0       -
    15  p0    66    2   48.5  81.5    O      -     0       -
    16  p0     9    2   82.9  87.2    S      -     0       -
    17  p0    71    2   17.1  87.2    S      -     0       -
    18  me    19    2   82.9  12.8    S      -     0       -
    19  me    53    2   17.1  12.8    S      -     0       -
    20  me    16    2   64.1  15.3    O      -    16      10
    21  me    56    2   85.8  39.2    O      -    26       1
    22  p0    12    2   14.2  60.8    O      -     0       -
    23  p0    27    2   35.9  84.7    O      -     0       -
    24  me    50    4   40.1  16.0    O      -     0       -
    25  p0    20    4   83.0  63.1    O      -     0       -
    26  p0    58    4   17.0  36.9    O      -     0       -
    27  p0    45    4   59.9  84.0    O      -     0       -
[POLICY]  attack_budget per source
   src=  2  budget=16
   src=  3  budget=46
   src=  6  budget=14
   src=  7  budget=15
   src= 10  budget=29
   src= 11  budget=11
   src= 12  budget=0
   src= 18  budget=19
   src= 19  budget=40
   src= 20  budget=0
   src= 21  budget=7
   src= 24  budget=37
[MISSIONS]  N=22  (sorted by score desc)
   #0  single         score=  +104.13  src=[3]→tgt= 14  turns=  9  need=  21  cap=  26
   #1  single         score=  +104.13  src=[19]→tgt= 14  turns=  9  need=  21  cap=  26
   #2  single         score=   +96.20  src=[24]→tgt= 14  turns= 10  need=  23  cap=  28
   #3  reinforce      score=   +82.83  src=[20]→tgt= 12  turns= 15  need=   7  cap=   9
   #4  single         score=   +74.23  src=[3]→tgt= 22  turns= 10  need=  33  cap=  38
   #5  reinforce      score=   +73.77  src=[10]→tgt= 12  turns= 15  need=   7  cap=   9
   #6  reinforce      score=   +73.77  src=[24]→tgt= 12  turns= 15  need=   7  cap=   9
   #7  single         score=   +70.05  src=[19]→tgt= 22  turns= 11  need=  35  cap=  40
   #8  reinforce      score=   +68.18  src=[18]→tgt= 12  turns= 15  need=   7  cap=   9
   #9  reinforce      score=   +64.90  src=[21]→tgt= 12  turns= 15  need=   7  cap=   9
   #10 reinforce      score=   +63.37  src=[2]→tgt= 12  turns= 15  need=   7  cap=   9
   #11 reinforce      score=   +63.37  src=[11]→tgt= 12  turns= 15  need=   7  cap=   9
   #12 reinforce      score=   +58.11  src=[6]→tgt= 12  turns= 15  need=   7  cap=  10
   #13 rescue         score=   +53.21  src=[21]→tgt= 12  turns= 15  need=   7  cap=   7
   #14 rescue         score=   +50.96  src=[10]→tgt= 12  turns= 15  need=   7  cap=  10
   #15 rescue         score=   +50.96  src=[24]→tgt= 12  turns= 15  need=   7  cap=  10
   #16 rescue         score=   +48.24  src=[18]→tgt= 12  turns= 15  need=   7  cap=  10
   #17 rescue         score=   +44.67  src=[2]→tgt= 12  turns= 15  need=   7  cap=  10
   #18 rescue         score=   +44.67  src=[11]→tgt= 12  turns= 15  need=   7  cap=  10
   #19 rescue         score=   +42.57  src=[6]→tgt= 12  turns= 15  need=   7  cap=  10
   #20 recapture      score=    +8.24  src=[3]→tgt= 12  turns= 21  need=  20  cap=  34
   #21 recapture      score=    +7.78  src=[19]→tgt= 12  turns= 16  need=  10  cap=  40
[MOVES]  N=12
   src=  3  angle= +59.16°  ships=  26   tgt=14 (own=p0, ships=2, eta=9)
   src= 20  angle=+158.04°  ships=   9   tgt=12 (own=me, ships=43, eta=4)
   src= 10  angle= +75.13°  ships=   3   tgt=12 (own=me, ships=43, eta=13)
   src= 24  angle= +11.41°  ships=   9   tgt=12 (own=me, ships=43, eta=8)
   src= 19  angle= +97.21°  ships=  40   tgt=1 (own=p0, ships=112, eta=23)
   src= 18  angle=+154.63°  ships=   3   tgt=20 (own=me, ships=16, eta=8)
   src= 21  angle=-139.53°  ships=   3   tgt=12 (own=me, ships=43, eta=17)
   src=  2  angle=+173.04°  ships=   9   tgt=20 (own=me, ships=16, eta=9)
   src= 11  angle= +41.88°  ships=   9   tgt=12 (own=me, ships=43, eta=14)
   src=  6  angle=+144.79°  ships=  10   tgt=12 (own=me, ships=43, eta=15)
   src= 10  angle= +51.30°  ships=  16   tgt=20 (own=me, ships=16, eta=9)
   src= 24  angle=-172.25°  ships=  17   tgt=19 (own=me, ships=53, eta=9)

===== TURN 136  player=1  ts=2026-05-01 11:10:22  planets=28  fleets=39  =====
[GLOBAL]
   my_total=741  enemy_total=1193  my_prod=28  enemy_prod=40
   my_planets=12  enemy_planets=16  neutral=0  4p=False
   step=136  remaining=364  is_early=False  is_opening=False  is_late=False  is_very_late=False  is_total_war=False
[MODES]
   domination=-0.234  is_behind=True  is_ahead=False  is_dominating=False  is_finishing=False  attack_margin_mult=0.95
[PLANETS]
   pid own ships prod    x      y    type fall_t keep_n first_en
     0  p0    41    3   93.1  81.8    S      -     0       -
     1  p0   115    3    6.9  81.8    S      -     0       -
     2  me    15    3   93.1  18.2    S      -     0       -
     3  me    36    3    6.9  18.2    S      -     0       -
     4  p0    13    2   91.4  96.5    S      -     0       -
     5  p0    73    2    8.6  96.5    S      -     0       -
     6  me     6    2   91.4   3.5    S      -     0       -
     7  me    30    2    8.6   3.5    S      -     0       -
     8  p0    80    2   58.0  98.0    S      -     0       -
     9  p0    82    2   42.0  98.0    S      -     0       -
    10  me    12    2   58.0   2.0    S      -     0       -
    11  me    17    2   42.0   2.0    S      -     0       -
    12  me    45    2   52.4  18.6    O      -    37       1
    13  p0    67    2   81.4  52.4    O      -     0       -
    14  p0     4    2   18.6  47.6    O      -     0       -
    15  p0    68    2   47.6  81.4    O      -     0       -
    16  p0    11    2   82.9  87.2    S      -     0       -
    17  p0    73    2   17.1  87.2    S      -     0       -
    18  me    18    2   82.9  12.8    S      -     0       -
    19  me    15    2   17.1  12.8    S      -     0       -
    20  me     9    2   65.1  15.8    O      9     9       9
    21  me    40    2   86.1  40.3    O      -    15       4
    22  p0    14    2   13.9  59.7    O      -     0       -
    23  p0    29    2   34.9  84.2    O      -     0       -
    24  me    28    4   41.1  15.7    O      -     0       -
    25  p0    24    4   82.6  64.0    O      -     0       -
    26  p0    62    4   17.4  36.0    O      -     0       -
    27  p0    49    4   58.9  84.3    O      -     0       -
[POLICY]  attack_budget per source
   src=  2  budget=0
   src=  3  budget=22
   src=  6  budget=0
   src=  7  budget=16
   src= 10  budget=12
   src= 11  budget=3
   src= 12  budget=8
   src= 18  budget=2
   src= 19  budget=1
   src= 20  budget=0
   src= 21  budget=0
   src= 24  budget=0
[MISSIONS]  N=3  (sorted by score desc)
   #0  reinforce      score=   +67.76  src=[18]→tgt= 20  turns=  9  need=   9  cap=  11
   #1  reinforce      score=   +62.95  src=[2]→tgt= 20  turns=  9  need=   9  cap=  11
   #2  reinforce      score=   +61.50  src=[12]→tgt= 20  turns=  9  need=   9  cap=  11
[MOVES]  N=3
   src= 18  angle=+152.93°  ships=  11   tgt=20 (own=me, ships=9, eta=6)
   src=  2  angle=+172.07°  ships=  11   tgt=20 (own=me, ships=9, eta=9)
   src= 12  angle=  +6.41°  ships=  11   tgt=20 (own=me, ships=9, eta=9)

===== TURN 137  player=1  ts=2026-05-01 11:10:23  planets=28  fleets=41  =====
[GLOBAL]
   my_total=719  enemy_total=1183  my_prod=26  enemy_prod=42
   my_planets=11  enemy_planets=17  neutral=0  4p=False
   step=137  remaining=363  is_early=False  is_opening=False  is_late=False  is_very_late=False  is_total_war=False
[MODES]
   domination=-0.244  is_behind=True  is_ahead=False  is_dominating=False  is_finishing=False  attack_margin_mult=0.95
[PLANETS]
   pid own ships prod    x      y    type fall_t keep_n first_en
     0  p0    44    3   93.1  81.8    S      -     0       -
     1  p0   118    3    6.9  81.8    S      -     0       -
     2  me     7    3   93.1  18.2    S      -     0       -
     3  me    39    3    6.9  18.2    S      -     0       -
     4  p0    15    2   91.4  96.5    S      -     0       -
     5  p0    75    2    8.6  96.5    S      -     0       -
     6  me     8    2   91.4   3.5    S      -     0       -
     7  me    32    2    8.6   3.5    S      -     0       -
     8  p0    82    2   58.0  98.0    S      -     0       -
     9  p0    84    2   42.0  98.0    S      -     0       -
    10  me    14    2   58.0   2.0    S      -     0       -
    11  me    19    2   42.0   2.0    S      -     0       -
    12  p0     3    2   53.3  18.7    O     13     0      13
    13  p0    55    2   81.3  53.3    O      -     0       -
    14  p0     6    2   18.7  46.7    O      -     0       -
    15  p0    70    2   46.7  81.3    O      -     0       -
    16  p0    13    2   82.9  87.2    S      -     0       -
    17  p0    75    2   17.1  87.2    S      -     0       -
    18  me     9    2   82.9  12.8    S      -     0       -
    19  me    17    2   17.1  12.8    S      -     0       -
    20  me    11    2   66.1  16.2    O      8    11       8
    21  me    53    2   86.4  41.4    O      -    15       2
    22  p0    16    2   13.6  58.6    O      -     0       -
    23  p0    31    2   33.9  83.8    O      -     0       -
    24  me    32    4   42.1  15.4    O      -     0       -
    25  p0    28    4   82.1  65.0    O      -     0       -
    26  p0    46    4   17.9  35.0    O      -     0       -
    27  p0    53    4   57.9  84.6    O      -     0       -
[POLICY]  attack_budget per source
   src=  2  budget=0
   src=  3  budget=28
   src=  6  budget=8
   src=  7  budget=21
   src= 10  budget=14
   src= 11  budget=8
   src= 18  budget=0
   src= 19  budget=6
   src= 20  budget=0
   src= 21  budget=0
   src= 24  budget=8
[MISSIONS]  N=2  (sorted by score desc)
   #0  swarm          score=   +69.18  src=[6,11]→tgt= 12  turns= 17  need=  24  cap=  16
   #1  single         score=   +34.45  src=[3]→tgt= 12  turns= 24  need=  27  cap=  28
[MOVES]  N=3
   src=  3  angle=  +8.78°  ships=  28   tgt=12 (own=p0, ships=3, eta=24)
   src= 20  angle=-174.25°  ships=  11   tgt=24 (own=me, ships=32, eta=7)
   src=  7  angle= +47.76°  ships=  13   tgt=19 (own=me, ships=17, eta=5)

===== TURN 138  player=1  ts=2026-05-01 11:10:23  planets=28  fleets=38  =====
[GLOBAL]
   my_total=686  enemy_total=1166  my_prod=28  enemy_prod=40
   my_planets=12  enemy_planets=16  neutral=0  4p=False
   step=138  remaining=362  is_early=False  is_opening=False  is_late=False  is_very_late=False  is_total_war=False
[MODES]
   domination=-0.259  is_behind=True  is_ahead=False  is_dominating=False  is_finishing=False  attack_margin_mult=0.95
[PLANETS]
   pid own ships prod    x      y    type fall_t keep_n first_en
     0  p0    47    3   93.1  81.8    S      -     0       -
     1  p0   121    3    6.9  81.8    S      -     0       -
     2  me    10    3   93.1  18.2    S      -     0       -
     3  me    14    3    6.9  18.2    S      -     0       -
     4  p0    17    2   91.4  96.5    S      -     0       -
     5  p0    77    2    8.6  96.5    S      -     0       -
     6  me    10    2   91.4   3.5    S      -     0       -
     7  me    21    2    8.6   3.5    S      -     0       -
     8  p0    84    2   58.0  98.0    S      -     0       -
     9  p0    86    2   42.0  98.0    S      -     0       -
    10  me    16    2   58.0   2.0    S      -     0       -
    11  me    21    2   42.0   2.0    S      -     0       -
    12  me    31    2   54.3  18.8    O     12    31      12
    13  p0     7    2   81.2  54.3    O      -     0       -
    14  p0     8    2   18.8  45.7    O      -     0       -
    15  p0    72    2   45.7  81.2    O      -     0       -
    16  p0    15    2   82.9  87.2    S      -     0       -
    17  p0    77    2   17.1  87.2    S      -     0       -
    18  me    21    2   82.9  12.8    S      -     0       -
    19  me    19    2   17.1  12.8    S      -     0       -
    20  me     2    2   67.1  16.7    O      -     0       -
    21  me    77    2   86.6  42.5    O      -    39       5
    22  p0    18    2   13.4  57.5    O      -     0       -
    23  p0    33    2   32.9  83.3    O      -     0       -
    24  me    36    4   43.1  15.2    O      -     0       -
    25  p0    32    4   81.7  65.9    O      -     0       -
    26  p0    50    4   18.3  34.1    O      -     0       -
    27  p0    57    4   56.9  84.8    O      -     0       -
[POLICY]  attack_budget per source
   src=  2  budget=10
   src=  3  budget=2
   src=  6  budget=10
   src=  7  budget=9
   src= 10  budget=16
   src= 11  budget=9
   src= 12  budget=0
   src= 18  budget=21
   src= 19  budget=7
   src= 20  budget=0
   src= 21  budget=22
   src= 24  budget=24
[MISSIONS]  N=9  (sorted by score desc)
   #0  reinforce      score=   +89.08  src=[10]→tgt= 12  turns= 12  need=   4  cap=   6
   #1  reinforce      score=   +86.21  src=[18]→tgt= 12  turns= 12  need=   4  cap=   6
   #2  reinforce      score=   +86.21  src=[24]→tgt= 12  turns= 12  need=   4  cap=   6
   #3  rescue         score=   +59.75  src=[10]→tgt= 12  turns= 12  need=   4  cap=   7
   #4  rescue         score=   +59.75  src=[18]→tgt= 12  turns= 12  need=   4  cap=   7
   #5  rescue         score=   +59.75  src=[24]→tgt= 12  turns= 12  need=   4  cap=   7
   #6  recapture      score=   +21.37  src=[2]→tgt= 12  turns= 13  need=   7  cap=  10
   #7  recapture      score=   +20.23  src=[21]→tgt= 12  turns= 13  need=   7  cap=  11
   #8  reinforce      score=   +15.30  src=[21]→tgt= 12  turns= 12  need=   4  cap=  57
[MOVES]  N=5
   src= 10  angle= +75.13°  ships=   6   tgt=12 (own=me, ships=31, eta=10)
   src= 18  angle=+154.63°  ships=   6   tgt=12 (own=me, ships=31, eta=11)
   src= 24  angle= +17.45°  ships=   6   tgt=12 (own=me, ships=31, eta=11)
   src= 21  angle=-138.56°  ships=  57   tgt=12 (own=me, ships=31, eta=9)
   src= 24  angle=-174.78°  ships=  11   tgt=19 (own=me, ships=19, eta=11)

===== TURN 139  player=1  ts=2026-05-01 11:10:23  planets=28  fleets=39  =====
[GLOBAL]
   my_total=714  enemy_total=1206  my_prod=28  enemy_prod=40
   my_planets=12  enemy_planets=16  neutral=0  4p=False
   step=139  remaining=361  is_early=False  is_opening=False  is_late=False  is_very_late=False  is_total_war=False
[MODES]
   domination=-0.256  is_behind=True  is_ahead=False  is_dominating=False  is_finishing=False  attack_margin_mult=0.95
[PLANETS]
   pid own ships prod    x      y    type fall_t keep_n first_en
     0  p0    50    3   93.1  81.8    S      -     0       -
     1  p0   124    3    6.9  81.8    S      -     0       -
     2  me    13    3   93.1  18.2    S      -     0       -
     3  me    17    3    6.9  18.2    S      -     0       -
     4  p0    19    2   91.4  96.5    S      -     0       -
     5  p0    79    2    8.6  96.5    S      -     0       -
     6  me    12    2   91.4   3.5    S      -     0       -
     7  me    23    2    8.6   3.5    S      -     0       -
     8  p0    86    2   58.0  98.0    S      -     0       -
     9  p0    88    2   42.0  98.0    S      -     0       -
    10  me    12    2   58.0   2.0    S      -     0       -
    11  me    23    2   42.0   2.0    S      -     0       -
    12  me    52    2   55.2  18.9    O      -    50      11
    13  p0     9    2   81.1  55.2    O      -     0       -
    14  p0    21    2   18.9  44.8    O      -     0       -
    15  p0    74    2   44.8  81.1    O      -     0       -
    16  p0    17    2   82.9  87.2    S      -     0       -
    17  p0    79    2   17.1  87.2    S      -     0       -
    18  me    26    2   82.9  12.8    S      -     0       -
    19  me    21    2   17.1  12.8    S      -     0       -
    20  me     4    2   68.1  17.2    O      -     0       -
    21  me    22    2   86.8  43.5    O      4    22       4
    22  p0    20    2   13.2  56.5    O      -     0       -
    23  p0    35    2   31.9  82.8    O      -     0       -
    24  me    23    4   44.2  15.0    O      -     0       -
    25  p0    36    4   81.2  66.9    O      -     0       -
    26  p0    54    4   18.8  33.1    O      -     0       -
    27  p0    61    4   55.8  85.0    O      -     0       -
[POLICY]  attack_budget per source
   src=  2  budget=13
   src=  3  budget=5
   src=  6  budget=12
   src=  7  budget=11
   src= 10  budget=12
   src= 11  budget=11
   src= 12  budget=2
   src= 18  budget=26
   src= 19  budget=9
   src= 20  budget=0
   src= 21  budget=0
   src= 24  budget=11
[MISSIONS]  N=1  (sorted by score desc)
   #0  single         score=  +193.72  src=[19]→tgt= 22  turns= 13  need=   7  cap=   9
[MOVES]  N=3
   src= 19  angle= +96.53°  ships=   9   tgt=22 (own=p0, ships=20, eta=14)
   src= 21  angle=-162.44°  ships=  22   tgt=14 (own=p0, ships=21, eta=23)
   src= 18  angle= +90.27°  ships=  16   tgt=21 (own=me, ships=22, eta=23)

===== TURN 140  player=1  ts=2026-05-01 11:10:23  planets=28  fleets=41  =====
[GLOBAL]
   my_total=742  enemy_total=1246  my_prod=28  enemy_prod=40
   my_planets=12  enemy_planets=16  neutral=0  4p=False
   step=140  remaining=360  is_early=False  is_opening=False  is_late=False  is_very_late=False  is_total_war=False
[MODES]
   domination=-0.254  is_behind=True  is_ahead=False  is_dominating=False  is_finishing=False  attack_margin_mult=0.95
[PLANETS]
   pid own ships prod    x      y    type fall_t keep_n first_en
     0  p0    53    3   93.1  81.8    S      -     0       -
     1  p0   127    3    6.9  81.8    S      -     0       -
     2  me    16    3   93.1  18.2    S      -     0       -
     3  me    20    3    6.9  18.2    S      -     0       -
     4  p0    21    2   91.4  96.5    S      -     0       -
     5  p0    81    2    8.6  96.5    S      -     0       -
     6  me    14    2   91.4   3.5    S      -     0       -
     7  me    25    2    8.6   3.5    S      -     0       -
     8  p0    88    2   58.0  98.0    S      -     0       -
     9  p0    90    2   42.0  98.0    S      -     0       -
    10  me    14    2   58.0   2.0    S      -     0       -
    11  me    25    2   42.0   2.0    S      -     0       -
    12  me    54    2   56.1  19.1    O      -    37       2
    13  p0    11    2   80.9  56.1    O      -     0       -
    14  p0    23    2   19.1  43.9    O      -     0       -
    15  p0    76    2   43.9  80.9    O      -     0       -
    16  p0    19    2   82.9  87.2    S      -     0       -
    17  p0    81    2   17.1  87.2    S      -     0       -
    18  me    12    2   82.9  12.8    S      -     0       -
    19  me    14    2   17.1  12.8    S      -     0       -
    20  me     6    2   69.0  17.8    O      -     0       -
    21  me     2    2   87.0  44.6    O      2     2       2
    22  p0    22    2   13.0  55.4    O      -     0       -
    23  p0    37    2   31.0  82.2    O      -     0       -
    24  me    39    4   45.2  14.9    O      -     0       -
    25  p0    40    4   80.7  67.8    O      -     0       -
    26  p0    58    4   19.3  32.2    O      -     0       -
    27  p0    65    4   54.8  85.1    O      -     0       -
[POLICY]  attack_budget per source
   src=  2  budget=16
   src=  3  budget=7
   src=  6  budget=14
   src=  7  budget=12
   src= 10  budget=1
   src= 11  budget=12
   src= 12  budget=17
   src= 18  budget=12
   src= 19  budget=1
   src= 20  budget=0
   src= 21  budget=0
   src= 24  budget=26
[MISSIONS]  N=1  (sorted by score desc)
   #0  swarm          score=  +103.33  src=[18,7]→tgt= 22  turns= 16  need=  46  cap=  24
[MOVES]  N=2
   src= 12  angle=-170.90°  ships=  10   tgt=19 (own=me, ships=14, eta=19)
   src= 24  angle=-175.86°  ships=  16   tgt=19 (own=me, ships=14, eta=11)

===== TURN 141  player=1  ts=2026-05-01 11:10:23  planets=28  fleets=40  =====
[GLOBAL]
   my_total=770  enemy_total=1286  my_prod=28  enemy_prod=40
   my_planets=12  enemy_planets=16  neutral=0  4p=False
   step=141  remaining=359  is_early=False  is_opening=False  is_late=False  is_very_late=False  is_total_war=False
[MODES]
   domination=-0.251  is_behind=True  is_ahead=False  is_dominating=False  is_finishing=False  attack_margin_mult=0.95
[PLANETS]
   pid own ships prod    x      y    type fall_t keep_n first_en
     0  p0    56    3   93.1  81.8    S      -     0       -
     1  p0   130    3    6.9  81.8    S      -     0       -
     2  me    19    3   93.1  18.2    S      -     0       -
     3  me    23    3    6.9  18.2    S      -     0       -
     4  p0    23    2   91.4  96.5    S      -     0       -
     5  p0    83    2    8.6  96.5    S      -     0       -
     6  me    16    2   91.4   3.5    S      -     0       -
     7  me    27    2    8.6   3.5    S      -     0       -
     8  p0    90    2   58.0  98.0    S      -     0       -
     9  p0    92    2   42.0  98.0    S      -     0       -
    10  me    16    2   58.0   2.0    S      -     0       -
    11  me    27    2   42.0   2.0    S      -     0       -
    12  me    46    2   57.0  19.3    O      -    39       1
    13  p0    13    2   80.7  57.0    O      -     0       -
    14  p0    25    2   19.3  43.0    O      -     0       -
    15  p0    78    2   43.0  80.7    O      -     0       -
    16  p0    21    2   82.9  87.2    S      -     0       -
    17  p0    83    2   17.1  87.2    S      -     0       -
    18  me    14    2   82.9  12.8    S      -     0       -
    19  me    16    2   17.1  12.8    S      -     0       -
    20  me    22    2   70.0  18.4    O      -     0       -
    21  me    14    2   87.2  45.7    O      1    14       1
    22  p0    24    2   12.8  54.3    O      -     0       -
    23  p0    39    2   30.0  81.6    O      -     0       -
    24  me    27    4   46.3  14.7    O      -     0       -
    25  p0   107    4   80.1  68.7    O      -     0       -
    26  p0    62    4   19.9  31.3    O      -     0       -
    27  p0    69    4   53.7  85.3    O      -     0       -
[POLICY]  attack_budget per source
   src=  2  budget=0
   src=  3  budget=9
   src=  6  budget=16
   src=  7  budget=13
   src= 10  budget=2
   src= 11  budget=13
   src= 12  budget=6
   src= 18  budget=0
   src= 19  budget=2
   src= 20  budget=0
   src= 21  budget=0
   src= 24  budget=0
[MISSIONS]  N=0  (sorted by score desc)
   (none)
[MOVES]  N=1
   src= 21  angle=-161.09°  ships=  14   tgt=22 (own=p0, ships=24, eta=30)

===== TURN 142  player=1  ts=2026-05-01 11:10:23  planets=28  fleets=35  =====
[GLOBAL]
   my_total=731  enemy_total=1259  my_prod=28  enemy_prod=40
   my_planets=12  enemy_planets=16  neutral=0  4p=False
   step=142  remaining=358  is_early=False  is_opening=False  is_late=False  is_very_late=False  is_total_war=False
[MODES]
   domination=-0.265  is_behind=True  is_ahead=False  is_dominating=False  is_finishing=False  attack_margin_mult=0.95
[PLANETS]
   pid own ships prod    x      y    type fall_t keep_n first_en
     0  p0    59    3   93.1  81.8    S      -     0       -
     1  p0   133    3    6.9  81.8    S      -     0       -
     2  me    22    3   93.1  18.2    S      -     0       -
     3  me    26    3    6.9  18.2    S      -     0       -
     4  p0    25    2   91.4  96.5    S      -     0       -
     5  p0    85    2    8.6  96.5    S      -     0       -
     6  me    18    2   91.4   3.5    S      -     0       -
     7  me    29    2    8.6   3.5    S      -     0       -
     8  p0    92    2   58.0  98.0    S      -     0       -
     9  p0    94    2   42.0  98.0    S      -     0       -
    10  me    18    2   58.0   2.0    S      -     2      21
    11  me    29    2   42.0   2.0    S      -     0       -
    12  me     7    2   57.9  19.5    O      -     0      13
    13  me    20    2   80.5  57.9    O      1    20       1
    14  p0    27    2   19.5  42.1    O      -     0       -
    15  p0    80    2   42.1  80.5    O      -     0       -
    16  p0    23    2   82.9  87.2    S      -     0       -
    17  p0    85    2   17.1  87.2    S      -     0       -
    18  me    16    2   82.9  12.8    S      -     0       -
    19  me    31    2   17.1  12.8    S      -     0       -
    20  me    35    2   70.9  19.0    O      -     0       -
    21  p0    59    2   87.3  46.8    O      -     0       -
    22  p0    26    2   12.7  53.2    O      -     0       -
    23  p0    41    2   29.1  81.0    O      -     0       -
    24  me    43    4   47.3  14.6    O      -     0       -
    25  p0     4    4   79.6  69.6    O      -     0       -
    26  p0    66    4   20.4  30.4    O      -     0       -
    27  p0    73    4   52.7  85.4    O      -     0       -
[POLICY]  attack_budget per source
   src=  2  budget=8
   src=  3  budget=11
   src=  6  budget=4
   src=  7  budget=14
   src= 10  budget=3
   src= 11  budget=14
   src= 12  budget=0
   src= 13  budget=0
   src= 18  budget=2
   src= 19  budget=16
   src= 20  budget=8
   src= 24  budget=28
[MISSIONS]  N=3  (sorted by score desc)
   #0  swarm          score=  +156.67  src=[3,11]→tgt= 22  turns= 10  need=  30  cap=  25
   #1  swarm          score=  +123.48  src=[3,19]→tgt= 14  turns= 10  need=  42  cap=  27
   #2  single         score=   +97.04  src=[24]→tgt= 14  turns= 10  need=  22  cap=  27
[MOVES]  N=3
   src= 19  angle= +73.62°  ships=  11   tgt=14 (own=p0, ships=27, eta=10)
   src=  3  angle= +43.16°  ships=  11   tgt=14 (own=p0, ships=27, eta=10)
   src= 24  angle=-176.56°  ships=  17   tgt=19 (own=me, ships=31, eta=12)

===== TURN 143  player=1  ts=2026-05-01 11:10:23  planets=28  fleets=33  =====
[GLOBAL]
   my_total=703  enemy_total=1243  my_prod=26  enemy_prod=42
   my_planets=11  enemy_planets=17  neutral=0  4p=False
   step=143  remaining=357  is_early=False  is_opening=False  is_late=False  is_very_late=False  is_total_war=False
[MODES]
   domination=-0.277  is_behind=True  is_ahead=False  is_dominating=False  is_finishing=False  attack_margin_mult=0.95
[PLANETS]
   pid own ships prod    x      y    type fall_t keep_n first_en
     0  p0    62    3   93.1  81.8    S      -     0       -
     1  p0   136    3    6.9  81.8    S      -     0       -
     2  me    25    3   93.1  18.2    S      -     0       -
     3  me    18    3    6.9  18.2    S      -     0       -
     4  p0    27    2   91.4  96.5    S      -     0       -
     5  p0    87    2    8.6  96.5    S      -     0       -
     6  me    20    2   91.4   3.5    S      -     0       -
     7  me    31    2    8.6   3.5    S      -     0       -
     8  p0    94    2   58.0  98.0    S      -     0       -
     9  p0    96    2   42.0  98.0    S      -     0       -
    10  me    20    2   58.0   2.0    S      -     4      20
    11  me    31    2   42.0   2.0    S      -     0       -
    12  me     9    2   58.8  19.7    O      -     0      12
    13  p0     7    2   80.3  58.8    O      -     0       -
    14  p0    29    2   19.7  41.2    O      -     0       -
    15  p0    82    2   41.2  80.3    O      -     0       -
    16  p0    25    2   82.9  87.2    S      -     0       -
    17  p0    87    2   17.1  87.2    S      -     0       -
    18  me    18    2   82.9  12.8    S      -     0       -
    19  me    22    2   17.1  12.8    S      -     0       -
    20  me    56    2   71.8  19.6    O      -     0       -
    21  p0    61    2   87.4  48.0    O      -     0       -
    22  p0    37    2   12.6  52.0    O      -     0       -
    23  p0    43    2   28.2  80.4    O      -     0       -
    24  me    30    4   48.3  14.6    O      -     0       -
    25  p0     8    4   79.0  70.4    O      -     0       -
    26  p0    70    4   21.0  29.6    O      -     0       -
    27  p0    77    4   51.7  85.4    O      -     0       -
[POLICY]  attack_budget per source
   src=  2  budget=11
   src=  3  budget=2
   src=  6  budget=6
   src=  7  budget=15
   src= 10  budget=4
   src= 11  budget=15
   src= 12  budget=0
   src= 18  budget=4
   src= 19  budget=6
   src= 20  budget=26
   src= 24  budget=14
[MISSIONS]  N=1  (sorted by score desc)
   #0  swarm          score=   +91.28  src=[7,11]→tgt= 14  turns= 13  need=  60  cap=  30
[MOVES]  N=3
   src=  7  angle= +58.22°  ships=  15   tgt=14 (own=p0, ships=29, eta=13)
   src= 11  angle=+120.09°  ships=  15   tgt=26 (own=p0, ships=70, eta=10)
   src= 20  angle=-172.94°  ships=  16   tgt=19 (own=me, ships=22, eta=23)

===== TURN 144  player=1  ts=2026-05-01 11:10:24  planets=28  fleets=33  =====
[GLOBAL]
   my_total=703  enemy_total=1259  my_prod=26  enemy_prod=42
   my_planets=11  enemy_planets=17  neutral=0  4p=False
   step=144  remaining=356  is_early=False  is_opening=False  is_late=False  is_very_late=False  is_total_war=False
[MODES]
   domination=-0.283  is_behind=True  is_ahead=False  is_dominating=False  is_finishing=False  attack_margin_mult=0.95
[PLANETS]
   pid own ships prod    x      y    type fall_t keep_n first_en
     0  p0    65    3   93.1  81.8    S      -     0       -
     1  p0   139    3    6.9  81.8    S      -     0       -
     2  me    28    3   93.1  18.2    S      -     0       -
     3  me    21    3    6.9  18.2    S      -     0       -
     4  p0    29    2   91.4  96.5    S      -     0       -
     5  p0    89    2    8.6  96.5    S      -     0       -
     6  me    22    2   91.4   3.5    S      -     0       -
     7  me    18    2    8.6   3.5    S      -     0       -
     8  p0    96    2   58.0  98.0    S      -     0       -
     9  p0    98    2   42.0  98.0    S      -     0       -
    10  me    22    2   58.0   2.0    S      -     6      19
    11  me    18    2   42.0   2.0    S      -     0       -
    12  me    11    2   59.7  20.0    O      -     0      11
    13  p0     9    2   80.0  59.7    O      -     0       -
    14  p0     5    2   20.0  40.3    O      -     0       -
    15  p0    84    2   40.3  80.0    O      -     0       -
    16  p0    27    2   82.9  87.2    S      -     0       -
    17  p0    89    2   17.1  87.2    S      -     0       -
    18  me    20    2   82.9  12.8    S      -     0       -
    19  me    41    2   17.1  12.8    S      -     0       -
    20  me    51    2   72.7  20.3    O      -     0       -
    21  p0    63    2   87.4  49.1    O      -     0       -
    22  p0    39    2   12.6  50.9    O      -     0       -
    23  p0    45    2   27.3  79.7    O      -     0       -
    24  me    45    4   49.4  14.5    O      -     0       -
    25  p0    12    4   78.4  71.3    O      -     0       -
    26  p0    26    4   21.6  28.7    O      -     0       -
    27  p0    81    4   50.6  85.5    O      -     0       -
[POLICY]  attack_budget per source
   src=  2  budget=13
   src=  3  budget=11
   src=  6  budget=7
   src=  7  budget=12
   src= 10  budget=16
   src= 11  budget=12
   src= 12  budget=0
   src= 18  budget=5
   src= 19  budget=32
   src= 20  budget=6
   src= 24  budget=30
[MISSIONS]  N=3  (sorted by score desc)
   #0  swarm          score=  +131.93  src=[3,11]→tgt= 22  turns= 10  need=  38  cap=  23
   #1  single         score=  +102.49  src=[19]→tgt= 22  turns= 10  need=  20  cap=  25
   #2  single         score=   +98.14  src=[24]→tgt= 22  turns= 14  need=  19  cap=  24
[MOVES]  N=2
   src= 19  angle= +96.53°  ships=  25   tgt=22 (own=p0, ships=39, eta=10)
   src= 24  angle=-176.96°  ships=  18   tgt=19 (own=me, ships=41, eta=12)

===== TURN 145  player=1  ts=2026-05-01 11:10:24  planets=28  fleets=33  =====
[GLOBAL]
   my_total=719  enemy_total=1291  my_prod=26  enemy_prod=42
   my_planets=11  enemy_planets=17  neutral=0  4p=False
   step=145  remaining=355  is_early=False  is_opening=False  is_late=False  is_very_late=False  is_total_war=False
[MODES]
   domination=-0.285  is_behind=True  is_ahead=False  is_dominating=False  is_finishing=False  attack_margin_mult=0.95
[PLANETS]
   pid own ships prod    x      y    type fall_t keep_n first_en
     0  p0    68    3   93.1  81.8    S      -     0       -
     1  p0   142    3    6.9  81.8    S      -     0       -
     2  me    31    3   93.1  18.2    S      -     0       -
     3  me    24    3    6.9  18.2    S      -     0       -
     4  p0    31    2   91.4  96.5    S      -     0       -
     5  p0    91    2    8.6  96.5    S      -     0       -
     6  me    24    2   91.4   3.5    S      -     0       -
     7  me    20    2    8.6   3.5    S      -     0       -
     8  p0    98    2   58.0  98.0    S      -     0       -
     9  p0   100    2   42.0  98.0    S      -     0       -
    10  me    24    2   58.0   2.0    S      -     8      18
    11  me    20    2   42.0   2.0    S      -     0       -
    12  me    13    2   60.6  20.3    O      -     0      11
    13  p0     2    2   79.7  60.6    O      -     0       -
    14  p0    55    2   20.3  39.4    O      -     0       -
    15  p0    86    2   39.4  79.7    O      -     0       -
    16  p0    29    2   82.9  87.2    S      -     0       -
    17  p0    91    2   17.1  87.2    S      -     0       -
    18  me    22    2   82.9  12.8    S      -     0       -
    19  me    18    2   17.1  12.8    S      -     0       -
    20  me    75    2   73.6  21.0    O      -     0       -
    21  p0    18    2   87.4  50.2    O      -     0       -
    22  p0    41    2   12.6  49.8    O      -     0       -
    23  p0    47    2   26.4  79.0    O      -     0       -
    24  me    31    4   50.5  14.5    O      -     0       -
    25  p0    16    4   77.7  72.1    O      -     0       -
    26  p0    30    4   22.3  27.9    O      -     0       -
    27  p0    85    4   49.5  85.5    O      -     0       -
[POLICY]  attack_budget per source
   src=  2  budget=27
   src=  3  budget=1
   src=  6  budget=24
   src=  7  budget=0
   src= 10  budget=16
   src= 11  budget=0
   src= 12  budget=9
   src= 18  budget=22
   src= 19  budget=0
   src= 20  budget=29
   src= 24  budget=27
[MISSIONS]  N=0  (sorted by score desc)
   (none)
[MOVES]  N=5
   src=  6  angle= +83.35°  ships=  14   tgt=2 (own=me, ships=31, eta=6)
   src= 18  angle=+180.00°  ships=  13   tgt=19 (own=me, ships=18, eta=30)
   src=  2  angle=-175.94°  ships=  16   tgt=24 (own=me, ships=31, eta=12)
   src= 20  angle=-171.82°  ships=  17   tgt=26 (own=p0, ships=30, eta=16)
   src= 24  angle=-177.06°  ships=  16   tgt=19 (own=me, ships=18, eta=13)

===== TURN 146  player=1  ts=2026-05-01 11:10:24  planets=28  fleets=39  =====
[GLOBAL]
   my_total=745  enemy_total=1333  my_prod=26  enemy_prod=42
   my_planets=11  enemy_planets=17  neutral=0  4p=False
   step=146  remaining=354  is_early=False  is_opening=False  is_late=False  is_very_late=False  is_total_war=False
[MODES]
   domination=-0.283  is_behind=True  is_ahead=False  is_dominating=False  is_finishing=False  attack_margin_mult=0.95
[PLANETS]
   pid own ships prod    x      y    type fall_t keep_n first_en
     0  p0    71    3   93.1  81.8    S      -     0       -
     1  p0    77    3    6.9  81.8    S      -     0       -
     2  me    18    3   93.1  18.2    S      -     0       -
     3  me    27    3    6.9  18.2    S      -     0       -
     4  p0    33    2   91.4  96.5    S      -     0       -
     5  p0    93    2    8.6  96.5    S      -     0       -
     6  me    12    2   91.4   3.5    S      -     0       -
     7  me    22    2    8.6   3.5    S      -     0       -
     8  p0   100    2   58.0  98.0    S      -     0       -
     9  p0   102    2   42.0  98.0    S      -     0       -
    10  me    26    2   58.0   2.0    S      -    10      17
    11  me    22    2   42.0   2.0    S      -     0       -
    12  me    15    2   61.5  20.7    O      -     0       -
    13  p0     4    2   79.3  61.5    O      -     0       -
    14  p0    57    2   20.7  38.5    O      -     0       -
    15  p0    88    2   38.5  79.3    O      -     0       -
    16  p0    31    2   82.9  87.2    S      -     0       -
    17  p0    93    2   17.1  87.2    S      -     0       -
    18  me    11    2   82.9  12.8    S      -     0       -
    19  me    20    2   17.1  12.8    S      -     0       -
    20  me    60    2   74.4  21.7    O      -     0       -
    21  p0    20    2   87.4  51.3    O      -     0       -
    22  p0    43    2   12.6  48.7    O      -     0       -
    23  p0    49    2   25.6  78.3    O      -     0       -
    24  me    19    4   51.5  14.6    O      -     0       -
    25  p0    20    4   77.0  72.9    O      -     0       -
    26  p0    34    4   23.0  27.1    O      -     0       -
    27  p0    89    4   48.5  85.4    O      -     0       -
[POLICY]  attack_budget per source
   src=  2  budget=14
   src=  3  budget=3
   src=  6  budget=12
   src=  7  budget=0
   src= 10  budget=16
   src= 11  budget=1
   src= 12  budget=11
   src= 18  budget=11
   src= 19  budget=0
   src= 20  budget=12
   src= 24  budget=0
[MISSIONS]  N=0  (sorted by score desc)
   (none)
[MOVES]  N=0

===== TURN 147  player=1  ts=2026-05-01 11:10:24  planets=28  fleets=37  =====
[GLOBAL]
   my_total=731  enemy_total=1335  my_prod=26  enemy_prod=42
   my_planets=11  enemy_planets=17  neutral=0  4p=False
   step=147  remaining=353  is_early=False  is_opening=False  is_late=False  is_very_late=False  is_total_war=False
[MODES]
   domination=-0.292  is_behind=True  is_ahead=False  is_dominating=False  is_finishing=False  attack_margin_mult=0.95
[PLANETS]
   pid own ships prod    x      y    type fall_t keep_n first_en
     0  p0    74    3   93.1  81.8    S      -     0       -
     1  p0    80    3    6.9  81.8    S      -     0       -
     2  me    21    3   93.1  18.2    S      -     0       -
     3  me    30    3    6.9  18.2    S      -     0       -
     4  p0    35    2   91.4  96.5    S      -     0       -
     5  p0    95    2    8.6  96.5    S      -     0       -
     6  me    14    2   91.4   3.5    S      -     0       -
     7  me    24    2    8.6   3.5    S      -     0       -
     8  p0   102    2   58.0  98.0    S      -     0       -
     9  p0   104    2   42.0  98.0    S      -     0       -
    10  me    28    2   58.0   2.0    S      -    12      16
    11  me    24    2   42.0   2.0    S      -     0       -
    12  me    74    2   62.3  21.0    O      -     0       -
    13  p0     6    2   79.0  62.3    O      -     0       -
    14  p0    59    2   21.0  37.7    O      -     0       -
    15  p0    90    2   37.7  79.0    O      -     0       -
    16  p0    33    2   82.9  87.2    S      -     0       -
    17  p0    95    2   17.1  87.2    S      -     0       -
    18  me    13    2   82.9  12.8    S      -     0       -
    19  me    22    2   17.1  12.8    S      -     0       -
    20  me    62    2   75.3  22.4    O      -     0       -
    21  p0    22    2   87.3  52.4    O      -     0       -
    22  p0     5    2   12.7  47.6    O      -     0       -
    23  p0    51    2   24.7  77.6    O      -     0       -
    24  me    23    4   52.6  14.6    O      -     0       -
    25  p0    24    4   76.3  73.7    O      -     0       -
    26  p0    38    4   23.7  26.3    O      -     0       -
    27  p0    93    4   47.4  85.4    O      -     0       -
[POLICY]  attack_budget per source
   src=  2  budget=16
   src=  3  budget=7
   src=  6  budget=14
   src=  7  budget=1
   src= 10  budget=16
   src= 11  budget=1
   src= 12  budget=69
   src= 18  budget=13
   src= 19  budget=0
   src= 20  budget=11
   src= 24  budget=0
[MISSIONS]  N=4  (sorted by score desc)
   #0  single         score=   +50.66  src=[12]→tgt= 21  turns= 16  need=  51  cap=  52
   #1  single         score=   +40.78  src=[12]→tgt= 22  turns= 13  need=  66  cap=  69
   #2  single         score=   +37.23  src=[12]→tgt= 26  turns=  9  need=  60  cap=  69
   #3  single         score=   +24.77  src=[12]→tgt= 13  turns= 17  need=  41  cap=  48
[MOVES]  N=2
   src= 12  angle= +67.68°  ships=  52   tgt=21 (own=p0, ships=22, eta=16)
   src= 12  angle=-136.99°  ships=  10   tgt=24 (own=me, ships=23, eta=3)

===== TURN 148  player=1  ts=2026-05-01 11:10:24  planets=28  fleets=34  =====
[GLOBAL]
   my_total=757  enemy_total=1377  my_prod=26  enemy_prod=42
   my_planets=11  enemy_planets=17  neutral=0  4p=False
   step=148  remaining=352  is_early=False  is_opening=False  is_late=False  is_very_late=False  is_total_war=False
[MODES]
   domination=-0.291  is_behind=True  is_ahead=False  is_dominating=False  is_finishing=False  attack_margin_mult=0.95
[PLANETS]
   pid own ships prod    x      y    type fall_t keep_n first_en
     0  p0    77    3   93.1  81.8    S      -     0       -
     1  p0    83    3    6.9  81.8    S      -     0       -
     2  me    24    3   93.1  18.2    S      -     0       -
     3  me    33    3    6.9  18.2    S      -     0       -
     4  p0    37    2   91.4  96.5    S      -     0       -
     5  p0    97    2    8.6  96.5    S      -     0       -
     6  me    16    2   91.4   3.5    S      -     0       -
     7  me    26    2    8.6   3.5    S      -     0       -
     8  p0   104    2   58.0  98.0    S      -     0       -
     9  p0   106    2   42.0  98.0    S      -     0       -
    10  me    30    2   58.0   2.0    S      -    14      15
    11  me    26    2   42.0   2.0    S      -     0       -
    12  me    38    2   63.2  21.4    O      -     0       -
    13  p0     8    2   78.6  63.2    O      -     0       -
    14  p0    61    2   21.4  36.8    O      -     0       -
    15  p0    92    2   36.8  78.6    O      -     0       -
    16  p0    35    2   82.9  87.2    S      -     0       -
    17  p0    97    2   17.1  87.2    S      -     0       -
    18  me    15    2   82.9  12.8    S      -     0       -
    19  me    24    2   17.1  12.8    S      -     0       -
    20  me    64    2   76.1  23.2    O      -     0       -
    21  p0    33    2   87.2  53.5    O      -     0       -
    22  p0     7    2   12.8  46.5    O      -     0       -
    23  p0    53    2   23.9  76.8    O      -     0       -
    24  me    27    4   53.6  14.7    O      -     0       -
    25  p0    28    4   75.6  74.5    O      -     0       -
    26  p0    42    4   24.4  25.5    O      -     0       -
    27  p0    97    4   46.4  85.3    O      -     0       -
[POLICY]  attack_budget per source
   src=  2  budget=17
   src=  3  budget=9
   src=  6  budget=16
   src=  7  budget=2
   src= 10  budget=16
   src= 11  budget=2
   src= 12  budget=31
   src= 18  budget=8
   src= 19  budget=0
   src= 20  budget=11
   src= 24  budget=3
[MISSIONS]  N=0  (sorted by score desc)
   (none)
[MOVES]  N=2
   src= 12  angle=-137.59°  ships=  19   tgt=24 (own=me, ships=27, eta=3)
   src=  2  angle=-175.94°  ships=  10   tgt=26 (own=p0, ships=42, eta=23)

===== TURN 149  player=1  ts=2026-05-01 11:10:24  planets=28  fleets=35  =====
[GLOBAL]
   my_total=783  enemy_total=1419  my_prod=26  enemy_prod=42
   my_planets=11  enemy_planets=17  neutral=0  4p=False
   step=149  remaining=351  is_early=False  is_opening=False  is_late=False  is_very_late=False  is_total_war=False
[MODES]
   domination=-0.289  is_behind=True  is_ahead=False  is_dominating=False  is_finishing=False  attack_margin_mult=0.95
[PLANETS]
   pid own ships prod    x      y    type fall_t keep_n first_en
     0  p0    80    3   93.1  81.8    S      -     0       -
     1  p0    86    3    6.9  81.8    S      -     0       -
     2  me    17    3   93.1  18.2    S      -     0       -
     3  me    36    3    6.9  18.2    S      -     0       -
     4  p0    39    2   91.4  96.5    S      -     0       -
     5  p0    99    2    8.6  96.5    S      -     0       -
     6  me    18    2   91.4   3.5    S      -     0       -
     7  me    28    2    8.6   3.5    S      -     0       -
     8  p0   106    2   58.0  98.0    S      -     0       -
     9  p0   108    2   42.0  98.0    S      -     0       -
    10  me    32    2   58.0   2.0    S      -     0       -
    11  me    28    2   42.0   2.0    S      -     0       -
    12  me    27    2   64.0  21.8    O      -    15       8
    13  p0    10    2   78.2  64.0    O      -     0       -
    14  p0    63    2   21.8  36.0    O      -     0       -
    15  p0    94    2   36.0  78.2    O      -     0       -
    16  p0    37    2   82.9  87.2    S      -     0       -
    17  p0    99    2   17.1  87.2    S      -     0       -
    18  me    17    2   82.9  12.8    S      -     0       -
    19  me    37    2   17.1  12.8    S      -     0       -
    20  me    66    2   76.8  24.0    O      -     0       -
    21  p0    35    2   87.1  54.6    O      -     0       -
    22  p0     9    2   12.9  45.4    O      -     0       -
    23  p0    55    2   23.2  76.0    O      -     0       -
    24  me    31    4   54.6  14.8    O      2    31       2
    25  p0     9    4   74.9  75.2    O      -     0       -
    26  p0    46    4   25.1  24.8    O      -     0       -
    27  p0   101    4   45.4  85.2    O      -     0       -
[POLICY]  attack_budget per source
   src=  2  budget=9
   src=  3  budget=10
   src=  6  budget=18
   src=  7  budget=2
   src= 10  budget=6
   src= 11  budget=2
   src= 12  budget=12
   src= 18  budget=9
   src= 19  budget=11
   src= 20  budget=11
   src= 24  budget=0
[MISSIONS]  N=1  (sorted by score desc)
   #0  reinforce      score=   +83.90  src=[12]→tgt= 24  turns=  2  need=  19  cap=  20
[MOVES]  N=2
   src= 12  angle=-134.58°  ships=  20   tgt=24 (own=me, ships=31, eta=3)
   src=  6  angle= +83.35°  ships=  11   tgt=2 (own=me, ships=17, eta=6)

===== TURN 150  player=1  ts=2026-05-01 11:10:25  planets=32  fleets=35  =====
[GLOBAL]
   my_total=809  enemy_total=1461  my_prod=26  enemy_prod=42
   my_planets=11  enemy_planets=17  neutral=4  4p=False
   step=150  remaining=350  is_early=False  is_opening=False  is_late=False  is_very_late=False  is_total_war=False
[MODES]
   domination=-0.287  is_behind=True  is_ahead=False  is_dominating=False  is_finishing=False  attack_margin_mult=0.95
[PLANETS]
   pid own ships prod    x      y    type fall_t keep_n first_en
     0  p0    83    3   93.1  81.8    S      -     0       -
     1  p0    89    3    6.9  81.8    S      -     0       -
     2  me    20    3   93.1  18.2    S      -     0       -
     3  me    39    3    6.9  18.2    S      -     0       -
     4  p0    41    2   91.4  96.5    S      -     0       -
     5  p0   101    2    8.6  96.5    S      -     0       -
     6  me     9    2   91.4   3.5    S      -     0       -
     7  me    30    2    8.6   3.5    S      -     0       -
     8  p0   108    2   58.0  98.0    S      -     0       -
     9  p0   110    2   42.0  98.0    S      -     0       -
    10  me    34    2   58.0   2.0    S      -     0       -
    11  me    30    2   42.0   2.0    S      -     0       -
    12  me    19    2   64.9  22.2    O      6    19       6
    13  p0    12    2   77.8  64.9    O      -     0       -
    14  p0    65    2   22.2  35.1    O      -     0       -
    15  p0    96    2   35.1  77.8    O      -     0       -
    16  p0    39    2   82.9  87.2    S      -     0       -
    17  p0   101    2   17.1  87.2    S      -     0       -
    18  me    19    2   82.9  12.8    S      -     0       -
    19  me    39    2   17.1  12.8    S      -     0       -
    20  me    68    2   77.6  24.8    O      -     0       -
    21  p0    37    2   87.0  55.7    O      -     0       -
    22  p0    11    2   13.0  44.3    O      6     0       6
    23  p0    57    2   22.4  75.2    O      -     0       -
    24  me    45    4   55.7  15.0    O      1    45       1
    25  p0    13    4   74.1  76.0    O      -     0       -
    26  p0    50    4   25.9  24.0    O      -     0       -
    27  p0   105    4   44.3  85.0    O      -     0       -
    28   -     2    1   27.1  98.5    S      -     0       -
    29   -     2    1   72.9  98.5    S      -     0       -
    30   -     2    1   27.1   1.5    S      -     0       -
    31   -     2    1   72.9   1.5    S      -     0       -
[POLICY]  attack_budget per source
   src=  2  budget=12
   src=  3  budget=12
   src=  6  budget=9
   src=  7  budget=3
   src= 10  budget=7
   src= 11  budget=3
   src= 12  budget=0
   src= 18  budget=11
   src= 19  budget=12
   src= 20  budget=10
   src= 24  budget=0
[MISSIONS]  N=7  (sorted by score desc)
   #0  recapture      score=   +39.09  src=[2]→tgt= 24  turns= 11  need=  11  cap=  12
   #1  reinforce      score=   +17.87  src=[20]→tgt= 12  turns=  6  need=  47  cap=  49
   #2  single         score=    +6.48  src=[18]→tgt= 31  turns=  3  need=   3  cap=   5
   #3  single         score=    +5.88  src=[20]→tgt= 31  turns=  4  need=   3  cap=   5
   #4  single         score=    +2.40  src=[2]→tgt= 31  turns=  8  need=   3  cap=  12
   #5  single         score=    +2.12  src=[19]→tgt= 30  turns=  3  need=   3  cap=  10
   #6  single         score=    +1.39  src=[3]→tgt= 30  turns=  8  need=   3  cap=  11
[MOVES]  N=5
   src=  2  angle=+179.06°  ships=  12   tgt=24 (own=me, ships=45, eta=11)
   src= 20  angle=-173.85°  ships=  49   tgt=12 (own=me, ships=19, eta=3)
   src= 18  angle=+177.49°  ships=   5   tgt=26 (own=p0, ships=50, eta=22)
   src= 19  angle=  +2.51°  ships=  10   tgt=2 (own=me, ships=20, eta=38)
   src= 24  angle=+133.62°  ships=   5   tgt=15 (own=p0, ships=96, eta=32)

===== TURN 151  player=1  ts=2026-05-01 11:10:25  planets=32  fleets=35  =====
[GLOBAL]
   my_total=759  enemy_total=1427  my_prod=22  enemy_prod=46
   my_planets=10  enemy_planets=18  neutral=4  4p=False
   step=151  remaining=349  is_early=False  is_opening=False  is_late=False  is_very_late=False  is_total_war=False
[MODES]
   domination=-0.306  is_behind=True  is_ahead=False  is_dominating=False  is_finishing=False  attack_margin_mult=0.95
[PLANETS]
   pid own ships prod    x      y    type fall_t keep_n first_en
     0  p0    86    3   93.1  81.8    S      -     0       -
     1  p0    92    3    6.9  81.8    S      -     0       -
     2  me    25    3   93.1  18.2    S      -     0       -
     3  me    42    3    6.9  18.2    S      -     0       -
     4  p0    43    2   91.4  96.5    S      -     0       -
     5  p0   103    2    8.6  96.5    S      -     0       -
     6  me    11    2   91.4   3.5    S      -     0       -
     7  me    32    2    8.6   3.5    S      -     0       -
     8  p0   110    2   58.0  98.0    S      -     0       -
     9  p0   112    2   42.0  98.0    S      -     0       -
    10  me    36    2   58.0   2.0    S      -     0       -
    11  me    32    2   42.0   2.0    S      -     0       -
    12  me    21    2   65.7  22.7    O      -    19       4
    13  p0    14    2   77.3  65.7    O      -     0       -
    14  p0    67    2   22.7  34.3    O      -     0       -
    15  p0    98    2   34.3  77.3    O      -     0       -
    16  p0    41    2   82.9  87.2    S      -     0       -
    17  p0   103    2   17.1  87.2    S      -     0       -
    18  me    16    2   82.9  12.8    S      -     0       -
    19  me    47    2   17.1  12.8    S      -     0       -
    20  me    21    2   78.3  25.6    O      2    21       2
    21  p0    26    2   86.8  56.8    O      -     0       -
    22  p0    13    2   13.2  43.2    O      5     0       5
    23  p0    59    2   21.7  74.4    O      -     0       -
    24  p0    24    4   56.7  15.2    O      -     0       -
    25  p0    17    4   73.4  76.7    O      -     0       -
    26  p0    54    4   26.6  23.3    O      -     0       -
    27  p0   109    4   43.3  84.8    O      -     0       -
    28   -     2    1   26.0  94.7    S      -     0       -
    29   -     2    1   74.0  94.7    S      -     0       -
    30   -     2    1   26.0   5.3    S      -     0       -
    31   -     2    1   74.0   5.3    S      -     0       -
[POLICY]  attack_budget per source
   src=  2  budget=13
   src=  3  budget=13
   src=  6  budget=6
   src=  7  budget=3
   src= 10  budget=7
   src= 11  budget=14
   src= 12  budget=0
   src= 18  budget=11
   src= 19  budget=18
   src= 20  budget=0
[MISSIONS]  N=3  (sorted by score desc)
   #0  swarm          score=  +116.95  src=[6,11]→tgt= 24  turns= 14  need=  34  cap=  20
   #1  single         score=    +5.79  src=[18]→tgt= 31  turns=  4  need=   3  cap=   5
   #2  single         score=    +2.08  src=[19]→tgt= 30  turns=  3  need=   3  cap=  10
[MOVES]  N=3
   src= 18  angle=+146.71°  ships=   5   tgt=? (no hit within horizon)
   src= 19  angle= +33.29°  ships=  10   tgt=? (no hit within horizon)
   src= 20  angle=-150.91°  ships=  21   tgt=24 (own=p0, ships=24, eta=6)

===== TURN 152  player=1  ts=2026-05-01 11:10:25  planets=32  fleets=34  =====
[GLOBAL]
   my_total=739  enemy_total=1431  my_prod=22  enemy_prod=46
   my_planets=10  enemy_planets=18  neutral=4  4p=False
   step=152  remaining=348  is_early=False  is_opening=False  is_late=False  is_very_late=False  is_total_war=False
[MODES]
   domination=-0.319  is_behind=True  is_ahead=False  is_dominating=False  is_finishing=False  attack_margin_mult=0.95
[PLANETS]
   pid own ships prod    x      y    type fall_t keep_n first_en
     0  p0    89    3   93.1  81.8    S      -     0       -
     1  p0    95    3    6.9  81.8    S      -     0       -
     2  me    28    3   93.1  18.2    S      -     0       -
     3  me    45    3    6.9  18.2    S      -     0       -
     4  p0    45    2   91.4  96.5    S      -     0       -
     5  p0   105    2    8.6  96.5    S      -     0       -
     6  me    13    2   91.4   3.5    S      -     0       -
     7  me    34    2    8.6   3.5    S      -     0       -
     8  p0   112    2   58.0  98.0    S      -     0       -
     9  p0   114    2   42.0  98.0    S      -     0       -
    10  me    38    2   58.0   2.0    S      -     0       -
    11  me    34    2   42.0   2.0    S      -     0       -
    12  me    26    2   66.5  23.1    O      -    24       3
    13  p0    16    2   76.9  66.5    O      -     0       -
    14  p0    47    2   23.1  33.5    O      -     0       -
    15  p0   100    2   33.5  76.9    O      -     0       -
    16  p0    43    2   82.9  87.2    S      -     0       -
    17  p0   105    2   17.1  87.2    S      -     0       -
    18  me    13    2   82.9  12.8    S      -     0       -
    19  me    39    2   17.1  12.8    S      -     0       -
    20  me     2    2   79.1  26.4    O      1     2       1
    21  p0    28    2   86.6  57.9    O      -     0       -
    22  p0    15    2   13.4  42.1    O      4     0       4
    23  p0    61    2   20.9  73.6    O      -     0       -
    24  p0     8    4   57.7  15.4    O      -     0       -
    25  p0    21    4   72.6  77.4    O      -     0       -
    26  p0    58    4   27.4  22.6    O      -     0       -
    27  p0   113    4   42.3  84.6    O      -     0       -
    28   -     2    1   25.0  90.8    O      -     0       -
    29   -     2    1   75.0  90.8    O      -     0       -
    30   -     2    1   25.0   9.2    O      -     0       -
    31   -     2    1   75.0   9.2    O      -     0       -
[POLICY]  attack_budget per source
   src=  2  budget=22
   src=  3  budget=20
   src=  6  budget=13
   src=  7  budget=9
   src= 10  budget=25
   src= 11  budget=19
   src= 12  budget=0
   src= 18  budget=12
   src= 19  budget=14
   src= 20  budget=0
[MISSIONS]  N=0  (sorted by score desc)
   (none)
[MOVES]  N=3
   src=  2  angle=-152.12°  ships=  13   tgt=18 (own=me, ships=13, eta=4)
   src=  3  angle= -27.88°  ships=  12   tgt=19 (own=me, ships=39, eta=4)
   src= 11  angle=  +0.00°  ships=  11   tgt=10 (own=me, ships=38, eta=7)

===== TURN 153  player=1  ts=2026-05-01 11:10:25  planets=32  fleets=31  =====
[GLOBAL]
   my_total=729  enemy_total=1449  my_prod=22  enemy_prod=48
   my_planets=11  enemy_planets=19  neutral=2  4p=False
   step=153  remaining=347  is_early=False  is_opening=False  is_late=False  is_very_late=False  is_total_war=False
[MODES]
   domination=-0.331  is_behind=True  is_ahead=False  is_dominating=False  is_finishing=False  attack_margin_mult=0.95
[PLANETS]
   pid own ships prod    x      y    type fall_t keep_n first_en
     0  p0    92    3   93.1  81.8    S      -     0       -
     1  p0    98    3    6.9  81.8    S      -     0       -
     2  me    18    3   93.1  18.2    S      -     0       -
     3  me    36    3    6.9  18.2    S      -     0       -
     4  p0    47    2   91.4  96.5    S      -     0       -
     5  p0   107    2    8.6  96.5    S      -     0       -
     6  me    15    2   91.4   3.5    S      -     0       -
     7  me    36    2    8.6   3.5    S      -     0       -
     8  p0   114    2   58.0  98.0    S      -     0       -
     9  p0   116    2   42.0  98.0    S      -     0       -
    10  me    40    2   58.0   2.0    S      -     0       -
    11  me    25    2   42.0   2.0    S      -     0       -
    12  me    77    2   67.3  23.6    O      -    75       2
    13  p0    18    2   76.4  67.3    O      -     0       -
    14  p0    49    2   23.6  32.7    O      -     0       -
    15  p0   102    2   32.7  76.4    O      -     0       -
    16  p0    45    2   82.9  87.2    S      -     0       -
    17  p0   107    2   17.1  87.2    S      -     0       -
    18  me    15    2   82.9  12.8    S      -     0       -
    19  me    41    2   17.1  12.8    S      -     0       -
    20  p0    64    2   79.7  27.3    O      -     0       -
    21  p0    30    2   86.3  59.0    O      -     0       -
    22  p0     8    2   13.7  41.0    O      4     0       4
    23  p0    63    2   20.3  72.7    O      -     0       -
    24  p0    12    4   58.8  15.6    O      -     0       -
    25  p0    25    4   71.7  78.0    O      -     0       -
    26  p0    47    4   28.3  22.0    O      -     0       -
    27  p0   117    4   41.2  84.4    O      -     0       -
    28   -     2    1   24.2  86.9    O      -     0       -
    29   -     2    1   75.8  86.9    O      -     0       -
    30  me     8    1   24.2  13.1    O      -     0       -
    31  me     3    1   75.8  13.1    O      -     0       -
[POLICY]  attack_budget per source
   src=  2  budget=3
   src=  3  budget=13
   src=  6  budget=0
   src=  7  budget=13
   src= 10  budget=14
   src= 11  budget=0
   src= 12  budget=2
   src= 18  budget=0
   src= 19  budget=18
   src= 30  budget=0
   src= 31  budget=0
[MISSIONS]  N=0  (sorted by score desc)
   (none)
[MOVES]  N=0

===== TURN 154  player=1  ts=2026-05-01 11:10:25  planets=32  fleets=27  =====
[GLOBAL]
   my_total=704  enemy_total=1450  my_prod=24  enemy_prod=46
   my_planets=12  enemy_planets=18  neutral=2  4p=False
   step=154  remaining=346  is_early=False  is_opening=False  is_late=False  is_very_late=False  is_total_war=False
[MODES]
   domination=-0.346  is_behind=True  is_ahead=False  is_dominating=False  is_finishing=False  attack_margin_mult=0.95
[PLANETS]
   pid own ships prod    x      y    type fall_t keep_n first_en
     0  p0    95    3   93.1  81.8    S      -     0       -
     1  p0   101    3    6.9  81.8    S      -     0       -
     2  me    21    3   93.1  18.2    S      -     0       -
     3  me    39    3    6.9  18.2    S      -     0       -
     4  p0     2    2   91.4  96.5    S      -     0       -
     5  p0   109    2    8.6  96.5    S      -     0       -
     6  me    17    2   91.4   3.5    S      -     0       -
     7  me    38    2    8.6   3.5    S      -     0       -
     8  p0    46    2   58.0  98.0    S      -     0       -
     9  p0   118    2   42.0  98.0    S      -     0       -
    10  me    42    2   58.0   2.0    S      -    15       9
    11  me    27    2   42.0   2.0    S      -     0       -
    12  me    42    2   68.1  24.2    O      -     0       -
    13  p0    20    2   75.8  68.1    O      -     0       -
    14  p0    51    2   24.2  31.9    O      -     0       -
    15  p0   104    2   31.9  75.8    O      -     0       -
    16  p0    47    2   82.9  87.2    S      -     0       -
    17  p0   109    2   17.1  87.2    S      -     0       -
    18  me    17    2   82.9  12.8    S      -     0       -
    19  me    60    2   17.1  12.8    S      -     0       -
    20  p0    66    2   80.4  28.2    O      -     0       -
    21  p0    55    2   86.0  60.0    O      -     0       -
    22  me    15    2   14.0  40.0    O      3    15       3
    23  p0    65    2   19.6  71.8    O      -     0       -
    24  p0    16    4   59.8  15.9    O      -     0       -
    25  p0    29    4   70.9  78.6    O      -     0       -
    26  p0    51    4   29.1  21.4    O      -     0       -
    27  p0   121    4   40.2  84.1    O      -     0       -
    28   -     2    1   23.6  82.9    O      -     0       -
    29   -     2    1   76.4  82.9    O      -     0       -
    30  me    37    1   23.6  17.1    O      -     0       -
    31  me     4    1   76.4  17.1    O      -     0       -
[POLICY]  attack_budget per source
   src=  2  budget=4
   src=  3  budget=15
   src=  6  budget=2
   src=  7  budget=14
   src= 10  budget=14
   src= 11  budget=0
   src= 12  budget=15
   src= 18  budget=2
   src= 19  budget=36
   src= 22  budget=0
   src= 30  budget=0
   src= 31  budget=0
[MISSIONS]  N=0  (sorted by score desc)
   (none)
[MOVES]  N=1
   src= 22  angle= -38.25°  ships=  15   tgt=14 (own=p0, ships=51, eta=8)

===== TURN 155  player=1  ts=2026-05-01 11:10:25  planets=32  fleets=25  =====
[GLOBAL]
   my_total=728  enemy_total=1496  my_prod=24  enemy_prod=46
   my_planets=12  enemy_planets=18  neutral=2  4p=False
   step=155  remaining=345  is_early=False  is_opening=False  is_late=False  is_very_late=False  is_total_war=False
[MODES]
   domination=-0.345  is_behind=True  is_ahead=False  is_dominating=False  is_finishing=False  attack_margin_mult=0.95
[PLANETS]
   pid own ships prod    x      y    type fall_t keep_n first_en
     0  p0    98    3   93.1  81.8    S      -     0       -
     1  p0   104    3    6.9  81.8    S      -     0       -
     2  me    35    3   93.1  18.2    S      -     0       -
     3  me    42    3    6.9  18.2    S      -     0       -
     4  p0     4    2   91.4  96.5    S      -     0       -
     5  p0   111    2    8.6  96.5    S      -     0       -
     6  me    19    2   91.4   3.5    S      -     0       -
     7  me    40    2    8.6   3.5    S      -     0       -
     8  p0    48    2   58.0  98.0    S      -     0       -
     9  p0   120    2   42.0  98.0    S      -     0       -
    10  me    44    2   58.0   2.0    S      -    17       8
    11  me    29    2   42.0   2.0    S      -     0       -
    12  me    44    2   68.8  24.7    O      -     0       -
    13  p0    22    2   75.3  68.8    O      -     0       -
    14  p0    53    2   24.7  31.2    O      -     0       -
    15  p0   106    2   31.2  75.3    O      -     0       -
    16  p0    49    2   82.9  87.2    S      -     0       -
    17  p0   111    2   17.1  87.2    S      -     0       -
    18  me    19    2   82.9  12.8    S      -     0       -
    19  me    62    2   17.1  12.8    S      -     0       -
    20  p0    68    2   81.0  29.1    O      -     0       -
    21  p0    57    2   85.7  61.1    O      -     0       -
    22  me     2    2   14.3  38.9    O      2     2       2
    23  p0    67    2   19.0  70.9    O      -     0       -
    24  p0    20    4   60.8  16.2    O      -     0       -
    25  p0    33    4   70.0  79.3    O      -     0       -
    26  p0    55    4   30.0  20.7    O      -     0       -
    27  p0   125    4   39.2  83.8    O      -     0       -
    28   -     2    1   23.1  79.0    O      -     0       -
    29   -     2    1   76.9  79.0    O      -     0       -
    30  me    38    1   23.1  21.0    O      -     0       -
    31  me    20    1   76.9  21.0    O      -     0       -
[POLICY]  attack_budget per source
   src=  2  budget=17
   src=  3  budget=17
   src=  6  budget=3
   src=  7  budget=15
   src= 10  budget=2
   src= 11  budget=11
   src= 12  budget=16
   src= 18  budget=3
   src= 19  budget=37
   src= 22  budget=0
   src= 30  budget=0
   src= 31  budget=0
[MISSIONS]  N=4  (sorted by score desc)
   #0  single         score=  +149.42  src=[12]→tgt= 24  turns=  3  need=  12  cap=  16
   #1  single         score=   +34.98  src=[19]→tgt= 14  turns=  6  need=  36  cap=  37
   #2  single         score=    +0.96  src=[12]→tgt= 29  turns=  4  need=   3  cap=  16
   #3  single         score=    +0.32  src=[19]→tgt= 28  turns= 10  need=   3  cap=  37
[MOVES]  N=3
   src= 12  angle=-124.39°  ships=  16   tgt=24 (own=p0, ships=20, eta=3)
   src= 19  angle= +51.25°  ships=  37   tgt=14 (own=p0, ships=53, eta=6)
   src=  3  angle= -27.88°  ships=  10   tgt=19 (own=me, ships=62, eta=4)

===== TURN 156  player=1  ts=2026-05-01 11:10:26  planets=32  fleets=25  =====
[GLOBAL]
   my_total=737  enemy_total=1527  my_prod=24  enemy_prod=46
   my_planets=12  enemy_planets=18  neutral=2  4p=False
   step=156  remaining=344  is_early=False  is_opening=False  is_late=False  is_very_late=False  is_total_war=False
[MODES]
   domination=-0.349  is_behind=True  is_ahead=False  is_dominating=False  is_finishing=False  attack_margin_mult=0.95
[PLANETS]
   pid own ships prod    x      y    type fall_t keep_n first_en
     0  p0   101    3   93.1  81.8    S      -     0       -
     1  p0   107    3    6.9  81.8    S      -     0       -
     2  me    38    3   93.1  18.2    S      -     0       -
     3  me    35    3    6.9  18.2    S      -     0       -
     4  p0     6    2   91.4  96.5    S      -     0       -
     5  p0   113    2    8.6  96.5    S      -     0       -
     6  me    21    2   91.4   3.5    S      -     0       -
     7  me    42    2    8.6   3.5    S      -     0       -
     8  p0    50    2   58.0  98.0    S      -     0       -
     9  p0   122    2   42.0  98.0    S      -     0       -
    10  me    46    2   58.0   2.0    S      -     0       -
    11  me    31    2   42.0   2.0    S      -     0       -
    12  me    30    2   69.6  25.3    O      -     0       -
    13  p0    24    2   74.7  69.6    O      -     0       -
    14  p0    40    2   25.3  30.4    O      -     0       -
    15  p0   108    2   30.4  74.7    O      -     0       -
    16  p0    51    2   82.9  87.2    S      -     0       -
    17  p0   113    2   17.1  87.2    S      -     0       -
    18  me    34    2   82.9  12.8    S      -     0       -
    19  me    39    2   17.1  12.8    S      -     0       -
    20  p0    70    2   81.6  30.0    O      -     0       -
    21  p0    59    2   85.4  62.1    O      -     0       -
    22  me     4    2   14.6  37.9    O      2     4       2
    23  p0    69    2   18.4  70.0    O      -     0       -
    24  p0    24    4   61.8  16.6    O      -     0       -
    25  p0    37    4   69.2  79.8    O      -     0       -
    26  p0    59    4   30.8  20.2    O      -     0       -
    27  p0   129    4   38.2  83.4    O      -     0       -
    28   -     2    1   22.8  75.0    O      -     0       -
    29   -     2    1   77.2  75.0    O      -     0       -
    30  me    39    1   22.8  25.0    O      -     0       -
    31  me    21    1   77.2  25.0    O      -     0       -
[POLICY]  attack_budget per source
   src=  2  budget=19
   src=  3  budget=12
   src=  6  budget=5
   src=  7  budget=19
   src= 10  budget=16
   src= 11  budget=12
   src= 12  budget=0
   src= 18  budget=12
   src= 19  budget=16
   src= 22  budget=0
   src= 30  budget=0
   src= 31  budget=0
[MISSIONS]  N=0  (sorted by score desc)
   (none)
[MOVES]  N=1
   src=  7  angle= +47.76°  ships=  11   tgt=19 (own=me, ships=39, eta=5)

===== TURN 157  player=1  ts=2026-05-01 11:10:26  planets=32  fleets=23  =====
[GLOBAL]
   my_total=724  enemy_total=1536  my_prod=24  enemy_prod=46
   my_planets=12  enemy_planets=18  neutral=2  4p=False
   step=157  remaining=343  is_early=False  is_opening=False  is_late=False  is_very_late=False  is_total_war=False
[MODES]
   domination=-0.359  is_behind=True  is_ahead=False  is_dominating=False  is_finishing=False  attack_margin_mult=0.95
[PLANETS]
   pid own ships prod    x      y    type fall_t keep_n first_en
     0  p0   104    3   93.1  81.8    S      -     0       -
     1  p0   110    3    6.9  81.8    S      -     0       -
     2  me    41    3   93.1  18.2    S      -     0       -
     3  me    38    3    6.9  18.2    S      -     0       -
     4  p0     8    2   91.4  96.5    S      -     0       -
     5  p0   115    2    8.6  96.5    S      -     0       -
     6  me    23    2   91.4   3.5    S      -     0       -
     7  me    33    2    8.6   3.5    S      -     0       -
     8  p0    52    2   58.0  98.0    S      -     0       -
     9  p0   124    2   42.0  98.0    S      -     0       -
    10  me    48    2   58.0   2.0    S      -     0       -
    11  me    33    2   42.0   2.0    S      -     0       -
    12  me    32    2   70.3  25.9    O      -     0       -
    13  p0    26    2   74.1  70.3    O      -     0       -
    14  p0    42    2   25.9  29.7    O      -     0       -
    15  p0   110    2   29.7  74.1    O      -     0       -
    16  p0    53    2   82.9  87.2    S      -     0       -
    17  p0   115    2   17.1  87.2    S      -     0       -
    18  me    36    2   82.9  12.8    S      -     0       -
    19  me    41    2   17.1  12.8    S      -     0       -
    20  p0    72    2   82.2  31.0    O      -     0       -
    21  p0    61    2   85.0  63.2    O      -     0       -
    22  me     6    2   15.0  36.8    O      1     6       1
    23  p0    71    2   17.8  69.0    O      -     0       -
    24  p0     7    4   62.8  16.9    O      -     0       -
    25  p0    41    4   68.3  80.4    O      -     0       -
    26  p0    63    4   31.7  19.6    O      -     0       -
    27  p0   133    4   37.2  83.1    O      -     0       -
    28   -     2    1   22.7  71.0    O      -     0       -
    29   -     2    1   77.3  71.0    O      -     0       -
    30  me    40    1   22.7  29.0    O      -     0       -
    31  me    22    1   77.3  29.0    O      -     0       -
[POLICY]  attack_budget per source
   src=  2  budget=24
   src=  3  budget=13
   src=  6  budget=6
   src=  7  budget=8
   src= 10  budget=14
   src= 11  budget=15
   src= 12  budget=0
   src= 18  budget=19
   src= 19  budget=16
   src= 22  budget=0
   src= 30  budget=0
   src= 31  budget=0
[MISSIONS]  N=0  (sorted by score desc)
   (none)
[MOVES]  N=0

===== TURN 158  player=1  ts=2026-05-01 11:10:26  planets=32  fleets=19  =====
[GLOBAL]
   my_total=724  enemy_total=1558  my_prod=22  enemy_prod=48
   my_planets=11  enemy_planets=19  neutral=2  4p=False
   step=158  remaining=342  is_early=False  is_opening=False  is_late=False  is_very_late=False  is_total_war=False
[MODES]
   domination=-0.365  is_behind=True  is_ahead=False  is_dominating=False  is_finishing=False  attack_margin_mult=0.95
[PLANETS]
   pid own ships prod    x      y    type fall_t keep_n first_en
     0  p0   107    3   93.1  81.8    S      -     0       -
     1  p0   113    3    6.9  81.8    S      -     0       -
     2  me    44    3   93.1  18.2    S      -     0       -
     3  me    41    3    6.9  18.2    S      -     0       -
     4  p0    10    2   91.4  96.5    S      -     0       -
     5  p0   117    2    8.6  96.5    S      -     0       -
     6  me    25    2   91.4   3.5    S      -    22      24
     7  me    35    2    8.6   3.5    S      -     0       -
     8  p0    54    2   58.0  98.0    S      -     0       -
     9  p0   126    2   42.0  98.0    S      -     0       -
    10  me    50    2   58.0   2.0    S      -     0       -
    11  me    35    2   42.0   2.0    S      -     0       -
    12  me    34    2   71.0  26.5    O      -     0       -
    13  p0    28    2   73.5  71.0    O      -     0       -
    14  p0    44    2   26.5  29.0    O      -     0       -
    15  p0   112    2   29.0  73.5    O      -     0       -
    16  p0    55    2   82.9  87.2    S      -     0       -
    17  p0   117    2   17.1  87.2    S      -     0       -
    18  me    38    2   82.9  12.8    S      -     0       -
    19  me    59    2   17.1  12.8    S      -     0       -
    20  p0    74    2   82.8  32.0    O      -     0       -
    21  p0    63    2   84.6  64.2    O      -     0       -
    22  p0    60    2   15.4  35.8    O      -     0       -
    23  p0    73    2   17.2  68.0    O      -     0       -
    24  p0    39    4   63.7  17.3    O      -     0       -
    25  p0    45    4   67.4  80.9    O      -     0       -
    26  p0    40    4   32.6  19.1    O      -     0       -
    27  p0   137    4   36.3  82.7    O      -     0       -
    28   -     2    1   22.8  67.0    O      -     0       -
    29   -     2    1   77.2  67.0    O      -     0       -
    30  me    56    1   22.8  33.0    O      -     0       -
    31  me    23    1   77.2  33.0    O      -     0       -
[POLICY]  attack_budget per source
   src=  2  budget=27
   src=  3  budget=7
   src=  6  budget=0
   src=  7  budget=1
   src= 10  budget=22
   src= 11  budget=3
   src= 12  budget=0
   src= 18  budget=11
   src= 19  budget=25
   src= 30  budget=0
   src= 31  budget=0
[MISSIONS]  N=0  (sorted by score desc)
   (none)
[MOVES]  N=1
   src= 10  angle= +61.11°  ships=  13   tgt=12 (own=me, ships=34, eta=21)

===== TURN 159  player=1  ts=2026-05-01 11:10:26  planets=32  fleets=19  =====
[GLOBAL]
   my_total=746  enemy_total=1606  my_prod=22  enemy_prod=48
   my_planets=11  enemy_planets=19  neutral=2  4p=False
   step=159  remaining=341  is_early=False  is_opening=False  is_late=False  is_very_late=False  is_total_war=False
[MODES]
   domination=-0.366  is_behind=True  is_ahead=False  is_dominating=False  is_finishing=False  attack_margin_mult=0.95
[PLANETS]
   pid own ships prod    x      y    type fall_t keep_n first_en
     0  p0   110    3   93.1  81.8    S      -     0       -
     1  p0   116    3    6.9  81.8    S      -     0       -
     2  me    47    3   93.1  18.2    S      -     0       -
     3  me    44    3    6.9  18.2    S      -     0       -
     4  p0    12    2   91.4  96.5    S      -     0       -
     5  p0   119    2    8.6  96.5    S      -     0       -
     6  me    27    2   91.4   3.5    S      -    24      23
     7  me    37    2    8.6   3.5    S      -     0       -
     8  p0    56    2   58.0  98.0    S      -     0       -
     9  p0   128    2   42.0  98.0    S      -     0       -
    10  me    50    2   58.0   2.0    S      -     0       -
    11  me    37    2   42.0   2.0    S      -     0       -
    12  me    36    2   71.7  27.1    O      -     0       -
    13  p0    30    2   72.9  71.7    O      -     0       -
    14  p0    46    2   27.1  28.3    O      -     0       -
    15  p0    22    2   28.3  72.9    O      -     0       -
    16  p0    57    2   82.9  87.2    S      -     0       -
    17  p0   119    2   17.1  87.2    S      -     0       -
    18  me    40    2   82.9  12.8    S      -     0       -
    19  me    81    2   17.1  12.8    S      -    18      15
    20  p0    76    2   83.3  32.9    O      -     0       -
    21  p0    65    2   84.2  65.2    O      -     0       -
    22  p0    62    2   15.8  34.8    O      -     0       -
    23  p0    75    2   16.7  67.1    O      -     0       -
    24  p0    43    4   64.7  17.7    O      -     0       -
    25  p0    49    4   66.4  81.4    O      -     0       -
    26  p0    44    4   33.6  18.6    O      -     0       -
    27  p0     4    4   35.3  82.3    O      -     0       -
    28   -     2    1   23.1  63.0    O      -     0       -
    29   -     2    1   76.9  63.0    O      -     0       -
    30  me    57    1   23.1  37.0    O      -     0       -
    31  me    24    1   76.9  37.0    O      -     0       -
[POLICY]  attack_budget per source
   src=  2  budget=29
   src=  3  budget=8
   src=  6  budget=0
   src=  7  budget=1
   src= 10  budget=21
   src= 11  budget=4
   src= 12  budget=0
   src= 18  budget=12
   src= 19  budget=45
   src= 30  budget=0
   src= 31  budget=0
[MISSIONS]  N=0  (sorted by score desc)
   (none)
[MOVES]  N=2
   src=  2  angle=+138.79°  ships=  17   tgt=12 (own=me, ships=36, eta=8)
   src= 10  angle= +61.44°  ships=  13   tgt=12 (own=me, ships=36, eta=21)

===== TURN 160  player=1  ts=2026-05-01 11:10:26  planets=32  fleets=28  =====
[GLOBAL]
   my_total=768  enemy_total=1654  my_prod=22  enemy_prod=48
   my_planets=11  enemy_planets=19  neutral=2  4p=False
   step=160  remaining=340  is_early=False  is_opening=False  is_late=False  is_very_late=False  is_total_war=False
[MODES]
   domination=-0.366  is_behind=True  is_ahead=False  is_dominating=False  is_finishing=False  attack_margin_mult=0.95
[PLANETS]
   pid own ships prod    x      y    type fall_t keep_n first_en
     0  p0     3    3   93.1  81.8    S      -     0       -
     1  p0     3    3    6.9  81.8    S      -     0       -
     2  me    33    3   93.1  18.2    S      -     0       -
     3  me    47    3    6.9  18.2    S      -     0       -
     4  p0    14    2   91.4  96.5    S      -     0       -
     5  p0   121    2    8.6  96.5    S      -     0       -
     6  me    29    2   91.4   3.5    S      -    26      22
     7  me    39    2    8.6   3.5    S      -     0       -
     8  p0    58    2   58.0  98.0    S      -     0       -
     9  p0   130    2   42.0  98.0    S      -     0       -
    10  me    39    2   58.0   2.0    S      -     0       -
    11  me    39    2   42.0   2.0    S      -     0       -
    12  me    38    2   72.3  27.8    O      -     0       -
    13  p0    32    2   72.2  72.3    O      -     0       -
    14  p0    75    2   27.8  27.7    O      -     0       -
    15  p0    24    2   27.7  72.2    O      -     0       -
    16  p0    59    2   82.9  87.2    S      -     0       -
    17  p0   121    2   17.1  87.2    S      -     0       -
    18  me    42    2   82.9  12.8    S      -    36       4
    19  me    83    2   17.1  12.8    S      -    20      14
    20  p0    40    2   83.8  33.9    O      -     0       -
    21  p0    64    2   83.7  66.2    O      -     0       -
    22  p0     3    2   16.3  33.8    O      -     0       -
    23  p0    74    2   16.2  66.1    O      -     0       -
    24  p0     4    4   65.7  18.2    O      -     0       -
    25  p0    53    4   65.5  81.9    O      -     0       -
    26  p0    48    4   34.5  18.1    O      -     0       -
    27  p0     8    4   34.3  81.8    O      -     0       -
    28   -     2    1   23.7  59.0    O      -     0       -
    29   -     2    1   76.3  59.0    O      -     0       -
    30  me    58    1   23.7  41.0    O     10    58      10
    31  me    25    1   76.3  41.0    O      3    25       3
[POLICY]  attack_budget per source
   src=  2  budget=18
   src=  3  budget=18
   src=  6  budget=3
   src=  7  budget=10
   src= 10  budget=9
   src= 11  budget=10
   src= 12  budget=4
   src= 18  budget=6
   src= 19  budget=54
   src= 30  budget=0
   src= 31  budget=0
[MISSIONS]  N=3  (sorted by score desc)
   #0  single         score=  +140.41  src=[3]→tgt= 22  turns=  6  need=  16  cap=  18
   #1  single         score=  +137.70  src=[19]→tgt= 22  turns=  5  need=  14  cap=  19
   #2  single         score=   +24.77  src=[19]→tgt= 14  turns=  5  need=  49  cap=  54
[MOVES]  N=6
   src=  3  angle= +37.35°  ships=  18   tgt=22 (own=p0, ships=3, eta=6)
   src= 19  angle= +80.14°  ships=  19   tgt=22 (own=p0, ships=3, eta=6)
   src= 30  angle=-115.44°  ships=  19   tgt=22 (own=p0, ships=3, eta=4)
   src= 31  angle=-152.05°  ships=  12   tgt=7 (own=me, ships=39, eta=37)
   src=  2  angle=+131.88°  ships=  11   tgt=12 (own=me, ships=38, eta=10)
   src= 19  angle= +32.24°  ships=  21   tgt=14 (own=p0, ships=75, eta=7)

===== TURN 161  player=1  ts=2026-05-01 11:10:27  planets=32  fleets=34  =====
[GLOBAL]
   my_total=774  enemy_total=1686  my_prod=32  enemy_prod=38
   my_planets=14  enemy_planets=16  neutral=2  4p=False
   step=161  remaining=339  is_early=False  is_opening=False  is_late=False  is_very_late=False  is_total_war=False
[MODES]
   domination=-0.371  is_behind=True  is_ahead=False  is_dominating=False  is_finishing=False  attack_margin_mult=0.95
[PLANETS]
   pid own ships prod    x      y    type fall_t keep_n first_en
     0  p0     6    3   93.1  81.8    S      -     0       -
     1  p0     6    3    6.9  81.8    S      -     0       -
     2  me    25    3   93.1  18.2    S      -     0       -
     3  me    32    3    6.9  18.2    S      -     0       -
     4  p0    16    2   91.4  96.5    S      -     0       -
     5  p0   123    2    8.6  96.5    S      -     0       -
     6  me    31    2   91.4   3.5    S      -     0       -
     7  me    41    2    8.6   3.5    S      -    32       8
     8  p0    60    2   58.0  98.0    S      -     0       -
     9  p0   132    2   42.0  98.0    S      -     0       -
    10  me    41    2   58.0   2.0    S      -     0       -
    11  me    41    2   42.0   2.0    S      -     0       -
    12  me    78    2   73.0  28.4    O      -     0       -
    13  p0    34    2   71.6  73.0    O      -     0       -
    14  me    33    2   28.4  27.0    O     13    33      13
    15  p0   160    2   27.0  71.6    O      -     0       -
    16  p0    61    2   82.9  87.2    S      -     0       -
    17  p0     2    2   17.1  87.2    S      -     0       -
    18  me    44    2   82.9  12.8    S      -    38       3
    19  me    56    2   17.1  12.8    S      -     0       -
    20  p0    16    2   84.2  34.9    O      -     0       -
    21  p0    63    2   83.2  67.2    O      -     0       -
    22  p0     5    2   16.8  32.8    O      -     0       -
    23  p0    76    2   15.8  65.1    O      -     0       -
    24  me     4    4   66.6  18.7    O      -     0       7
    25  p0    57    4   64.5  82.3    O      -     0       -
    26  me    13    4   35.5  17.7    O     20    13      20
    27  p0    12    4   33.4  81.3    O      -     0       -
    28   -     2    1   24.6  55.1    O      -     0       -
    29   -     2    1   75.4  55.1    O      -     0       -
    30  me    40    1   24.6  44.9    O      -     0       -
    31  me    14    1   75.4  44.9    O      8    14       8
[POLICY]  attack_budget per source
   src=  2  budget=10
   src=  3  budget=0
   src=  6  budget=28
   src=  7  budget=9
   src= 10  budget=41
   src= 11  budget=41
   src= 12  budget=42
   src= 14  budget=0
   src= 18  budget=6
   src= 19  budget=17
   src= 24  budget=0
   src= 26  budget=0
   src= 30  budget=0
   src= 31  budget=0
[MISSIONS]  N=25  (sorted by score desc)
   #0  single         score=  +148.29  src=[19]→tgt= 22  turns=  5  need=  16  cap=  17
   #1  single         score=   +84.21  src=[12]→tgt= 20  turns=  6  need=  29  cap=  32
   #2  single         score=   +80.93  src=[11]→tgt= 22  turns= 10  need=  26  cap=  31
   #3  reinforce      score=   +75.54  src=[11]→tgt= 26  turns= 20  need=  17  cap=  19
   #4  reinforce      score=   +74.34  src=[14]→tgt= 26  turns= 20  need=  17  cap=  19
   #5  reinforce      score=   +73.18  src=[10]→tgt= 26  turns= 20  need=  17  cap=  19
   #6  single         score=   +69.82  src=[10]→tgt= 22  turns= 13  need=  32  cap=  35
   #7  reinforce      score=   +68.89  src=[12]→tgt= 26  turns= 20  need=  17  cap=  19
   #8  reinforce      score=   +68.89  src=[19]→tgt= 26  turns= 20  need=  17  cap=  19
   #9  reinforce      score=   +66.92  src=[18]→tgt= 26  turns= 20  need=  17  cap=  19
   #10 reinforce      score=   +66.79  src=[2]→tgt= 26  turns= 20  need=  17  cap=  18
   #11 reinforce      score=   +64.18  src=[6]→tgt= 26  turns= 20  need=  17  cap=  19
   #12 reinforce      score=   +64.18  src=[30]→tgt= 26  turns= 20  need=  17  cap=  19
   #13 reinforce      score=   +62.47  src=[3]→tgt= 26  turns= 20  need=  17  cap=  19
   #14 reinforce      score=   +62.47  src=[7]→tgt= 26  turns= 20  need=  17  cap=  19
   #15 single         score=   +59.58  src=[12]→tgt= 22  turns= 15  need=  36  cap=  41
   #16 rescue         score=   +57.28  src=[19]→tgt= 26  turns= 20  need=  17  cap=  17
   #17 rescue         score=   +52.16  src=[11]→tgt= 26  turns= 20  need=  17  cap=  22
   #18 rescue         score=   +49.73  src=[10]→tgt= 26  turns= 20  need=  17  cap=  22
   #19 rescue         score=   +46.83  src=[12]→tgt= 26  turns= 20  need=  17  cap=  22
   #20 rescue         score=   +44.25  src=[6]→tgt= 26  turns= 20  need=  17  cap=  22
   #21 reinforce      score=   +19.54  src=[12]→tgt= 14  turns= 13  need=  43  cap=  45
   #22 single         score=    +0.67  src=[12]→tgt= 29  turns=  5  need=   3  cap=  21
   #23 single         score=    +0.27  src=[10]→tgt= 29  turns=  9  need=   3  cap=  41
   #24 single         score=    +0.25  src=[11]→tgt= 29  turns= 10  need=   3  cap=  41
[MOVES]  N=17
   src= 19  angle= +77.00°  ships=  17   tgt=22 (own=p0, ships=5, eta=6)
   src= 12  angle= +43.72°  ships=  32   tgt=20 (own=p0, ships=16, eta=6)
   src= 11  angle= +96.39°  ships=  19   tgt=26 (own=me, ships=13, eta=5)
   src= 14  angle= -26.80°  ships=   3   tgt=? (no hit within horizon)
   src= 10  angle=+131.99°  ships=   3   tgt=26 (own=me, ships=13, eta=11)
   src= 12  angle=-143.04°  ships=   3   tgt=26 (own=me, ships=13, eta=17)
   src= 19  angle=  +3.64°  ships=  19   tgt=26 (own=me, ships=13, eta=11)
   src= 18  angle=+173.07°  ships=   3   tgt=26 (own=me, ships=13, eta=19)
   src=  2  angle=-178.46°  ships=   3   tgt=26 (own=me, ships=13, eta=23)
   src=  6  angle=+164.32°  ships=  19   tgt=26 (own=me, ships=13, eta=16)
   src= 30  angle= -48.09°  ships=  19   tgt=26 (own=me, ships=13, eta=16)
   src=  3  angle=  -4.22°  ships=  19   tgt=26 (own=me, ships=13, eta=18)
   src=  7  angle= +13.97°  ships=  19   tgt=26 (own=me, ships=13, eta=18)
   src= 12  angle=-167.96°  ships=  43   tgt=22 (own=p0, ships=5, eta=15)
   src= 10  angle=+100.63°  ships=  38   tgt=? (no hit within horizon)
   src= 31  angle=+134.75°  ships=   4   tgt=? (no hit within horizon)
   src= 11  angle= +96.39°  ships=  13   tgt=26 (own=me, ships=13, eta=5)

===== TURN 162  player=1  ts=2026-05-01 11:10:27  planets=32  fleets=49  =====
[GLOBAL]
   my_total=790  enemy_total=1708  my_prod=32  enemy_prod=38
   my_planets=14  enemy_planets=16  neutral=2  4p=False
   step=162  remaining=338  is_early=False  is_opening=False  is_late=False  is_very_late=False  is_total_war=False
[MODES]
   domination=-0.367  is_behind=True  is_ahead=False  is_dominating=False  is_finishing=False  attack_margin_mult=0.95
[PLANETS]
   pid own ships prod    x      y    type fall_t keep_n first_en
     0  p0     9    3   93.1  81.8    S      -     0       -
     1  p0     9    3    6.9  81.8    S      -     0       -
     2  me    25    3   93.1  18.2    S      -     0       -
     3  me    16    3    6.9  18.2    S      -     0       -
     4  p0    18    2   91.4  96.5    S      -     0       -
     5  p0   125    2    8.6  96.5    S      -     0       -
     6  me    14    2   91.4   3.5    S      -     0       -
     7  me    24    2    8.6   3.5    S      7    24       7
     8  p0    62    2   58.0  98.0    S      -     0       -
     9  p0   134    2   42.0  98.0    S      -     0       -
    10  me     2    2   58.0   2.0    S      -     0       -
    11  me    11    2   42.0   2.0    S      -     0       -
    12  me     2    2   73.6  29.1    O      -     0       -
    13  p0    36    2   70.9  73.6    O      -     0       -
    14  me    54    2   29.1  26.4    O      -     0       -
    15  p0   162    2   26.4  70.9    O      -     0       -
    16  p0    63    2   82.9  87.2    S      -     0       -
    17  p0     4    2   17.1  87.2    S      -     0       -
    18  me    43    2   82.9  12.8    S      -    40       2
    19  me    22    2   17.1  12.8    S     12    22      12
    20  p0    18    2   84.7  36.0    O      -     0       -
    21  p0    49    2   82.7  68.2    O      -     0       -
    22  p0     7    2   17.3  31.8    O      -     0       -
    23  p0    78    2   15.3  64.0    O      -     0       -
    24  me     8    4   67.5  19.2    O      -     0       5
    25  p0    61    4   63.6  82.8    O      -     0       -
    26  me    17    4   36.4  17.2    O      -     0       -
    27  p0    16    4   32.5  80.8    O      -     0       -
    28   -     2    1   25.8  51.3    O      -     0       -
    29   -     2    1   74.2  51.3    O      -     0       -
    30  me    22    1   25.8  48.7    O      -     0      11
    31  me    11    1   74.2  48.7    O      -     0       -
[POLICY]  attack_budget per source
   src=  2  budget=21
   src=  3  budget=0
   src=  6  budget=10
   src=  7  budget=0
   src= 10  budget=2
   src= 11  budget=11
   src= 12  budget=0
   src= 14  budget=0
   src= 18  budget=3
   src= 19  budget=0
   src= 24  budget=0
   src= 26  budget=0
   src= 30  budget=0
   src= 31  budget=0
[MISSIONS]  N=3  (sorted by score desc)
   #0  reinforce      score=   +59.23  src=[19]→tgt=  7  turns=  7  need=  10  cap=  12
   #1  reinforce      score=   +57.86  src=[3]→tgt=  7  turns=  7  need=  10  cap=  12
   #2  reinforce      score=   +27.41  src=[14]→tgt= 19  turns= 12  need=  30  cap=  32
[MOVES]  N=4
   src= 19  angle=-132.24°  ships=  12   tgt=7 (own=me, ships=24, eta=5)
   src=  3  angle= -83.35°  ships=  12   tgt=7 (own=me, ships=24, eta=6)
   src= 14  angle=-131.70°  ships=  32   tgt=19 (own=me, ships=22, eta=6)
   src=  2  angle=+127.68°  ships=  13   tgt=12 (own=me, ships=2, eta=10)

===== TURN 163  player=1  ts=2026-05-01 11:10:27  planets=32  fleets=50  =====
[GLOBAL]
   my_total=768  enemy_total=1694  my_prod=33  enemy_prod=38
   my_planets=15  enemy_planets=16  neutral=1  4p=False
   step=163  remaining=337  is_early=False  is_opening=False  is_late=False  is_very_late=False  is_total_war=False
[MODES]
   domination=-0.376  is_behind=True  is_ahead=False  is_dominating=False  is_finishing=False  attack_margin_mult=0.95
[PLANETS]
   pid own ships prod    x      y    type fall_t keep_n first_en
     0  p0    12    3   93.1  81.8    S      -     0       -
     1  p0    12    3    6.9  81.8    S      -     0       -
     2  me    15    3   93.1  18.2    S      -     0       -
     3  me     7    3    6.9  18.2    S      -     0       -
     4  p0    20    2   91.4  96.5    S      -     0       -
     5  p0   127    2    8.6  96.5    S      -     0       -
     6  me    16    2   91.4   3.5    S      -     0       -
     7  me    26    2    8.6   3.5    S      -    12       6
     8  p0    64    2   58.0  98.0    S      -     0       -
     9  p0   136    2   42.0  98.0    S      -     0       -
    10  me     4    2   58.0   2.0    S      -     0       -
    11  me    13    2   42.0   2.0    S      -     0       -
    12  me     4    2   74.2  29.8    O      -     0       -
    13  p0    38    2   70.2  74.2    O      -     0       -
    14  me    24    2   29.8  25.8    O      -     0       -
    15  p0   164    2   25.8  70.2    O      -     0       -
    16  p0    65    2   82.9  87.2    S      -     0       -
    17  p0     6    2   17.1  87.2    S      -     0       -
    18  me    45    2   82.9  12.8    S      -    42       1
    19  me    12    2   17.1  12.8    S     11    12      11
    20  p0    20    2   85.1  37.0    O      -     0       -
    21  p0   109    2   82.1  69.2    O      -     0       -
    22  p0     9    2   17.9  30.8    O      -     0       -
    23  p0    80    2   14.9  63.0    O      -     0       -
    24  me    12    4   68.4  19.7    O      -     0       4
    25  p0    65    4   62.6  83.1    O      -     0       -
    26  me    21    4   37.4  16.9    O      -     0       -
    27  p0    20    4   31.6  80.3    O      -     0       -
    28   -     2    1   27.3  47.6    O      -     0       -
    29  me     2    1   72.7  47.6    O      -     0       -
    30  me    23    1   27.3  52.4    O      -     0       -
    31  me    12    1   72.7  52.4    O      4    12       4
[POLICY]  attack_budget per source
   src=  2  budget=0
   src=  3  budget=0
   src=  6  budget=12
   src=  7  budget=14
   src= 10  budget=4
   src= 11  budget=13
   src= 12  budget=0
   src= 14  budget=0
   src= 18  budget=3
   src= 19  budget=0
   src= 24  budget=0
   src= 26  budget=0
   src= 29  budget=0
   src= 30  budget=0
   src= 31  budget=0
[MISSIONS]  N=4  (sorted by score desc)
   #0  reinforce      score=   +64.65  src=[7]→tgt= 19  turns= 11  need=  10  cap=  12
   #1  reinforce      score=   +60.36  src=[14]→tgt= 19  turns= 11  need=  10  cap=  12
   #2  reinforce      score=   +60.36  src=[26]→tgt= 19  turns= 11  need=  10  cap=  12
   #3  rescue         score=   +46.10  src=[7]→tgt= 19  turns= 11  need=  10  cap=  13
[MOVES]  N=4
   src=  7  angle= +47.76°  ships=  12   tgt=19 (own=me, ships=12, eta=5)
   src= 14  angle=-134.64°  ships=  12   tgt=19 (own=me, ships=12, eta=8)
   src= 26  angle=-168.80°  ships=  12   tgt=19 (own=me, ships=12, eta=8)
   src= 31  angle= -94.69°  ships=  12   tgt=29 (own=me, ships=2, eta=1)

===== TURN 164  player=1  ts=2026-05-01 11:10:27  planets=32  fleets=53  =====
[GLOBAL]
   my_total=747  enemy_total=1678  my_prod=35  enemy_prod=36
   my_planets=16  enemy_planets=15  neutral=1  4p=False
   step=164  remaining=336  is_early=False  is_opening=False  is_late=False  is_very_late=False  is_total_war=False
[MODES]
   domination=-0.384  is_behind=True  is_ahead=False  is_dominating=False  is_finishing=False  attack_margin_mult=0.95
[PLANETS]
   pid own ships prod    x      y    type fall_t keep_n first_en
     0  p0    15    3   93.1  81.8    S      -     0       -
     1  p0    15    3    6.9  81.8    S      -     0       -
     2  me    18    3   93.1  18.2    S      -     0       -
     3  me    10    3    6.9  18.2    S      -     0       -
     4  p0    22    2   91.4  96.5    S      -     0       -
     5  p0   129    2    8.6  96.5    S      -     0       -
     6  me    18    2   91.4   3.5    S     18    18      18
     7  me    16    2    8.6   3.5    S      -    14       5
     8  p0    66    2   58.0  98.0    S      -     0       -
     9  p0   138    2   42.0  98.0    S      -     0       -
    10  me     6    2   58.0   2.0    S      -     0       -
    11  me    15    2   42.0   2.0    S      -     0       -
    12  me     6    2   74.8  30.6    O      -     0       -
    13  p0    40    2   69.4  74.8    O      -     0       -
    14  me    14    2   30.6  25.2    O      -     0       -
    15  p0    71    2   25.2  69.4    O      -     0       -
    16  p0    67    2   82.9  87.2    S      -     0       -
    17  p0     8    2   17.1  87.2    S      -     0       -
    18  me     4    2   82.9  12.8    S      -     1       4
    19  me    14    2   17.1  12.8    S      -     0      10
    20  p0    22    2   85.4  38.0    O      -     0       -
    21  p0   111    2   81.5  70.1    O      -     0       -
    22  me     8    2   18.5  29.9    O      -     0       -
    23  p0   198    2   14.6  62.0    O      -     0       -
    24  me    16    4   69.3  20.3    O      -     1       3
    25  p0    69    4   61.6  83.5    O      -     0       -
    26  me    13    4   38.4  16.5    O      -     0       -
    27  p0     4    4   30.7  79.7    O      -     0       -
    28   -     2    1   29.2  44.1    O      -     0      14
    29  me     3    1   70.8  44.1    O      1     3       1
    30  me    24    1   29.2  55.9    O      -     0       -
    31  me     1    1   70.8  55.9    O      -     0       -
[POLICY]  attack_budget per source
   src=  2  budget=0
   src=  3  budget=0
   src=  6  budget=0
   src=  7  budget=0
   src= 10  budget=6
   src= 11  budget=15
   src= 12  budget=0
   src= 14  budget=0
   src= 18  budget=0
   src= 19  budget=0
   src= 22  budget=0
   src= 24  budget=0
   src= 26  budget=0
   src= 29  budget=0
   src= 30  budget=0
   src= 31  budget=0
[MISSIONS]  N=0  (sorted by score desc)
   (none)
[MOVES]  N=1
   src=  6  angle=+103.95°  ships=  18   tgt=12 (own=me, ships=6, eta=17)

===== TURN 165  player=1  ts=2026-05-01 11:10:27  planets=32  fleets=53  =====
[GLOBAL]
   my_total=778  enemy_total=1710  my_prod=34  enemy_prod=37
   my_planets=15  enemy_planets=16  neutral=1  4p=False
   step=165  remaining=335  is_early=False  is_opening=False  is_late=False  is_very_late=False  is_total_war=False
[MODES]
   domination=-0.375  is_behind=True  is_ahead=False  is_dominating=False  is_finishing=False  attack_margin_mult=0.95
[PLANETS]
   pid own ships prod    x      y    type fall_t keep_n first_en
     0  p0    18    3   93.1  81.8    S      -     0       -
     1  p0    18    3    6.9  81.8    S      -     0       -
     2  me    21    3   93.1  18.2    S      -     0       -
     3  me    13    3    6.9  18.2    S      -     0       -
     4  p0    24    2   91.4  96.5    S      -     0       -
     5  p0   131    2    8.6  96.5    S      -     0       -
     6  me     2    2   91.4   3.5    S     17     2      17
     7  me    18    2    8.6   3.5    S      -    16       4
     8  p0    68    2   58.0  98.0    S      -     0       -
     9  p0   140    2   42.0  98.0    S      -     0       -
    10  me     8    2   58.0   2.0    S      -     0       -
    11  me    17    2   42.0   2.0    S      -     0       -
    12  me     8    2   75.4  31.3    O      -     0       -
    13  p0    42    2   68.7  75.4    O      -     0       -
    14  me    16    2   31.3  24.6    O      -     0       -
    15  p0   194    2   24.6  68.7    O      -     0       -
    16  p0    69    2   82.9  87.2    S      -     0       -
    17  p0    10    2   17.1  87.2    S      -     0       -
    18  me     6    2   82.9  12.8    S      -     3       3
    19  me    16    2   17.1  12.8    S      -     0      39
    20  p0    24    2   85.8  39.1    O      -     0       -
    21  p0   105    2   80.9  71.0    O      -     0       -
    22  me    10    2   19.1  29.0    O      5    10       5
    23  p0   200    2   14.2  60.9    O      -     0       -
    24  me    20    4   70.2  20.9    O      1    20       1
    25  p0    73    4   60.6  83.8    O      -     0       -
    26  me    17    4   39.4  16.2    O      -     0       -
    27  p0     8    4   29.8  79.1    O      -     0       -
    28   -     2    1   31.4  40.7    O      -     0       -
    29  p0    25    1   68.6  40.7    O      -     0       -
    30  me    25    1   31.4  59.3    O      1    25       1
    31  me     2    1   68.6  59.3    O      -     0       -
[POLICY]  attack_budget per source
   src=  2  budget=0
   src=  3  budget=0
   src=  6  budget=0
   src=  7  budget=0
   src= 10  budget=8
   src= 11  budget=17
   src= 12  budget=0
   src= 14  budget=0
   src= 18  budget=0
   src= 19  budget=0
   src= 22  budget=0
   src= 24  budget=0
   src= 26  budget=0
   src= 30  budget=0
   src= 31  budget=0
[MISSIONS]  N=0  (sorted by score desc)
   (none)
[MOVES]  N=3
   src= 24  angle=+159.16°  ships=  20   tgt=28 (own=-, ships=2, eta=14)
   src= 30  angle=-106.28°  ships=  25   tgt=19 (own=me, ships=16, eta=18)
   src= 11  angle= +46.26°  ships=  10   tgt=24 (own=me, ships=20, eta=30)

===== TURN 166  player=1  ts=2026-05-01 11:10:27  planets=32  fleets=50  =====
[GLOBAL]
   my_total=781  enemy_total=1716  my_prod=31  enemy_prod=40
   my_planets=14  enemy_planets=17  neutral=1  4p=False
   step=166  remaining=334  is_early=False  is_opening=False  is_late=False  is_very_late=False  is_total_war=False
[MODES]
   domination=-0.374  is_behind=True  is_ahead=False  is_dominating=False  is_finishing=False  attack_margin_mult=0.95
[PLANETS]
   pid own ships prod    x      y    type fall_t keep_n first_en
     0  p0    21    3   93.1  81.8    S      -     0       -
     1  p0    21    3    6.9  81.8    S      -     0       -
     2  me    24    3   93.1  18.2    S      -     0       -
     3  me    16    3    6.9  18.2    S      -     0       -
     4  p0    26    2   91.4  96.5    S      -     0       -
     5  p0   133    2    8.6  96.5    S      -     0       -
     6  me     4    2   91.4   3.5    S     16     4      16
     7  me    20    2    8.6   3.5    S      -    18       3
     8  p0    70    2   58.0  98.0    S      -     0       -
     9  p0   142    2   42.0  98.0    S      -     0       -
    10  me    10    2   58.0   2.0    S      -     0       -
    11  me     9    2   42.0   2.0    S      -     0       -
    12  me    10    2   75.9  32.1    O      8    10       8
    13  p0    44    2   67.9  75.9    O      -     0       -
    14  me    18    2   32.1  24.1    O      -     0       -
    15  p0     2    2   24.1  67.9    O      -     0       -
    16  p0    71    2   82.9  87.2    S      -     0       -
    17  p0    12    2   17.1  87.2    S      -     0       -
    18  me     8    2   82.9  12.8    S      -     5       2
    19  me    34    2   17.1  12.8    S      -     0       -
    20  me     6    2   86.1  40.2    O     14     6      14
    21  p0   107    2   80.3  72.0    O      -     0       -
    22  me    49    2   19.7  28.0    O      4    49       4
    23  p0   128    2   13.9  59.8    O      -     0       -
    24  p0    22    4   71.0  21.5    O      -     0       -
    25  p0    77    4   59.6  84.1    O      -     0       -
    26  me    53    4   40.4  15.9    O      -     0      34
    27  p0    12    4   29.0  78.5    O      -     0       -
    28   -     2    1   33.9  37.7    O      -     0       -
    29  p0    26    1   66.1  37.7    O      -     0       -
    30  p0    94    1   33.9  62.3    O      -     0       -
    31  me     3    1   66.1  62.3    O      -     0       -
[POLICY]  attack_budget per source
   src=  2  budget=0
   src=  3  budget=0
   src=  6  budget=0
   src=  7  budget=0
   src= 10  budget=4
   src= 11  budget=4
   src= 12  budget=0
   src= 14  budget=0
   src= 18  budget=2
   src= 19  budget=0
   src= 20  budget=0
   src= 22  budget=0
   src= 26  budget=47
   src= 31  budget=0
[MISSIONS]  N=7  (sorted by score desc)
   #0  single         score=   +47.41  src=[26]→tgt= 24  turns= 13  need=  37  cap=  47
   #1  reinforce      score=   +39.92  src=[19]→tgt= 22  turns=  4  need=  18  cap=  20
   #2  rescue         score=   +11.73  src=[26]→tgt=  6  turns= 16  need=  34  cap=  47
   #3  recapture      score=   +10.66  src=[26]→tgt= 22  turns=  6  need=  23  cap=  30
   #4  recapture      score=    +6.59  src=[26]→tgt= 12  turns= 15  need=  19  cap=  47
   #5  recapture      score=    +6.17  src=[26]→tgt= 20  turns= 20  need=  40  cap=  47
   #6  single         score=    +0.42  src=[26]→tgt= 29  turns=  7  need=  34  cap=  34
[MOVES]  N=3
   src= 26  angle= +21.39°  ships=  47   tgt=24 (own=p0, ships=22, eta=13)
   src= 19  angle= +65.16°  ships=  20   tgt=22 (own=me, ships=49, eta=4)
   src= 12  angle=-105.70°  ships=  10   tgt=24 (own=p0, ships=22, eta=3)

===== TURN 167  player=1  ts=2026-05-01 11:10:28  planets=32  fleets=48  =====
[GLOBAL]
   my_total=810  enemy_total=1756  my_prod=32  enemy_prod=40
   my_planets=15  enemy_planets=17  neutral=0  4p=False
   step=167  remaining=333  is_early=False  is_opening=False  is_late=False  is_very_late=False  is_total_war=False
[MODES]
   domination=-0.369  is_behind=True  is_ahead=False  is_dominating=False  is_finishing=False  attack_margin_mult=0.95
[PLANETS]
   pid own ships prod    x      y    type fall_t keep_n first_en
     0  p0    24    3   93.1  81.8    S      -     0       -
     1  p0    24    3    6.9  81.8    S      -     0       -
     2  me    27    3   93.1  18.2    S      -     0       -
     3  me    19    3    6.9  18.2    S      -     0       -
     4  p0    28    2   91.4  96.5    S      -     0       -
     5  p0   135    2    8.6  96.5    S      -     0       -
     6  me     6    2   91.4   3.5    S     15     6      15
     7  me    34    2    8.6   3.5    S      -    32       2
     8  p0    72    2   58.0  98.0    S      -     0       -
     9  p0   144    2   42.0  98.0    S      -     0       -
    10  me    12    2   58.0   2.0    S      -     0       -
    11  me    11    2   42.0   2.0    S      -     0       -
    12  me    19    2   76.4  32.9    O      7    19       7
    13  p0    46    2   67.1  76.4    O      -     0       -
    14  me    41    2   32.9  23.6    O      -     0       -
    15  p0     4    2   23.6  67.1    O      -     0       -
    16  p0    73    2   82.9  87.2    S      -     0       -
    17  p0    14    2   17.1  87.2    S      -     0       -
    18  me    10    2   82.9  12.8    S      -     7       1
    19  me    16    2   17.1  12.8    S      -     0       -
    20  me     8    2   86.4  41.2    O     13     8      13
    21  p0   109    2   79.6  72.8    O      -     0       -
    22  me    68    2   20.4  27.2    O      3    68       3
    23  p0   130    2   13.6  58.8    O      -     0       -
    24  p0    26    4   71.9  22.1    O      -     0       -
    25  p0    81    4   58.6  84.4    O      -     0       -
    26  me    10    4   41.4  15.6    O      -     0      33
    27  p0    16    4   28.1  77.9    O      -     0       -
    28  me     3    1   36.8  34.9    O      -     0       -
    29  p0    27    1   63.2  34.9    O      -     0       -
    30  p0    95    1   36.8  65.1    O      -     0       -
    31  me     4    1   63.2  65.1    O      -     0       -
[POLICY]  attack_budget per source
   src=  2  budget=0
   src=  3  budget=0
   src=  6  budget=0
   src=  7  budget=2
   src= 10  budget=6
   src= 11  budget=0
   src= 12  budget=0
   src= 14  budget=0
   src= 18  budget=3
   src= 19  budget=0
   src= 20  budget=0
   src= 22  budget=0
   src= 26  budget=4
   src= 28  budget=0
   src= 31  budget=0
[MISSIONS]  N=2  (sorted by score desc)
   #0  reinforce      score=  +167.72  src=[20]→tgt= 12  turns=  7  need=   1  cap=   3
   #1  reinforce      score=   +41.18  src=[14]→tgt= 22  turns=  3  need=  18  cap=  20
[MOVES]  N=2
   src= 20  angle=-150.84°  ships=   3   tgt=12 (own=me, ships=19, eta=5)
   src= 14  angle=+174.15°  ships=  20   tgt=22 (own=me, ships=68, eta=3)

===== TURN 168  player=1  ts=2026-05-01 11:10:28  planets=32  fleets=43  =====
[GLOBAL]
   my_total=821  enemy_total=1775  my_prod=32  enemy_prod=40
   my_planets=15  enemy_planets=17  neutral=0  4p=False
   step=168  remaining=332  is_early=False  is_opening=False  is_late=False  is_very_late=False  is_total_war=False
[MODES]
   domination=-0.367  is_behind=True  is_ahead=False  is_dominating=False  is_finishing=False  attack_margin_mult=0.95
[PLANETS]
   pid own ships prod    x      y    type fall_t keep_n first_en
     0  p0    27    3   93.1  81.8    S      -     0       -
     1  p0    27    3    6.9  81.8    S      -     0       -
     2  me    30    3   93.1  18.2    S      -     0       -
     3  me    22    3    6.9  18.2    S      -     0       -
     4  p0    30    2   91.4  96.5    S      -     0       -
     5  p0   137    2    8.6  96.5    S      -     0       -
     6  me     8    2   91.4   3.5    S     14     8      14
     7  me    48    2    8.6   3.5    S      -    46       1
     8  p0    74    2   58.0  98.0    S      -     0       -
     9  p0   146    2   42.0  98.0    S      -     0       -
    10  me    14    2   58.0   2.0    S      -     0       -
    11  me    13    2   42.0   2.0    S      -     0       -
    12  me    21    2   76.9  33.6    O      5    21       5
    13  p0    48    2   66.4  76.9    O      -     0       -
    14  me    23    2   33.6  23.1    O      -     0       -
    15  p0    26    2   23.1  66.4    O      -     0       -
    16  p0    75    2   82.9  87.2    S      -     0       -
    17  p0    16    2   17.1  87.2    S      -     0       -
    18  me     3    2   82.9  12.8    S      -     0       -
    19  me    62    2   17.1  12.8    S      -     0       -
    20  me     7    2   86.6  42.3    O     12     7      12
    21  p0   111    2   78.9  73.7    O      -     0       -
    22  me    70    2   21.1  26.3    O      -    66       3
    23  p0   326    2   13.4  57.7    O      -     0       -
    24  p0    30    4   72.7  22.8    O      -     0       -
    25  p0    85    4   57.6  84.6    O      -     0       -
    26  me    14    4   42.4  15.4    O      -     0      32
    27  p0    20    4   27.3  77.2    O      -     0       -
    28  me     4    1   39.9  32.4    O      -     0       -
    29  p0    16    1   60.1  32.4    O      -     0       -
    30  p0    96    1   39.9  67.6    O      -     0       -
    31  me     5    1   60.1  67.6    O      -     0       -
[POLICY]  attack_budget per source
   src=  2  budget=4
   src=  3  budget=0
   src=  6  budget=0
   src=  7  budget=0
   src= 10  budget=7
   src= 11  budget=0
   src= 12  budget=0
   src= 14  budget=0
   src= 18  budget=0
   src= 19  budget=0
   src= 20  budget=0
   src= 22  budget=0
   src= 26  budget=0
   src= 28  budget=0
   src= 31  budget=0
[MISSIONS]  N=0  (sorted by score desc)
   (none)
[MOVES]  N=0

===== TURN 169  player=1  ts=2026-05-01 11:10:28  planets=32  fleets=43  =====
[GLOBAL]
   my_total=801  enemy_total=1763  my_prod=36  enemy_prod=36
   my_planets=16  enemy_planets=16  neutral=0  4p=False
   step=169  remaining=331  is_early=False  is_opening=False  is_late=False  is_very_late=False  is_total_war=False
[MODES]
   domination=-0.375  is_behind=True  is_ahead=False  is_dominating=False  is_finishing=False  attack_margin_mult=0.95
[PLANETS]
   pid own ships prod    x      y    type fall_t keep_n first_en
     0  p0    30    3   93.1  81.8    S      -     0       -
     1  p0    30    3    6.9  81.8    S      -     0       -
     2  me    33    3   93.1  18.2    S      -     0       -
     3  me    25    3    6.9  18.2    S      -     0       -
     4  p0    32    2   91.4  96.5    S      -     0       -
     5  p0   139    2    8.6  96.5    S      -     0       -
     6  me    10    2   91.4   3.5    S     13    10      13
     7  me     2    2    8.6   3.5    S      -     0       6
     8  p0    76    2   58.0  98.0    S      -     0       -
     9  p0   148    2   42.0  98.0    S      -     0       -
    10  me    16    2   58.0   2.0    S      -     0       -
    11  me    15    2   42.0   2.0    S      -     0       -
    12  me    23    2   77.4  34.5    O      4    23       4
    13  p0    50    2   65.5  77.4    O      -     0       -
    14  me    25    2   34.5  22.6    O      -     0       -
    15  p0    28    2   22.6  65.5    O      -     0       -
    16  p0    77    2   82.9  87.2    S      -     0       -
    17  p0    18    2   17.1  87.2    S      -     0       -
    18  me     5    2   82.9  12.8    S      -     0       -
    19  me    64    2   17.1  12.8    S      -    58       5
    20  me     9    2   86.8  43.4    O      -     0       -
    21  p0   113    2   78.2  74.6    O      -     0       -
    22  me    72    2   21.8  25.4    O      -     0      25
    23  p0   296    2   13.2  56.6    O      -     0       -
    24  me     6    4   73.5  23.4    O      -     0       -
    25  p0    89    4   56.5  84.8    O      -     0       -
    26  me    18    4   43.5  15.2    O      -     0      32
    27  p0    24    4   26.5  76.6    O      -     0       -
    28  me     5    1   43.3  30.3    O      8     5       8
    29  p0    17    1   56.7  30.3    O      -     0       -
    30  p0    97    1   43.3  69.7    O      -     0       -
    31  me     6    1   56.7  69.7    O      -     0       -
[POLICY]  attack_budget per source
   src=  2  budget=33
   src=  3  budget=0
   src=  6  budget=0
   src=  7  budget=0
   src= 10  budget=12
   src= 11  budget=0
   src= 12  budget=0
   src= 14  budget=0
   src= 18  budget=1
   src= 19  budget=0
   src= 20  budget=0
   src= 22  budget=0
   src= 24  budget=0
   src= 26  budget=0
   src= 28  budget=0
   src= 31  budget=0
[MISSIONS]  N=1  (sorted by score desc)
   #0  reinforce      score=  +115.15  src=[20]→tgt= 12  turns=  4  need=   5  cap=   6
[MOVES]  N=2
   src= 20  angle=-144.19°  ships=   6   tgt=12 (own=me, ships=23, eta=4)
   src=  2  angle=+147.41°  ships=  20   tgt=24 (own=me, ships=6, eta=6)

===== TURN 170  player=1  ts=2026-05-01 11:10:28  planets=32  fleets=43  =====
[GLOBAL]
   my_total=819  enemy_total=1781  my_prod=37  enemy_prod=35
   my_planets=17  enemy_planets=15  neutral=0  4p=False
   step=170  remaining=330  is_early=False  is_opening=False  is_late=False  is_very_late=False  is_total_war=False
[MODES]
   domination=-0.370  is_behind=True  is_ahead=False  is_dominating=False  is_finishing=False  attack_margin_mult=0.95
[PLANETS]
   pid own ships prod    x      y    type fall_t keep_n first_en
     0  p0    33    3   93.1  81.8    S      -     0       -
     1  p0    33    3    6.9  81.8    S      -     0       -
     2  me    16    3   93.1  18.2    S      -     0       -
     3  me    28    3    6.9  18.2    S      -     0       -
     4  p0    34    2   91.4  96.5    S      -     0       -
     5  p0   141    2    8.6  96.5    S      -     0       -
     6  me    12    2   91.4   3.5    S      -     0       -
     7  me     4    2    8.6   3.5    S      -     0       5
     8  p0    78    2   58.0  98.0    S      -     0       -
     9  p0   150    2   42.0  98.0    S      -     0       -
    10  me    18    2   58.0   2.0    S      -     0       -
    11  me    17    2   42.0   2.0    S      -     0       -
    12  me    36    2   77.9  35.3    O      2    36       2
    13  p0    52    2   64.7  77.9    O      -     0       -
    14  me    27    2   35.3  22.1    O      -     0       -
    15  p0     2    2   22.1  64.7    O      -     0       -
    16  p0    79    2   82.9  87.2    S      -     0       -
    17  p0    20    2   17.1  87.2    S      -     0       -
    18  me     7    2   82.9  12.8    S      -     0       -
    19  me    66    2   17.1  12.8    S      -    60       4
    20  me     5    2   87.0  44.5    O      -     0       -
    21  p0   115    2   77.5  75.4    O      -     0       -
    22  me   114    2   22.5  24.6    O      -     0       -
    23  p0   208    2   13.0  55.5    O      -     0       -
    24  me    10    4   74.3  24.2    O      -     0       -
    25  p0    93    4   55.5  85.0    O      -     0       -
    26  me    22    4   44.5  15.0    O      -     0      32
    27  p0    28    4   25.7  75.8    O      -     0       -
    28  me     6    1   46.9  28.5    O     11     6      11
    29  me    20    1   53.1  28.5    O      -    17      15
    30  p0    98    1   46.9  71.5    O      -     0       -
    31  me     7    1   53.1  71.5    O      -     0      12
[POLICY]  attack_budget per source
   src=  2  budget=16
   src=  3  budget=0
   src=  6  budget=12
   src=  7  budget=0
   src= 10  budget=18
   src= 11  budget=0
   src= 12  budget=0
   src= 14  budget=0
   src= 18  budget=7
   src= 19  budget=6
   src= 20  budget=0
   src= 22  budget=65
   src= 24  budget=0
   src= 26  budget=0
   src= 28  budget=0
   src= 29  budget=0
   src= 31  budget=0
[MISSIONS]  N=2  (sorted by score desc)
   #0  single         score=   +90.86  src=[22]→tgt= 15  turns= 11  need=  25  cap=  26
   #1  single         score=   +34.28  src=[22]→tgt= 17  turns= 18  need=  57  cap=  65
[MOVES]  N=3
   src= 22  angle= +96.82°  ships=  26   tgt=15 (own=p0, ships=2, eta=11)
   src= 22  angle= +96.82°  ships=  30   tgt=15 (own=p0, ships=2, eta=11)
   src= 10  angle=+120.00°  ships=  11   tgt=26 (own=me, ships=22, eta=6)

===== TURN 171  player=1  ts=2026-05-01 11:10:28  planets=32  fleets=42  =====
[GLOBAL]
   my_total=856  enemy_total=1816  my_prod=37  enemy_prod=35
   my_planets=17  enemy_planets=15  neutral=0  4p=False
   step=171  remaining=329  is_early=False  is_opening=False  is_late=False  is_very_late=False  is_total_war=False
[MODES]
   domination=-0.359  is_behind=True  is_ahead=False  is_dominating=False  is_finishing=False  attack_margin_mult=0.95
[PLANETS]
   pid own ships prod    x      y    type fall_t keep_n first_en
     0  p0    36    3   93.1  81.8    S      -     0       -
     1  p0    36    3    6.9  81.8    S      -     0       -
     2  me    19    3   93.1  18.2    S      -     0       -
     3  me    31    3    6.9  18.2    S      -     0       -
     4  p0    36    2   91.4  96.5    S      -     0       -
     5  p0   143    2    8.6  96.5    S      -     0       -
     6  me    14    2   91.4   3.5    S      -     0       -
     7  me     6    2    8.6   3.5    S      -     2       4
     8  p0    80    2   58.0  98.0    S      -     0       -
     9  p0   152    2   42.0  98.0    S      -     0       -
    10  me     9    2   58.0   2.0    S      -     0       -
    11  me    19    2   42.0   2.0    S      -     0       -
    12  me    38    2   78.3  36.1    O      1    38       1
    13  p0    54    2   63.9  78.3    O      -     0       -
    14  me    29    2   36.1  21.7    O      -     0       -
    15  p0     4    2   21.7  63.9    O      -     0       -
    16  p0    81    2   82.9  87.2    S      -     0       -
    17  p0    22    2   17.1  87.2    S      -     0       -
    18  me     9    2   82.9  12.8    S      -     0       -
    19  me    92    2   17.1  12.8    S      -    86       3
    20  me     7    2   87.1  45.6    O      -     0       6
    21  p0   117    2   76.7  76.2    O      -     0       -
    22  me    74    2   23.3  23.8    O      -     0       -
    23  p0   210    2   12.9  54.4    O      -     0       -
    24  me    14    4   75.0  24.9    O      -     0       -
    25  p0    97    4   54.5  85.2    O      -     0       -
    26  me    45    4   45.5  14.8    O      -     0       7
    27  p0    32    4   25.0  75.1    O      -     0       -
    28  me     7    1   50.6  27.1    O      -     0       -
    29  me    21    1   49.4  27.1    O     11    21      11
    30  p0    99    1   50.6  72.9    O      -     0       -
    31  me     8    1   49.4  72.9    O      -     0       -
[POLICY]  attack_budget per source
   src=  2  budget=19
   src=  3  budget=0
   src=  6  budget=14
   src=  7  budget=0
   src= 10  budget=9
   src= 11  budget=0
   src= 12  budget=0
   src= 14  budget=0
   src= 18  budget=9
   src= 19  budget=6
   src= 20  budget=0
   src= 22  budget=24
   src= 24  budget=0
   src= 26  budget=0
   src= 28  budget=7
   src= 29  budget=0
   src= 31  budget=0
[MISSIONS]  N=0  (sorted by score desc)
   (none)
[MOVES]  N=1
   src=  2  angle=+103.85°  ships=  11   tgt=20 (own=me, ships=7, eta=26)

===== TURN 172  player=1  ts=2026-05-01 11:10:28  planets=32  fleets=39  =====
[GLOBAL]
   my_total=837  enemy_total=1795  my_prod=35  enemy_prod=37
   my_planets=16  enemy_planets=16  neutral=0  4p=False
   step=172  remaining=328  is_early=False  is_opening=False  is_late=False  is_very_late=False  is_total_war=False
[MODES]
   domination=-0.364  is_behind=True  is_ahead=False  is_dominating=False  is_finishing=False  attack_margin_mult=0.95
[PLANETS]
   pid own ships prod    x      y    type fall_t keep_n first_en
     0  p0    39    3   93.1  81.8    S      -     0       -
     1  p0    39    3    6.9  81.8    S      -     0       -
     2  me    11    3   93.1  18.2    S      -     0       -
     3  me    34    3    6.9  18.2    S      -     0       -
     4  p0    38    2   91.4  96.5    S      -     0       -
     5  p0   145    2    8.6  96.5    S      -     0       -
     6  me    16    2   91.4   3.5    S      -     0       -
     7  me     8    2    8.6   3.5    S      -     4       3
     8  p0    82    2   58.0  98.0    S      -     0       -
     9  p0   154    2   42.0  98.0    S      -     0       -
    10  me    11    2   58.0   2.0    S      -     0       -
    11  me    21    2   42.0   2.0    S      -     0       -
    12  p0    61    2   78.7  37.0    O      -     0       -
    13  p0    56    2   63.0  78.7    O      -     0       -
    14  me    31    2   37.0  21.3    O      -     0       -
    15  p0     6    2   21.3  63.0    O      -     0       -
    16  p0    83    2   82.9  87.2    S      -     0       -
    17  p0    24    2   17.1  87.2    S      -     0       -
    18  me    11    2   82.9  12.8    S      -     0       -
    19  me    94    2   17.1  12.8    S      -    88       2
    20  me     9    2   87.3  46.7    O      -     0       4
    21  p0   119    2   75.9  77.0    O      -     0       -
    22  me    76    2   24.1  23.0    O      -     0       -
    23  p0   175    2   12.7  53.3    O      -     0       -
    24  me    18    4   75.8  25.6    O      -     0       -
    25  p0   101    4   53.4  85.3    O      -     0       -
    26  me    52    4   46.6  14.7    O      -     0       5
    27  p0    36    4   24.2  74.4    O      -     0       -
    28  me     8    1   54.5  26.0    O      -     0       -
    29  me    22    1   45.5  26.0    O      -     0       -
    30  p0   100    1   54.5  74.0    O      -     0       -
    31  me     9    1   45.5  74.0    O      -     0      15
[POLICY]  attack_budget per source
   src=  2  budget=0
   src=  3  budget=0
   src=  6  budget=2
   src=  7  budget=0
   src= 10  budget=0
   src= 11  budget=0
   src= 14  budget=0
   src= 18  budget=0
   src= 19  budget=6
   src= 20  budget=0
   src= 22  budget=34
   src= 24  budget=0
   src= 26  budget=10
   src= 28  budget=0
   src= 29  budget=0
   src= 31  budget=0
[MISSIONS]  N=0  (sorted by score desc)
   (none)
[MOVES]  N=1
   src= 22  angle= +24.10°  ships=  21   tgt=24 (own=me, ships=18, eta=26)

===== TURN 173  player=1  ts=2026-05-01 11:10:29  planets=32  fleets=38  =====
[GLOBAL]
   my_total=866  enemy_total=1826  my_prod=35  enemy_prod=37
   my_planets=16  enemy_planets=16  neutral=0  4p=False
   step=173  remaining=327  is_early=False  is_opening=False  is_late=False  is_very_late=False  is_total_war=False
[MODES]
   domination=-0.357  is_behind=True  is_ahead=False  is_dominating=False  is_finishing=False  attack_margin_mult=0.95
[PLANETS]
   pid own ships prod    x      y    type fall_t keep_n first_en
     0  p0    42    3   93.1  81.8    S      -     0       -
     1  p0    42    3    6.9  81.8    S      -     0       -
     2  me    14    3   93.1  18.2    S      -     0       -
     3  me    37    3    6.9  18.2    S      -     0       -
     4  p0    40    2   91.4  96.5    S      -     0       -
     5  p0   147    2    8.6  96.5    S      -     0       -
     6  me    18    2   91.4   3.5    S      -     0       -
     7  me    10    2    8.6   3.5    S      -     6       2
     8  p0    84    2   58.0  98.0    S      -     0       -
     9  p0   156    2   42.0  98.0    S      -     0       -
    10  me    13    2   58.0   2.0    S      -     0       -
    11  me    23    2   42.0   2.0    S      -     0       -
    12  p0    57    2   79.1  37.8    O      -     0       -
    13  p0    58    2   62.2  79.1    O      -     0       -
    14  me    76    2   37.8  20.9    O      -     0       -
    15  p0     8    2   20.9  62.2    O      -     0       -
    16  p0    85    2   82.9  87.2    S      -     0       -
    17  p0    26    2   17.1  87.2    S      -     0       -
    18  me    13    2   82.9  12.8    S      -     0       -
    19  me    96    2   17.1  12.8    S      -    90       1
    20  me    11    2   87.3  47.8    O      -     4       2
    21  p0   121    2   75.1  77.7    O      -     0       -
    22  me    57    2   24.9  22.3    O      -     0       -
    23  p0   177    2   12.7  52.2    O      -     0       -
    24  me    22    4   76.5  26.4    O      -     0       -
    25  p0   105    4   52.4  85.4    O      -     0       -
    26  me    56    4   47.6  14.6    O      -    18       3
    27  p0    40    4   23.5  73.6    O      -     0       -
    28  me     9    1   58.4  25.3    O     14     9      14
    29  me    23    1   41.6  25.3    O      -     0       -
    30  p0   101    1   58.4  74.7    O      -     0       -
    31  me    10    1   41.6  74.7    O      -     0      18
[POLICY]  attack_budget per source
   src=  2  budget=1
   src=  3  budget=0
   src=  6  budget=5
   src=  7  budget=0
   src= 10  budget=0
   src= 11  budget=0
   src= 14  budget=20
   src= 18  budget=0
   src= 19  budget=6
   src= 20  budget=0
   src= 22  budget=15
   src= 24  budget=0
   src= 26  budget=14
   src= 28  budget=0
   src= 29  budget=0
   src= 31  budget=0
[MISSIONS]  N=0  (sorted by score desc)
   (none)
[MOVES]  N=1
   src= 28  angle= +27.08°  ships=   9   tgt=24 (own=me, ships=22, eta=13)

===== TURN 174  player=1  ts=2026-05-01 11:10:29  planets=32  fleets=37  =====
[GLOBAL]
   my_total=809  enemy_total=1771  my_prod=35  enemy_prod=37
   my_planets=16  enemy_planets=16  neutral=0  4p=False
   step=174  remaining=326  is_early=False  is_opening=False  is_late=False  is_very_late=False  is_total_war=False
[MODES]
   domination=-0.373  is_behind=True  is_ahead=False  is_dominating=False  is_finishing=False  attack_margin_mult=0.95
[PLANETS]
   pid own ships prod    x      y    type fall_t keep_n first_en
     0  p0    45    3   93.1  81.8    S      -     0       -
     1  p0    45    3    6.9  81.8    S      -     0       -
     2  me    17    3   93.1  18.2    S      -     0       -
     3  me    40    3    6.9  18.2    S      -     0       -
     4  p0    42    2   91.4  96.5    S      -     0       -
     5  p0   149    2    8.6  96.5    S      -     0       -
     6  me    20    2   91.4   3.5    S      -     0       -
     7  me    12    2    8.6   3.5    S      -     8       1
     8  p0    86    2   58.0  98.0    S      -     0       -
     9  p0   158    2   42.0  98.0    S      -     0       -
    10  me    15    2   58.0   2.0    S      -     0       -
    11  me    25    2   42.0   2.0    S      -     0       -
    12  p0    59    2   79.4  38.7    O      -     0       -
    13  p0    60    2   61.3  79.4    O      -     0       -
    14  me    78    2   38.7  20.6    O      -     0       -
    15  p0    47    2   20.6  61.3    O      -     0       -
    16  p0    87    2   82.9  87.2    S      -     0       -
    17  p0    28    2   17.1  87.2    S      -     0       -
    18  me    15    2   82.9  12.8    S      -     0       -
    19  me     6    2   17.1  12.8    S      -     0      30
    20  me    13    2   87.4  48.9    O      -     6       1
    21  p0   123    2   74.3  78.5    O      -     0       -
    22  me    59    2   25.7  21.5    O      -     0       -
    23  p0   179    2   12.6  51.1    O      -     0       -
    24  me    26    4   77.2  27.2    O      -     0       -
    25  p0   109    4   51.3  85.4    O      -     0       -
    26  me    60    4   48.7  14.6    O      -    22       2
    27  p0    44    4   22.8  72.8    O      -     0       -
    28  me     1    1   62.5  24.9    O      -     0       -
    29  me    24    1   37.5  24.9    O      -     0      19
    30  p0   102    1   62.5  75.1    O      -     0       -
    31  me    11    1   37.5  75.1    O      -     0      20
[POLICY]  attack_budget per source
   src=  2  budget=3
   src=  3  budget=0
   src=  6  budget=6
   src=  7  budget=0
   src= 10  budget=1
   src= 11  budget=0
   src= 14  budget=21
   src= 18  budget=1
   src= 19  budget=0
   src= 20  budget=0
   src= 22  budget=17
   src= 24  budget=0
   src= 26  budget=18
   src= 28  budget=0
   src= 29  budget=0
   src= 31  budget=0
[MISSIONS]  N=0  (sorted by score desc)
   (none)
[MOVES]  N=0

===== TURN 175  player=1  ts=2026-05-01 11:10:29  planets=32  fleets=32  =====
[GLOBAL]
   my_total=826  enemy_total=1790  my_prod=35  enemy_prod=37
   my_planets=16  enemy_planets=16  neutral=0  4p=False
   step=175  remaining=325  is_early=False  is_opening=False  is_late=False  is_very_late=False  is_total_war=False
[MODES]
   domination=-0.369  is_behind=True  is_ahead=False  is_dominating=False  is_finishing=False  attack_margin_mult=0.95
[PLANETS]
   pid own ships prod    x      y    type fall_t keep_n first_en
     0  p0    48    3   93.1  81.8    S      -     0       -
     1  p0    48    3    6.9  81.8    S      -     0       -
     2  me    20    3   93.1  18.2    S      -     0       -
     3  me    43    3    6.9  18.2    S      -     0       -
     4  p0    44    2   91.4  96.5    S      -     0       -
     5  p0   151    2    8.6  96.5    S      -     0       -
     6  me    22    2   91.4   3.5    S      -     0       -
     7  me     4    2    8.6   3.5    S      -     0       -
     8  p0    88    2   58.0  98.0    S      -     0       -
     9  p0   160    2   42.0  98.0    S      -     0       -
    10  me    17    2   58.0   2.0    S      -     0       -
    11  me    27    2   42.0   2.0    S      -     0       -
    12  p0    61    2   79.7  39.6    O      -     0       -
    13  p0    62    2   60.4  79.7    O      -     0       -
    14  me    80    2   39.6  20.3    O      -     0      21
    15  p0    49    2   20.3  60.4    O      -     0       -
    16  p0    89    2   82.9  87.2    S      -     0       -
    17  p0    30    2   17.1  87.2    S      -     0       -
    18  me    17    2   82.9  12.8    S      -     0       -
    19  me    21    2   17.1  12.8    S      -     0      29
    20  me     7    2   87.4  50.0    O      -     0       -
    21  p0   125    2   73.4  79.2    O      -     0       -
    22  me    61    2   26.6  20.8    O      -     0       -
    23  p0   209    2   12.6  50.0    O      -     0       -
    24  me    50    4   77.8  28.0    O      -     0       -
    25  p0   113    4   50.3  85.5    O      -     0       -
    26  me    64    4   49.7  14.5    O      -    15       1
    27  p0    48    4   22.2  72.0    O      -     0       -
    28  me     2    1   66.4  24.8    O      -     0       -
    29  me    25    1   33.6  24.8    O      -     0       -
    30  p0   103    1   66.4  75.2    O      -     0       -
    31  me    12    1   33.6  75.2    O      -     0       -
[POLICY]  attack_budget per source
   src=  2  budget=6
   src=  3  budget=0
   src=  6  budget=8
   src=  7  budget=0
   src= 10  budget=3
   src= 11  budget=0
   src= 14  budget=16
   src= 18  budget=3
   src= 19  budget=0
   src= 20  budget=0
   src= 22  budget=11
   src= 24  budget=0
   src= 26  budget=14
   src= 28  budget=0
   src= 29  budget=0
   src= 31  budget=0
[MISSIONS]  N=0  (sorted by score desc)
   (none)
[MOVES]  N=0

===== TURN 176  player=1  ts=2026-05-01 11:10:29  planets=32  fleets=29  =====
[GLOBAL]
   my_total=831  enemy_total=1797  my_prod=35  enemy_prod=37
   my_planets=16  enemy_planets=16  neutral=0  4p=False
   step=176  remaining=324  is_early=False  is_opening=False  is_late=False  is_very_late=False  is_total_war=False
[MODES]
   domination=-0.368  is_behind=True  is_ahead=False  is_dominating=False  is_finishing=False  attack_margin_mult=0.95
[PLANETS]
   pid own ships prod    x      y    type fall_t keep_n first_en
     0  p0    51    3   93.1  81.8    S      -     0       -
     1  p0    51    3    6.9  81.8    S      -     0       -
     2  me    23    3   93.1  18.2    S      -     0       -
     3  me    46    3    6.9  18.2    S      -     0       -
     4  p0    46    2   91.4  96.5    S      -     0       -
     5  p0   153    2    8.6  96.5    S      -     0       -
     6  me    24    2   91.4   3.5    S      -     0       -
     7  me     6    2    8.6   3.5    S      -     0       -
     8  p0    90    2   58.0  98.0    S      -     0       -
     9  p0   162    2   42.0  98.0    S      -     0       -
    10  me    19    2   58.0   2.0    S      -     0       -
    11  me    29    2   42.0   2.0    S      -     0       -
    12  p0    63    2   80.0  40.4    O      -     0       -
    13  p0    64    2   59.6  80.0    O      -     0       -
    14  me    82    2   40.4  20.0    O      -     0      21
    15  p0    51    2   20.0  59.6    O      -     0       -
    16  p0    91    2   82.9  87.2    S      -     0       -
    17  p0    32    2   17.1  87.2    S      -     0       -
    18  me    19    2   82.9  12.8    S      -     0       -
    19  me    23    2   17.1  12.8    S      -     0      28
    20  me     9    2   87.4  51.1    O      -     0       -
    21  p0   127    2   72.5  79.8    O      -     0       -
    22  me    63    2   27.5  20.2    O      -     0       -
    23  p0   211    2   12.6  48.9    O      -     0       -
    24  me    54    4   78.5  28.9    O      -     0       -
    25  p0   117    4   49.2  85.4    O      -     0       -
    26  me    49    4   50.8  14.6    O      -     0       -
    27  p0    52    4   21.5  71.1    O      -     0       -
    28  me    15    1   70.4  24.9    O      -     0       -
    29  me    26    1   29.6  24.9    O      -     0       -
    30  p0   104    1   70.4  75.1    O      -     0       -
    31  me    13    1   29.6  75.1    O      -     0       -
[POLICY]  attack_budget per source
   src=  2  budget=8
   src=  3  budget=0
   src=  6  budget=9
   src=  7  budget=0
   src= 10  budget=4
   src= 11  budget=0
   src= 14  budget=17
   src= 18  budget=4
   src= 19  budget=0
   src= 20  budget=0
   src= 22  budget=13
   src= 24  budget=0
   src= 26  budget=0
   src= 28  budget=0
   src= 29  budget=0
   src= 31  budget=0
[MISSIONS]  N=0  (sorted by score desc)
   (none)
[MOVES]  N=0

===== TURN 177  player=1  ts=2026-05-01 11:10:29  planets=32  fleets=27  =====
[GLOBAL]
   my_total=866  enemy_total=1834  my_prod=35  enemy_prod=37
   my_planets=16  enemy_planets=16  neutral=0  4p=False
   step=177  remaining=323  is_early=False  is_opening=False  is_late=False  is_very_late=False  is_total_war=False
[MODES]
   domination=-0.359  is_behind=True  is_ahead=False  is_dominating=False  is_finishing=False  attack_margin_mult=0.95
[PLANETS]
   pid own ships prod    x      y    type fall_t keep_n first_en
     0  p0    54    3   93.1  81.8    S      -     0       -
     1  p0    54    3    6.9  81.8    S      -     0       -
     2  me    26    3   93.1  18.2    S      -     0       -
     3  me    49    3    6.9  18.2    S      -     0       -
     4  p0    48    2   91.4  96.5    S      -     0       -
     5  p0   155    2    8.6  96.5    S      -     0       -
     6  me    26    2   91.4   3.5    S      -     0       -
     7  me     8    2    8.6   3.5    S      -     0       -
     8  p0    92    2   58.0  98.0    S      -     0       -
     9  p0   164    2   42.0  98.0    S      -     0       -
    10  me    21    2   58.0   2.0    S      -     0       -
    11  me    31    2   42.0   2.0    S      -     0       -
    12  p0    65    2   80.3  41.3    O      -     0       -
    13  p0    66    2   58.7  80.3    O      -     0       -
    14  me    84    2   41.3  19.7    O      -     0      21
    15  p0    53    2   19.7  58.7    O      -     0       -
    16  p0    93    2   82.9  87.2    S      -     0       -
    17  p0    34    2   17.1  87.2    S      -     0       -
    18  me    21    2   82.9  12.8    S      -     0       -
    19  me    25    2   17.1  12.8    S      -     0      27
    20  me    11    2   87.3  52.2    O      -     0       -
    21  p0   129    2   71.7  80.5    O      -     0       -
    22  me    65    2   28.3  19.5    O      -     0       -
    23  p0   213    2   12.7  47.8    O      -     0       -
    24  me    58    4   79.1  29.7    O      -     0       -
    25  p0   121    4   48.2  85.4    O      -     0       -
    26  me    91    4   51.8  14.6    O      -     0       -
    27  p0    56    4   20.9  70.3    O      -     0       -
    28  me    16    1   74.4  25.3    O      -     0       -
    29  me    27    1   25.6  25.3    O      -     0       -
    30  p0   105    1   74.4  74.7    O      -     0       -
    31  me    14    1   25.6  74.7    O      -     0       -
[POLICY]  attack_budget per source
   src=  2  budget=11
   src=  3  budget=0
   src=  6  budget=11
   src=  7  budget=0
   src= 10  budget=0
   src= 11  budget=0
   src= 14  budget=18
   src= 18  budget=6
   src= 19  budget=0
   src= 20  budget=0
   src= 22  budget=14
   src= 24  budget=0
   src= 26  budget=40
   src= 28  budget=1
   src= 29  budget=0
   src= 31  budget=0
[MISSIONS]  N=1  (sorted by score desc)
   #0  single         score=   +29.92  src=[26]→tgt= 15  turns= 15  need=  28  cap=  35
[MOVES]  N=1
   src= 26  angle=+137.47°  ships=  35   tgt=15 (own=p0, ships=53, eta=15)

===== TURN 178  player=1  ts=2026-05-01 11:10:29  planets=32  fleets=20  =====
[GLOBAL]
   my_total=888  enemy_total=1858  my_prod=35  enemy_prod=37
   my_planets=16  enemy_planets=16  neutral=0  4p=False
   step=178  remaining=322  is_early=False  is_opening=False  is_late=False  is_very_late=False  is_total_war=False
[MODES]
   domination=-0.353  is_behind=True  is_ahead=False  is_dominating=False  is_finishing=False  attack_margin_mult=0.95
[PLANETS]
   pid own ships prod    x      y    type fall_t keep_n first_en
     0  p0    57    3   93.1  81.8    S      -     0       -
     1  p0    57    3    6.9  81.8    S      -     0       -
     2  me    29    3   93.1  18.2    S      -     0       -
     3  me    52    3    6.9  18.2    S      -     0       -
     4  p0    50    2   91.4  96.5    S      -     0       -
     5  p0   157    2    8.6  96.5    S      -     0       -
     6  me    28    2   91.4   3.5    S      -     0       -
     7  me    10    2    8.6   3.5    S      -     0       -
     8  p0    94    2   58.0  98.0    S      -     0       -
     9  p0   166    2   42.0  98.0    S      -     0       -
    10  me    23    2   58.0   2.0    S      -     0       -
    11  me    33    2   42.0   2.0    S      -     0       -
    12  p0   115    2   80.5  42.2    O      -     0       -
    13  p0    68    2   57.8  80.5    O      -     0       -
    14  me    86    2   42.2  19.5    O      -     0      20
    15  p0    55    2   19.5  57.8    O      -     0       -
    16  p0    95    2   82.9  87.2    S      -     0       -
    17  p0    36    2   17.1  87.2    S      -     0       -
    18  me    23    2   82.9  12.8    S      -     0       -
    19  me    27    2   17.1  12.8    S      -     0      26
    20  me    13    2   87.3  53.4    O      -     0       -
    21  p0   131    2   70.7  81.1    O      -     0       -
    22  me    67    2   29.3  18.9    O      -     0       -
    23  p0   215    2   12.7  46.6    O      -     0       -
    24  me   109    4   79.7  30.6    O      -     0       -
    25  p0   125    4   47.1  85.3    O      -     0       -
    26  me   104    4   52.9  14.7    O      -     0       -
    27  p0    60    4   20.3  69.4    O      -     0       -
    28  me    17    1   78.4  25.9    O      -     0       -
    29  me    53    1   21.6  25.9    O      -     0       -
    30  p0   106    1   78.4  74.1    O      -     0       -
    31  me    15    1   21.6  74.1    O      -     0       -
[POLICY]  attack_budget per source
   src=  2  budget=2
   src=  3  budget=1
   src=  6  budget=1
   src=  7  budget=0
   src= 10  budget=0
   src= 11  budget=0
   src= 14  budget=7
   src= 18  budget=0
   src= 19  budget=0
   src= 20  budget=0
   src= 22  budget=0
   src= 24  budget=4
   src= 26  budget=27
   src= 28  budget=0
   src= 29  budget=2
   src= 31  budget=0
[MISSIONS]  N=1  (sorted by score desc)
   #0  swarm          score=   +34.04  src=[14,26]→tgt= 15  turns= 16  need=  62  cap=  34
[MOVES]  N=0

===== TURN 179  player=1  ts=2026-05-01 11:10:29  planets=32  fleets=21  =====
[GLOBAL]
   my_total=923  enemy_total=1895  my_prod=35  enemy_prod=37
   my_planets=16  enemy_planets=16  neutral=0  4p=False
   step=179  remaining=321  is_early=False  is_opening=False  is_late=False  is_very_late=False  is_total_war=False
[MODES]
   domination=-0.345  is_behind=True  is_ahead=False  is_dominating=False  is_finishing=False  attack_margin_mult=0.95
[PLANETS]
   pid own ships prod    x      y    type fall_t keep_n first_en
     0  p0    60    3   93.1  81.8    S      -     0       -
     1  p0    60    3    6.9  81.8    S      -     0       -
     2  me    32    3   93.1  18.2    S      -     0       -
     3  me    55    3    6.9  18.2    S      -     0       -
     4  p0    52    2   91.4  96.5    S      -     0       -
     5  p0   159    2    8.6  96.5    S      -     0       -
     6  me    30    2   91.4   3.5    S      -     0       -
     7  me    12    2    8.6   3.5    S      -     0       -
     8  p0    96    2   58.0  98.0    S      -     0       -
     9  p0   168    2   42.0  98.0    S      -     0       -
    10  me    25    2   58.0   2.0    S      -     0       -
    11  me    35    2   42.0   2.0    S      -     0       -
    12  p0   117    2   80.8  43.1    O      -     0       -
    13  p0    70    2   56.9  80.8    O      -     0       -
    14  me    88    2   43.1  19.2    O      -     0       -
    15  p0    57    2   19.2  56.9    O      -     0       -
    16  p0    97    2   82.9  87.2    S      -     0       -
    17  p0    38    2   17.1  87.2    S      -     0       -
    18  me    25    2   82.9  12.8    S      -     0       -
    19  me    29    2   17.1  12.8    S      -     0      25
    20  me    15    2   87.1  54.5    O      -     0       -
    21  p0   133    2   69.8  81.7    O      -     0       -
    22  me    69    2   30.2  18.3    O      -     0       -
    23  p0   204    2   12.9  45.5    O      -     0       -
    24  me   113    4   80.2  31.5    O      -     0       -
    25  p0   129    4   46.1  85.2    O      -     0       -
    26  me   108    4   53.9  14.8    O      -     0       -
    27  p0    64    4   19.8  68.5    O      -     0       -
    28  me    18    1   82.3  26.7    O      -     0       -
    29  me    54    1   17.7  26.7    O      -     0       -
    30  p0   107    1   82.3  73.3    O      -     0       -
    31  me    16    1   17.7  73.3    O      -     0       -
[POLICY]  attack_budget per source
   src=  2  budget=4
   src=  3  budget=7
   src=  6  budget=2
   src=  7  budget=0
   src= 10  budget=0
   src= 11  budget=0
   src= 14  budget=11
   src= 18  budget=0
   src= 19  budget=0
   src= 20  budget=0
   src= 22  budget=0
   src= 24  budget=5
   src= 26  budget=34
   src= 28  budget=18
   src= 29  budget=6
   src= 31  budget=2
[MISSIONS]  N=1  (sorted by score desc)
   #0  swarm          score=   +26.07  src=[14,26]→tgt= 15  turns= 15  need=  90  cap=  45
[MOVES]  N=3
   src= 26  angle=+140.87°  ships=  34   tgt=15 (own=p0, ships=57, eta=15)
   src= 14  angle=+135.18°  ships=  11   tgt=15 (own=p0, ships=57, eta=15)
   src= 28  angle= +98.86°  ships=  11   tgt=24 (own=me, ships=113, eta=2)

===== TURN 180  player=1  ts=2026-05-01 11:10:30  planets=32  fleets=21  =====
[GLOBAL]
   my_total=945  enemy_total=1919  my_prod=35  enemy_prod=37
   my_planets=16  enemy_planets=16  neutral=0  4p=False
   step=180  remaining=320  is_early=False  is_opening=False  is_late=False  is_very_late=False  is_total_war=False
[MODES]
   domination=-0.340  is_behind=True  is_ahead=False  is_dominating=False  is_finishing=False  attack_margin_mult=0.95
[PLANETS]
   pid own ships prod    x      y    type fall_t keep_n first_en
     0  p0    63    3   93.1  81.8    S      -     0       -
     1  p0    63    3    6.9  81.8    S      -     0       -
     2  me    35    3   93.1  18.2    S      -     0       -
     3  me    58    3    6.9  18.2    S      -     0       -
     4  p0    54    2   91.4  96.5    S      -     0       -
     5  p0   161    2    8.6  96.5    S      -     0       -
     6  me    32    2   91.4   3.5    S      -     0       -
     7  me    14    2    8.6   3.5    S      -     0       -
     8  p0    98    2   58.0  98.0    S      -     0       -
     9  p0   170    2   42.0  98.0    S      -     0       -
    10  me    27    2   58.0   2.0    S      -     0       -
    11  me    37    2   42.0   2.0    S      -     0       -
    12  p0   106    2   80.9  44.1    O      -     0       -
    13  p0    72    2   55.9  80.9    O      -     0       -
    14  me    79    2   44.1  19.1    O      -     0       -
    15  p0    59    2   19.1  55.9    O      -     0       -
    16  p0    99    2   82.9  87.2    S      -     0       -
    17  p0    40    2   17.1  87.2    S      -     0       -
    18  me    27    2   82.9  12.8    S      -     0       -
    19  me    31    2   17.1  12.8    S      -     0      24
    20  me    17    2   87.0  55.6    O      -     0       -
    21  p0   135    2   68.9  82.3    O      -     0       -
    22  me    71    2   31.1  17.7    O      -     0       -
    23  p0   206    2   13.0  44.4    O      -     0       -
    24  me   128    4   80.8  32.4    O      -     0       -
    25  p0   133    4   45.0  85.1    O      -     0       -
    26  me    81    4   55.0  14.9    O      -     0       -
    27  p0    68    4   19.2  67.6    O      -     0       -
    28  me     8    1   86.2  27.6    O      -     0       -
    29  me    55    1   13.8  27.6    O      -     0       -
    30  p0   108    1   86.2  72.4    O      -     0       -
    31  me    17    1   13.8  72.4    O      -     0       -
[POLICY]  attack_budget per source
   src=  2  budget=10
   src=  3  budget=9
   src=  6  budget=7
   src=  7  budget=0
   src= 10  budget=0
   src= 11  budget=0
   src= 14  budget=5
   src= 18  budget=2
   src= 19  budget=0
   src= 20  budget=0
   src= 22  budget=0
   src= 24  budget=17
   src= 26  budget=6
   src= 28  budget=8
   src= 29  budget=55
   src= 31  budget=17
[MISSIONS]  N=1  (sorted by score desc)
   #0  single         score=   +31.09  src=[29]→tgt= 15  turns=  7  need=  31  cap=  38
[MOVES]  N=1
   src= 29  angle= +77.91°  ships=  38   tgt=15 (own=p0, ships=59, eta=7)

===== TURN 181  player=1  ts=2026-05-01 11:10:30  planets=32  fleets=18  =====
[GLOBAL]
   my_total=906  enemy_total=1879  my_prod=35  enemy_prod=37
   my_planets=16  enemy_planets=16  neutral=0  4p=False
   step=181  remaining=319  is_early=False  is_opening=False  is_late=False  is_very_late=False  is_total_war=False
[MODES]
   domination=-0.349  is_behind=True  is_ahead=False  is_dominating=False  is_finishing=False  attack_margin_mult=0.95
[PLANETS]
   pid own ships prod    x      y    type fall_t keep_n first_en
     0  p0    66    3   93.1  81.8    S      -     0       -
     1  p0    66    3    6.9  81.8    S      -     0       -
     2  me    38    3   93.1  18.2    S      -     0       -
     3  me    61    3    6.9  18.2    S      -     0       -
     4  p0    56    2   91.4  96.5    S      -     0       -
     5  p0   226    2    8.6  96.5    S      -     0       -
     6  me    34    2   91.4   3.5    S      -     0       -
     7  me    16    2    8.6   3.5    S      -     0       -
     8  p0   100    2   58.0  98.0    S      -     0       -
     9  p0   172    2   42.0  98.0    S      -     0       -
    10  me    29    2   58.0   2.0    S      -     0       -
    11  me    39    2   42.0   2.0    S      -     0       -
    12  p0    90    2   81.1  45.0    O      -     0       -
    13  p0    74    2   55.0  81.1    O      -     0       -
    14  me    81    2   45.0  18.9    O      -     0       -
    15  p0     5    2   18.9  55.0    O      -     0       -
    16  p0   101    2   82.9  87.2    S      -     0       -
    17  p0    42    2   17.1  87.2    S      -     0       -
    18  me    29    2   82.9  12.8    S      -     0       -
    19  me    33    2   17.1  12.8    S      -     0      23
    20  me    19    2   86.8  56.6    O      -     0       -
    21  p0   137    2   67.9  82.9    O      -     0       -
    22  me    73    2   32.1  17.1    O      -     0       -
    23  p0   167    2   13.2  43.4    O      -     0       -
    24  me   132    4   81.3  33.3    O      -     0       -
    25  p0   137    4   44.0  84.9    O      -     0       -
    26  me    85    4   56.0  15.1    O      -    70       1
    27  p0    72    4   18.7  66.7    O      -     0       -
    28  me     9    1   90.0  28.8    O      -     0       -
    29  me    18    1   10.0  28.8    O      -     0       -
    30  p0   109    1   90.0  71.2    O      -     0       -
    31  me    18    1   10.0  71.2    O      -     0       -
[POLICY]  attack_budget per source
   src=  2  budget=12
   src=  3  budget=21
   src=  6  budget=13
   src=  7  budget=0
   src= 10  budget=0
   src= 11  budget=0
   src= 14  budget=20
   src= 18  budget=8
   src= 19  budget=0
   src= 20  budget=0
   src= 22  budget=33
   src= 24  budget=4
   src= 26  budget=15
   src= 28  budget=9
   src= 29  budget=18
   src= 31  budget=18
[MISSIONS]  N=0  (sorted by score desc)
   (none)
[MOVES]  N=1
   src= 14  angle=-167.76°  ships=  12   tgt=19 (own=me, ships=33, eta=13)

===== TURN 182  player=1  ts=2026-05-01 11:10:30  planets=32  fleets=18  =====
[GLOBAL]
   my_total=867  enemy_total=1842  my_prod=35  enemy_prod=37
   my_planets=16  enemy_planets=16  neutral=0  4p=False
   step=182  remaining=318  is_early=False  is_opening=False  is_late=False  is_very_late=False  is_total_war=False
[MODES]
   domination=-0.360  is_behind=True  is_ahead=False  is_dominating=False  is_finishing=False  attack_margin_mult=0.95
[PLANETS]
   pid own ships prod    x      y    type fall_t keep_n first_en
     0  p0    69    3   93.1  81.8    S      -     0       -
     1  p0    69    3    6.9  81.8    S      -     0       -
     2  me    41    3   93.1  18.2    S      -     0       -
     3  me    64    3    6.9  18.2    S      -     0       -
     4  p0    58    2   91.4  96.5    S      -     0       -
     5  p0   228    2    8.6  96.5    S      -     0       -
     6  me    36    2   91.4   3.5    S      -     0       -
     7  me    18    2    8.6   3.5    S      -     0       -
     8  p0   102    2   58.0  98.0    S      -     0       -
     9  p0   174    2   42.0  98.0    S      -     0       -
    10  me    31    2   58.0   2.0    S      -     0       -
    11  me    41    2   42.0   2.0    S      -     0       -
    12  p0    92    2   81.2  45.9    O      -     0       -
    13  p0    76    2   54.1  81.2    O      -     0       -
    14  me    71    2   45.9  18.8    O      -     0       -
    15  p0    20    2   18.8  54.1    O      -     0       -
    16  p0   103    2   82.9  87.2    S      -     0       -
    17  p0    44    2   17.1  87.2    S      -     0       -
    18  me    31    2   82.9  12.8    S      -     0       -
    19  me    35    2   17.1  12.8    S      -     0      22
    20  me    21    2   86.6  57.7    O      -     0       -
    21  p0   139    2   66.9  83.4    O      -     0       -
    22  me    75    2   33.1  16.6    O      -     0       -
    23  p0   131    2   13.4  42.3    O      -     0       -
    24  me   136    4   81.8  34.2    O      -     0       -
    25  p0   141    4   43.0  84.7    O      -     0       -
    26  me    15    4   57.0  15.3    O      -     0       -
    27  p0    76    4   18.2  65.8    O      -     0       -
    28  me    10    1   93.8  30.0    O      -     0       -
    29  me    19    1    6.2  30.0    O      -     0       -
    30  p0   110    1   93.8  70.0    O      -     0       -
    31  me    19    1    6.2  70.0    O      -     0       -
[POLICY]  attack_budget per source
   src=  2  budget=15
   src=  3  budget=33
   src=  6  budget=14
   src=  7  budget=0
   src= 10  budget=9
   src= 11  budget=10
   src= 14  budget=18
   src= 18  budget=9
   src= 19  budget=4
   src= 20  budget=0
   src= 22  budget=22
   src= 24  budget=19
   src= 26  budget=0
   src= 28  budget=10
   src= 29  budget=19
   src= 31  budget=19
[MISSIONS]  N=0  (sorted by score desc)
   (none)
[MOVES]  N=2
   src= 14  angle=-168.39°  ships=  11   tgt=19 (own=me, ships=35, eta=13)
   src= 22  angle=+176.51°  ships=  13   tgt=3 (own=me, ships=64, eta=11)

===== TURN 183  player=1  ts=2026-05-01 11:10:30  planets=32  fleets=19  =====
[GLOBAL]
   my_total=902  enemy_total=1879  my_prod=35  enemy_prod=37
   my_planets=16  enemy_planets=16  neutral=0  4p=False
   step=183  remaining=317  is_early=False  is_opening=False  is_late=False  is_very_late=False  is_total_war=False
[MODES]
   domination=-0.351  is_behind=True  is_ahead=False  is_dominating=False  is_finishing=False  attack_margin_mult=0.95
[PLANETS]
   pid own ships prod    x      y    type fall_t keep_n first_en
     0  p0    72    3   93.1  81.8    S      -     0       -
     1  p0    72    3    6.9  81.8    S      -     0       -
     2  me    44    3   93.1  18.2    S      -     0       -
     3  me    67    3    6.9  18.2    S      -     0       -
     4  p0    60    2   91.4  96.5    S      -     0       -
     5  p0   230    2    8.6  96.5    S      -     0       -
     6  me    38    2   91.4   3.5    S      -     0       -
     7  me    20    2    8.6   3.5    S      -     0       -
     8  p0   104    2   58.0  98.0    S      -     0       -
     9  p0   176    2   42.0  98.0    S      -     0       -
    10  me    33    2   58.0   2.0    S      -     0       -
    11  me    43    2   42.0   2.0    S      -     0       -
    12  p0    94    2   81.4  46.8    O      -     0       -
    13  p0    78    2   53.2  81.4    O      -     0       -
    14  me    62    2   46.8  18.6    O      -     0       -
    15  p0    63    2   18.6  53.2    O      -     0       -
    16  p0   105    2   82.9  87.2    S      -     0       -
    17  p0    46    2   17.1  87.2    S      -     0       -
    18  me    33    2   82.9  12.8    S      -     0       -
    19  me    37    2   17.1  12.8    S      -     0      21
    20  me    23    2   86.4  58.8    O      -     0       -
    21  p0   141    2   65.9  83.9    O      -     0       -
    22  me    64    2   34.1  16.1    O      -     0       -
    23  p0   133    2   13.6  41.2    O      -     0       -
    24  me   140    4   82.2  35.2    O      -     0       -
    25  p0   145    4   41.9  84.5    O      -     0       -
    26  me    19    4   58.1  15.5    O      -     0       -
    27  p0    80    4   17.8  64.8    O      -     0       -
    28  me    11    1   97.5  31.4    S      -     0       -
    29  me    20    1    2.5  31.4    S      -     0       -
    30  p0   111    1   97.5  68.6    S      -     0       -
    31  me    20    1    2.5  68.6    S      -     0       -
[POLICY]  attack_budget per source
   src=  2  budget=18
   src=  3  budget=33
   src=  6  budget=16
   src=  7  budget=0
   src= 10  budget=11
   src= 11  budget=12
   src= 14  budget=8
   src= 18  budget=11
   src= 19  budget=3
   src= 20  budget=0
   src= 22  budget=10
   src= 24  budget=20
   src= 26  budget=0
   src= 28  budget=11
   src= 29  budget=20
   src= 31  budget=20
[MISSIONS]  N=0  (sorted by score desc)
   (none)
[MOVES]  N=1
   src= 29  angle= -71.64°  ships=  12   tgt=3 (own=me, ships=67, eta=6)

===== TURN 184  player=1  ts=2026-05-01 11:10:30  planets=28  fleets=18  =====
[GLOBAL]
   my_total=895  enemy_total=1804  my_prod=32  enemy_prod=36
   my_planets=13  enemy_planets=15  neutral=0  4p=False
   step=184  remaining=316  is_early=False  is_opening=False  is_late=False  is_very_late=False  is_total_war=False
[MODES]
   domination=-0.337  is_behind=True  is_ahead=False  is_dominating=False  is_finishing=False  attack_margin_mult=0.95
[PLANETS]
   pid own ships prod    x      y    type fall_t keep_n first_en
     0  p0    75    3   93.1  81.8    S      -     0       -
     1  p0    75    3    6.9  81.8    S      -     0       -
     2  me    47    3   93.1  18.2    S      -     0       -
     3  me    70    3    6.9  18.2    S      -     0       -
     4  p0    62    2   91.4  96.5    S      -     0       -
     5  p0   232    2    8.6  96.5    S      -     0       -
     6  me    40    2   91.4   3.5    S      -     0       -
     7  me    22    2    8.6   3.5    S      -     0       -
     8  p0   106    2   58.0  98.0    S      -     0       -
     9  p0   178    2   42.0  98.0    S      -     0       -
    10  me    35    2   58.0   2.0    S      -     0       -
    11  me    45    2   42.0   2.0    S      -     0       -
    12  p0    96    2   81.4  47.8    O      -     0       -
    13  p0    80    2   52.2  81.4    O      -     0       -
    14  me    64    2   47.8  18.6    O      -     0       -
    15  p0   103    2   18.6  52.2    O      -     0       -
    16  p0   107    2   82.9  87.2    S      -     0       -
    17  p0    48    2   17.1  87.2    S      -     0       -
    18  me    35    2   82.9  12.8    S      -     0       -
    19  me    39    2   17.1  12.8    S      -     0      20
    20  me    25    2   86.1  59.9    O      -     0       -
    21  p0   143    2   64.9  84.3    O      -     0       -
    22  me    66    2   35.1  15.7    O      -     0       -
    23  p0   135    2   13.9  40.1    O      -     0       -
    24  me   144    4   82.6  36.1    O      -     0       -
    25  p0   149    4   40.9  84.3    O      -     0       -
    26  me    26    4   59.1  15.7    O      -     0       -
    27  p0    84    4   17.4  63.9    O      -     0       -
[POLICY]  attack_budget per source
   src=  2  budget=24
   src=  3  budget=26
   src=  6  budget=17
   src=  7  budget=0
   src= 10  budget=0
   src= 11  budget=0
   src= 14  budget=7
   src= 18  budget=12
   src= 19  budget=0
   src= 20  budget=0
   src= 22  budget=0
   src= 24  budget=6
   src= 26  budget=3
[MISSIONS]  N=0  (sorted by score desc)
   (none)
[MOVES]  N=2
   src=  6  angle=+132.24°  ships=  10   tgt=18 (own=me, ships=35, eta=5)
   src=  2  angle=+103.85°  ships=  14   tgt=24 (own=me, ships=144, eta=13)

===== TURN 185  player=1  ts=2026-05-01 11:10:30  planets=28  fleets=19  =====
[GLOBAL]
   my_total=927  enemy_total=1840  my_prod=32  enemy_prod=36
   my_planets=13  enemy_planets=15  neutral=0  4p=False
   step=185  remaining=315  is_early=False  is_opening=False  is_late=False  is_very_late=False  is_total_war=False
[MODES]
   domination=-0.330  is_behind=True  is_ahead=False  is_dominating=False  is_finishing=False  attack_margin_mult=0.95
[PLANETS]
   pid own ships prod    x      y    type fall_t keep_n first_en
     0  p0    78    3   93.1  81.8    S      -     0       -
     1  p0    78    3    6.9  81.8    S      -     0       -
     2  me    36    3   93.1  18.2    S      -     0       -
     3  me    73    3    6.9  18.2    S      -     0       -
     4  p0    64    2   91.4  96.5    S      -     0       -
     5  p0   234    2    8.6  96.5    S      -     0       -
     6  me    32    2   91.4   3.5    S      -     0       -
     7  me    24    2    8.6   3.5    S      -     0       -
     8  p0   108    2   58.0  98.0    S      -     0       -
     9  p0   180    2   42.0  98.0    S      -     0       -
    10  me    37    2   58.0   2.0    S      -     0       -
    11  me    47    2   42.0   2.0    S      -     0       -
    12  p0    98    2   81.5  48.7    O      -     0       -
    13  p0    82    2   51.3  81.5    O      -     0       -
    14  me    66    2   48.7  18.5    O      -     0       -
    15  p0   105    2   18.5  51.3    O      -     0       -
    16  p0   109    2   82.9  87.2    S      -     0       -
    17  p0    50    2   17.1  87.2    S      -     0       -
    18  me    37    2   82.9  12.8    S      -     0       -
    19  me    41    2   17.1  12.8    S      -     0      19
    20  me    27    2   85.8  61.0    O      -     0       -
    21  p0   145    2   63.9  84.7    O      -     0       -
    22  me    80    2   36.1  15.3    O      -     0       -
    23  p0   137    2   14.2  39.0    O      -     0       -
    24  me   148    4   83.0  37.1    O      -     0       -
    25  p0   153    4   39.9  84.0    O      -     0       -
    26  me    30    4   60.1  16.0    O      1    30       1
    27  p0    88    4   17.0  62.9    O      -     0       -
[POLICY]  attack_budget per source
   src=  2  budget=13
   src=  3  budget=27
   src=  6  budget=9
   src=  7  budget=0
   src= 10  budget=0
   src= 11  budget=0
   src= 14  budget=0
   src= 18  budget=14
   src= 19  budget=0
   src= 20  budget=0
   src= 22  budget=0
   src= 24  budget=8
   src= 26  budget=0
[MISSIONS]  N=0  (sorted by score desc)
   (none)
[MOVES]  N=1
   src= 26  angle= +55.37°  ships=  30   tgt=24 (own=me, ships=148, eta=15)

===== TURN 186  player=1  ts=2026-05-01 11:10:30  planets=28  fleets=19  =====
[GLOBAL]
   my_total=955  enemy_total=1872  my_prod=28  enemy_prod=40
   my_planets=12  enemy_planets=16  neutral=0  4p=False
   step=186  remaining=314  is_early=False  is_opening=False  is_late=False  is_very_late=False  is_total_war=False
[MODES]
   domination=-0.324  is_behind=True  is_ahead=False  is_dominating=False  is_finishing=False  attack_margin_mult=0.95
[PLANETS]
   pid own ships prod    x      y    type fall_t keep_n first_en
     0  p0     3    3   93.1  81.8    S      -     0       -
     1  p0    81    3    6.9  81.8    S      -     0       -
     2  me    39    3   93.1  18.2    S      -     0       -
     3  me    76    3    6.9  18.2    S      -     0       -
     4  p0    66    2   91.4  96.5    S      -     0       -
     5  p0   236    2    8.6  96.5    S      -     0       -
     6  me    34    2   91.4   3.5    S      -     0       -
     7  me    26    2    8.6   3.5    S      -     0       -
     8  p0   110    2   58.0  98.0    S      -     0       -
     9  p0   182    2   42.0  98.0    S      -     0       -
    10  me    39    2   58.0   2.0    S      -     0       -
    11  me    49    2   42.0   2.0    S      -     0       -
    12  p0   100    2   81.5  49.6    O      -     0       -
    13  p0    84    2   50.4  81.5    O      -     0       -
    14  me    68    2   49.6  18.5    O      -     0       -
    15  p0   107    2   18.5  50.4    O      -     0       -
    16  p0   111    2   82.9  87.2    S      -     0       -
    17  p0    52    2   17.1  87.2    S      -     0       -
    18  me    39    2   82.9  12.8    S      -     0       -
    19  me    43    2   17.1  12.8    S      -     0      18
    20  me    29    2   85.4  62.0    O      -     0       -
    21  p0   147    2   62.8  85.1    O      -     0       -
    22  me    93    2   37.2  14.9    O      -     0       -
    23  p0   139    2   14.6  38.0    O      -     0       -
    24  me   161    4   83.4  38.1    O      -    34      11
    25  p0    33    4   38.9  83.7    O      -     0       -
    26  p0    86    4   61.1  16.3    O      -     0       -
    27  p0    92    4   16.6  61.9    O      -     0       -
[POLICY]  attack_budget per source
   src=  2  budget=0
   src=  3  budget=29
   src=  6  budget=0
   src=  7  budget=0
   src= 10  budget=0
   src= 11  budget=0
   src= 14  budget=0
   src= 18  budget=15
   src= 19  budget=0
   src= 20  budget=0
   src= 22  budget=10
   src= 24  budget=52
[MISSIONS]  N=1  (sorted by score desc)
   #0  single         score=  +131.73  src=[24]→tgt=  0  turns= 13  need=  43  cap=  52
[MOVES]  N=2
   src= 24  angle= +77.42°  ships=  52   tgt=0 (own=p0, ships=3, eta=13)
   src=  3  angle=  +8.30°  ships=  17   tgt=14 (own=me, ships=68, eta=27)

===== TURN 187  player=1  ts=2026-05-01 11:10:31  planets=28  fleets=20  =====
[GLOBAL]
   my_total=945  enemy_total=1874  my_prod=28  enemy_prod=40
   my_planets=12  enemy_planets=16  neutral=0  4p=False
   step=187  remaining=313  is_early=False  is_opening=False  is_late=False  is_very_late=False  is_total_war=False
[MODES]
   domination=-0.330  is_behind=True  is_ahead=False  is_dominating=False  is_finishing=False  attack_margin_mult=0.95
[PLANETS]
   pid own ships prod    x      y    type fall_t keep_n first_en
     0  p0     6    3   93.1  81.8    S      -     0       -
     1  p0    84    3    6.9  81.8    S      -     0       -
     2  me    42    3   93.1  18.2    S      -     0       -
     3  me    62    3    6.9  18.2    S      -     0       -
     4  p0    68    2   91.4  96.5    S      -     0       -
     5  p0   238    2    8.6  96.5    S      -     0       -
     6  me    36    2   91.4   3.5    S      -     0       -
     7  me    28    2    8.6   3.5    S      -     0       -
     8  p0   112    2   58.0  98.0    S      -     0       -
     9  p0   184    2   42.0  98.0    S      -     0       -
    10  me    41    2   58.0   2.0    S      -     0       -
    11  me    51    2   42.0   2.0    S      -     0       -
    12  p0   102    2   81.5  50.6    O      -     0       -
    13  p0    86    2   49.4  81.5    O      -     0       -
    14  me    70    2   50.6  18.5    O      -     0       -
    15  p0    71    2   18.5  49.4    O      -     0       -
    16  p0   113    2   82.9  87.2    S      -     0       -
    17  p0    54    2   17.1  87.2    S      -     0       -
    18  me    41    2   82.9  12.8    S      -     0       -
    19  me    45    2   17.1  12.8    S      -     0      17
    20  me    31    2   85.1  63.1    O      -     0       -
    21  p0   149    2   61.8  85.5    O      -     0       -
    22  me    95    2   38.2  14.5    O      -     0       -
    23  p0   141    2   14.9  36.9    O      -     0       -
    24  me   113    4   83.7  39.1    O      -    38      10
    25  p0    37    4   37.9  83.3    O      -     0       -
    26  p0    90    4   62.1  16.7    O      -     0       -
    27  p0    96    4   16.3  60.9    O      -     0       -
[POLICY]  attack_budget per source
   src=  2  budget=0
   src=  3  budget=18
   src=  6  budget=12
   src=  7  budget=0
   src= 10  budget=0
   src= 11  budget=18
   src= 14  budget=12
   src= 18  budget=17
   src= 19  budget=0
   src= 20  budget=0
   src= 22  budget=37
   src= 24  budget=1
[MISSIONS]  N=0  (sorted by score desc)
   (none)
[MOVES]  N=4
   src= 11  angle=  +0.00°  ships=  11   tgt=10 (own=me, ships=41, eta=7)
   src= 22  angle= +14.24°  ships=  22   tgt=14 (own=me, ships=70, eta=7)
   src= 18  angle= +90.29°  ships=  10   tgt=24 (own=me, ships=113, eta=24)
   src=  3  angle= +12.42°  ships=  11   tgt=14 (own=me, ships=70, eta=34)

===== TURN 188  player=1  ts=2026-05-01 11:10:31  planets=28  fleets=25  =====
[GLOBAL]
   my_total=973  enemy_total=1914  my_prod=28  enemy_prod=40
   my_planets=12  enemy_planets=16  neutral=0  4p=False
   step=188  remaining=312  is_early=False  is_opening=False  is_late=False  is_very_late=False  is_total_war=False
[MODES]
   domination=-0.326  is_behind=True  is_ahead=False  is_dominating=False  is_finishing=False  attack_margin_mult=0.95
[PLANETS]
   pid own ships prod    x      y    type fall_t keep_n first_en
     0  p0     9    3   93.1  81.8    S      -     0       -
     1  p0    87    3    6.9  81.8    S      -     0       -
     2  me    45    3   93.1  18.2    S      -     0       -
     3  me    54    3    6.9  18.2    S      -     0       -
     4  p0    70    2   91.4  96.5    S      -     0       -
     5  p0   240    2    8.6  96.5    S      -     0       -
     6  me    38    2   91.4   3.5    S      -     0       -
     7  me    30    2    8.6   3.5    S      -     0       -
     8  p0   114    2   58.0  98.0    S      -     0       -
     9  p0   186    2   42.0  98.0    S      -     0       -
    10  me    43    2   58.0   2.0    S      -     0       -
    11  me    42    2   42.0   2.0    S      -     0       -
    12  p0   104    2   81.5  51.5    O      -     0       -
    13  p0    88    2   48.5  81.5    O      -     0       -
    14  me    72    2   51.5  18.5    O      -     0       -
    15  p0    73    2   18.5  48.5    O      -     0       -
    16  p0   100    2   82.9  87.2    S      -     0       -
    17  p0    56    2   17.1  87.2    S      -     0       -
    18  me    33    2   82.9  12.8    S      -     0       -
    19  me    47    2   17.1  12.8    S      -     0      16
    20  me    33    2   84.7  64.1    O      -     0       -
    21  p0   151    2   60.7  85.8    O      -     0       -
    22  me    75    2   39.3  14.2    O      -     0       -
    23  p0   143    2   15.3  35.9    O      -     0       -
    24  me   117    4   84.0  40.1    O      -    46       8
    25  p0    41    4   36.9  83.0    O      -     0       -
    26  p0    94    4   63.1  17.0    O      -     0       -
    27  p0   100    4   16.0  59.9    O      -     0       -
[POLICY]  attack_budget per source
   src=  2  budget=0
   src=  3  budget=13
   src=  6  budget=14
   src=  7  budget=0
   src= 10  budget=0
   src= 11  budget=8
   src= 14  budget=13
   src= 18  budget=9
   src= 19  budget=0
   src= 20  budget=0
   src= 22  budget=16
   src= 24  budget=5
[MISSIONS]  N=0  (sorted by score desc)
   (none)
[MOVES]  N=0

===== TURN 189  player=1  ts=2026-05-01 11:10:31  planets=28  fleets=24  =====
[GLOBAL]
   my_total=1001  enemy_total=1954  my_prod=28  enemy_prod=40
   my_planets=12  enemy_planets=16  neutral=0  4p=False
   step=189  remaining=311  is_early=False  is_opening=False  is_late=False  is_very_late=False  is_total_war=False
[MODES]
   domination=-0.323  is_behind=True  is_ahead=False  is_dominating=False  is_finishing=False  attack_margin_mult=0.95
[PLANETS]
   pid own ships prod    x      y    type fall_t keep_n first_en
     0  p0    12    3   93.1  81.8    S      -     0       -
     1  p0    90    3    6.9  81.8    S      -     0       -
     2  me    48    3   93.1  18.2    S      -     0       -
     3  me    69    3    6.9  18.2    S      -     0       -
     4  p0    72    2   91.4  96.5    S      -     0       -
     5  p0   242    2    8.6  96.5    S      -     0       -
     6  me    40    2   91.4   3.5    S      -     0       -
     7  me    32    2    8.6   3.5    S      -     0       -
     8  p0    51    2   58.0  98.0    S      -     0       -
     9  p0   188    2   42.0  98.0    S      -     0       -
    10  me    45    2   58.0   2.0    S      -     0       -
    11  me    44    2   42.0   2.0    S      -     0       -
    12  p0   106    2   81.4  52.4    O      -     0       -
    13  p0    90    2   47.6  81.4    O      -     0       -
    14  me    74    2   52.4  18.6    O      -     0       -
    15  p0    75    2   18.6  47.6    O      -     0       -
    16  p0   102    2   82.9  87.2    S      -     0       -
    17  p0    58    2   17.1  87.2    S      -     0       -
    18  me    45    2   82.9  12.8    S      -     0       -
    19  me    49    2   17.1  12.8    S      -     0      15
    20  me    35    2   84.2  65.1    O     11    35      11
    21  p0   153    2   59.7  86.1    O      -     0       -
    22  me    77    2   40.3  13.9    O      -     0       -
    23  p0   145    2   15.8  34.9    O      -     0       -
    24  me   121    4   84.3  41.1    O      -    50       7
    25  p0    45    4   35.9  82.5    O      -     0       -
    26  p0    98    4   64.1  17.5    O      -     0       -
    27  p0   104    4   15.7  58.9    O      -     0       -
[POLICY]  attack_budget per source
   src=  2  budget=0
   src=  3  budget=27
   src=  6  budget=15
   src=  7  budget=0
   src= 10  budget=0
   src= 11  budget=0
   src= 14  budget=14
   src= 18  budget=20
   src= 19  budget=0
   src= 20  budget=0
   src= 22  budget=17
   src= 24  budget=19
[MISSIONS]  N=2  (sorted by score desc)
   #0  recapture      score=   +12.90  src=[24]→tgt= 20  turns= 14  need=  15  cap=  19
   #1  reinforce      score=    +9.56  src=[24]→tgt= 20  turns= 11  need=   8  cap=  90
[MOVES]  N=5
   src= 24  angle=+104.01°  ships=  19   tgt=12 (own=p0, ships=106, eta=6)
   src= 24  angle= +98.31°  ships=  90   tgt=12 (own=p0, ships=106, eta=3)
   src= 22  angle= +17.80°  ships=  10   tgt=14 (own=me, ships=74, eta=10)
   src= 18  angle= +90.75°  ships=  12   tgt=24 (own=me, ships=121, eta=23)
   src=  3  angle= +11.35°  ships=  16   tgt=14 (own=me, ships=74, eta=30)

===== TURN 190  player=1  ts=2026-05-01 11:10:31  planets=28  fleets=29  =====
[GLOBAL]
   my_total=1029  enemy_total=1994  my_prod=28  enemy_prod=40
   my_planets=12  enemy_planets=16  neutral=0  4p=False
   step=190  remaining=310  is_early=False  is_opening=False  is_late=False  is_very_late=False  is_total_war=False
[MODES]
   domination=-0.319  is_behind=True  is_ahead=False  is_dominating=False  is_finishing=False  attack_margin_mult=0.95
[PLANETS]
   pid own ships prod    x      y    type fall_t keep_n first_en
     0  p0    15    3   93.1  81.8    S      -     0       -
     1  p0    93    3    6.9  81.8    S      -     0       -
     2  me    51    3   93.1  18.2    S      -     0       -
     3  me    56    3    6.9  18.2    S      -     0       -
     4  p0    74    2   91.4  96.5    S      -     0       -
     5  p0   244    2    8.6  96.5    S      -     0       -
     6  me    42    2   91.4   3.5    S      -     0       -
     7  me    34    2    8.6   3.5    S      -     0       -
     8  p0    53    2   58.0  98.0    S      -     0       -
     9  p0   190    2   42.0  98.0    S      -     0       -
    10  me    47    2   58.0   2.0    S      -     0       -
    11  me    46    2   42.0   2.0    S      -     0       -
    12  p0   108    2   81.3  53.4    O      -     0       -
    13  p0    92    2   46.6  81.3    O      -     0       -
    14  me    76    2   53.4  18.7    O      -     0       -
    15  p0    77    2   18.7  46.6    O      -     0       -
    16  p0   104    2   82.9  87.2    S      -     0       -
    17  p0    60    2   17.1  87.2    S      -     0       -
    18  me    35    2   82.9  12.8    S      -     0       -
    19  me    51    2   17.1  12.8    S      -     0      14
    20  me    37    2   83.8  66.1    O     10    37      10
    21  p0   155    2   58.6  86.4    O      -     0       -
    22  me    69    2   41.4  13.6    O      -     0       -
    23  p0   147    2   16.2  33.9    O      -     0       -
    24  me    16    4   84.6  42.1    O      6    16       6
    25  p0    49    4   35.0  82.1    O      -     0       -
    26  p0   102    4   65.0  17.9    O      -     0       -
    27  p0   108    4   15.4  57.9    O      -     0       -
[POLICY]  attack_budget per source
   src=  2  budget=1
   src=  3  budget=12
   src=  6  budget=17
   src=  7  budget=0
   src= 10  budget=0
   src= 11  budget=0
   src= 14  budget=15
   src= 18  budget=10
   src= 19  budget=0
   src= 20  budget=0
   src= 22  budget=8
   src= 24  budget=0
[MISSIONS]  N=0  (sorted by score desc)
   (none)
[MOVES]  N=3
   src= 20  angle=-108.51°  ships=  13   tgt=12 (own=p0, ships=108, eta=4)
   src= 24  angle=-135.24°  ships=  16   tgt=14 (own=me, ships=76, eta=12)
   src=  6  angle=+132.24°  ships=  10   tgt=18 (own=me, ships=35, eta=5)

===== TURN 191  player=1  ts=2026-05-01 11:10:31  planets=28  fleets=30  =====
[GLOBAL]
   my_total=1057  enemy_total=2034  my_prod=28  enemy_prod=40
   my_planets=12  enemy_planets=16  neutral=0  4p=False
   step=191  remaining=309  is_early=False  is_opening=False  is_late=False  is_very_late=False  is_total_war=False
[MODES]
   domination=-0.316  is_behind=True  is_ahead=False  is_dominating=False  is_finishing=False  attack_margin_mult=0.95
[PLANETS]
   pid own ships prod    x      y    type fall_t keep_n first_en
     0  p0    33    3   93.1  81.8    S      -     0       -
     1  p0    96    3    6.9  81.8    S      -     0       -
     2  me    54    3   93.1  18.2    S      -     0       -
     3  me    59    3    6.9  18.2    S      -     0       -
     4  p0    76    2   91.4  96.5    S      -     0       -
     5  p0   246    2    8.6  96.5    S      -     0       -
     6  me    34    2   91.4   3.5    S      -     0       -
     7  me    36    2    8.6   3.5    S      -     0       -
     8  p0    55    2   58.0  98.0    S      -     0       -
     9  p0   192    2   42.0  98.0    S      -     0       -
    10  me    49    2   58.0   2.0    S      -     0       -
    11  me    48    2   42.0   2.0    S      -     0       -
    12  p0   110    2   81.2  54.3    O      6     0       6
    13  p0    94    2   45.7  81.2    O      -     0       -
    14  me    78    2   54.3  18.8    O      -     0       -
    15  p0    79    2   18.8  45.7    O      -     0       -
    16  p0   106    2   82.9  87.2    S      -     0       -
    17  p0    62    2   17.1  87.2    S      -     0       -
    18  me    37    2   82.9  12.8    S      -     0       -
    19  me    53    2   17.1  12.8    S      -     0      13
    20  me    26    2   83.3  67.1    O      8    26       8
    21  p0   157    2   57.5  86.6    O      -     0       -
    22  me    71    2   42.5  13.4    O      -     0      11
    23  p0   149    2   16.7  32.9    O      -     0       -
    24  me     4    4   84.8  43.2    O      4     4       4
    25  p0    53    4   34.0  81.7    O      -     0       -
    26  p0   138    4   66.0  18.3    O      -     0       -
    27  p0   112    4   15.2  56.8    O      -     0       -
[POLICY]  attack_budget per source
   src=  2  budget=0
   src=  3  budget=14
   src=  6  budget=1
   src=  7  budget=0
   src= 10  budget=14
   src= 11  budget=0
   src= 14  budget=16
   src= 18  budget=4
   src= 19  budget=0
   src= 20  budget=0
   src= 22  budget=9
   src= 24  budget=0
[MISSIONS]  N=0  (sorted by score desc)
   (none)
[MOVES]  N=1
   src= 20  angle=-106.81°  ships=  15   tgt=12 (own=p0, ships=110, eta=4)

===== TURN 192  player=1  ts=2026-05-01 11:10:31  planets=28  fleets=29  =====
[GLOBAL]
   my_total=960  enemy_total=1949  my_prod=28  enemy_prod=40
   my_planets=12  enemy_planets=16  neutral=0  4p=False
   step=192  remaining=308  is_early=False  is_opening=False  is_late=False  is_very_late=False  is_total_war=False
[MODES]
   domination=-0.340  is_behind=True  is_ahead=False  is_dominating=False  is_finishing=False  attack_margin_mult=0.95
[PLANETS]
   pid own ships prod    x      y    type fall_t keep_n first_en
     0  p0    36    3   93.1  81.8    S      -     0       -
     1  p0    99    3    6.9  81.8    S      -     0       -
     2  me    57    3   93.1  18.2    S      -     0       -
     3  me    62    3    6.9  18.2    S      -     0       -
     4  p0    78    2   91.4  96.5    S      -     0       -
     5  p0   248    2    8.6  96.5    S      -     0       -
     6  me    36    2   91.4   3.5    S      -     0       -
     7  me    38    2    8.6   3.5    S      -     0       -
     8  p0    57    2   58.0  98.0    S      -     0       -
     9  p0   194    2   42.0  98.0    S      -     0       -
    10  me    51    2   58.0   2.0    S      -     0       -
    11  me    50    2   42.0   2.0    S      -     0       -
    12  p0    22    2   81.1  55.2    O      5     0       5
    13  p0    96    2   44.8  81.1    O      -     0       -
    14  me    80    2   55.2  18.9    O      -     0       -
    15  p0    46    2   18.9  44.8    O      -     0       -
    16  p0   108    2   82.9  87.2    S      -     0       -
    17  p0    64    2   17.1  87.2    S      -     0       -
    18  me    39    2   82.9  12.8    S      -     0       -
    19  me    55    2   17.1  12.8    S      -     0      12
    20  me    13    2   82.7  68.1    O      7    13       7
    21  p0   159    2   56.4  86.9    O      -     0       -
    22  me    73    2   43.6  13.1    O      -     0      11
    23  p0   151    2   17.3  31.9    O      -     0       -
    24  me     8    4   85.0  44.2    O      3     8       3
    25  p0    57    4   33.1  81.2    O      -     0       -
    26  p0   142    4   66.9  18.8    O      -     0       -
    27  p0   116    4   15.0  55.8    O      -     0       -
[POLICY]  attack_budget per source
   src=  2  budget=23
   src=  3  budget=24
   src=  6  budget=2
   src=  7  budget=0
   src= 10  budget=15
   src= 11  budget=0
   src= 14  budget=39
   src= 18  budget=5
   src= 19  budget=0
   src= 20  budget=0
   src= 22  budget=37
   src= 24  budget=0
[MISSIONS]  N=4  (sorted by score desc)
   #0  swarm          score=  +114.04  src=[2,14]→tgt=  0  turns= 24  need= 114  cap=  62
   #1  single         score=   +43.59  src=[3]→tgt= 15  turns=  8  need=  18  cap=  24
   #2  single         score=   +35.25  src=[22]→tgt= 15  turns= 11  need=  24  cap=  29
   #3  single         score=   +31.18  src=[14]→tgt= 15  turns= 12  need=  26  cap=  33
[MOVES]  N=5
   src=  3  angle= +53.87°  ships=  24   tgt=15 (own=p0, ships=46, eta=8)
   src= 20  angle= +52.74°  ships=  13   tgt=0 (own=p0, ships=36, eta=7)
   src= 24  angle=-130.71°  ships=   8   tgt=14 (own=me, ships=80, eta=14)
   src=  2  angle=-152.12°  ships=  14   tgt=18 (own=me, ships=39, eta=4)
   src= 22  angle= +22.74°  ships=  22   tgt=14 (own=me, ships=80, eta=7)

===== TURN 193  player=1  ts=2026-05-01 11:10:31  planets=28  fleets=32  =====
[GLOBAL]
   my_total=988  enemy_total=1989  my_prod=28  enemy_prod=40
   my_planets=12  enemy_planets=16  neutral=0  4p=False
   step=193  remaining=307  is_early=False  is_opening=False  is_late=False  is_very_late=False  is_total_war=False
[MODES]
   domination=-0.336  is_behind=True  is_ahead=False  is_dominating=False  is_finishing=False  attack_margin_mult=0.95
[PLANETS]
   pid own ships prod    x      y    type fall_t keep_n first_en
     0  p0    39    3   93.1  81.8    S      -     0       -
     1  p0   102    3    6.9  81.8    S      -     0       -
     2  me    46    3   93.1  18.2    S      -     0       -
     3  me    54    3    6.9  18.2    S      -     0       -
     4  p0    80    2   91.4  96.5    S      -     0       -
     5  p0   250    2    8.6  96.5    S      -     0       -
     6  me    38    2   91.4   3.5    S      -     0       -
     7  me    40    2    8.6   3.5    S      -     0       -
     8  p0    59    2   58.0  98.0    S      -     0       -
     9  p0   196    2   42.0  98.0    S      -     0       -
    10  me    53    2   58.0   2.0    S      -     0       -
    11  me    52    2   42.0   2.0    S      -     0       -
    12  p0    24    2   80.9  56.1    O      4     0       4
    13  p0    98    2   43.9  80.9    O      -     0       -
    14  me   104    2   56.1  19.1    O      -     0       -
    15  p0    48    2   19.1  43.9    O      -     0       -
    16  p0   110    2   82.9  87.2    S      -     0       -
    17  p0    66    2   17.1  87.2    S      -     0       -
    18  me    41    2   82.9  12.8    S      -     0       -
    19  me    57    2   17.1  12.8    S      -     0      11
    20  me     2    2   82.2  69.1    O      6     2       6
    21  p0   161    2   55.3  87.0    O      -     0       -
    22  me    53    2   44.7  13.0    O      -     0      10
    23  p0   153    2   17.8  30.9    O      -     0       -
    24  me     4    4   85.1  45.2    O      2     4       2
    25  p0    61    4   32.2  80.7    O      -     0       -
    26  p0   146    4   67.8  19.3    O      -     0       -
    27  p0   120    4   14.9  54.8    O      -     0       -
[POLICY]  attack_budget per source
   src=  2  budget=11
   src=  3  budget=14
   src=  6  budget=3
   src=  7  budget=0
   src= 10  budget=17
   src= 11  budget=0
   src= 14  budget=62
   src= 18  budget=6
   src= 19  budget=0
   src= 20  budget=0
   src= 22  budget=17
   src= 24  budget=0
[MISSIONS]  N=2  (sorted by score desc)
   #0  swarm          score=   +45.03  src=[3,22]→tgt= 15  turns= 10  need=  46  cap=  31
   #1  single         score=   +29.59  src=[14]→tgt= 15  turns= 12  need=  28  cap=  35
[MOVES]  N=3
   src= 14  angle=+156.41°  ships=  35   tgt=15 (own=p0, ships=48, eta=12)
   src= 22  angle= +24.59°  ships=  10   tgt=14 (own=me, ships=104, eta=10)
   src= 10  angle= +73.11°  ships=  10   tgt=14 (own=me, ships=104, eta=9)

===== TURN 194  player=1  ts=2026-05-01 11:10:32  planets=28  fleets=33  =====
[GLOBAL]
   my_total=945  enemy_total=1958  my_prod=30  enemy_prod=38
   my_planets=13  enemy_planets=15  neutral=0  4p=False
   step=194  remaining=306  is_early=False  is_opening=False  is_late=False  is_very_late=False  is_total_war=False
[MODES]
   domination=-0.349  is_behind=True  is_ahead=False  is_dominating=False  is_finishing=False  attack_margin_mult=0.95
[PLANETS]
   pid own ships prod    x      y    type fall_t keep_n first_en
     0  p0    42    3   93.1  81.8    S      -     0       -
     1  p0   105    3    6.9  81.8    S      -     0       -
     2  me    49    3   93.1  18.2    S      -     0       -
     3  me    57    3    6.9  18.2    S      -     0       -
     4  p0    82    2   91.4  96.5    S      -     0       -
     5  p0   252    2    8.6  96.5    S      -     0       -
     6  me    40    2   91.4   3.5    S      -     0       -
     7  me    42    2    8.6   3.5    S      -     0       -
     8  p0    61    2   58.0  98.0    S      -     0       -
     9  p0   198    2   42.0  98.0    S      -     0       -
    10  me    56    2   58.0   2.0    S      -     0       -
    11  me    54    2   42.0   2.0    S      -     0       -
    12  me     6    2   80.7  57.0    O      -     0       -
    13  p0   100    2   43.0  80.7    O      -     0       -
    14  me    71    2   57.0  19.3    O      -     0       -
    15  p0     5    2   19.3  43.0    O      -     0       -
    16  p0    67    2   82.9  87.2    S      -     0       -
    17  p0    68    2   17.1  87.2    S      -     0       -
    18  me    43    2   82.9  12.8    S      -     0       -
    19  me    59    2   17.1  12.8    S      -     0      10
    20  me     4    2   81.6  70.0    O      4     4       4
    21  p0   163    2   54.2  87.2    O      -     0       -
    22  me    45    2   45.8  12.8    O      -     0      11
    23  p0   143    2   18.4  30.0    O      -     0       -
    24  me     8    4   85.3  46.3    O      1     8       1
    25  p0    65    4   31.3  80.1    O      -     0       -
    26  p0   150    4   68.7  19.9    O      -     0       -
    27  p0   124    4   14.7  53.7    O      -     0       -
[POLICY]  attack_budget per source
   src=  2  budget=13
   src=  3  budget=23
   src=  6  budget=4
   src=  7  budget=8
   src= 10  budget=20
   src= 11  budget=0
   src= 12  budget=0
   src= 14  budget=35
   src= 18  budget=7
   src= 19  budget=0
   src= 20  budget=0
   src= 22  budget=9
   src= 24  budget=0
[MISSIONS]  N=0  (sorted by score desc)
   (none)
[MOVES]  N=3
   src= 24  angle=-127.32°  ships=   8   tgt=14 (own=me, ships=71, eta=14)
   src= 10  angle= +71.31°  ships=  12   tgt=14 (own=me, ships=71, eta=9)
   src=  3  angle= +15.75°  ships=  14   tgt=23 (own=p0, ships=143, eta=7)

===== TURN 195  player=1  ts=2026-05-01 11:10:32  planets=28  fleets=32  =====
[GLOBAL]
   my_total=941  enemy_total=1982  my_prod=26  enemy_prod=42
   my_planets=12  enemy_planets=16  neutral=0  4p=False
   step=195  remaining=305  is_early=False  is_opening=False  is_late=False  is_very_late=False  is_total_war=False
[MODES]
   domination=-0.356  is_behind=True  is_ahead=False  is_dominating=False  is_finishing=False  attack_margin_mult=0.95
[PLANETS]
   pid own ships prod    x      y    type fall_t keep_n first_en
     0  p0    45    3   93.1  81.8    S      -     0       -
     1  p0   108    3    6.9  81.8    S      -     0       -
     2  me    52    3   93.1  18.2    S      -     0       -
     3  me    46    3    6.9  18.2    S      -     0       -
     4  p0    84    2   91.4  96.5    S      -     0       -
     5  p0   254    2    8.6  96.5    S      -     0       -
     6  me    42    2   91.4   3.5    S      -     0       -
     7  me    44    2    8.6   3.5    S      -     0       -
     8  p0    63    2   58.0  98.0    S      -     0       -
     9  p0   200    2   42.0  98.0    S      -     0       -
    10  me    46    2   58.0   2.0    S      -     0       -
    11  me    56    2   42.0   2.0    S      -     0       -
    12  me    23    2   80.5  58.0    O      -     0       -
    13  p0   102    2   42.0  80.5    O      -     0       -
    14  me    73    2   58.0  19.5    O      -     0       -
    15  p0     7    2   19.5  42.0    O      -     0       -
    16  p0    69    2   82.9  87.2    S      -     0       -
    17  p0    70    2   17.1  87.2    S      -     0       -
    18  me    55    2   82.9  12.8    S      -     0       -
    19  me    61    2   17.1  12.8    S      -     0       9
    20  me     6    2   81.0  70.9    O      3     6       3
    21  p0   165    2   53.1  87.3    O      -     0       -
    22  me    47    2   46.9  12.7    O      -     0       -
    23  p0   120    2   19.0  29.1    O      -     0       -
    24  p0    64    4   85.4  47.3    O      -     0       -
    25  p0    69    4   30.4  79.5    O      -     0       -
    26  p0   154    4   69.6  20.5    O      -     0       -
    27  p0   128    4   14.6  52.7    O      -     0       -
[POLICY]  attack_budget per source
   src=  2  budget=0
   src=  3  budget=16
   src=  6  budget=6
   src=  7  budget=14
   src= 10  budget=10
   src= 11  budget=0
   src= 12  budget=0
   src= 14  budget=29
   src= 18  budget=19
   src= 19  budget=0
   src= 20  budget=0
   src= 22  budget=0
[MISSIONS]  N=0  (sorted by score desc)
   (none)
[MOVES]  N=1
   src= 18  angle=+150.22°  ships=  11   tgt=14 (own=me, ships=73, eta=9)

===== TURN 196  player=1  ts=2026-05-01 11:10:32  planets=28  fleets=30  =====
[GLOBAL]
   my_total=953  enemy_total=2010  my_prod=26  enemy_prod=42
   my_planets=12  enemy_planets=16  neutral=0  4p=False
   step=196  remaining=304  is_early=False  is_opening=False  is_late=False  is_very_late=False  is_total_war=False
[MODES]
   domination=-0.357  is_behind=True  is_ahead=False  is_dominating=False  is_finishing=False  attack_margin_mult=0.95
[PLANETS]
   pid own ships prod    x      y    type fall_t keep_n first_en
     0  p0    48    3   93.1  81.8    S      -     0       -
     1  p0   111    3    6.9  81.8    S      -     0       -
     2  me    55    3   93.1  18.2    S      -     0       -
     3  me    49    3    6.9  18.2    S      -     0       -
     4  p0    86    2   91.4  96.5    S      -     0       -
     5  p0   256    2    8.6  96.5    S      -     0       -
     6  me    44    2   91.4   3.5    S      -     0       -
     7  me    46    2    8.6   3.5    S      -     0       -
     8  p0    65    2   58.0  98.0    S      -     0       -
     9  p0   202    2   42.0  98.0    S      -     0       -
    10  me    48    2   58.0   2.0    S      -     0       -
    11  me    58    2   42.0   2.0    S      -     0       -
    12  me    25    2   80.2  58.9    O      -     0       -
    13  p0   104    2   41.1  80.2    O      -     0       -
    14  me    75    2   58.9  19.8    O      -     0       -
    15  p0     9    2   19.8  41.1    O      -     0       -
    16  p0    71    2   82.9  87.2    S      -     0       -
    17  p0    72    2   17.1  87.2    S      -     0       -
    18  me    60    2   82.9  12.8    S      -     0       -
    19  me    63    2   17.1  12.8    S      -     0       8
    20  me    19    2   80.4  71.8    O      2    19       2
    21  p0   167    2   52.0  87.4    O      -     0       -
    22  me    49    2   48.0  12.6    O      -     0       -
    23  p0   122    2   19.6  28.2    O      -     0       -
    24  p0    54    4   85.4  48.4    O      -     0       -
    25  p0    73    4   29.5  79.0    O      -     0       -
    26  p0   158    4   70.5  21.0    O      -     0       -
    27  p0   132    4   14.6  51.6    O      -     0       -
[POLICY]  attack_budget per source
   src=  2  budget=18
   src=  3  budget=18
   src=  6  budget=7
   src=  7  budget=15
   src= 10  budget=11
   src= 11  budget=0
   src= 12  budget=0
   src= 14  budget=33
   src= 18  budget=23
   src= 19  budget=23
   src= 20  budget=0
   src= 22  budget=0
[MISSIONS]  N=0  (sorted by score desc)
   (none)
[MOVES]  N=5
   src= 20  angle= +37.85°  ships=  19   tgt=0 (own=p0, ships=48, eta=6)
   src=  2  angle=-152.12°  ships=  11   tgt=18 (own=me, ships=60, eta=4)
   src=  3  angle= +19.23°  ships=  11   tgt=14 (own=me, ships=75, eta=37)
   src= 19  angle= +21.39°  ships=  14   tgt=14 (own=me, ships=75, eta=29)
   src= 18  angle=+150.22°  ships=  14   tgt=14 (own=me, ships=75, eta=8)

===== TURN 197  player=1  ts=2026-05-01 11:10:32  planets=28  fleets=31  =====
[GLOBAL]
   my_total=977  enemy_total=2050  my_prod=24  enemy_prod=44
   my_planets=11  enemy_planets=17  neutral=0  4p=False
   step=197  remaining=303  is_early=False  is_opening=False  is_late=False  is_very_late=False  is_total_war=False
[MODES]
   domination=-0.354  is_behind=True  is_ahead=False  is_dominating=False  is_finishing=False  attack_margin_mult=0.95
[PLANETS]
   pid own ships prod    x      y    type fall_t keep_n first_en
     0  p0    64    3   93.1  81.8    S      -     0       -
     1  p0   114    3    6.9  81.8    S      -     0       -
     2  me    47    3   93.1  18.2    S      -     0       -
     3  me    41    3    6.9  18.2    S      -     0       -
     4  p0    88    2   91.4  96.5    S      -     0       -
     5  p0   258    2    8.6  96.5    S      -     0       -
     6  me    46    2   91.4   3.5    S      -     0       -
     7  me    48    2    8.6   3.5    S      -     0       -
     8  p0    67    2   58.0  98.0    S      -     0       -
     9  p0   204    2   42.0  98.0    S      -     0       -
    10  me    50    2   58.0   2.0    S      -     0       -
    11  me    60    2   42.0   2.0    S      -     0       -
    12  me    27    2   80.0  59.7    O      -     0       -
    13  p0   106    2   40.3  80.0    O      -     0       -
    14  me    77    2   59.7  20.0    O      -     0       -
    15  p0    48    2   20.0  40.3    O      -     0       -
    16  p0    73    2   82.9  87.2    S      -     0       -
    17  p0    74    2   17.1  87.2    S      -     0       -
    18  me    48    2   82.9  12.8    S      -     0       -
    19  me    51    2   17.1  12.8    S      -     0       7
    20  p0    63    2   79.7  72.7    O      -     0       -
    21  p0   169    2   50.9  87.4    O      -     0       -
    22  me    51    2   49.1  12.6    O      -     0       -
    23  p0   124    2   20.3  27.3    O      -     0       -
    24  p0    58    4   85.5  49.4    O      -     0       -
    25  p0    77    4   28.7  78.3    O      -     0       -
    26  p0   162    4   71.3  21.7    O      -     0       -
    27  p0   136    4   14.5  50.6    O      -     0       -
[POLICY]  attack_budget per source
   src=  2  budget=9
   src=  3  budget=0
   src=  6  budget=8
   src=  7  budget=4
   src= 10  budget=12
   src= 11  budget=0
   src= 12  budget=0
   src= 14  budget=33
   src= 18  budget=10
   src= 19  budget=7
   src= 22  budget=0
[MISSIONS]  N=0  (sorted by score desc)
   (none)
[MOVES]  N=0

===== TURN 198  player=1  ts=2026-05-01 11:10:32  planets=28  fleets=28  =====
[GLOBAL]
   my_total=980  enemy_total=2073  my_prod=24  enemy_prod=44
   my_planets=11  enemy_planets=17  neutral=0  4p=False
   step=198  remaining=302  is_early=False  is_opening=False  is_late=False  is_very_late=False  is_total_war=False
[MODES]
   domination=-0.358  is_behind=True  is_ahead=False  is_dominating=False  is_finishing=False  attack_margin_mult=0.95
[PLANETS]
   pid own ships prod    x      y    type fall_t keep_n first_en
     0  p0    67    3   93.1  81.8    S      -     0       -
     1  p0   117    3    6.9  81.8    S      -     0       -
     2  me    50    3   93.1  18.2    S      -     0       -
     3  me    44    3    6.9  18.2    S      -     0       -
     4  p0    90    2   91.4  96.5    S      -     0       -
     5  p0   260    2    8.6  96.5    S      -     0       -
     6  me    48    2   91.4   3.5    S      -     0       -
     7  me    50    2    8.6   3.5    S      -     0       -
     8  p0    69    2   58.0  98.0    S      -     0       -
     9  p0   206    2   42.0  98.0    S      -     0       -
    10  me    52    2   58.0   2.0    S      -     0       -
    11  me    62    2   42.0   2.0    S      -     0       -
    12  me    29    2   79.7  60.6    O      -     0       -
    13  p0   108    2   39.4  79.7    O      -     0       -
    14  me   111    2   60.6  20.3    O      -     0       -
    15  p0    50    2   20.3  39.4    O      -     0       -
    16  p0    65    2   82.9  87.2    S      -     0       -
    17  p0    76    2   17.1  87.2    S      -     0       -
    18  me    50    2   82.9  12.8    S      -     0       -
    19  me    53    2   17.1  12.8    S      -     0       6
    20  p0    97    2   79.0  73.6    O      -     0       -
    21  p0   171    2   49.8  87.4    O      -     0       -
    22  me    53    2   50.2  12.6    O      -     0       -
    23  p0   126    2   21.0  26.4    O      -     0       -
    24  p0    41    4   85.5  50.5    O      -     0       -
    25  p0    81    4   27.9  77.7    O      -     0       -
    26  p0   166    4   72.1  22.3    O      -     0       -
    27  p0   140    4   14.5  49.5    O      -     0       -
[POLICY]  attack_budget per source
   src=  2  budget=11
   src=  3  budget=0
   src=  6  budget=9
   src=  7  budget=5
   src= 10  budget=13
   src= 11  budget=0
   src= 12  budget=0
   src= 14  budget=48
   src= 18  budget=11
   src= 19  budget=8
   src= 22  budget=4
[MISSIONS]  N=0  (sorted by score desc)
   (none)
[MOVES]  N=0

===== TURN 199  player=1  ts=2026-05-01 11:10:32  planets=28  fleets=26  =====
[GLOBAL]
   my_total=939  enemy_total=2052  my_prod=24  enemy_prod=44
   my_planets=11  enemy_planets=17  neutral=0  4p=False
   step=199  remaining=301  is_early=False  is_opening=False  is_late=False  is_very_late=False  is_total_war=False
[MODES]
   domination=-0.372  is_behind=True  is_ahead=False  is_dominating=False  is_finishing=False  attack_margin_mult=0.95
[PLANETS]
   pid own ships prod    x      y    type fall_t keep_n first_en
     0  p0     5    3   93.1  81.8    S      -     0       -
     1  p0   120    3    6.9  81.8    S      -     0       -
     2  me    53    3   93.1  18.2    S      -     0       -
     3  me    47    3    6.9  18.2    S      -     0       -
     4  p0    92    2   91.4  96.5    S      -     0       -
     5  p0   262    2    8.6  96.5    S      -     0       -
     6  me    50    2   91.4   3.5    S      -     0       -
     7  me    52    2    8.6   3.5    S      -     0       -
     8  p0    71    2   58.0  98.0    S      -     0       -
     9  p0   208    2   42.0  98.0    S      -     0       -
    10  me    54    2   58.0   2.0    S      -     0       -
    11  me    64    2   42.0   2.0    S      -     0       -
    12  me    31    2   79.3  61.5    O      -    31       3
    13  p0   110    2   38.5  79.3    O      -     0       -
    14  me   113    2   61.5  20.7    O      -     0       -
    15  p0    52    2   20.7  38.5    O      -     0       -
    16  p0    67    2   82.9  87.2    S      -     0       -
    17  p0    78    2   17.1  87.2    S      -     0       -
    18  me    52    2   82.9  12.8    S      -     0       -
    19  me    55    2   17.1  12.8    S      -     0       5
    20  p0    62    2   78.3  74.5    O      -     0       -
    21  p0   173    2   48.7  87.4    O      -     0       -
    22  me    55    2   51.3  12.6    O      -     0       -
    23  p0   128    2   21.7  25.5    O      -     0       -
    24  p0   169    4   85.4  51.5    O      -     0       -
    25  p0    85    4   27.0  77.0    O      -     0       -
    26  p0   170    4   73.0  23.0    O      -     0       -
    27  p0   144    4   14.6  48.5    O      -     0       -
[POLICY]  attack_budget per source
   src=  2  budget=13
   src=  3  budget=0
   src=  6  budget=10
   src=  7  budget=5
   src= 10  budget=0
   src= 11  budget=0
   src= 12  budget=0
   src= 14  budget=68
   src= 18  budget=12
   src= 19  budget=8
   src= 22  budget=0
[MISSIONS]  N=2  (sorted by score desc)
   #0  single         score=   +42.53  src=[14]→tgt=  0  turns= 20  need=  57  cap=  68
   #1  single         score=   +18.99  src=[14]→tgt= 15  turns= 11  need=  51  cap=  58
[MOVES]  N=1
   src= 14  angle= +62.63°  ships=  68   tgt=0 (own=p0, ships=5, eta=20)

===== TURN 200  player=1  ts=2026-05-01 11:10:32  planets=28  fleets=24  =====
[GLOBAL]
   my_total=909  enemy_total=2042  my_prod=24  enemy_prod=44
   my_planets=11  enemy_planets=17  neutral=0  4p=False
   step=200  remaining=300  is_early=False  is_opening=False  is_late=False  is_very_late=False  is_total_war=False
[MODES]
   domination=-0.384  is_behind=True  is_ahead=False  is_dominating=False  is_finishing=False  attack_margin_mult=0.95
[PLANETS]
   pid own ships prod    x      y    type fall_t keep_n first_en
     0  p0     8    3   93.1  81.8    S      -     0       -
     1  p0   123    3    6.9  81.8    S      -     0       -
     2  me    56    3   93.1  18.2    S      -     0       -
     3  me    50    3    6.9  18.2    S      -     0       -
     4  p0    94    2   91.4  96.5    S      -     0       -
     5  p0   264    2    8.6  96.5    S      -     0       -
     6  me    52    2   91.4   3.5    S      -     0       -
     7  me    54    2    8.6   3.5    S      -     0       -
     8  p0    73    2   58.0  98.0    S      -     0       -
     9  p0   210    2   42.0  98.0    S      -     0       -
    10  me    56    2   58.0   2.0    S      -     0       -
    11  me    66    2   42.0   2.0    S      -     0       -
    12  me    33    2   79.0  62.4    O      1    33       1
    13  p0   112    2   37.6  79.0    O      -     0       -
    14  me    47    2   62.4  21.0    O      -     0       -
    15  p0    30    2   21.0  37.6    O      -     0       -
    16  p0    69    2   82.9  87.2    S      -     0       -
    17  p0    80    2   17.1  87.2    S      -     0       -
    18  me    65    2   82.9  12.8    S      -     0       -
    19  me    57    2   17.1  12.8    S      -     0       4
    20  p0    64    2   77.6  75.3    O      -     0       -
    21  p0   175    2   47.6  87.3    O      -     0       -
    22  me    57    2   52.4  12.7    O      -     0       -
    23  p0   130    2   22.4  24.7    O      -     0       -
    24  p0   143    4   85.4  52.6    O      -     0       -
    25  p0    89    4   26.3  76.3    O      -     0       -
    26  p0   174    4   73.7  23.7    O      -     0       -
    27  p0   148    4   14.6  47.4    O      -     0       -
[POLICY]  attack_budget per source
   src=  2  budget=15
   src=  3  budget=0
   src=  6  budget=11
   src=  7  budget=12
   src= 10  budget=15
   src= 11  budget=0
   src= 12  budget=0
   src= 14  budget=1
   src= 18  budget=24
   src= 19  budget=15
   src= 22  budget=0
[MISSIONS]  N=0  (sorted by score desc)
   (none)
[MOVES]  N=1
   src= 12  angle= +53.87°  ships=  33   tgt=0 (own=p0, ships=8, eta=8)

===== TURN 201  player=1  ts=2026-05-01 11:10:33  planets=28  fleets=23  =====
[GLOBAL]
   my_total=917  enemy_total=2070  my_prod=22  enemy_prod=46
   my_planets=10  enemy_planets=18  neutral=0  4p=False
   step=201  remaining=299  is_early=False  is_opening=False  is_late=False  is_very_late=False  is_total_war=False
[MODES]
   domination=-0.386  is_behind=True  is_ahead=False  is_dominating=False  is_finishing=False  attack_margin_mult=0.95
[PLANETS]
   pid own ships prod    x      y    type fall_t keep_n first_en
     0  p0    21    3   93.1  81.8    S      -     0       -
     1  p0   126    3    6.9  81.8    S      -     0       -
     2  me    59    3   93.1  18.2    S      -     0       -
     3  me    53    3    6.9  18.2    S      -     0       -
     4  p0    96    2   91.4  96.5    S      -     0       -
     5  p0   266    2    8.6  96.5    S      -     0       -
     6  me    54    2   91.4   3.5    S      -     0       -
     7  me    56    2    8.6   3.5    S      -     0       -
     8  p0    75    2   58.0  98.0    S      -     0       -
     9  p0   212    2   42.0  98.0    S      -     0       -
    10  me    58    2   58.0   2.0    S      -     0       -
    11  me    68    2   42.0   2.0    S      -     0       -
    12  p0    35    2   78.6  63.2    O      -     0       -
    13  p0   114    2   36.8  78.6    O      -     0       -
    14  me    49    2   63.2  21.4    O      -     0       -
    15  p0    32    2   21.4  36.8    O      -     0       -
    16  p0    54    2   82.9  87.2    S      -     0       -
    17  p0    82    2   17.1  87.2    S      -     0       -
    18  me    67    2   82.9  12.8    S      -     0       -
    19  me    59    2   17.1  12.8    S      -     0       3
    20  p0    66    2   76.8  76.1    O      -     0       -
    21  p0   177    2   46.5  87.2    O      -     0       -
    22  me    59    2   53.5  12.8    O      -     0       -
    23  p0   118    2   23.2  23.9    O      -     0       -
    24  p0   147    4   85.3  53.6    O      -     0       -
    25  p0    93    4   25.5  75.6    O      -     0       -
    26  p0   178    4   74.5  24.4    O      -     0       -
    27  p0   152    4   14.7  46.4    O      -     0       -
[POLICY]  attack_budget per source
   src=  2  budget=17
   src=  3  budget=0
   src=  6  budget=12
   src=  7  budget=12
   src= 10  budget=16
   src= 11  budget=0
   src= 14  budget=0
   src= 18  budget=25
   src= 19  budget=15
   src= 22  budget=0
[MISSIONS]  N=0  (sorted by score desc)
   (none)
[MOVES]  N=1
   src=  2  angle=-152.12°  ships=  10   tgt=18 (own=me, ships=67, eta=4)

===== TURN 202  player=1  ts=2026-05-01 11:10:33  planets=28  fleets=21  =====
[GLOBAL]
   my_total=920  enemy_total=2097  my_prod=22  enemy_prod=46
   my_planets=10  enemy_planets=18  neutral=0  4p=False
   step=202  remaining=298  is_early=False  is_opening=False  is_late=False  is_very_late=False  is_total_war=False
[MODES]
   domination=-0.390  is_behind=True  is_ahead=False  is_dominating=False  is_finishing=False  attack_margin_mult=0.95
[PLANETS]
   pid own ships prod    x      y    type fall_t keep_n first_en
     0  p0     5    3   93.1  81.8    S      -     0       -
     1  p0   129    3    6.9  81.8    S      -     0       -
     2  me    52    3   93.1  18.2    S      -     0       -
     3  me    56    3    6.9  18.2    S      -     0       -
     4  p0    98    2   91.4  96.5    S      -     0       -
     5  p0   268    2    8.6  96.5    S      -     0       -
     6  me    56    2   91.4   3.5    S      -     0       -
     7  me    58    2    8.6   3.5    S      -     0       -
     8  p0    77    2   58.0  98.0    S      -     0       -
     9  p0   214    2   42.0  98.0    S      -     0       -
    10  me    60    2   58.0   2.0    S      -     0       -
    11  me    70    2   42.0   2.0    S      -     0       -
    12  p0    37    2   78.2  64.1    O      -     0       -
    13  p0   116    2   35.9  78.2    O      -     0       -
    14  me    87    2   64.1  21.8    O      -     0       -
    15  p0    34    2   21.8  35.9    O      -     0       -
    16  p0    23    2   82.9  87.2    S      -     0       -
    17  p0    84    2   17.1  87.2    S      -     0       -
    18  me    69    2   82.9  12.8    S      -     0       -
    19  me    61    2   17.1  12.8    S      -     0       2
    20  p0    68    2   76.0  76.9    O      -     0       -
    21  p0   179    2   45.4  87.1    O      -     0       -
    22  me    61    2   54.6  12.9    O      -     0       -
    23  p0   120    2   24.0  23.1    O      -     0       -
    24  p0   151    4   85.1  54.7    O      -     0       -
    25  p0    97    4   24.7  74.9    O      -     0       -
    26  p0   182    4   75.3  25.1    O      -     0       -
    27  p0   156    4   14.9  45.3    O      -     0       -
[POLICY]  attack_budget per source
   src=  2  budget=9
   src=  3  budget=0
   src=  6  budget=13
   src=  7  budget=13
   src= 10  budget=0
   src= 11  budget=0
   src= 14  budget=0
   src= 18  budget=26
   src= 19  budget=16
   src= 22  budget=0
[MISSIONS]  N=0  (sorted by score desc)
   (none)
[MOVES]  N=0

===== TURN 203  player=1  ts=2026-05-01 11:10:33  planets=28  fleets=20  =====
[GLOBAL]
   my_total=942  enemy_total=2143  my_prod=22  enemy_prod=46
   my_planets=10  enemy_planets=18  neutral=0  4p=False
   step=203  remaining=297  is_early=False  is_opening=False  is_late=False  is_very_late=False  is_total_war=False
[MODES]
   domination=-0.389  is_behind=True  is_ahead=False  is_dominating=False  is_finishing=False  attack_margin_mult=0.95
[PLANETS]
   pid own ships prod    x      y    type fall_t keep_n first_en
     0  p0     8    3   93.1  81.8    S      -     0       -
     1  p0   132    3    6.9  81.8    S      -     0       -
     2  me    55    3   93.1  18.2    S      -     0       -
     3  me    59    3    6.9  18.2    S      -     0       -
     4  p0   100    2   91.4  96.5    S      -     0       -
     5  p0   270    2    8.6  96.5    S      -     0       -
     6  me    58    2   91.4   3.5    S      -     0       -
     7  me    60    2    8.6   3.5    S      -     0       -
     8  p0    79    2   58.0  98.0    S      -     0       -
     9  p0   216    2   42.0  98.0    S      -     0       -
    10  me    62    2   58.0   2.0    S      -     0       -
    11  me    72    2   42.0   2.0    S      -     0       -
    12  p0    39    2   77.8  64.9    O      -     0       -
    13  p0   118    2   35.1  77.8    O      -     0       -
    14  me   101    2   64.9  22.2    O      -     0       -
    15  p0    36    2   22.2  35.1    O      -     0       -
    16  p0    25    2   82.9  87.2    S      -     0       -
    17  p0    86    2   17.1  87.2    S      -     0       -
    18  me    71    2   82.9  12.8    S      -     0       -
    19  me    63    2   17.1  12.8    S      -     1       1
    20  p0    70    2   75.2  77.6    O      -     0       -
    21  p0   181    2   44.3  87.0    O      -     0       -
    22  me    63    2   55.7  13.0    O      -     0       -
    23  p0   122    2   24.8  22.4    O      -     0       -
    24  p0   155    4   85.0  55.7    O      -     0       -
    25  p0   101    4   24.0  74.1    O      -     0       -
    26  p0   186    4   76.0  25.9    O      -     0       -
    27  p0   160    4   15.0  44.3    O      -     0       -
[POLICY]  attack_budget per source
   src=  2  budget=11
   src=  3  budget=0
   src=  6  budget=14
   src=  7  budget=0
   src= 10  budget=0
   src= 11  budget=0
   src= 14  budget=8
   src= 18  budget=27
   src= 19  budget=16
   src= 22  budget=0
[MISSIONS]  N=1  (sorted by score desc)
   #0  single         score=   +59.82  src=[19]→tgt= 15  turns=  7  need=  16  cap=  16
[MOVES]  N=2
   src= 19  angle= +62.38°  ships=  16   tgt=15 (own=p0, ships=36, eta=7)
   src= 18  angle=+134.03°  ships=  16   tgt=14 (own=me, ships=101, eta=7)

===== TURN 204  player=1  ts=2026-05-01 11:10:33  planets=28  fleets=17  =====
[GLOBAL]
   my_total=961  enemy_total=2186  my_prod=22  enemy_prod=46
   my_planets=10  enemy_planets=18  neutral=0  4p=False
   step=204  remaining=296  is_early=False  is_opening=False  is_late=False  is_very_late=False  is_total_war=False
[MODES]
   domination=-0.389  is_behind=True  is_ahead=False  is_dominating=False  is_finishing=False  attack_margin_mult=0.95
[PLANETS]
   pid own ships prod    x      y    type fall_t keep_n first_en
     0  p0    61    3   93.1  81.8    S      -     0       -
     1  p0   135    3    6.9  81.8    S      -     0       -
     2  me    58    3   93.1  18.2    S      -     0       -
     3  me    62    3    6.9  18.2    S      -     0       -
     4  p0   102    2   91.4  96.5    S      -     0       -
     5  p0   272    2    8.6  96.5    S      -     0       -
     6  me    60    2   91.4   3.5    S      -     0       -
     7  me    62    2    8.6   3.5    S      -     0       -
     8  p0    81    2   58.0  98.0    S      -     0       -
     9  p0   218    2   42.0  98.0    S      -     0       -
    10  me    64    2   58.0   2.0    S      -     0       -
    11  me    74    2   42.0   2.0    S      -     0       -
    12  p0    41    2   77.3  65.7    O      -     0       -
    13  p0   120    2   34.3  77.3    O      -     0       -
    14  me   128    2   65.7  22.7    O      -     0       -
    15  p0    38    2   22.7  34.3    O      -     0       -
    16  p0    27    2   82.9  87.2    S      -     0       -
    17  p0    88    2   17.1  87.2    S      -     0       -
    18  me    57    2   82.9  12.8    S      -     0       -
    19  me    46    2   17.1  12.8    S      -     0       -
    20  p0    72    2   74.4  78.4    O      -     0       -
    21  p0   183    2   43.2  86.8    O      -     0       -
    22  me    65    2   56.8  13.2    O      -     0       -
    23  p0   124    2   25.6  21.6    O      -     0       -
    24  p0   159    4   84.8  56.7    O      -     0       -
    25  p0   105    4   23.3  73.3    O      -     0       -
    26  p0   190    4   76.7  26.7    O      -     0       -
    27  p0   164    4   15.2  43.3    O      -     0       -
[POLICY]  attack_budget per source
   src=  2  budget=13
   src=  3  budget=0
   src=  6  budget=15
   src=  7  budget=0
   src= 10  budget=0
   src= 11  budget=0
   src= 14  budget=32
   src= 18  budget=12
   src= 19  budget=0
   src= 22  budget=0
[MISSIONS]  N=2  (sorted by score desc)
   #0  single         score=   +73.55  src=[14]→tgt=  0  turns= 23  need=  30  cap=  32
   #1  single         score=   +30.79  src=[14]→tgt= 15  turns= 12  need=  28  cap=  32
[MOVES]  N=1
   src= 14  angle= +65.10°  ships=  32   tgt=0 (own=p0, ships=61, eta=23)

===== TURN 205  player=1  ts=2026-05-01 11:10:33  planets=28  fleets=17  =====
[GLOBAL]
   my_total=948  enemy_total=2197  my_prod=22  enemy_prod=46
   my_planets=10  enemy_planets=18  neutral=0  4p=False
   step=205  remaining=295  is_early=False  is_opening=False  is_late=False  is_very_late=False  is_total_war=False
[MODES]
   domination=-0.397  is_behind=True  is_ahead=False  is_dominating=False  is_finishing=False  attack_margin_mult=0.95
[PLANETS]
   pid own ships prod    x      y    type fall_t keep_n first_en
     0  p0    64    3   93.1  81.8    S      -     0       -
     1  p0   138    3    6.9  81.8    S      -     0       -
     2  me    61    3   93.1  18.2    S      -     0       -
     3  me    65    3    6.9  18.2    S      -     0       -
     4  p0   104    2   91.4  96.5    S      -     0       -
     5  p0   274    2    8.6  96.5    S      -     0       -
     6  me    62    2   91.4   3.5    S      -     0       -
     7  me    64    2    8.6   3.5    S      -     0       -
     8  p0    83    2   58.0  98.0    S      -     0       -
     9  p0   220    2   42.0  98.0    S      -     0       -
    10  me    66    2   58.0   2.0    S      -     0       -
    11  me    76    2   42.0   2.0    S      -     0       -
    12  p0    43    2   76.8  66.5    O      -     0       -
    13  p0   122    2   33.5  76.8    O      -     0       -
    14  me    98    2   66.5  23.2    O      -     0       -
    15  p0     5    2   23.2  33.5    O      -     0       -
    16  p0    29    2   82.9  87.2    S      -     0       -
    17  p0    90    2   17.1  87.2    S      -     0       -
    18  me    69    2   82.9  12.8    S      -     0       -
    19  me    48    2   17.1  12.8    S      -     0       -
    20  p0    74    2   73.5  79.1    O      -     0       -
    21  p0   185    2   42.1  86.6    O      -     0       -
    22  me    67    2   57.9  13.4    O      -     0       -
    23  p0   120    2   26.5  20.9    O      -     0       -
    24  p0   163    4   84.6  57.8    O      -     0       -
    25  p0   109    4   22.6  72.5    O      -     0       -
    26  p0   194    4   77.4  27.5    O      -     0       -
    27  p0   168    4   15.4  42.2    O      -     0       -
[POLICY]  attack_budget per source
   src=  2  budget=15
   src=  3  budget=0
   src=  6  budget=16
   src=  7  budget=0
   src= 10  budget=0
   src= 11  budget=0
   src= 14  budget=1
   src= 18  budget=23
   src= 19  budget=1
   src= 22  budget=0
[MISSIONS]  N=0  (sorted by score desc)
   (none)
[MOVES]  N=1
   src= 18  angle=+128.14°  ships=  14   tgt=14 (own=me, ships=98, eta=7)

===== TURN 206  player=1  ts=2026-05-01 11:10:33  planets=28  fleets=18  =====
[GLOBAL]
   my_total=970  enemy_total=2243  my_prod=22  enemy_prod=46
   my_planets=10  enemy_planets=18  neutral=0  4p=False
   step=206  remaining=294  is_early=False  is_opening=False  is_late=False  is_very_late=False  is_total_war=False
[MODES]
   domination=-0.396  is_behind=True  is_ahead=False  is_dominating=False  is_finishing=False  attack_margin_mult=0.95
[PLANETS]
   pid own ships prod    x      y    type fall_t keep_n first_en
     0  p0    67    3   93.1  81.8    S      -     0       -
     1  p0   141    3    6.9  81.8    S      -     0       -
     2  me    64    3   93.1  18.2    S      -     0       -
     3  me    68    3    6.9  18.2    S      -     0       -
     4  p0   106    2   91.4  96.5    S      -     0       -
     5  p0   276    2    8.6  96.5    S      -     0       -
     6  me    64    2   91.4   3.5    S      -     0       -
     7  me    66    2    8.6   3.5    S      -     0       -
     8  p0    85    2   58.0  98.0    S      -     0       -
     9  p0   222    2   42.0  98.0    S      -     0       -
    10  me    68    2   58.0   2.0    S      -     0       -
    11  me    78    2   42.0   2.0    S      -     0       -
    12  p0    45    2   76.3  67.3    O      -     0       -
    13  p0   124    2   32.7  76.3    O      -     0       -
    14  me   108    2   67.3  23.7    O      -     0       -
    15  p0     7    2   23.7  32.7    O      -     0       -
    16  p0    23    2   82.9  87.2    S      -     0       -
    17  p0    92    2   17.1  87.2    S      -     0       -
    18  me    57    2   82.9  12.8    S      -     0       -
    19  me    50    2   17.1  12.8    S      -     0       -
    20  p0    76    2   72.7  79.8    O      -     0       -
    21  p0   187    2   41.0  86.3    O      -     0       -
    22  me    69    2   59.0  13.7    O      -     0       -
    23  p0   122    2   27.3  20.2    O      -     0       -
    24  p0   167    4   84.3  58.8    O      -     0       -
    25  p0   113    4   22.0  71.7    O      -     0       -
    26  p0   198    4   78.0  28.3    O      -     0       -
    27  p0   172    4   15.7  41.2    O      -     0       -
[POLICY]  attack_budget per source
   src=  2  budget=17
   src=  3  budget=0
   src=  6  budget=17
   src=  7  budget=0
   src= 10  budget=0
   src= 11  budget=0
   src= 14  budget=0
   src= 18  budget=10
   src= 19  budget=0
   src= 22  budget=0
[MISSIONS]  N=0  (sorted by score desc)
   (none)
[MOVES]  N=2
   src=  6  angle=+132.24°  ships=  10   tgt=18 (own=me, ships=57, eta=5)
   src=  2  angle=+148.37°  ships=  10   tgt=14 (own=me, ships=108, eta=10)

===== TURN 207  player=1  ts=2026-05-01 11:10:33  planets=28  fleets=20  =====
[GLOBAL]
   my_total=992  enemy_total=2289  my_prod=22  enemy_prod=46
   my_planets=10  enemy_planets=18  neutral=0  4p=False
   step=207  remaining=293  is_early=False  is_opening=False  is_late=False  is_very_late=False  is_total_war=False
[MODES]
   domination=-0.395  is_behind=True  is_ahead=False  is_dominating=False  is_finishing=False  attack_margin_mult=0.95
[PLANETS]
   pid own ships prod    x      y    type fall_t keep_n first_en
     0  p0    70    3   93.1  81.8    S      -     0       -
     1  p0   144    3    6.9  81.8    S      -     0       -
     2  me    57    3   93.1  18.2    S      -     0       -
     3  me    71    3    6.9  18.2    S      -     0       -
     4  p0   108    2   91.4  96.5    S      -     0       -
     5  p0   278    2    8.6  96.5    S      -     0       -
     6  me    56    2   91.4   3.5    S      -     0       -
     7  me    68    2    8.6   3.5    S      -     0       -
     8  p0    87    2   58.0  98.0    S      -     0       -
     9  p0   224    2   42.0  98.0    S      -     0       -
    10  me    70    2   58.0   2.0    S      -     0       -
    11  me    80    2   42.0   2.0    S      -     0       -
    12  p0    47    2   75.8  68.1    O      -     0       -
    13  p0   126    2   31.9  75.8    O      -     0       -
    14  me   110    2   68.1  24.2    O      -     0       -
    15  p0     9    2   24.2  31.9    O      -     0       -
    16  p0    25    2   82.9  87.2    S      -     0       -
    17  p0    94    2   17.1  87.2    S      -     0       -
    18  me    59    2   82.9  12.8    S      -     0       -
    19  me    52    2   17.1  12.8    S      -     0       -
    20  p0    78    2   71.8  80.4    O      -     0       -
    21  p0   189    2   39.9  86.0    O      -     0       -
    22  me    71    2   60.1  14.0    O      -     0       -
    23  p0   124    2   28.2  19.6    O      -     0       -
    24  p0   171    4   84.1  59.8    O      -     0       -
    25  p0   117    4   21.3  70.9    O      -     0       -
    26  p0   202    4   78.7  29.1    O      -     0       -
    27  p0   176    4   15.9  40.2    O      -     0       -
[POLICY]  attack_budget per source
   src=  2  budget=9
   src=  3  budget=0
   src=  6  budget=8
   src=  7  budget=0
   src= 10  budget=0
   src= 11  budget=0
   src= 14  budget=0
   src= 18  budget=0
   src= 19  budget=0
   src= 22  budget=0
[MISSIONS]  N=0  (sorted by score desc)
   (none)
[MOVES]  N=0

===== TURN 208  player=1  ts=2026-05-01 11:10:33  planets=28  fleets=17  =====
[GLOBAL]
   my_total=981  enemy_total=2302  my_prod=22  enemy_prod=46
   my_planets=10  enemy_planets=18  neutral=0  4p=False
   step=208  remaining=292  is_early=False  is_opening=False  is_late=False  is_very_late=False  is_total_war=False
[MODES]
   domination=-0.402  is_behind=True  is_ahead=False  is_dominating=False  is_finishing=False  attack_margin_mult=0.95
[PLANETS]
   pid own ships prod    x      y    type fall_t keep_n first_en
     0  p0    40    3   93.1  81.8    S      -     0       -
     1  p0   147    3    6.9  81.8    S      -     0       -
     2  me    60    3   93.1  18.2    S      -     0       -
     3  me    74    3    6.9  18.2    S      -     0       -
     4  p0   110    2   91.4  96.5    S      -     0       -
     5  p0   280    2    8.6  96.5    S      -     0       -
     6  me    58    2   91.4   3.5    S      -     0       -
     7  me    70    2    8.6   3.5    S      -     0       -
     8  p0    89    2   58.0  98.0    S      -     0       -
     9  p0   226    2   42.0  98.0    S      -     0       -
    10  me    72    2   58.0   2.0    S      -     0       -
    11  me    82    2   42.0   2.0    S      -     0       -
    12  p0    49    2   75.3  68.8    O      -     0       -
    13  p0   128    2   31.2  75.3    O      -     0       -
    14  me   120    2   68.8  24.7    O      -     0       -
    15  p0    17    2   24.7  31.2    O      -     0       -
    16  p0    27    2   82.9  87.2    S      -     0       -
    17  p0    96    2   17.1  87.2    S      -     0       -
    18  me    61    2   82.9  12.8    S      -     0       -
    19  me    54    2   17.1  12.8    S      -     0       -
    20  p0    80    2   70.9  81.1    O      -     0       -
    21  p0   191    2   38.9  85.7    O      -     0       -
    22  me    73    2   61.1  14.3    O      -     0       -
    23  p0   126    2   29.1  18.9    O      -     0       -
    24  p0   175    4   83.8  60.8    O      -     0       -
    25  p0   121    4   20.7  70.0    O      -     0       -
    26  p0   206    4   79.3  30.0    O      -     0       -
    27  p0   180    4   16.2  39.2    O      -     0       -
[POLICY]  attack_budget per source
   src=  2  budget=11
   src=  3  budget=0
   src=  6  budget=9
   src=  7  budget=0
   src= 10  budget=0
   src= 11  budget=0
   src= 14  budget=0
   src= 18  budget=0
   src= 19  budget=0
   src= 22  budget=0
[MISSIONS]  N=0  (sorted by score desc)
   (none)
[MOVES]  N=0

===== TURN 209  player=1  ts=2026-05-01 11:10:33  planets=28  fleets=17  =====
[GLOBAL]
   my_total=1003  enemy_total=2348  my_prod=22  enemy_prod=46
   my_planets=10  enemy_planets=18  neutral=0  4p=False
   step=209  remaining=291  is_early=False  is_opening=False  is_late=False  is_very_late=False  is_total_war=False
[MODES]
   domination=-0.401  is_behind=True  is_ahead=False  is_dominating=False  is_finishing=False  attack_margin_mult=0.95
[PLANETS]
   pid own ships prod    x      y    type fall_t keep_n first_en
     0  p0    43    3   93.1  81.8    S      -     0       -
     1  p0   150    3    6.9  81.8    S      -     0       -
     2  me    63    3   93.1  18.2    S      -     0       -
     3  me    77    3    6.9  18.2    S      -     0       -
     4  p0   112    2   91.4  96.5    S      -     0       -
     5  p0   282    2    8.6  96.5    S      -     0       -
     6  me    60    2   91.4   3.5    S      -     0       -
     7  me    72    2    8.6   3.5    S      -     0       -
     8  p0    91    2   58.0  98.0    S      -     0       -
     9  p0   228    2   42.0  98.0    S      -     0       -
    10  me    74    2   58.0   2.0    S      -     0       -
    11  me    84    2   42.0   2.0    S      -     0       -
    12  p0    51    2   74.7  69.6    O      -     0       -
    13  p0   130    2   30.4  74.7    O      -     0       -
    14  me   122    2   69.6  25.3    O      -     0       -
    15  p0    19    2   25.3  30.4    O      -     0       -
    16  p0    29    2   82.9  87.2    S      -     0       -
    17  p0    98    2   17.1  87.2    S      -     0       -
    18  me    63    2   82.9  12.8    S      -     0       -
    19  me    56    2   17.1  12.8    S      -     0       -
    20  p0    82    2   69.9  81.7    O      -     0       -
    21  p0   193    2   37.8  85.4    O      -     0       -
    22  me    75    2   62.2  14.6    O      -     0       -
    23  p0   128    2   30.1  18.3    O      -     0       -
    24  p0   179    4   83.4  61.8    O      -     0       -
    25  p0   125    4   20.1  69.1    O      -     0       -
    26  p0   210    4   79.9  30.9    O      -     0       -
    27  p0   184    4   16.6  38.2    O      -     0       -
[POLICY]  attack_budget per source
   src=  2  budget=13
   src=  3  budget=0
   src=  6  budget=10
   src=  7  budget=0
   src= 10  budget=0
   src= 11  budget=0
   src= 14  budget=0
   src= 18  budget=0
   src= 19  budget=0
   src= 22  budget=0
[MISSIONS]  N=0  (sorted by score desc)
   (none)
[MOVES]  N=0

===== TURN 210  player=1  ts=2026-05-01 11:10:34  planets=28  fleets=13  =====
[GLOBAL]
   my_total=999  enemy_total=2368  my_prod=22  enemy_prod=46
   my_planets=10  enemy_planets=18  neutral=0  4p=False
   step=210  remaining=290  is_early=False  is_opening=False  is_late=False  is_very_late=False  is_total_war=False
[MODES]
   domination=-0.407  is_behind=True  is_ahead=False  is_dominating=False  is_finishing=False  attack_margin_mult=0.95
[PLANETS]
   pid own ships prod    x      y    type fall_t keep_n first_en
     0  p0    54    3   93.1  81.8    S      -     0       -
     1  p0   153    3    6.9  81.8    S      -     0       -
     2  me    66    3   93.1  18.2    S      -     0       -
     3  me    80    3    6.9  18.2    S      -     0       -
     4  p0   114    2   91.4  96.5    S      -     0       -
     5  p0   284    2    8.6  96.5    S      -     0       -
     6  me    62    2   91.4   3.5    S      -     0       -
     7  me    74    2    8.6   3.5    S      -     0       -
     8  p0    93    2   58.0  98.0    S      -     0       -
     9  p0   230    2   42.0  98.0    S      -     0       -
    10  me    76    2   58.0   2.0    S      -     0       -
    11  me    86    2   42.0   2.0    S      -     0       -
    12  p0    53    2   74.1  70.3    O      -     0       -
    13  p0   132    2   29.7  74.1    O      -     0       -
    14  me   140    2   70.3  25.9    O      -     0       -
    15  p0     5    2   25.9  29.7    O      -     0       -
    16  p0    31    2   82.9  87.2    S      -     0       -
    17  p0   100    2   17.1  87.2    S      -     0       -
    18  me    65    2   82.9  12.8    S      -     0       -
    19  me    58    2   17.1  12.8    S      -     0       -
    20  p0    84    2   69.0  82.2    O      -     0       -
    21  p0   195    2   36.8  85.0    O      -     0       -
    22  me    77    2   63.2  15.0    O      -     0       -
    23  p0   130    2   31.0  17.8    O      -     0       -
    24  p0   173    4   83.1  62.8    O      -     0       -
    25  p0   129    4   19.6  68.2    O      -     0       -
    26  p0   214    4   80.4  31.8    O      -     0       -
    27  p0   188    4   16.9  37.2    O      -     0       -
[POLICY]  attack_budget per source
   src=  2  budget=15
   src=  3  budget=4
   src=  6  budget=11
   src=  7  budget=0
   src= 10  budget=0
   src= 11  budget=0
   src= 14  budget=0
   src= 18  budget=0
   src= 19  budget=0
   src= 22  budget=0
[MISSIONS]  N=0  (sorted by score desc)
   (none)
[MOVES]  N=0

===== TURN 211  player=1  ts=2026-05-01 11:10:34  planets=28  fleets=12  =====
[GLOBAL]
   my_total=1021  enemy_total=2414  my_prod=22  enemy_prod=46
   my_planets=10  enemy_planets=18  neutral=0  4p=False
   step=211  remaining=289  is_early=False  is_opening=False  is_late=False  is_very_late=False  is_total_war=False
[MODES]
   domination=-0.406  is_behind=True  is_ahead=False  is_dominating=False  is_finishing=False  attack_margin_mult=0.95
[PLANETS]
   pid own ships prod    x      y    type fall_t keep_n first_en
     0  p0    57    3   93.1  81.8    S      -     0       -
     1  p0   156    3    6.9  81.8    S      -     0       -
     2  me    69    3   93.1  18.2    S      -     0       -
     3  me    83    3    6.9  18.2    S      -     0       -
     4  p0   116    2   91.4  96.5    S      -     0       -
     5  p0   286    2    8.6  96.5    S      -     0       -
     6  me    64    2   91.4   3.5    S      -     0       -
     7  me    76    2    8.6   3.5    S      -     0       -
     8  p0    95    2   58.0  98.0    S      -     0       -
     9  p0   232    2   42.0  98.0    S      -     0       -
    10  me    78    2   58.0   2.0    S      -     0       -
    11  me    88    2   42.0   2.0    S      -     0       -
    12  p0    55    2   73.5  71.0    O      -     0       -
    13  p0   134    2   29.0  73.5    O      -     0       -
    14  me   142    2   71.0  26.5    O      -     0       -
    15  p0     7    2   26.5  29.0    O      -     0       -
    16  p0    33    2   82.9  87.2    S      -     0       -
    17  p0   102    2   17.1  87.2    S      -     0       -
    18  me    77    2   82.9  12.8    S      -     0       -
    19  me    60    2   17.1  12.8    S      -     0       -
    20  p0    86    2   68.0  82.8    O      -     0       -
    21  p0   197    2   35.7  84.6    O      -     0       -
    22  me    79    2   64.3  15.4    O      -     0       -
    23  p0   132    2   32.0  17.2    O      -     0       -
    24  p0   177    4   82.7  63.8    O      -     0       -
    25  p0   133    4   19.1  67.3    O      -     0       -
    26  p0   218    4   80.9  32.7    O      -     0       -
    27  p0   192    4   17.3  36.2    O      -     0       -
[POLICY]  attack_budget per source
   src=  2  budget=17
   src=  3  budget=6
   src=  6  budget=12
   src=  7  budget=0
   src= 10  budget=0
   src= 11  budget=0
   src= 14  budget=0
   src= 18  budget=3
   src= 19  budget=0
   src= 22  budget=0
[MISSIONS]  N=0  (sorted by score desc)
   (none)
[MOVES]  N=1
   src=  2  angle=+136.35°  ships=  10   tgt=14 (own=me, ships=142, eta=10)

===== TURN 212  player=1  ts=2026-05-01 11:10:34  planets=28  fleets=11  =====
[GLOBAL]
   my_total=1031  enemy_total=2448  my_prod=22  enemy_prod=46
   my_planets=10  enemy_planets=18  neutral=0  4p=False
   step=212  remaining=288  is_early=False  is_opening=False  is_late=False  is_very_late=False  is_total_war=False
[MODES]
   domination=-0.407  is_behind=True  is_ahead=False  is_dominating=False  is_finishing=False  attack_margin_mult=0.95
[PLANETS]
   pid own ships prod    x      y    type fall_t keep_n first_en
     0  p0    60    3   93.1  81.8    S      -     0       -
     1  p0   159    3    6.9  81.8    S      -     0       -
     2  me    62    3   93.1  18.2    S      -     0       -
     3  me    86    3    6.9  18.2    S      -     0       -
     4  p0   118    2   91.4  96.5    S      -     0       -
     5  p0   288    2    8.6  96.5    S      -     0       -
     6  me    66    2   91.4   3.5    S      -     0       -
     7  me    78    2    8.6   3.5    S      -     0       -
     8  p0    97    2   58.0  98.0    S      -     0       -
     9  p0   234    2   42.0  98.0    S      -     0       -
    10  me    80    2   58.0   2.0    S      -     0       -
    11  me    90    2   42.0   2.0    S      -     0       -
    12  p0    57    2   72.9  71.7    O      -     0       -
    13  p0   136    2   28.3  72.9    O      -     0       -
    14  me   158    2   71.7  27.1    O      -     0       -
    15  p0     9    2   27.1  28.3    O      -     0       -
    16  p0    35    2   82.9  87.2    S      -     0       -
    17  p0   104    2   17.1  87.2    S      -     0       -
    18  me    79    2   82.9  12.8    S      -     0       -
    19  me    62    2   17.1  12.8    S      -     0       -
    20  p0    88    2   67.0  83.3    O      -     0       -
    21  p0   199    2   34.7  84.1    O      -     0       -
    22  me    81    2   65.3  15.9    O      -     0       -
    23  p0   134    2   33.0  16.7    O      -     0       -
    24  p0   169    4   82.2  64.7    O      -     0       -
    25  p0   137    4   18.6  66.4    O      -     0       -
    26  p0   222    4   81.4  33.6    O      -     0       -
    27  p0   196    4   17.8  35.3    O      -     0       -
[POLICY]  attack_budget per source
   src=  2  budget=9
   src=  3  budget=7
   src=  6  budget=13
   src=  7  budget=0
   src= 10  budget=0
   src= 11  budget=0
   src= 14  budget=0
   src= 18  budget=7
   src= 19  budget=0
   src= 22  budget=0
[MISSIONS]  N=0  (sorted by score desc)
   (none)
[MOVES]  N=0

===== TURN 213  player=1  ts=2026-05-01 11:10:34  planets=28  fleets=9  =====
[GLOBAL]
   my_total=985  enemy_total=2426  my_prod=22  enemy_prod=46
   my_planets=10  enemy_planets=18  neutral=0  4p=False
   step=213  remaining=287  is_early=False  is_opening=False  is_late=False  is_very_late=False  is_total_war=False
[MODES]
   domination=-0.422  is_behind=True  is_ahead=False  is_dominating=False  is_finishing=False  attack_margin_mult=0.95
[PLANETS]
   pid own ships prod    x      y    type fall_t keep_n first_en
     0  p0    63    3   93.1  81.8    S      -     0       -
     1  p0   162    3    6.9  81.8    S      -     0       -
     2  me    65    3   93.1  18.2    S      -     0       -
     3  me    89    3    6.9  18.2    S      -     0       -
     4  p0   120    2   91.4  96.5    S      -     0       -
     5  p0   290    2    8.6  96.5    S      -     0       -
     6  me    68    2   91.4   3.5    S      -     0       -
     7  me    80    2    8.6   3.5    S      -     0       -
     8  p0    99    2   58.0  98.0    S      -     0       -
     9  p0   236    2   42.0  98.0    S      -     0       -
    10  me    82    2   58.0   2.0    S      -     0       -
    11  me    92    2   42.0   2.0    S      -     0       -
    12  p0    59    2   72.2  72.4    O      -     0       -
    13  p0   138    2   27.6  72.2    O      -     0       -
    14  me   177    2   72.4  27.8    O      -     0       -
    15  p0    11    2   27.8  27.6    O      -     0       -
    16  p0    37    2   82.9  87.2    S      -     0       -
    17  p0   106    2   17.1  87.2    S      -     0       -
    18  me    81    2   82.9  12.8    S      -     0       -
    19  me    64    2   17.1  12.8    S      -     0       -
    20  p0    90    2   66.0  83.8    O      -     0       -
    21  p0   201    2   33.7  83.7    O      -     0       -
    22  me    83    2   66.3  16.3    O      -     0       -
    23  p0   136    2   34.0  16.2    O      -     0       -
    24  p0   105    4   81.8  65.7    O      -     0       -
    25  p0   141    4   18.1  65.5    O      -     0       -
    26  p0   226    4   81.9  34.5    O      -     0       -
    27  p0   200    4   18.2  34.3    O      -     0       -
[POLICY]  attack_budget per source
   src=  2  budget=8
   src=  3  budget=9
   src=  6  budget=14
   src=  7  budget=0
   src= 10  budget=0
   src= 11  budget=0
   src= 14  budget=0
   src= 18  budget=24
   src= 19  budget=0
   src= 22  budget=0
[MISSIONS]  N=0  (sorted by score desc)
   (none)
[MOVES]  N=1
   src= 18  angle=+104.26°  ships=  14   tgt=14 (own=me, ships=177, eta=9)

===== TURN 214  player=1  ts=2026-05-01 11:10:34  planets=28  fleets=10  =====
[GLOBAL]
   my_total=1007  enemy_total=2472  my_prod=22  enemy_prod=46
   my_planets=10  enemy_planets=18  neutral=0  4p=False
   step=214  remaining=286  is_early=False  is_opening=False  is_late=False  is_very_late=False  is_total_war=False
[MODES]
   domination=-0.421  is_behind=True  is_ahead=False  is_dominating=False  is_finishing=False  attack_margin_mult=0.95
[PLANETS]
   pid own ships prod    x      y    type fall_t keep_n first_en
     0  p0    66    3   93.1  81.8    S      -     0       -
     1  p0   165    3    6.9  81.8    S      -     0       -
     2  me    68    3   93.1  18.2    S      -     0       -
     3  me    92    3    6.9  18.2    S      -     0       -
     4  p0   122    2   91.4  96.5    S      -     0       -
     5  p0   292    2    8.6  96.5    S      -     0       -
     6  me    70    2   91.4   3.5    S      -     0       -
     7  me    82    2    8.6   3.5    S      -     0       -
     8  p0   101    2   58.0  98.0    S      -     0       -
     9  p0   238    2   42.0  98.0    S      -     0       -
    10  me    84    2   58.0   2.0    S      -     0       -
    11  me    94    2   42.0   2.0    S      -     0       -
    12  p0    61    2   71.5  73.0    O      -     0       -
    13  p0   140    2   27.0  71.5    O      -     0       -
    14  me   179    2   73.0  28.5    O      -     0       -
    15  p0    13    2   28.5  27.0    O      -     0       -
    16  p0    39    2   82.9  87.2    S      -     0       -
    17  p0   108    2   17.1  87.2    S      -     0       -
    18  me    69    2   82.9  12.8    S      -     0       -
    19  me    66    2   17.1  12.8    S      -     0       -
    20  p0    92    2   65.0  84.3    O      -     0       -
    21  p0   203    2   32.7  83.2    O      -     0       -
    22  me    85    2   67.3  16.8    O      -     0       -
    23  p0   138    2   35.0  15.7    O      -     0       -
    24  p0   109    4   81.3  66.6    O      -     0       -
    25  p0   145    4   17.6  64.5    O      -     0       -
    26  p0   230    4   82.4  35.5    O      -     0       -
    27  p0   204    4   18.7  33.4    O      -     0       -
[POLICY]  attack_budget per source
   src=  2  budget=9
   src=  3  budget=10
   src=  6  budget=15
   src=  7  budget=0
   src= 10  budget=0
   src= 11  budget=0
   src= 14  budget=0
   src= 18  budget=10
   src= 19  budget=0
   src= 22  budget=0
[MISSIONS]  N=0  (sorted by score desc)
   (none)
[MOVES]  N=0

===== TURN 215  player=1  ts=2026-05-01 11:10:34  planets=28  fleets=9  =====
[GLOBAL]
   my_total=1029  enemy_total=2515  my_prod=22  enemy_prod=46
   my_planets=10  enemy_planets=18  neutral=0  4p=False
   step=215  remaining=285  is_early=False  is_opening=False  is_late=False  is_very_late=False  is_total_war=False
[MODES]
   domination=-0.419  is_behind=True  is_ahead=False  is_dominating=False  is_finishing=False  attack_margin_mult=0.95
[PLANETS]
   pid own ships prod    x      y    type fall_t keep_n first_en
     0  p0    69    3   93.1  81.8    S      -     0       -
     1  p0   168    3    6.9  81.8    S      -     0       -
     2  me    71    3   93.1  18.2    S      -     0       -
     3  me    95    3    6.9  18.2    S      -     0       -
     4  p0   124    2   91.4  96.5    S      -     0       -
     5  p0   294    2    8.6  96.5    S      -     0       -
     6  me    72    2   91.4   3.5    S      -     0       -
     7  me    84    2    8.6   3.5    S      -     0       -
     8  p0   103    2   58.0  98.0    S      -     0       -
     9  p0   240    2   42.0  98.0    S      -     0       -
    10  me    86    2   58.0   2.0    S      -     0       -
    11  me    96    2   42.0   2.0    S      -     0       -
    12  p0    63    2   70.8  73.6    O      -     0       -
    13  p0   142    2   26.4  70.8    O      -     0       -
    14  me   181    2   73.6  29.2    O      -     0       -
    15  p0    15    2   29.2  26.4    O      -     0       -
    16  p0    41    2   82.9  87.2    S      -     0       -
    17  p0   110    2   17.1  87.2    S      -     0       -
    18  me    71    2   82.9  12.8    S      -     0       -
    19  me    68    2   17.1  12.8    S      -     0       -
    20  p0    94    2   64.0  84.7    O      -     0       -
    21  p0   205    2   31.8  82.7    O      -     0       -
    22  me    87    2   68.2  17.3    O      -     0       -
    23  p0   140    2   36.0  15.3    O      -     0       -
    24  p0   113    4   80.8  67.5    O      -     0       -
    25  p0   149    4   17.2  63.5    O      -     0       -
    26  p0   234    4   82.8  36.5    O      -     0       -
    27  p0   208    4   19.2  32.5    O      -     0       -
[POLICY]  attack_budget per source
   src=  2  budget=11
   src=  3  budget=12
   src=  6  budget=16
   src=  7  budget=1
   src= 10  budget=0
   src= 11  budget=0
   src= 14  budget=0
   src= 18  budget=11
   src= 19  budget=0
   src= 22  budget=0
[MISSIONS]  N=0  (sorted by score desc)
   (none)
[MOVES]  N=0

===== TURN 216  player=1  ts=2026-05-01 11:10:34  planets=28  fleets=8  =====
[GLOBAL]
   my_total=1051  enemy_total=2561  my_prod=22  enemy_prod=46
   my_planets=10  enemy_planets=18  neutral=0  4p=False
   step=216  remaining=284  is_early=False  is_opening=False  is_late=False  is_very_late=False  is_total_war=False
[MODES]
   domination=-0.418  is_behind=True  is_ahead=False  is_dominating=False  is_finishing=False  attack_margin_mult=0.95
[PLANETS]
   pid own ships prod    x      y    type fall_t keep_n first_en
     0  p0    72    3   93.1  81.8    S      -     0       -
     1  p0   171    3    6.9  81.8    S      -     0       -
     2  me    74    3   93.1  18.2    S      -     0       -
     3  me    98    3    6.9  18.2    S      -     0       -
     4  p0   126    2   91.4  96.5    S      -     0       -
     5  p0   296    2    8.6  96.5    S      -     0       -
     6  me    74    2   91.4   3.5    S      -     0       -
     7  me    86    2    8.6   3.5    S      -     0       -
     8  p0   105    2   58.0  98.0    S      -     0       -
     9  p0   242    2   42.0  98.0    S      -     0       -
    10  me    88    2   58.0   2.0    S      -     0       -
    11  me    98    2   42.0   2.0    S      -     0       -
    12  p0    65    2   70.1  74.2    O      -     0       -
    13  p0   144    2   25.8  70.1    O      -     0       -
    14  me   193    2   74.2  29.9    O      -     0       -
    15  p0    17    2   29.9  25.8    O      -     0       -
    16  p0    43    2   82.9  87.2    S      -     0       -
    17  p0   112    2   17.1  87.2    S      -     0       -
    18  me    73    2   82.9  12.8    S      -     0       -
    19  me    70    2   17.1  12.8    S      -     0       -
    20  p0    96    2   63.0  85.1    O      -     0       -
    21  p0   207    2   30.8  82.1    O      -     0       -
    22  me    89    2   69.2  17.9    O      -     0       -
    23  p0   142    2   37.0  14.9    O      -     0       -
    24  p0   117    4   80.3  68.5    O      -     0       -
    25  p0   153    4   16.8  62.6    O      -     0       -
    26  p0   238    4   83.2  37.4    O      -     0       -
    27  p0   212    4   19.7  31.5    O      -     0       -
[POLICY]  attack_budget per source
   src=  2  budget=12
   src=  3  budget=14
   src=  6  budget=17
   src=  7  budget=2
   src= 10  budget=0
   src= 11  budget=37
   src= 14  budget=0
   src= 18  budget=0
   src= 19  budget=0
   src= 22  budget=0
[MISSIONS]  N=1  (sorted by score desc)
   #0  single         score=   +28.21  src=[11]→tgt= 15  turns=  7  need=  32  cap=  37
[MOVES]  N=2
   src= 11  angle=+108.28°  ships=  37   tgt=15 (own=p0, ships=17, eta=7)
   src=  6  angle=+132.24°  ships=  10   tgt=18 (own=me, ships=73, eta=5)

===== TURN 217  player=1  ts=2026-05-01 11:10:34  planets=28  fleets=9  =====
[GLOBAL]
   my_total=1073  enemy_total=2607  my_prod=22  enemy_prod=46
   my_planets=10  enemy_planets=18  neutral=0  4p=False
   step=217  remaining=283  is_early=False  is_opening=False  is_late=False  is_very_late=False  is_total_war=False
[MODES]
   domination=-0.417  is_behind=True  is_ahead=False  is_dominating=False  is_finishing=False  attack_margin_mult=0.95
[PLANETS]
   pid own ships prod    x      y    type fall_t keep_n first_en
     0  p0    75    3   93.1  81.8    S      -     0       -
     1  p0   177    3    6.9  81.8    S      -     0       -
     2  me    77    3   93.1  18.2    S      -     0       -
     3  me   101    3    6.9  18.2    S      -     0       -
     4  p0   128    2   91.4  96.5    S      -     0       -
     5  p0   298    2    8.6  96.5    S      -     0       -
     6  me    66    2   91.4   3.5    S      -     0       -
     7  me    88    2    8.6   3.5    S      -     0       -
     8  p0   107    2   58.0  98.0    S      -     0       -
     9  p0   244    2   42.0  98.0    S      -     0       -
    10  me    90    2   58.0   2.0    S      -     0       -
    11  me    63    2   42.0   2.0    S      -     0       -
    12  p0    67    2   69.4  74.8    O      -     0       -
    13  p0   146    2   25.2  69.4    O      -     0       -
    14  me   195    2   74.8  30.6    O      -     0       -
    15  p0    19    2   30.6  25.2    O      -     0       -
    16  p0    45    2   82.9  87.2    S      -     0       -
    17  p0   114    2   17.1  87.2    S      -     0       -
    18  me    75    2   82.9  12.8    S      -     0       -
    19  me    72    2   17.1  12.8    S      -     0       -
    20  p0    98    2   61.9  85.5    O      -     0       -
    21  p0   209    2   29.9  81.5    O      -     0       -
    22  me    91    2   70.1  18.5    O      -     0       -
    23  p0   144    2   38.1  14.5    O      -     0       -
    24  p0   121    4   79.7  69.3    O      -     0       -
    25  p0   157    4   16.5  61.6    O      -     0       -
    26  p0   242    4   83.5  38.4    O      -     0       -
    27  p0   216    4   20.3  30.7    O      -     0       -
[POLICY]  attack_budget per source
   src=  2  budget=14
   src=  3  budget=15
   src=  6  budget=8
   src=  7  budget=2
   src= 10  budget=0
   src= 11  budget=1
   src= 14  budget=0
   src= 18  budget=0
   src= 19  budget=0
   src= 22  budget=0
[MISSIONS]  N=0  (sorted by score desc)
   (none)
[MOVES]  N=0

===== TURN 218  player=1  ts=2026-05-01 11:10:34  planets=28  fleets=9  =====
[GLOBAL]
   my_total=1095  enemy_total=2653  my_prod=22  enemy_prod=46
   my_planets=10  enemy_planets=18  neutral=0  4p=False
   step=218  remaining=282  is_early=False  is_opening=False  is_late=False  is_very_late=False  is_total_war=False
[MODES]
   domination=-0.416  is_behind=True  is_ahead=False  is_dominating=False  is_finishing=False  attack_margin_mult=0.95
[PLANETS]
   pid own ships prod    x      y    type fall_t keep_n first_en
     0  p0    78    3   93.1  81.8    S      -     0       -
     1  p0   180    3    6.9  81.8    S      -     0       -
     2  me    80    3   93.1  18.2    S      -     0       -
     3  me   104    3    6.9  18.2    S      -     0       -
     4  p0   130    2   91.4  96.5    S      -     0       -
     5  p0   300    2    8.6  96.5    S      -     0       -
     6  me    68    2   91.4   3.5    S      -     0       -
     7  me    90    2    8.6   3.5    S      -     0       -
     8  p0   109    2   58.0  98.0    S      -     0       -
     9  p0   246    2   42.0  98.0    S      -     0       -
    10  me    92    2   58.0   2.0    S      -     0       -
    11  me    65    2   42.0   2.0    S      -     0       -
    12  p0    69    2   68.7  75.4    O      -     0       -
    13  p0   148    2   24.6  68.7    O      -     0       -
    14  me   213    2   75.4  31.3    O      -     0       -
    15  p0    21    2   31.3  24.6    O      -     0       -
    16  p0    47    2   82.9  87.2    S      -     0       -
    17  p0   116    2   17.1  87.2    S      -     0       -
    18  me    77    2   82.9  12.8    S      -     0       -
    19  me    74    2   17.1  12.8    S      -     0       -
    20  p0   100    2   60.9  85.8    O      -     0       -
    21  p0   211    2   28.9  80.9    O      -     0       -
    22  me    93    2   71.1  19.1    O      -     0       -
    23  p0   135    2   39.1  14.2    O      -     0       -
    24  p0   125    4   79.1  70.2    O      -     0       -
    25  p0   161    4   16.2  60.6    O      -     0       -
    26  p0   246    4   83.8  39.4    O      -     0       -
    27  p0   220    4   20.9  29.8    O      -     0       -
[POLICY]  attack_budget per source
   src=  2  budget=18
   src=  3  budget=26
   src=  6  budget=9
   src=  7  budget=5
   src= 10  budget=0
   src= 11  budget=1
   src= 14  budget=0
   src= 18  budget=0
   src= 19  budget=0
   src= 22  budget=0
[MISSIONS]  N=0  (sorted by score desc)
   (none)
[MOVES]  N=2
   src=  2  angle=+120.52°  ships=  11   tgt=14 (own=me, ships=213, eta=11)
   src=  3  angle= -24.85°  ships=  16   tgt=19 (own=me, ships=74, eta=4)

===== TURN 219  player=1  ts=2026-05-01 11:10:35  planets=28  fleets=11  =====
[GLOBAL]
   my_total=1117  enemy_total=2699  my_prod=22  enemy_prod=46
   my_planets=10  enemy_planets=18  neutral=0  4p=False
   step=219  remaining=281  is_early=False  is_opening=False  is_late=False  is_very_late=False  is_total_war=False
[MODES]
   domination=-0.415  is_behind=True  is_ahead=False  is_dominating=False  is_finishing=False  attack_margin_mult=0.95
[PLANETS]
   pid own ships prod    x      y    type fall_t keep_n first_en
     0  p0    81    3   93.1  81.8    S      -     0       -
     1  p0   183    3    6.9  81.8    S      -     0       -
     2  me    72    3   93.1  18.2    S      -     0       -
     3  me    91    3    6.9  18.2    S      -     0       -
     4  p0   132    2   91.4  96.5    S      -     0       -
     5  p0   302    2    8.6  96.5    S      -     0       -
     6  me    70    2   91.4   3.5    S      -     0       -
     7  me    92    2    8.6   3.5    S      -     0       -
     8  p0   111    2   58.0  98.0    S      -     0       -
     9  p0   248    2   42.0  98.0    S      -     0       -
    10  me    94    2   58.0   2.0    S      -     0       -
    11  me    67    2   42.0   2.0    S      -     0       -
    12  p0    71    2   67.9  75.9    O      -     0       -
    13  p0   150    2   24.1  67.9    O      -     0       -
    14  me   215    2   75.9  32.1    O      -     0       -
    15  p0    23    2   32.1  24.1    O      -     0       -
    16  p0    49    2   82.9  87.2    S      -     0       -
    17  p0   118    2   17.1  87.2    S      -     0       -
    18  me    79    2   82.9  12.8    S      -     0       -
    19  me    76    2   17.1  12.8    S      -     0       -
    20  p0   102    2   59.8  86.1    O      -     0       -
    21  p0   213    2   28.0  80.3    O      -     0       -
    22  me    95    2   72.0  19.7    O      -     0       -
    23  p0   137    2   40.2  13.9    O      -     0       -
    24  p0   129    4   78.5  71.1    O      -     0       -
    25  p0   165    4   15.9  59.6    O      -     0       -
    26  p0   250    4   84.1  40.4    O      -     0       -
    27  p0   224    4   21.5  28.9    O      -     0       -
[POLICY]  attack_budget per source
   src=  2  budget=9
   src=  3  budget=0
   src=  6  budget=10
   src=  7  budget=6
   src= 10  budget=0
   src= 11  budget=2
   src= 14  budget=0
   src= 18  budget=0
   src= 19  budget=0
   src= 22  budget=0
[MISSIONS]  N=0  (sorted by score desc)
   (none)
[MOVES]  N=0

===== TURN 220  player=1  ts=2026-05-01 11:10:35  planets=28  fleets=11  =====
[GLOBAL]
   my_total=1139  enemy_total=2745  my_prod=22  enemy_prod=46
   my_planets=10  enemy_planets=18  neutral=0  4p=False
   step=220  remaining=280  is_early=False  is_opening=False  is_late=False  is_very_late=False  is_total_war=False
[MODES]
   domination=-0.413  is_behind=True  is_ahead=False  is_dominating=False  is_finishing=False  attack_margin_mult=0.95
[PLANETS]
   pid own ships prod    x      y    type fall_t keep_n first_en
     0  p0    84    3   93.1  81.8    S      -     0       -
     1  p0   186    3    6.9  81.8    S      -     0       -
     2  me    75    3   93.1  18.2    S      -     0       -
     3  me    94    3    6.9  18.2    S      -     0       -
     4  p0   134    2   91.4  96.5    S      -     0       -
     5  p0   304    2    8.6  96.5    S      -     0       -
     6  me    72    2   91.4   3.5    S      -     0       -
     7  me    94    2    8.6   3.5    S      -     0       -
     8  p0   113    2   58.0  98.0    S      -     0       -
     9  p0   250    2   42.0  98.0    S      -     0       -
    10  me    96    2   58.0   2.0    S      -     0       -
    11  me    69    2   42.0   2.0    S      -     0       -
    12  p0    73    2   67.1  76.5    O      -     0       -
    13  p0   152    2   23.5  67.1    O      -     0       -
    14  me   217    2   76.5  32.9    O      -     0       -
    15  p0    25    2   32.9  23.5    O      -     0       -
    16  p0    51    2   82.9  87.2    S      -     0       -
    17  p0   120    2   17.1  87.2    S      -     0       -
    18  me    81    2   82.9  12.8    S      -     0       -
    19  me    78    2   17.1  12.8    S      -     0       -
    20  p0   104    2   58.7  86.4    O      -     0       -
    21  p0   215    2   27.1  79.6    O      -     0       -
    22  me    97    2   72.9  20.4    O      -     0       -
    23  p0   139    2   41.3  13.6    O      -     0       -
    24  p0   133    4   77.9  71.9    O      -     0       -
    25  p0   169    4   15.6  58.6    O      -     0       -
    26  p0   254    4   84.4  41.4    O      -     0       -
    27  p0   228    4   22.1  28.1    O      -     0       -
[POLICY]  attack_budget per source
   src=  2  budget=10
   src=  3  budget=0
   src=  6  budget=12
   src=  7  budget=6
   src= 10  budget=0
   src= 11  budget=0
   src= 14  budget=0
   src= 18  budget=0
   src= 19  budget=0
   src= 22  budget=0
[MISSIONS]  N=0  (sorted by score desc)
   (none)
[MOVES]  N=0

===== TURN 221  player=1  ts=2026-05-01 11:10:35  planets=28  fleets=7  =====
[GLOBAL]
   my_total=1161  enemy_total=2791  my_prod=22  enemy_prod=46
   my_planets=10  enemy_planets=18  neutral=0  4p=False
   step=221  remaining=279  is_early=False  is_opening=False  is_late=False  is_very_late=False  is_total_war=False
[MODES]
   domination=-0.412  is_behind=True  is_ahead=False  is_dominating=False  is_finishing=False  attack_margin_mult=0.95
[PLANETS]
   pid own ships prod    x      y    type fall_t keep_n first_en
     0  p0    87    3   93.1  81.8    S      -     0       -
     1  p0   189    3    6.9  81.8    S      -     0       -
     2  me    78    3   93.1  18.2    S      -     0       -
     3  me    97    3    6.9  18.2    S      -     0       -
     4  p0   136    2   91.4  96.5    S      -     0       -
     5  p0   306    2    8.6  96.5    S      -     0       -
     6  me    74    2   91.4   3.5    S      -     0       -
     7  me    96    2    8.6   3.5    S      -     0       -
     8  p0   115    2   58.0  98.0    S      -     0       -
     9  p0   252    2   42.0  98.0    S      -     0       -
    10  me    98    2   58.0   2.0    S      -     0       -
    11  me    71    2   42.0   2.0    S      -     0       -
    12  p0    75    2   66.3  77.0    O      -     0       -
    13  p0   154    2   23.0  66.3    O      -     0       -
    14  me   240    2   77.0  33.7    O      -     0       -
    15  p0    38    2   33.7  23.0    O      -     0       -
    16  p0    53    2   82.9  87.2    S      -     0       -
    17  p0   122    2   17.1  87.2    S      -     0       -
    18  me    93    2   82.9  12.8    S      -     0       -
    19  me    80    2   17.1  12.8    S      -     0       -
    20  p0   106    2   57.6  86.6    O      -     0       -
    21  p0   217    2   26.3  78.9    O      -     0       -
    22  me    99    2   73.7  21.1    O      -     0       -
    23  p0   141    2   42.4  13.4    O      -     0       -
    24  p0   137    4   77.2  72.7    O      -     0       -
    25  p0   173    4   15.4  57.5    O      -     0       -
    26  p0   258    4   84.6  42.5    O      -     0       -
    27  p0   232    4   22.8  27.3    O      -     0       -
[POLICY]  attack_budget per source
   src=  2  budget=12
   src=  3  budget=0
   src=  6  budget=13
   src=  7  budget=7
   src= 10  budget=0
   src= 11  budget=0
   src= 14  budget=0
   src= 18  budget=4
   src= 19  budget=0
   src= 22  budget=0
[MISSIONS]  N=0  (sorted by score desc)
   (none)
[MOVES]  N=0

===== TURN 222  player=1  ts=2026-05-01 11:10:35  planets=28  fleets=5  =====
[GLOBAL]
   my_total=1183  enemy_total=2837  my_prod=22  enemy_prod=46
   my_planets=10  enemy_planets=18  neutral=0  4p=False
   step=222  remaining=278  is_early=False  is_opening=False  is_late=False  is_very_late=False  is_total_war=False
[MODES]
   domination=-0.411  is_behind=True  is_ahead=False  is_dominating=False  is_finishing=False  attack_margin_mult=0.95
[PLANETS]
   pid own ships prod    x      y    type fall_t keep_n first_en
     0  p0    90    3   93.1  81.8    S      -     0       -
     1  p0   192    3    6.9  81.8    S      -     0       -
     2  me    81    3   93.1  18.2    S      -     0       -
     3  me   100    3    6.9  18.2    S      -     0       -
     4  p0   138    2   91.4  96.5    S      -     0       -
     5  p0   308    2    8.6  96.5    S      -     0       -
     6  me    76    2   91.4   3.5    S      -     0       -
     7  me    98    2    8.6   3.5    S      -     0       -
     8  p0   117    2   58.0  98.0    S      -     0       -
     9  p0   254    2   42.0  98.0    S      -     0       -
    10  me   100    2   58.0   2.0    S      -     0       -
    11  me    73    2   42.0   2.0    S      -     0       -
    12  p0    77    2   65.5  77.4    O      -     0       -
    13  p0   156    2   22.6  65.5    O      -     0       -
    14  me   256    2   77.4  34.5    O      -     0       -
    15  p0    40    2   34.5  22.6    O      -     0       -
    16  p0    55    2   82.9  87.2    S      -     0       -
    17  p0   124    2   17.1  87.2    S      -     0       -
    18  me    95    2   82.9  12.8    S      -     0       -
    19  me    98    2   17.1  12.8    S      -     0       -
    20  p0   108    2   56.6  86.8    O      -     0       -
    21  p0   219    2   25.4  78.2    O      -     0       -
    22  me   101    2   74.6  21.8    O      -     0       -
    23  p0   143    2   43.4  13.2    O      -     0       -
    24  p0   141    4   76.5  73.5    O      -     0       -
    25  p0   177    4   15.1  56.5    O      -     0       -
    26  p0   262    4   84.9  43.5    O      -     0       -
    27  p0   236    4   23.5  26.5    O      -     0       -
[POLICY]  attack_budget per source
   src=  2  budget=13
   src=  3  budget=0
   src=  6  budget=14
   src=  7  budget=8
   src= 10  budget=0
   src= 11  budget=0
   src= 14  budget=0
   src= 18  budget=0
   src= 19  budget=0
   src= 22  budget=0
[MISSIONS]  N=0  (sorted by score desc)
   (none)
[MOVES]  N=0

===== TURN 223  player=1  ts=2026-05-01 11:10:35  planets=28  fleets=4  =====
[GLOBAL]
   my_total=1168  enemy_total=2846  my_prod=22  enemy_prod=46
   my_planets=10  enemy_planets=18  neutral=0  4p=False
   step=223  remaining=277  is_early=False  is_opening=False  is_late=False  is_very_late=False  is_total_war=False
[MODES]
   domination=-0.418  is_behind=True  is_ahead=False  is_dominating=False  is_finishing=False  attack_margin_mult=0.95
[PLANETS]
   pid own ships prod    x      y    type fall_t keep_n first_en
     0  p0    93    3   93.1  81.8    S      -     0       -
     1  p0   195    3    6.9  81.8    S      -     0       -
     2  me    84    3   93.1  18.2    S      -     0       -
     3  me   103    3    6.9  18.2    S      -     0       -
     4  p0   140    2   91.4  96.5    S      -     0       -
     5  p0   310    2    8.6  96.5    S      -     0       -
     6  me    78    2   91.4   3.5    S      -     0       -
     7  me   100    2    8.6   3.5    S      -     0       -
     8  p0   119    2   58.0  98.0    S      -     0       -
     9  p0   256    2   42.0  98.0    S      -     0       -
    10  me   102    2   58.0   2.0    S      -     0       -
    11  me    75    2   42.0   2.0    S      -     0       -
    12  p0    79    2   64.7  77.9    O      -     0       -
    13  p0   158    2   22.1  64.7    O      -     0       -
    14  me   258    2   77.9  35.3    O      -     0       -
    15  p0     5    2   35.3  22.1    O      -     0       -
    16  p0    57    2   82.9  87.2    S      -     0       -
    17  p0   126    2   17.1  87.2    S      -     0       -
    18  me    97    2   82.9  12.8    S      -     0       -
    19  me   100    2   17.1  12.8    S      -     0       -
    20  p0   110    2   55.5  87.0    O      -     0       -
    21  p0   221    2   24.6  77.5    O      -     0       -
    22  me   103    2   75.4  22.5    O      -     0       -
    23  p0   145    2   44.5  13.0    O      -     0       -
    24  p0   145    4   75.8  74.3    O      -     0       -
    25  p0   181    4   15.0  55.5    O      -     0       -
    26  p0   266    4   85.0  44.5    O      -     0       -
    27  p0   240    4   24.2  25.7    O      -     0       -
[POLICY]  attack_budget per source
   src=  2  budget=15
   src=  3  budget=0
   src=  6  budget=0
   src=  7  budget=8
   src= 10  budget=0
   src= 11  budget=0
   src= 14  budget=0
   src= 18  budget=0
   src= 19  budget=8
   src= 22  budget=0
[MISSIONS]  N=0  (sorted by score desc)
   (none)
[MOVES]  N=0

===== TURN 224  player=1  ts=2026-05-01 11:10:35  planets=28  fleets=4  =====
[GLOBAL]
   my_total=1190  enemy_total=2892  my_prod=22  enemy_prod=46
   my_planets=10  enemy_planets=18  neutral=0  4p=False
   step=224  remaining=276  is_early=False  is_opening=False  is_late=False  is_very_late=False  is_total_war=False
[MODES]
   domination=-0.417  is_behind=True  is_ahead=False  is_dominating=False  is_finishing=False  attack_margin_mult=0.95
[PLANETS]
   pid own ships prod    x      y    type fall_t keep_n first_en
     0  p0    96    3   93.1  81.8    S      -     0       -
     1  p0   198    3    6.9  81.8    S      -     0       -
     2  me    87    3   93.1  18.2    S      -     0       -
     3  me   106    3    6.9  18.2    S      -     0       -
     4  p0   142    2   91.4  96.5    S      -     0       -
     5  p0   312    2    8.6  96.5    S      -     0       -
     6  me    80    2   91.4   3.5    S      -     0       -
     7  me   102    2    8.6   3.5    S      -     0       -
     8  p0   121    2   58.0  98.0    S      -     0       -
     9  p0   258    2   42.0  98.0    S      -     0       -
    10  me   104    2   58.0   2.0    S      -     0       -
    11  me    77    2   42.0   2.0    S      -     0       -
    12  p0    81    2   63.9  78.3    O      -     0       -
    13  p0   160    2   21.7  63.9    O      -     0       -
    14  me   260    2   78.3  36.1    O      -     0       -
    15  p0     7    2   36.1  21.7    O      -     0       -
    16  p0    59    2   82.9  87.2    S      -     0       -
    17  p0   128    2   17.1  87.2    S      -     0       -
    18  me    99    2   82.9  12.8    S      -     0       -
    19  me   102    2   17.1  12.8    S      -     0       -
    20  p0   112    2   54.4  87.2    O      -     0       -
    21  p0   223    2   23.8  76.7    O      -     0       -
    22  me   105    2   76.2  23.3    O      -     0       -
    23  p0   147    2   45.6  12.8    O      -     0       -
    24  p0   149    4   75.1  75.1    O      -     0       -
    25  p0   185    4   14.8  54.4    O      -     0       -
    26  p0   270    4   85.2  45.6    O      -     0       -
    27  p0   244    4   24.9  24.9    O      -     0       -
[POLICY]  attack_budget per source
   src=  2  budget=16
   src=  3  budget=0
   src=  6  budget=0
   src=  7  budget=9
   src= 10  budget=0
   src= 11  budget=0
   src= 14  budget=0
   src= 18  budget=0
   src= 19  budget=9
   src= 22  budget=0
[MISSIONS]  N=0  (sorted by score desc)
   (none)
[MOVES]  N=0

===== TURN 225  player=1  ts=2026-05-01 11:10:35  planets=28  fleets=3  =====
[GLOBAL]
   my_total=1212  enemy_total=2938  my_prod=22  enemy_prod=46
   my_planets=10  enemy_planets=18  neutral=0  4p=False
   step=225  remaining=275  is_early=False  is_opening=False  is_late=False  is_very_late=False  is_total_war=False
[MODES]
   domination=-0.416  is_behind=True  is_ahead=False  is_dominating=False  is_finishing=False  attack_margin_mult=0.95
[PLANETS]
   pid own ships prod    x      y    type fall_t keep_n first_en
     0  p0    99    3   93.1  81.8    S      -     0       -
     1  p0   201    3    6.9  81.8    S      -     0       -
     2  me    90    3   93.1  18.2    S      -     0       -
     3  me   109    3    6.9  18.2    S      -     0       -
     4  p0   144    2   91.4  96.5    S      -     0       -
     5  p0   314    2    8.6  96.5    S      -     0       -
     6  me    82    2   91.4   3.5    S      -     0       -
     7  me   104    2    8.6   3.5    S      -     0       -
     8  p0   123    2   58.0  98.0    S      -     0       -
     9  p0   260    2   42.0  98.0    S      -     0       -
    10  me   106    2   58.0   2.0    S      -     0       -
    11  me    79    2   42.0   2.0    S      -     0       -
    12  p0    83    2   63.0  78.7    O      -     0       -
    13  p0   162    2   21.3  63.0    O      -     0       -
    14  me   276    2   78.7  37.0    O      -     0       -
    15  p0     9    2   37.0  21.3    O      -     0       -
    16  p0    61    2   82.9  87.2    S      -     0       -
    17  p0   130    2   17.1  87.2    S      -     0       -
    18  me   101    2   82.9  12.8    S      -     0       -
    19  me   104    2   17.1  12.8    S      -     0       -
    20  p0   114    2   53.3  87.3    O      -     0       -
    21  p0   225    2   23.0  75.9    O      -     0       -
    22  me   107    2   77.0  24.1    O      -     0       -
    23  p0   149    2   46.7  12.7    O      -     0       -
    24  p0   153    4   74.3  75.8    O      -     0       -
    25  p0   189    4   14.7  53.4    O      -     0       -
    26  p0   274    4   85.3  46.6    O      -     0       -
    27  p0   248    4   25.7  24.2    O      -     0       -
[POLICY]  attack_budget per source
   src=  2  budget=0
   src=  3  budget=0
   src=  6  budget=0
   src=  7  budget=20
   src= 10  budget=0
   src= 11  budget=0
   src= 14  budget=0
   src= 18  budget=0
   src= 19  budget=12
   src= 22  budget=0
[MISSIONS]  N=0  (sorted by score desc)
   (none)
[MOVES]  N=1
   src=  7  angle= +47.76°  ships=  12   tgt=19 (own=me, ships=104, eta=5)

===== TURN 226  player=1  ts=2026-05-01 11:10:35  planets=28  fleets=4  =====
[GLOBAL]
   my_total=1234  enemy_total=2984  my_prod=22  enemy_prod=46
   my_planets=10  enemy_planets=18  neutral=0  4p=False
   step=226  remaining=274  is_early=False  is_opening=False  is_late=False  is_very_late=False  is_total_war=False
[MODES]
   domination=-0.415  is_behind=True  is_ahead=False  is_dominating=False  is_finishing=False  attack_margin_mult=0.95
[PLANETS]
   pid own ships prod    x      y    type fall_t keep_n first_en
     0  p0   102    3   93.1  81.8    S      -     0       -
     1  p0   204    3    6.9  81.8    S      -     0       -
     2  me    93    3   93.1  18.2    S      -     0       -
     3  me   112    3    6.9  18.2    S      -     0       -
     4  p0   146    2   91.4  96.5    S      -     0       -
     5  p0   316    2    8.6  96.5    S      -     0       -
     6  me    84    2   91.4   3.5    S      -     0       -
     7  me    94    2    8.6   3.5    S      -     0       -
     8  p0   125    2   58.0  98.0    S      -     0       -
     9  p0   262    2   42.0  98.0    S      -     0       -
    10  me   108    2   58.0   2.0    S      -     0       -
    11  me    81    2   42.0   2.0    S      -     0       -
    12  p0    85    2   62.2  79.1    O      -     0       -
    13  p0   164    2   20.9  62.2    O      -     0       -
    14  me   278    2   79.1  37.8    O      -     0       -
    15  p0    11    2   37.8  20.9    O      -     0       -
    16  p0    63    2   82.9  87.2    S      -     0       -
    17  p0   132    2   17.1  87.2    S      -     0       -
    18  me   103    2   82.9  12.8    S      -     0       -
    19  me   106    2   17.1  12.8    S      -     0       -
    20  p0   116    2   52.2  87.3    O      -     0       -
    21  p0   227    2   22.3  75.1    O      -     0       -
    22  me   109    2   77.7  24.9    O      -     0       -
    23  p0   151    2   47.8  12.7    O      -     0       -
    24  p0   157    4   73.6  76.5    O      -     0       -
    25  p0   193    4   14.6  52.3    O      -     0       -
    26  p0   278    4   85.4  47.7    O      -     0       -
    27  p0   252    4   26.4  23.5    O      -     0       -
[POLICY]  attack_budget per source
   src=  2  budget=0
   src=  3  budget=0
   src=  6  budget=0
   src=  7  budget=9
   src= 10  budget=0
   src= 11  budget=0
   src= 14  budget=0
   src= 18  budget=1
   src= 19  budget=13
   src= 22  budget=0
[MISSIONS]  N=0  (sorted by score desc)
   (none)
[MOVES]  N=0

===== TURN 227  player=1  ts=2026-05-01 11:10:36  planets=28  fleets=3  =====
[GLOBAL]
   my_total=1224  enemy_total=2998  my_prod=22  enemy_prod=46
   my_planets=10  enemy_planets=18  neutral=0  4p=False
   step=227  remaining=273  is_early=False  is_opening=False  is_late=False  is_very_late=False  is_total_war=False
[MODES]
   domination=-0.420  is_behind=True  is_ahead=False  is_dominating=False  is_finishing=False  attack_margin_mult=0.95
[PLANETS]
   pid own ships prod    x      y    type fall_t keep_n first_en
     0  p0    73    3   93.1  81.8    S      -     0       -
     1  p0   207    3    6.9  81.8    S      -     0       -
     2  me    96    3   93.1  18.2    S      -     0       -
     3  me   115    3    6.9  18.2    S      -     0       -
     4  p0   148    2   91.4  96.5    S      -     0       -
     5  p0   318    2    8.6  96.5    S      -     0       -
     6  me    86    2   91.4   3.5    S      -     0       -
     7  me    96    2    8.6   3.5    S      -     0       -
     8  p0   127    2   58.0  98.0    S      -     0       -
     9  p0   264    2   42.0  98.0    S      -     0       -
    10  me   110    2   58.0   2.0    S      -     0       -
    11  me    83    2   42.0   2.0    S      -     0       -
    12  p0    87    2   61.3  79.4    O      -     0       -
    13  p0   166    2   20.6  61.3    O      -     0       -
    14  me   280    2   79.4  38.7    O      -     0       -
    15  p0    13    2   38.7  20.6    O      -     0       -
    16  p0    65    2   82.9  87.2    S      -     0       -
    17  p0   134    2   17.1  87.2    S      -     0       -
    18  me   105    2   82.9  12.8    S      -     0       -
    19  me   108    2   17.1  12.8    S      -     0       -
    20  p0   118    2   51.0  87.4    O      -     0       -
    21  p0   229    2   21.5  74.3    O      -     0       -
    22  me   111    2   78.5  25.7    O      -     0       -
    23  p0   153    2   49.0  12.6    O      -     0       -
    24  p0   161    4   72.8  77.2    O      -     0       -
    25  p0   197    4   14.6  51.3    O      -     0       -
    26  p0   282    4   85.4  48.7    O      -     0       -
    27  p0   256    4   27.2  22.8    O      -     0       -
[POLICY]  attack_budget per source
   src=  2  budget=0
   src=  3  budget=0
   src=  6  budget=0
   src=  7  budget=9
   src= 10  budget=0
   src= 11  budget=0
   src= 14  budget=0
   src= 18  budget=1
   src= 19  budget=11
   src= 22  budget=0
[MISSIONS]  N=0  (sorted by score desc)
   (none)
[MOVES]  N=0

===== TURN 228  player=1  ts=2026-05-01 11:10:36  planets=28  fleets=3  =====
[GLOBAL]
   my_total=1246  enemy_total=3044  my_prod=22  enemy_prod=46
   my_planets=10  enemy_planets=18  neutral=0  4p=False
   step=228  remaining=272  is_early=False  is_opening=False  is_late=False  is_very_late=False  is_total_war=False
[MODES]
   domination=-0.419  is_behind=True  is_ahead=False  is_dominating=False  is_finishing=False  attack_margin_mult=0.95
[PLANETS]
   pid own ships prod    x      y    type fall_t keep_n first_en
     0  p0    76    3   93.1  81.8    S      -     0       -
     1  p0   210    3    6.9  81.8    S      -     0       -
     2  me    99    3   93.1  18.2    S      -     0       -
     3  me   118    3    6.9  18.2    S      -     0       -
     4  p0   150    2   91.4  96.5    S      -     0       -
     5  p0   320    2    8.6  96.5    S      -     0       -
     6  me    88    2   91.4   3.5    S      -     0       -
     7  me    98    2    8.6   3.5    S      -     0       -
     8  p0   129    2   58.0  98.0    S      -     0       -
     9  p0   266    2   42.0  98.0    S      -     0       -
    10  me   112    2   58.0   2.0    S      -     0       -
    11  me    85    2   42.0   2.0    S      -     0       -
    12  p0    89    2   60.4  79.7    O      -     0       -
    13  p0   168    2   20.3  60.4    O      -     0       -
    14  me   282    2   79.7  39.6    O      -     0       -
    15  p0    15    2   39.6  20.3    O      -     0       -
    16  p0    67    2   82.9  87.2    S      -     0       -
    17  p0   136    2   17.1  87.2    S      -     0       -
    18  me   107    2   82.9  12.8    S      -     0       -
    19  me   110    2   17.1  12.8    S      -     0       -
    20  p0   120    2   49.9  87.4    O      -     0       -
    21  p0   231    2   20.8  73.4    O      -     0       -
    22  me   113    2   79.2  26.6    O      -     0       -
    23  p0   155    2   50.1  12.6    O      -     0       -
    24  p0   165    4   72.0  77.8    O      -     0       -
    25  p0   201    4   14.5  50.2    O      -     0       -
    26  p0   286    4   85.5  49.8    O      -     0       -
    27  p0   260    4   28.0  22.2    O      -     0       -
[POLICY]  attack_budget per source
   src=  2  budget=31
   src=  3  budget=0
   src=  6  budget=0
   src=  7  budget=13
   src= 10  budget=0
   src= 11  budget=0
   src= 14  budget=0
   src= 18  budget=2
   src= 19  budget=0
   src= 22  budget=0
[MISSIONS]  N=0  (sorted by score desc)
   (none)
[MOVES]  N=1
   src=  2  angle=+126.46°  ships=  19   tgt=22 (own=me, ships=113, eta=6)

===== TURN 229  player=1  ts=2026-05-01 11:10:36  planets=28  fleets=3  =====
[GLOBAL]
   my_total=1268  enemy_total=3090  my_prod=22  enemy_prod=46
   my_planets=10  enemy_planets=18  neutral=0  4p=False
   step=229  remaining=271  is_early=False  is_opening=False  is_late=False  is_very_late=False  is_total_war=False
[MODES]
   domination=-0.418  is_behind=True  is_ahead=False  is_dominating=False  is_finishing=False  attack_margin_mult=0.95
[PLANETS]
   pid own ships prod    x      y    type fall_t keep_n first_en
     0  p0    79    3   93.1  81.8    S      -     0       -
     1  p0   213    3    6.9  81.8    S      -     0       -
     2  me    83    3   93.1  18.2    S      -     0       -
     3  me   121    3    6.9  18.2    S      -     0       -
     4  p0   152    2   91.4  96.5    S      -     0       -
     5  p0   322    2    8.6  96.5    S      -     0       -
     6  me    90    2   91.4   3.5    S      -     0       -
     7  me   100    2    8.6   3.5    S      -     0       -
     8  p0   131    2   58.0  98.0    S      -     0       -
     9  p0   268    2   42.0  98.0    S      -     0       -
    10  me   114    2   58.0   2.0    S      -     0       -
    11  me    87    2   42.0   2.0    S      -     0       -
    12  p0    91    2   59.5  80.0    O      -     0       -
    13  p0   170    2   20.0  59.5    O      -     0       -
    14  me   295    2   80.0  40.5    O      -     0       -
    15  p0    17    2   40.5  20.0    O      -     0       -
    16  p0    69    2   82.9  87.2    S      -     0       -
    17  p0   138    2   17.1  87.2    S      -     0       -
    18  me   109    2   82.9  12.8    S      -     0       -
    19  me   112    2   17.1  12.8    S      -     0       -
    20  p0   122    2   48.8  87.4    O      -     0       -
    21  p0   233    2   20.1  72.5    O      -     0       -
    22  me   115    2   79.9  27.5    O      -     0       -
    23  p0   157    2   51.2  12.6    O      -     0       -
    24  p0   169    4   71.1  78.5    O      -     0       -
    25  p0   205    4   14.6  49.2    O      -     0       -
    26  p0   290    4   85.4  50.8    O      -     0       -
    27  p0   264    4   28.9  21.5    O      -     0       -
[POLICY]  attack_budget per source
   src=  2  budget=0
   src=  3  budget=0
   src=  6  budget=0
   src=  7  budget=0
   src= 10  budget=0
   src= 11  budget=0
   src= 14  budget=0
   src= 18  budget=0
   src= 19  budget=0
   src= 22  budget=0
[MISSIONS]  N=0  (sorted by score desc)
   (none)
[MOVES]  N=0

===== TURN 230  player=1  ts=2026-05-01 11:10:36  planets=28  fleets=2  =====
[GLOBAL]
   my_total=1290  enemy_total=3136  my_prod=22  enemy_prod=46
   my_planets=10  enemy_planets=18  neutral=0  4p=False
   step=230  remaining=270  is_early=False  is_opening=False  is_late=False  is_very_late=False  is_total_war=False
[MODES]
   domination=-0.417  is_behind=True  is_ahead=False  is_dominating=False  is_finishing=False  attack_margin_mult=0.95
[PLANETS]
   pid own ships prod    x      y    type fall_t keep_n first_en
     0  p0    82    3   93.1  81.8    S      -     0       -
     1  p0   216    3    6.9  81.8    S      -     0       -
     2  me    86    3   93.1  18.2    S      -     0       -
     3  me   124    3    6.9  18.2    S      -     0       -
     4  p0   154    2   91.4  96.5    S      -     0       -
     5  p0   324    2    8.6  96.5    S      -     0       -
     6  me    92    2   91.4   3.5    S      -     0       -
     7  me   102    2    8.6   3.5    S      -     0       -
     8  p0   133    2   58.0  98.0    S      -     0       -
     9  p0   270    2   42.0  98.0    S      -     0       -
    10  me   116    2   58.0   2.0    S      -     0       -
    11  me    89    2   42.0   2.0    S      -     0       -
    12  p0    93    2   58.6  80.3    O      -     0       -
    13  p0   172    2   19.7  58.6    O      -     0       -
    14  me   297    2   80.3  41.4    O      -     0       -
    15  p0    19    2   41.4  19.7    O      -     0       -
    16  p0    71    2   82.9  87.2    S      -     0       -
    17  p0   140    2   17.1  87.2    S      -     0       -
    18  me   111    2   82.9  12.8    S      -     0       -
    19  me   126    2   17.1  12.8    S      -     0       -
    20  p0   124    2   47.7  87.3    O      -     0       -
    21  p0   235    2   19.5  71.6    O      -     0       -
    22  me   117    2   80.5  28.4    O      -     0       -
    23  p0   159    2   52.3  12.7    O      -     0       -
    24  p0   173    4   70.3  79.1    O      -     0       -
    25  p0   209    4   14.6  48.1    O      -     0       -
    26  p0   294    4   85.4  51.9    O      -     0       -
    27  p0   268    4   29.7  20.9    O      -     0       -
[POLICY]  attack_budget per source
   src=  2  budget=0
   src=  3  budget=0
   src=  6  budget=0
   src=  7  budget=0
   src= 10  budget=0
   src= 11  budget=0
   src= 14  budget=0
   src= 18  budget=0
   src= 19  budget=0
   src= 22  budget=0
[MISSIONS]  N=0  (sorted by score desc)
   (none)
[MOVES]  N=0

===== TURN 231  player=1  ts=2026-05-01 11:10:36  planets=28  fleets=2  =====
[GLOBAL]
   my_total=1312  enemy_total=3182  my_prod=22  enemy_prod=46
   my_planets=10  enemy_planets=18  neutral=0  4p=False
   step=231  remaining=269  is_early=False  is_opening=False  is_late=False  is_very_late=False  is_total_war=False
[MODES]
   domination=-0.416  is_behind=True  is_ahead=False  is_dominating=False  is_finishing=False  attack_margin_mult=0.95
[PLANETS]
   pid own ships prod    x      y    type fall_t keep_n first_en
     0  p0    85    3   93.1  81.8    S      -     0       -
     1  p0   219    3    6.9  81.8    S      -     0       -
     2  me    89    3   93.1  18.2    S      -     0       -
     3  me   127    3    6.9  18.2    S      -     0       -
     4  p0   156    2   91.4  96.5    S      -     0       -
     5  p0   326    2    8.6  96.5    S      -     0       -
     6  me    94    2   91.4   3.5    S      -     0       -
     7  me   104    2    8.6   3.5    S      -     0       -
     8  p0   135    2   58.0  98.0    S      -     0       -
     9  p0   272    2   42.0  98.0    S      -     0       -
    10  me   118    2   58.0   2.0    S      -     0       -
    11  me    91    2   42.0   2.0    S      -     0       -
    12  p0    95    2   57.7  80.5    O      -     0       -
    13  p0   174    2   19.5  57.7    O      -     0       -
    14  me   299    2   80.5  42.3    O      -     0       -
    15  p0    21    2   42.3  19.5    O      -     0       -
    16  p0    73    2   82.9  87.2    S      -     0       -
    17  p0   142    2   17.1  87.2    S      -     0       -
    18  me   113    2   82.9  12.8    S      -     0       -
    19  me   128    2   17.1  12.8    S      -     0       -
    20  p0   126    2   46.6  87.3    O      -     0       -
    21  p0   237    2   18.9  70.7    O      -     0       -
    22  me   119    2   81.1  29.3    O      -     0       -
    23  p0   161    2   53.4  12.7    O      -     0       -
    24  p0   177    4   69.4  79.7    O      -     0       -
    25  p0   213    4   14.7  47.1    O      -     0       -
    26  p0   298    4   85.3  52.9    O      -     0       -
    27  p0   272    4   30.6  20.3    O      -     0       -
[POLICY]  attack_budget per source
   src=  2  budget=0
   src=  3  budget=0
   src=  6  budget=0
   src=  7  budget=0
   src= 10  budget=0
   src= 11  budget=0
   src= 14  budget=0
   src= 18  budget=0
   src= 19  budget=0
   src= 22  budget=0
[MISSIONS]  N=0  (sorted by score desc)
   (none)
[MOVES]  N=0

===== TURN 232  player=1  ts=2026-05-01 11:10:36  planets=28  fleets=2  =====
[GLOBAL]
   my_total=1334  enemy_total=3228  my_prod=22  enemy_prod=46
   my_planets=10  enemy_planets=18  neutral=0  4p=False
   step=232  remaining=268  is_early=False  is_opening=False  is_late=False  is_very_late=False  is_total_war=False
[MODES]
   domination=-0.415  is_behind=True  is_ahead=False  is_dominating=False  is_finishing=False  attack_margin_mult=0.95
[PLANETS]
   pid own ships prod    x      y    type fall_t keep_n first_en
     0  p0    88    3   93.1  81.8    S      -     0       -
     1  p0   222    3    6.9  81.8    S      -     0       -
     2  me    92    3   93.1  18.2    S      -     0       -
     3  me   130    3    6.9  18.2    S      -     0       -
     4  p0   158    2   91.4  96.5    S      -     0       -
     5  p0   328    2    8.6  96.5    S      -     0       -
     6  me    96    2   91.4   3.5    S      -     0       -
     7  me   106    2    8.6   3.5    S      -     0       -
     8  p0   137    2   58.0  98.0    S      -     0       -
     9  p0   274    2   42.0  98.0    S      -     0       -
    10  me   120    2   58.0   2.0    S      -     0       -
    11  me    93    2   42.0   2.0    S      -     0       -
    12  p0    97    2   56.8  80.8    O      -     0       -
    13  p0   176    2   19.2  56.8    O      -     0       -
    14  me   301    2   80.8  43.2    O      -     0       -
    15  p0    23    2   43.2  19.2    O      -     0       -
    16  p0    75    2   82.9  87.2    S      -     0       -
    17  p0   144    2   17.1  87.2    S      -     0       -
    18  me   115    2   82.9  12.8    S      -     0       -
    19  me   130    2   17.1  12.8    S      -     0       -
    20  p0   128    2   45.5  87.1    O      -     0       -
    21  p0   239    2   18.2  69.8    O      -     0       -
    22  me   121    2   81.8  30.2    O      -     0       -
    23  p0   163    2   54.5  12.9    O      -     0       -
    24  p0   181    4   68.5  80.2    O      -     0       -
    25  p0   217    4   14.8  46.0    O      -     0       -
    26  p0   302    4   85.2  54.0    O      -     0       -
    27  p0   276    4   31.5  19.8    O      -     0       -
[POLICY]  attack_budget per source
   src=  2  budget=0
   src=  3  budget=0
   src=  6  budget=0
   src=  7  budget=0
   src= 10  budget=0
   src= 11  budget=0
   src= 14  budget=0
   src= 18  budget=0
   src= 19  budget=0
   src= 22  budget=0
[MISSIONS]  N=0  (sorted by score desc)
   (none)
[MOVES]  N=0

===== TURN 233  player=1  ts=2026-05-01 11:10:36  planets=28  fleets=3  =====
[GLOBAL]
   my_total=1356  enemy_total=3274  my_prod=22  enemy_prod=46
   my_planets=10  enemy_planets=18  neutral=0  4p=False
   step=233  remaining=267  is_early=False  is_opening=False  is_late=False  is_very_late=False  is_total_war=False
[MODES]
   domination=-0.414  is_behind=True  is_ahead=False  is_dominating=False  is_finishing=False  attack_margin_mult=0.95
[PLANETS]
   pid own ships prod    x      y    type fall_t keep_n first_en
     0  p0    91    3   93.1  81.8    S      -     0       -
     1  p0   225    3    6.9  81.8    S      -     0       -
     2  me    95    3   93.1  18.2    S      -     0       -
     3  me   133    3    6.9  18.2    S      -     0       -
     4  p0   160    2   91.4  96.5    S      -     0       -
     5  p0     2    2    8.6  96.5    S      -     0       -
     6  me    98    2   91.4   3.5    S      -     0       -
     7  me   108    2    8.6   3.5    S      -     0       -
     8  p0   120    2   58.0  98.0    S      -     0       -
     9  p0   276    2   42.0  98.0    S      -     0       -
    10  me   122    2   58.0   2.0    S      -     0       -
    11  me    95    2   42.0   2.0    S      -     0       -
    12  p0    99    2   55.9  81.0    O      -     0       -
    13  p0   178    2   19.0  55.9    O      -     0       -
    14  me   314    2   81.0  44.1    O      -     0       -
    15  p0    25    2   44.1  19.0    O      -     0       -
    16  p0    77    2   82.9  87.2    S      -     0       -
    17  p0   146    2   17.1  87.2    S      -     0       -
    18  me   117    2   82.9  12.8    S      -     0       -
    19  me   132    2   17.1  12.8    S      -     0       -
    20  p0   130    2   44.4  87.0    O      -     0       -
    21  p0   241    2   17.7  68.8    O      -     0       -
    22  me   123    2   82.3  31.2    O      -     0       -
    23  p0   165    2   55.6  13.0    O      -     0       -
    24  p0   185    4   67.6  80.8    O      -     0       -
    25  p0   221    4   14.9  45.0    O      -     0       -
    26  p0   306    4   85.1  55.0    O      -     0       -
    27  p0   280    4   32.4  19.2    O      -     0       -
[POLICY]  attack_budget per source
   src=  2  budget=0
   src=  3  budget=0
   src=  6  budget=0
   src=  7  budget=0
   src= 10  budget=0
   src= 11  budget=0
   src= 14  budget=19
   src= 18  budget=0
   src= 19  budget=0
   src= 22  budget=0
[MISSIONS]  N=0  (sorted by score desc)
   (none)
[MOVES]  N=0

===== TURN 234  player=1  ts=2026-05-01 11:10:36  planets=28  fleets=10  =====
[GLOBAL]
   my_total=1378  enemy_total=3320  my_prod=22  enemy_prod=46
   my_planets=10  enemy_planets=18  neutral=0  4p=False
   step=234  remaining=266  is_early=False  is_opening=False  is_late=False  is_very_late=False  is_total_war=False
[MODES]
   domination=-0.413  is_behind=True  is_ahead=False  is_dominating=False  is_finishing=False  attack_margin_mult=0.95
[PLANETS]
   pid own ships prod    x      y    type fall_t keep_n first_en
     0  p0    94    3   93.1  81.8    S      -     0       -
     1  p0     3    3    6.9  81.8    S      -     0       -
     2  me    98    3   93.1  18.2    S      8    98       8
     3  me   136    3    6.9  18.2    S      5   136       5
     4  p0   162    2   91.4  96.5    S      -     0       -
     5  p0     4    2    8.6  96.5    S      -     0       -
     6  me   100    2   91.4   3.5    S      -     0       -
     7  me   110    2    8.6   3.5    S      -     0       -
     8  p0   122    2   58.0  98.0    S      -     0       -
     9  p0   278    2   42.0  98.0    S      -     0       -
    10  me   124    2   58.0   2.0    S      1   124       1
    11  me    97    2   42.0   2.0    S      4    97       4
    12  p0   101    2   55.0  81.1    O      -     0       -
    13  p0     2    2   18.9  55.0    O      -     0       -
    14  me   316    2   81.1  45.0    O      -     0       -
    15  p0    27    2   45.0  18.9    O      -     0       -
    16  p0    79    2   82.9  87.2    S      -     0       -
    17  p0   148    2   17.1  87.2    S      -     0       -
    18  me   119    2   82.9  12.8    S     15   119      15
    19  me   134    2   17.1  12.8    S      -     0       -
    20  p0   132    2   43.3  86.8    O      -     0       -
    21  p0   243    2   17.1  67.9    O      -     0       -
    22  me   144    2   82.9  32.1    O      -   144       4
    23  p0    39    2   56.7  13.2    O      -     0       -
    24  p0    23    4   66.7  81.3    O      -     0       -
    25  p0    69    4   15.1  44.0    O      -     0       -
    26  p0    35    4   84.9  56.0    O      -     0       -
    27  p0   178    4   33.3  18.7    O      -     0       -
[POLICY]  attack_budget per source
   src=  2  budget=0
   src=  3  budget=0
   src=  6  budget=48
   src=  7  budget=29
   src= 10  budget=0
   src= 11  budget=0
   src= 14  budget=88
   src= 18  budget=0
   src= 19  budget=60
   src= 22  budget=0
[MISSIONS]  N=31  (sorted by score desc)
   #0  reinforce      score=  +172.32  src=[18]→tgt=  2  turns=  8  need=   1  cap=   3
   #1  reinforce      score=  +112.12  src=[19]→tgt=  3  turns=  5  need=   5  cap=   7
   #2  rescue         score=   +89.99  src=[6]→tgt=  2  turns=  8  need=   1  cap=   5
   #3  single         score=   +72.41  src=[14]→tgt= 26  turns=  4  need=  52  cap=  61
   #4  rescue         score=   +71.48  src=[19]→tgt=  3  turns=  5  need=   5  cap=   9
   #5  single         score=   +64.95  src=[19]→tgt= 13  turns= 11  need=  25  cap=  30
   #6  single         score=   +58.54  src=[19]→tgt=  5  turns= 25  need=  55  cap=  60
   #7  single         score=   +50.32  src=[14]→tgt=  5  turns= 25  need=  55  cap=  72
   #8  single         score=   +34.40  src=[14]→tgt= 23  turns=  9  need=  58  cap=  63
   #9  reinforce      score=   +33.97  src=[2]→tgt= 18  turns= 15  need=  17  cap=  19
   #10 reinforce      score=   +33.97  src=[6]→tgt= 18  turns= 15  need=  17  cap=  19
   #11 reinforce      score=   +32.38  src=[22]→tgt= 18  turns= 15  need=  17  cap=  19
   #12 reinforce      score=   +30.93  src=[10]→tgt= 18  turns= 15  need=  17  cap=  19
   #13 reinforce      score=   +29.61  src=[14]→tgt= 18  turns= 15  need=  17  cap=  19
   #14 rescue         score=   +26.81  src=[7]→tgt=  3  turns=  5  need=   5  cap=  29
   #15 reinforce      score=   +26.68  src=[6]→tgt=  2  turns=  8  need=   1  cap=  37
   #16 reinforce      score=   +25.19  src=[7]→tgt=  3  turns=  5  need=   5  cap=  41
   #17 rescue         score=   +25.11  src=[6]→tgt= 18  turns= 15  need=  17  cap=  20
   #18 rescue         score=   +21.99  src=[14]→tgt= 18  turns= 15  need=  17  cap=  20
   #19 single         score=   +16.96  src=[14]→tgt= 15  turns= 11  need=  50  cap=  57
   #20 single         score=   +16.96  src=[19]→tgt= 15  turns= 11  need=  50  cap=  57
   #21 recapture      score=   +10.54  src=[19]→tgt= 11  turns= 10  need=  14  cap=  25
   #22 reinforce      score=   +10.37  src=[22]→tgt=  2  turns=  8  need=   1  cap=  99
   #23 reinforce      score=    +9.42  src=[11]→tgt= 18  turns= 15  need=  17  cap=  72
   #24 recapture      score=    +9.01  src=[7]→tgt= 11  turns= 12  need=  18  cap=  29
   #25 rescue         score=    +8.98  src=[14]→tgt=  2  turns=  8  need=   1  cap=  88
   #26 recapture      score=    +8.89  src=[14]→tgt=  2  turns=  9  need=   5  cap=  44
   #27 reinforce      score=    +8.70  src=[10]→tgt= 11  turns=  4  need=   1  cap=  93
   #28 recapture      score=    +8.30  src=[6]→tgt= 10  turns= 11  need=  23  cap=  34
   #29 recapture      score=    +5.02  src=[19]→tgt= 18  turns= 21  need=  30  cap=  48
   ... ещё 1 missions (set SUB_AGENT_LOG_MISSIONS_ALL=1)
[MOVES]  N=16
   src= 18  angle= +27.88°  ships=   3   tgt=2 (own=me, ships=98, eta=6)
   src= 19  angle=+152.12°  ships=   7   tgt=3 (own=me, ships=136, eta=5)
   src= 14  angle= +79.30°  ships=  61   tgt=26 (own=p0, ships=35, eta=4)
   src= 19  angle= +86.68°  ships=  30   tgt=25 (own=p0, ships=69, eta=8)
   src=  2  angle=-152.12°  ships=  19   tgt=18 (own=me, ships=119, eta=4)
   src=  6  angle=+132.24°  ships=   3   tgt=18 (own=me, ships=119, eta=7)
   src= 22  angle= -89.81°  ships=   3   tgt=18 (own=me, ships=119, eta=13)
   src= 10  angle= +23.57°  ships=  19   tgt=18 (own=me, ships=119, eta=10)
   src= 14  angle= -86.77°  ships=  19   tgt=18 (own=me, ships=119, eta=13)
   src=  6  angle= +83.35°  ships=  37   tgt=2 (own=me, ships=98, eta=4)
   src=  7  angle= +96.65°  ships=  41   tgt=3 (own=me, ships=136, eta=4)
   src= 19  angle= -23.57°  ships=  23   tgt=11 (own=me, ships=97, eta=10)
   src= 22  angle= -53.54°  ships=  99   tgt=2 (own=me, ships=98, eta=4)
   src= 11  angle= +14.84°  ships=  72   tgt=18 (own=me, ships=119, eta=12)
   src= 10  angle=+180.00°  ships=  93   tgt=11 (own=me, ships=97, eta=4)
   src= 14  angle= -65.81°  ships= 236   tgt=2 (own=me, ships=98, eta=6)

===== TURN 235  player=1  ts=2026-05-01 11:10:37  planets=28  fleets=28  =====
[GLOBAL]
   my_total=1386  enemy_total=3352  my_prod=20  enemy_prod=48
   my_planets=9  enemy_planets=19  neutral=0  4p=False
   step=235  remaining=265  is_early=False  is_opening=False  is_late=False  is_very_late=False  is_total_war=False
[MODES]
   domination=-0.415  is_behind=True  is_ahead=False  is_dominating=False  is_finishing=False  attack_margin_mult=0.95
[PLANETS]
   pid own ships prod    x      y    type fall_t keep_n first_en
     0  p0    97    3   93.1  81.8    S      -     0       -
     1  p0     6    3    6.9  81.8    S      -     0       -
     2  me    82    3   93.1  18.2    S      -     0       7
     3  me   139    3    6.9  18.2    S      -    96       4
     4  p0   164    2   91.4  96.5    S      -     0       -
     5  p0     6    2    8.6  96.5    S      -     0       -
     6  me    62    2   91.4   3.5    S     23    62      23
     7  me    71    2    8.6   3.5    S      -     0       -
     8  p0   124    2   58.0  98.0    S      -     0       -
     9  p0   263    2   42.0  98.0    S      -     0       -
    10  p0   114    2   58.0   2.0    S      -     0       -
    11  me    27    2   42.0   2.0    S      -     7       3
    12  p0   103    2   54.1  81.2    O      -     0       -
    13  p0     4    2   18.8  54.1    O      -     0       -
    14  me     2    2   81.2  45.9    O      -     0       -
    15  p0    29    2   45.9  18.8    O      -     0       -
    16  p0    81    2   82.9  87.2    S      -     0       -
    17  p0   150    2   17.1  87.2    S      -     0       -
    18  me   118    2   82.9  12.8    S      -    22      14
    19  me    76    2   17.1  12.8    S      3    76       3
    20  p0     2    2   42.2  86.6    O      -     0       -
    21  p0   245    2   16.6  66.9    O      -     0       -
    22  me    44    2   83.4  33.1    O      3    44       3
    23  p0    41    2   57.8  13.4    O      -     0       -
    24  p0    27    4   65.7  81.8    O      -     0       -
    25  p0    73    4   15.3  42.9    O      -     0       -
    26  p0    39    4   84.7  57.1    O     14     0      14
    27  p0    39    4   34.3  18.2    O      -     0       -
[POLICY]  attack_budget per source
   src=  2  budget=36
   src=  3  budget=43
   src=  6  budget=0
   src=  7  budget=0
   src= 11  budget=0
   src= 14  budget=0
   src= 18  budget=81
   src= 19  budget=0
   src= 22  budget=0
[MISSIONS]  N=15  (sorted by score desc)
   #0  single         score=   +65.94  src=[3]→tgt= 13  turns= 10  need=  25  cap=  30
   #1  single         score=   +54.28  src=[18]→tgt= 13  turns= 23  need=  21  cap=  29
   #2  single         score=   +51.92  src=[18]→tgt= 27  turns= 10  need=  80  cap=  81
   #3  single         score=   +45.78  src=[2]→tgt= 13  turns= 24  need=  23  cap=  36
   #4  single         score=   +42.93  src=[3]→tgt= 20  turns= 19  need=  41  cap=  43
   #5  reinforce      score=   +23.19  src=[18]→tgt=  6  turns= 23  need=  24  cap=  26
   #6  reinforce      score=   +22.91  src=[2]→tgt=  6  turns= 23  need=  24  cap=  26
   #7  reinforce      score=   +21.35  src=[22]→tgt=  6  turns= 23  need=  24  cap=  26
   #8  single         score=   +17.94  src=[18]→tgt= 15  turns=  9  need=  48  cap=  55
   #9  single         score=   +17.53  src=[18]→tgt= 23  turns=  5  need=  52  cap=  59
   #10 rescue         score=   +17.50  src=[18]→tgt=  6  turns= 23  need=  24  cap=  27
   #11 rescue         score=   +17.27  src=[2]→tgt=  6  turns= 23  need=  24  cap=  27
   #12 reinforce      score=   +12.50  src=[3]→tgt= 19  turns=  3  need=  61  cap=  63
   #13 reinforce      score=    +5.84  src=[3]→tgt=  6  turns= 23  need=  24  cap= 104
   #14 recapture      score=    +4.65  src=[3]→tgt=  6  turns= 28  need=  35  cap=  43
[MOVES]  N=7
   src=  3  angle= +65.54°  ships=  30   tgt=13 (own=p0, ships=4, eta=10)
   src= 18  angle=+176.77°  ships=  81   tgt=23 (own=p0, ships=41, eta=5)
   src= 18  angle= -47.76°  ships=  26   tgt=6 (own=me, ships=62, eta=4)
   src=  2  angle= -96.65°  ships=   3   tgt=6 (own=me, ships=62, eta=9)
   src= 22  angle= -74.82°  ships=   3   tgt=6 (own=me, ships=62, eta=21)
   src=  3  angle= -27.88°  ships=  63   tgt=19 (own=me, ships=76, eta=3)
   src=  2  angle=-152.12°  ships=  20   tgt=18 (own=me, ships=118, eta=4)

===== TURN 236  player=1  ts=2026-05-01 11:10:37  planets=28  fleets=36  =====
[GLOBAL]
   my_total=1406  enemy_total=3400  my_prod=20  enemy_prod=48
   my_planets=9  enemy_planets=19  neutral=0  4p=False
   step=236  remaining=264  is_early=False  is_opening=False  is_late=False  is_very_late=False  is_total_war=False
[MODES]
   domination=-0.415  is_behind=True  is_ahead=False  is_dominating=False  is_finishing=False  attack_margin_mult=0.95
[PLANETS]
   pid own ships prod    x      y    type fall_t keep_n first_en
     0  p0   100    3   93.1  81.8    S      -     0       -
     1  p0     9    3    6.9  81.8    S      -     0       -
     2  me    62    3   93.1  18.2    S      -     0       6
     3  me    49    3    6.9  18.2    S      3    49       3
     4  p0   166    2   91.4  96.5    S      -     0       -
     5  p0     8    2    8.6  96.5    S      -     0       -
     6  me    64    2   91.4   3.5    S      -    56      22
     7  me    73    2    8.6   3.5    S      -     0       -
     8  p0   126    2   58.0  98.0    S      -     0       -
     9  p0   265    2   42.0  98.0    S      -     0       -
    10  p0   116    2   58.0   2.0    S      -     0       -
    11  me    29    2   42.0   2.0    S      -     9       2
    12  p0   105    2   53.1  81.4    O      -     0       -
    13  p0     6    2   18.6  53.1    O      -     0       -
    14  me     4    2   81.4  46.9    O      -     0       -
    15  p0    31    2   46.9  18.6    O      -     0       -
    16  p0    83    2   82.9  87.2    S      -     0       -
    17  p0   152    2   17.1  87.2    S      -     0       -
    18  me    13    2   82.9  12.8    S      -     0      13
    19  me    78    2   17.1  12.8    S      -    76       2
    20  p0     4    2   41.1  86.3    O      -     0       -
    21  p0   222    2   16.1  65.9    O      -     0       -
    22  me    43    2   83.9  34.1    O      2    43       2
    23  p0    43    2   58.9  13.7    O      -     0       -
    24  p0    31    4   64.8  82.2    O      -     0       -
    25  p0   255    4   15.5  41.9    O      -     0       -
    26  p0    43    4   84.5  58.1    O     13     0      13
    27  p0     4    4   35.2  17.8    O      -     0       -
[POLICY]  attack_budget per source
   src=  2  budget=14
   src=  3  budget=0
   src=  6  budget=8
   src=  7  budget=0
   src= 11  budget=0
   src= 14  budget=0
   src= 18  budget=0
   src= 19  budget=0
   src= 22  budget=0
[MISSIONS]  N=0  (sorted by score desc)
   (none)
[MOVES]  N=2
   src=  3  angle= +74.29°  ships=  49   tgt=20 (own=p0, ships=4, eta=19)
   src= 22  angle=+179.86°  ships=  33   tgt=13 (own=p0, ships=6, eta=21)

===== TURN 237  player=1  ts=2026-05-01 11:10:37  planets=28  fleets=44  =====
[GLOBAL]
   my_total=1367  enemy_total=3389  my_prod=22  enemy_prod=46
   my_planets=9  enemy_planets=19  neutral=0  4p=False
   step=237  remaining=263  is_early=False  is_opening=False  is_late=False  is_very_late=False  is_total_war=False
[MODES]
   domination=-0.425  is_behind=True  is_ahead=False  is_dominating=False  is_finishing=False  attack_margin_mult=0.95
[PLANETS]
   pid own ships prod    x      y    type fall_t keep_n first_en
     0  p0     3    3   93.1  81.8    S      -     0       -
     1  p0    12    3    6.9  81.8    S      -     0       -
     2  me    65    3   93.1  18.2    S      -     0       5
     3  me     3    3    6.9  18.2    S      2     3       2
     4  p0   168    2   91.4  96.5    S      -     0       -
     5  p0    10    2    8.6  96.5    S      -     0       -
     6  me    66    2   91.4   3.5    S      -    58      21
     7  me    75    2    8.6   3.5    S      9    75       9
     8  p0   128    2   58.0  98.0    S      -     0       -
     9  p0   267    2   42.0  98.0    S      -     0       -
    10  p0    83    2   58.0   2.0    S      -     0       -
    11  me    31    2   42.0   2.0    S      5    31       1
    12  p0   107    2   52.2  81.4    O      -     0       -
    13  p0     8    2   18.6  52.2    O      -     0       -
    14  me     6    2   81.4  47.8    O      -     0       -
    15  p0     2    2   47.8  18.6    O      -     0       -
    16  p0    85    2   82.9  87.2    S      -     0       -
    17  p0   154    2   17.1  87.2    S      -     0       -
    18  me    15    2   82.9  12.8    S      -     0      12
    19  me    80    2   17.1  12.8    S     10    80       1
    20  p0     6    2   40.1  86.1    O      -     0       -
    21  p0     2    2   15.7  64.9    O      -     0       -
    22  p0   140    2   84.3  35.1    O      -     0       -
    23  p0    45    2   59.9  13.9    O      -     0       -
    24  p0    35    4   63.8  82.6    O      -     0       -
    25  p0    82    4   15.7  40.9    O      -     0       -
    26  me    14    4   84.3  59.1    O     12    14      12
    27  p0     8    4   36.2  17.4    O      -     0       -
[POLICY]  attack_budget per source
   src=  2  budget=32
   src=  3  budget=0
   src=  6  budget=2
   src=  7  budget=0
   src= 11  budget=0
   src= 14  budget=0
   src= 18  budget=0
   src= 19  budget=0
   src= 26  budget=0
[MISSIONS]  N=5  (sorted by score desc)
   #0  reinforce      score=  +122.18  src=[7]→tgt= 19  turns= 10  need=   1  cap=   3
   #1  reinforce      score=   +94.22  src=[19]→tgt=  7  turns=  9  need=   2  cap=   4
   #2  single         score=   +62.83  src=[2]→tgt= 15  turns= 12  need=  27  cap=  30
   #3  reinforce      score=   +28.66  src=[11]→tgt= 19  turns= 10  need=   1  cap=  23
   #4  single         score=   +22.55  src=[2]→tgt= 13  turns= 24  need=  27  cap=  32
[MOVES]  N=5
   src=  7  angle= +47.76°  ships=   3   tgt=19 (own=me, ships=80, eta=7)
   src= 19  angle=-132.24°  ships=   4   tgt=7 (own=me, ships=75, eta=7)
   src=  2  angle=+177.44°  ships=  30   tgt=15 (own=p0, ships=2, eta=12)
   src= 11  angle=+156.43°  ships=  23   tgt=19 (own=me, ships=80, eta=10)
   src= 26  angle=-107.88°  ships=  14   tgt=14 (own=me, ships=6, eta=3)

===== TURN 238  player=1  ts=2026-05-01 11:10:37  planets=28  fleets=42  =====
[GLOBAL]
   my_total=1145  enemy_total=3191  my_prod=18  enemy_prod=50
   my_planets=7  enemy_planets=21  neutral=0  4p=False
   step=238  remaining=262  is_early=False  is_opening=False  is_late=False  is_very_late=False  is_total_war=False
[MODES]
   domination=-0.472  is_behind=True  is_ahead=False  is_dominating=False  is_finishing=False  attack_margin_mult=0.95
[PLANETS]
   pid own ships prod    x      y    type fall_t keep_n first_en
     0  p0     6    3   93.1  81.8    S      -     0       -
     1  p0    15    3    6.9  81.8    S      -     0       -
     2  me   174    3   93.1  18.2    S      -     0       4
     3  me    47    3    6.9  18.2    S      1    47       1
     4  p0   118    2   91.4  96.5    S      -     0       -
     5  p0    12    2    8.6  96.5    S      -     0       -
     6  me    68    2   91.4   3.5    S      -    60      20
     7  me    74    2    8.6   3.5    S      8    74       8
     8  p0   130    2   58.0  98.0    S      -     0       -
     9  p0   257    2   42.0  98.0    S      -     0       -
    10  p0    85    2   58.0   2.0    S      -     0       -
    11  p0     3    2   42.0   2.0    S      -     0       -
    12  p0   109    2   51.3  81.5    O      -     0       -
    13  p0    10    2   18.5  51.3    O      -     0       -
    14  me     8    2   81.5  48.7    O      -     0       -
    15  p0     4    2   48.7  18.5    O      -     0       -
    16  p0    87    2   82.9  87.2    S      -     0       -
    17  p0   156    2   17.1  87.2    S      -     0       -
    18  me    36    2   82.9  12.8    S      -     8      11
    19  p0     2    2   17.1  12.8    S      -     0       -
    20  p0     8    2   39.0  85.8    O      -     0       -
    21  p0     4    2   15.3  63.8    O      -     0       -
    22  p0   142    2   84.7  36.2    O      -     0       -
    23  p0    47    2   61.0  14.2    O      -     0      26
    24  p0    58    4   62.9  83.0    O      -     0       -
    25  p0    86    4   16.0  39.9    O      -     0       -
    26  me     4    4   84.0  60.1    O      -     0       -
    27  p0    12    4   37.1  17.0    O      -     0       -
[POLICY]  attack_budget per source
   src=  2  budget=140
   src=  3  budget=0
   src=  6  budget=3
   src=  7  budget=0
   src= 14  budget=0
   src= 18  budget=0
   src= 26  budget=0
[MISSIONS]  N=9  (sorted by score desc)
   #0  single         score=   +77.87  src=[2]→tgt=  0  turns= 18  need=  61  cap=  72
   #1  single         score=   +60.81  src=[2]→tgt= 15  turns= 11  need=  27  cap=  32
   #2  single         score=   +57.73  src=[2]→tgt= 27  turns= 12  need=  61  cap=  70
   #3  single         score=   +32.07  src=[2]→tgt= 21  turns= 24  need=  53  cap=  56
   #4  single         score=   +27.04  src=[2]→tgt= 19  turns= 23  need=  44  cap=  60
   #5  single         score=   +21.92  src=[2]→tgt= 11  turns= 14  need=  40  cap=  85
   #6  reinforce      score=   +21.00  src=[3]→tgt=  7  turns=  8  need=   1  cap=  35
   #7  single         score=   +16.79  src=[2]→tgt= 10  turns= 10  need= 106  cap= 117
   #8  single         score=   +14.18  src=[2]→tgt= 16  turns= 17  need= 122  cap= 133
[MOVES]  N=4
   src=  2  angle= +90.00°  ships=  72   tgt=0 (own=p0, ships=6, eta=18)
   src=  2  angle=+177.44°  ships=  32   tgt=23 (own=p0, ships=47, eta=8)
   src=  3  angle= -83.35°  ships=  35   tgt=7 (own=me, ships=74, eta=4)
   src=  2  angle=+108.44°  ships=  22   tgt=14 (own=me, ships=8, eta=19)

===== TURN 239  player=1  ts=2026-05-01 11:10:37  planets=28  fleets=45  =====
[GLOBAL]
   my_total=1141  enemy_total=3219  my_prod=15  enemy_prod=53
   my_planets=6  enemy_planets=22  neutral=0  4p=False
   step=239  remaining=261  is_early=False  is_opening=False  is_late=False  is_very_late=False  is_total_war=False
[MODES]
   domination=-0.477  is_behind=True  is_ahead=False  is_dominating=False  is_finishing=False  attack_margin_mult=0.95
[PLANETS]
   pid own ships prod    x      y    type fall_t keep_n first_en
     0  p0     9    3   93.1  81.8    S      -     0       -
     1  p0    18    3    6.9  81.8    S      -     0       -
     2  me    51    3   93.1  18.2    S      -     0       3
     3  p0   134    3    6.9  18.2    S      -     0       -
     4  p0   120    2   91.4  96.5    S      -     0       -
     5  p0    14    2    8.6  96.5    S      -     0       -
     6  me    96    2   91.4   3.5    S      -    88      19
     7  me    76    2    8.6   3.5    S      -    42       7
     8  p0   132    2   58.0  98.0    S      -     0       -
     9  p0   259    2   42.0  98.0    S      -     0       -
    10  p0    69    2   58.0   2.0    S      -     0       -
    11  p0     5    2   42.0   2.0    S      -     0       -
    12  p0   111    2   50.3  81.5    O      -     0       -
    13  p0    12    2   18.5  50.3    O      -     0       -
    14  me    10    2   81.5  49.7    O      -     0       -
    15  p0     6    2   49.7  18.5    O      -     0       -
    16  p0    89    2   82.9  87.2    S      -     0       -
    17  p0   158    2   17.1  87.2    S      -     0       -
    18  me    58    2   82.9  12.8    S     10    58       6
    19  p0     4    2   17.1  12.8    S      -     0       -
    20  p0    10    2   38.0  85.4    O      -     0       -
    21  p0     6    2   14.9  62.8    O      -     0       -
    22  p0   140    2   85.1  37.2    O      -     0       -
    23  p0     2    2   62.0  14.6    O      -     0      25
    24  p0    62    4   61.9  83.4    O      -     0       -
    25  p0    90    4   16.3  38.9    O      -     0       -
    26  me     8    4   83.7  61.1    O      -     0       -
    27  p0    16    4   38.1  16.6    O      -     0       -
[POLICY]  attack_budget per source
   src=  2  budget=18
   src=  6  budget=8
   src=  7  budget=34
   src= 14  budget=0
   src= 18  budget=0
   src= 26  budget=0
[MISSIONS]  N=3  (sorted by score desc)
   #0  single         score=   +78.70  src=[7]→tgt= 19  turns=  4  need=  13  cap=  24
   #1  reinforce      score=   +32.64  src=[2]→tgt= 18  turns= 10  need=  19  cap=  21
   #2  reinforce      score=   +32.64  src=[6]→tgt= 18  turns= 10  need=  19  cap=  21
[MOVES]  N=3
   src=  7  angle= +47.76°  ships=  24   tgt=19 (own=p0, ships=4, eta=4)
   src=  2  angle=-152.12°  ships=  21   tgt=18 (own=me, ships=58, eta=4)
   src=  6  angle=+132.24°  ships=   3   tgt=18 (own=me, ships=58, eta=7)

===== TURN 240  player=1  ts=2026-05-01 11:10:37  planets=28  fleets=46  =====
[GLOBAL]
   my_total=1117  enemy_total=3233  my_prod=17  enemy_prod=51
   my_planets=7  enemy_planets=21  neutral=0  4p=False
   step=240  remaining=260  is_early=False  is_opening=False  is_late=False  is_very_late=False  is_total_war=False
[MODES]
   domination=-0.486  is_behind=True  is_ahead=False  is_dominating=False  is_finishing=False  attack_margin_mult=0.95
[PLANETS]
   pid own ships prod    x      y    type fall_t keep_n first_en
     0  p0    12    3   93.1  81.8    S      -     0       -
     1  p0    21    3    6.9  81.8    S      -     0       -
     2  me   272    3   93.1  18.2    S      -   187       2
     3  p0    53    3    6.9  18.2    S      -     0       -
     4  p0   122    2   91.4  96.5    S      -     0       -
     5  p0    16    2    8.6  96.5    S      -     0       -
     6  me    95    2   91.4   3.5    S      -    90      18
     7  me    54    2    8.6   3.5    S      6    54       3
     8  p0   134    2   58.0  98.0    S      -     0       -
     9  p0   261    2   42.0  98.0    S      -     0       -
    10  p0    71    2   58.0   2.0    S      -     0       -
    11  p0     7    2   42.0   2.0    S      -     0       -
    12  p0   113    2   49.4  81.5    O      -     0       -
    13  p0    14    2   18.5  49.4    O      -     0       -
    14  me    26    2   81.5  50.6    O      -     0       -
    15  p0     8    2   50.6  18.5    O      -     0       -
    16  p0    74    2   82.9  87.2    S      -     0       -
    17  p0   160    2   17.1  87.2    S      -     0       -
    18  me    60    2   82.9  12.8    S      -    55       5
    19  p0     6    2   17.1  12.8    S      -     0       7
    20  p0    12    2   36.9  85.0    O      -     0       -
    21  p0     8    2   14.5  61.8    O      -     0       -
    22  p0    39    2   85.5  38.2    O      -     0       -
    23  me    42    2   63.1  15.0    O      -     0       -
    24  p0    66    4   60.9  83.7    O      -     0       -
    25  p0    94    4   16.7  37.9    O      -     0       -
    26  me    12    4   83.3  62.1    O      -     0       -
    27  p0    20    4   39.1  16.3    O      -     0       -
[POLICY]  attack_budget per source
   src=  2  budget=85
   src=  6  budget=5
   src=  7  budget=0
   src= 14  budget=0
   src= 18  budget=5
   src= 23  budget=15
   src= 26  budget=0
[MISSIONS]  N=9  (sorted by score desc)
   #0  single         score=  +192.44  src=[18]→tgt= 15  turns= 12  need=   3  cap=   5
   #1  single         score=  +141.53  src=[2]→tgt=  0  turns= 22  need=  24  cap=  32
   #2  single         score=  +136.75  src=[23]→tgt= 15  turns=  3  need=  15  cap=  15
   #3  single         score=   +60.22  src=[2]→tgt= 15  turns= 11  need=  31  cap=  32
   #4  single         score=   +55.03  src=[2]→tgt= 27  turns= 11  need=  65  cap=  74
   #5  single         score=   +49.47  src=[2]→tgt= 22  turns=  9  need=  36  cap=  41
   #6  single         score=   +27.74  src=[2]→tgt= 21  turns= 23  need=  55  cap=  67
   #7  single         score=   +21.76  src=[2]→tgt= 11  turns= 14  need=  74  cap=  85
   #8  single         score=   +12.98  src=[2]→tgt= 13  turns= 20  need=  55  cap=  68
[MOVES]  N=5
   src= 18  angle=+158.24°  ships=   5   tgt=23 (own=me, ships=42, eta=7)
   src=  2  angle= +90.00°  ships=  39   tgt=0 (own=p0, ships=12, eta=21)
   src= 23  angle=+156.44°  ships=  15   tgt=15 (own=p0, ships=8, eta=4)
   src=  2  angle=+100.99°  ships=  41   tgt=22 (own=p0, ships=39, eta=9)
   src=  7  angle= +84.44°  ships=  42   tgt=21 (own=p0, ships=8, eta=14)

===== TURN 241  player=1  ts=2026-05-01 11:10:37  planets=28  fleets=50  =====
[GLOBAL]
   my_total=1134  enemy_total=3284  my_prod=17  enemy_prod=51
   my_planets=7  enemy_planets=21  neutral=0  4p=False
   step=241  remaining=259  is_early=False  is_opening=False  is_late=False  is_very_late=False  is_total_war=False
[MODES]
   domination=-0.487  is_behind=True  is_ahead=False  is_dominating=False  is_finishing=False  attack_margin_mult=0.95
[PLANETS]
   pid own ships prod    x      y    type fall_t keep_n first_en
     0  p0    15    3   93.1  81.8    S      -     0       -
     1  p0    24    3    6.9  81.8    S      -     0       -
     2  me   195    3   93.1  18.2    S      -   190       1
     3  p0    26    3    6.9  18.2    S      -     0       -
     4  p0   124    2   91.4  96.5    S      -     0       -
     5  p0    18    2    8.6  96.5    S      -     0       -
     6  me    97    2   91.4   3.5    S      -    92      17
     7  me    14    2    8.6   3.5    S      2    14       2
     8  p0   136    2   58.0  98.0    S      -     0       -
     9  p0   263    2   42.0  98.0    S      -     0       -
    10  p0    73    2   58.0   2.0    S      -     0       -
    11  p0     9    2   42.0   2.0    S      -     0       -
    12  p0   132    2   48.5  81.5    O      -     0       -
    13  p0    16    2   18.5  48.5    O      -     0       -
    14  me    28    2   81.5  51.5    O      -     0       -
    15  p0    10    2   51.5  18.5    O      -     0       -
    16  p0    76    2   82.9  87.2    S      -     0       -
    17  p0   162    2   17.1  87.2    S      -     0       -
    18  me    60    2   82.9  12.8    S      -    60       4
    19  p0     8    2   17.1  12.8    S      -     0       -
    20  p0    14    2   35.9  84.6    O      -     0       -
    21  p0    10    2   14.2  60.7    O      -     0       -
    22  p0    41    2   85.8  39.3    O      -     0       -
    23  me    29    2   64.1  15.4    O      -     0       -
    24  p0    70    4   59.9  84.1    O      -     0       -
    25  p0    98    4   17.1  36.9    O      -     0       -
    26  me    16    4   82.9  63.1    O      -     0       -
    27  p0    24    4   40.1  15.9    O      -     0       -
[POLICY]  attack_budget per source
   src=  2  budget=5
   src=  6  budget=5
   src=  7  budget=0
   src= 14  budget=0
   src= 18  budget=0
   src= 23  budget=2
   src= 26  budget=0
[MISSIONS]  N=0  (sorted by score desc)
   (none)
[MOVES]  N=0

===== TURN 242  player=1  ts=2026-05-01 11:10:38  planets=28  fleets=46  =====
[GLOBAL]
   my_total=968  enemy_total=3152  my_prod=17  enemy_prod=51
   my_planets=7  enemy_planets=21  neutral=0  4p=False
   step=242  remaining=258  is_early=False  is_opening=False  is_late=False  is_very_late=False  is_total_war=False
[MODES]
   domination=-0.530  is_behind=True  is_ahead=False  is_dominating=False  is_finishing=False  attack_margin_mult=0.95
[PLANETS]
   pid own ships prod    x      y    type fall_t keep_n first_en
     0  p0    18    3   93.1  81.8    S      -     0       -
     1  p0    27    3    6.9  81.8    S      -     0       -
     2  me    75    3   93.1  18.2    S      -    70      10
     3  p0    29    3    6.9  18.2    S      -     0       -
     4  p0   126    2   91.4  96.5    S      -     0       -
     5  p0    20    2    8.6  96.5    S      -     0       -
     6  me    99    2   91.4   3.5    S      -    94      16
     7  me    51    2    8.6   3.5    S      1    51       1
     8  p0   138    2   58.0  98.0    S      -     0       -
     9  p0   265    2   42.0  98.0    S      -     0       -
    10  p0    75    2   58.0   2.0    S      -     0       -
    11  p0    42    2   42.0   2.0    S      -     0       -
    12  p0   134    2   47.5  81.4    O      -     0       -
    13  p0     7    2   18.6  47.5    O      -     0       -
    14  me    30    2   81.4  52.5    O      -     0       -
    15  p0    12    2   52.5  18.6    O      -     0       -
    16  p0    54    2   82.9  87.2    S      -     0       -
    17  p0   164    2   17.1  87.2    S      -     0       -
    18  me    62    2   82.9  12.8    S      -    62       3
    19  p0    10    2   17.1  12.8    S      -     0       -
    20  p0    16    2   34.9  84.2    O      -     0       -
    21  p0    12    2   13.9  59.6    O      -     0       -
    22  p0    43    2   86.1  40.4    O      -     0       -
    23  me    31    2   65.1  15.8    O      -    14       2
    24  p0    74    4   58.9  84.3    O      -     0       -
    25  p0   264    4   17.5  35.9    O      -     0       -
    26  me    20    4   82.5  64.1    O      -     0       -
    27  p0    28    4   41.1  15.7    O      -     0       -
[POLICY]  attack_budget per source
   src=  2  budget=5
   src=  6  budget=5
   src=  7  budget=0
   src= 14  budget=0
   src= 18  budget=0
   src= 23  budget=0
   src= 26  budget=0
[MISSIONS]  N=0  (sorted by score desc)
   (none)
[MOVES]  N=1
   src=  7  angle= +47.76°  ships=  33   tgt=19 (own=p0, ships=10, eta=4)

===== TURN 243  player=1  ts=2026-05-01 11:10:38  planets=28  fleets=45  =====
[GLOBAL]
   my_total=941  enemy_total=3159  my_prod=15  enemy_prod=53
   my_planets=6  enemy_planets=22  neutral=0  4p=False
   step=243  remaining=257  is_early=False  is_opening=False  is_late=False  is_very_late=False  is_total_war=False
[MODES]
   domination=-0.541  is_behind=True  is_ahead=False  is_dominating=False  is_finishing=False  attack_margin_mult=0.95
[PLANETS]
   pid own ships prod    x      y    type fall_t keep_n first_en
     0  p0    38    3   93.1  81.8    S      -     0       -
     1  p0    30    3    6.9  81.8    S      -     0       -
     2  me    78    3   93.1  18.2    S      -    73       9
     3  p0    71    3    6.9  18.2    S      -     0       -
     4  p0   128    2   91.4  96.5    S      -     0       -
     5  p0    22    2    8.6  96.5    S      -     0       -
     6  me   101    2   91.4   3.5    S      -    96      15
     7  p0    64    2    8.6   3.5    S      -     0       -
     8  p0   140    2   58.0  98.0    S      -     0       -
     9  p0   237    2   42.0  98.0    S      -     0       -
    10  p0    77    2   58.0   2.0    S      -     0       -
    11  p0    27    2   42.0   2.0    S      -     0       -
    12  p0   136    2   46.6  81.3    O      -     0       -
    13  p0     9    2   18.7  46.6    O      -     0       -
    14  me    32    2   81.3  53.4    O      -     0       -
    15  p0    14    2   53.4  18.7    O      -     0       -
    16  p0    56    2   82.9  87.2    S      -     0       -
    17  p0   166    2   17.1  87.2    S      -     0       -
    18  me    85    2   82.9  12.8    S     16    85       2
    19  p0    18    2   17.1  12.8    S      -     0       4
    20  p0    17    2   33.8  83.7    O      -     0       -
    21  p0    14    2   13.6  58.6    O      -     0       -
    22  p0    45    2   86.4  41.4    O      -     0       -
    23  me    33    2   66.2  16.3    O      3    33       1
    24  p0    78    4   57.8  84.6    O      -     0       -
    25  p0     4    4   17.9  35.0    O      -     0       -
    26  me    24    4   82.1  65.0    O      4    24       4
    27  p0    32    4   42.2  15.4    O      -     0       -
[POLICY]  attack_budget per source
   src=  2  budget=5
   src=  6  budget=5
   src= 14  budget=0
   src= 18  budget=0
   src= 23  budget=0
   src= 26  budget=0
[MISSIONS]  N=4  (sorted by score desc)
   #0  reinforce      score=  +110.77  src=[2]→tgt= 18  turns= 16  need=   1  cap=   3
   #1  reinforce      score=  +104.76  src=[6]→tgt= 18  turns= 16  need=   1  cap=   3
   #2  reinforce      score=   +86.07  src=[23]→tgt= 18  turns= 16  need=   1  cap=   3
   #3  reinforce      score=   +22.34  src=[14]→tgt= 18  turns= 16  need=   1  cap=  24
[MOVES]  N=5
   src=  2  angle=-152.12°  ships=   3   tgt=18 (own=me, ships=85, eta=6)
   src=  6  angle=+132.24°  ships=   3   tgt=18 (own=me, ships=85, eta=7)
   src= 23  angle= -11.54°  ships=   3   tgt=18 (own=me, ships=85, eta=11)
   src= 14  angle= -87.74°  ships=  24   tgt=18 (own=me, ships=85, eta=15)
   src= 26  angle= -97.68°  ships=  24   tgt=14 (own=me, ships=32, eta=3)

===== TURN 244  player=1  ts=2026-05-01 11:10:38  planets=28  fleets=41  =====
[GLOBAL]
   my_total=893  enemy_total=3149  my_prod=15  enemy_prod=53
   my_planets=6  enemy_planets=22  neutral=0  4p=False
   step=244  remaining=256  is_early=False  is_opening=False  is_late=False  is_very_late=False  is_total_war=False
[MODES]
   domination=-0.558  is_behind=True  is_ahead=False  is_dominating=False  is_finishing=False  attack_margin_mult=0.95
[PLANETS]
   pid own ships prod    x      y    type fall_t keep_n first_en
     0  p0    65    3   93.1  81.8    S      -     0       -
     1  p0    33    3    6.9  81.8    S      -     0       -
     2  me    78    3   93.1  18.2    S      -    76       8
     3  p0    53    3    6.9  18.2    S      -     0       -
     4  p0   130    2   91.4  96.5    S      -     0       -
     5  p0    24    2    8.6  96.5    S      -     0       -
     6  me   103    2   91.4   3.5    S      -   101      14
     7  p0    62    2    8.6   3.5    S      -     0       -
     8  p0   142    2   58.0  98.0    S      -     0       -
     9  p0   239    2   42.0  98.0    S      -     0       -
    10  p0    79    2   58.0   2.0    S      -     0       -
    11  p0     6    2   42.0   2.0    S      -     0       -
    12  p0   138    2   45.7  81.2    O      -     0       -
    13  p0    11    2   18.8  45.7    O      -     0       -
    14  me    10    2   81.2  54.3    O      -     0       -
    15  p0     1    2   54.3  18.8    O      -     0       -
    16  p0    58    2   82.9  87.2    S      -     0       -
    17  p0   168    2   17.1  87.2    S      -     0       -
    18  me   106    2   82.9  12.8    S      -   103       1
    19  p0    17    2   17.1  12.8    S      3     0       3
    20  p0    31    2   32.9  83.2    O      -     0       -
    21  p0    16    2   13.3  57.5    O      -     0       -
    22  p0    47    2   86.7  42.5    O      -     0       -
    23  me    14    2   67.1  16.8    O      2    14       2
    24  p0   307    4   56.8  84.8    O      -     0       -
    25  p0     8    4   18.4  34.0    O      -     0       -
    26  me     4    4   81.6  66.0    O      2     4       2
    27  p0    36    4   43.2  15.2    O      -     0       -
[POLICY]  attack_budget per source
   src=  2  budget=2
   src=  6  budget=2
   src= 14  budget=0
   src= 18  budget=3
   src= 23  budget=0
   src= 26  budget=0
[MISSIONS]  N=0  (sorted by score desc)
   (none)
[MOVES]  N=1
   src= 23  angle=+163.24°  ships=  14   tgt=15 (own=p0, ships=1, eta=4)

===== TURN 245  player=1  ts=2026-05-01 11:10:38  planets=28  fleets=43  =====
[GLOBAL]
   my_total=861  enemy_total=3155  my_prod=15  enemy_prod=53
   my_planets=6  enemy_planets=22  neutral=0  4p=False
   step=245  remaining=255  is_early=False  is_opening=False  is_late=False  is_very_late=False  is_total_war=False
[MODES]
   domination=-0.571  is_behind=True  is_ahead=False  is_dominating=False  is_finishing=False  attack_margin_mult=0.95
[PLANETS]
   pid own ships prod    x      y    type fall_t keep_n first_en
     0  p0    68    3   93.1  81.8    S      -     0       -
     1  p0    36    3    6.9  81.8    S      -     0       -
     2  me    81    3   93.1  18.2    S     17    81       7
     3  p0    56    3    6.9  18.2    S      -     0       -
     4  p0   132    2   91.4  96.5    S      -     0       -
     5  p0    26    2    8.6  96.5    S      -     0       -
     6  me   105    2   91.4   3.5    S      -   103      13
     7  p0    64    2    8.6   3.5    S      -     0       -
     8  p0   144    2   58.0  98.0    S      -     0       -
     9  p0   241    2   42.0  98.0    S      -     0       -
    10  p0    81    2   58.0   2.0    S      -     0       -
    11  p0     8    2   42.0   2.0    S      -     0       -
    12  p0   140    2   44.8  81.1    O      -     0       -
    13  p0    13    2   18.9  44.8    O      -     0       -
    14  me    12    2   81.1  55.2    O      -     0       -
    15  p0     3    2   55.2  18.9    O      -     0       -
    16  p0    60    2   82.9  87.2    S      -     0       -
    17  p0     2    2   17.1  87.2    S      -     0       -
    18  me    61    2   82.9  12.8    S      -    58       4
    19  p0    19    2   17.1  12.8    S      2     0       2
    20  p0    33    2   31.9  82.7    O      -     0       -
    21  p0    29    2   13.1  56.4    O      -     0       -
    22  p0    49    2   86.9  43.6    O      -     0       -
    23  me     2    2   68.1  17.3    O      1     2       1
    24  p0   130    4   55.8  85.0    O      -     0       -
    25  p0    12    4   18.8  33.1    O      -     0       -
    26  me     8    4   81.2  66.9    O      1     8       1
    27  p0    40    4   44.2  15.0    O      -     0       -
[POLICY]  attack_budget per source
   src=  2  budget=0
   src=  6  budget=2
   src= 14  budget=0
   src= 18  budget=3
   src= 23  budget=0
   src= 26  budget=0
[MISSIONS]  N=0  (sorted by score desc)
   (none)
[MOVES]  N=2
   src=  2  angle= +90.00°  ships=  69   tgt=0 (own=p0, ships=68, eta=18)
   src= 26  angle= -94.29°  ships=   8   tgt=14 (own=me, ships=12, eta=3)

===== TURN 246  player=1  ts=2026-05-01 11:10:38  planets=28  fleets=38  =====
[GLOBAL]
   my_total=815  enemy_total=3147  my_prod=11  enemy_prod=57
   my_planets=5  enemy_planets=23  neutral=0  4p=False
   step=246  remaining=254  is_early=False  is_opening=False  is_late=False  is_very_late=False  is_total_war=False
[MODES]
   domination=-0.589  is_behind=True  is_ahead=False  is_dominating=False  is_finishing=False  attack_margin_mult=0.95
[PLANETS]
   pid own ships prod    x      y    type fall_t keep_n first_en
     0  p0    71    3   93.1  81.8    S      -     0       -
     1  p0    39    3    6.9  81.8    S      -     0       -
     2  me    15    3   93.1  18.2    S      6    15       6
     3  p0    59    3    6.9  18.2    S      -     0       -
     4  p0   134    2   91.4  96.5    S      -     0       -
     5  p0    28    2    8.6  96.5    S      -     0       -
     6  me   107    2   91.4   3.5    S     24   107      12
     7  p0   161    2    8.6   3.5    S      -     0       -
     8  p0   146    2   58.0  98.0    S      -     0       -
     9  p0    85    2   42.0  98.0    S      -     0       -
    10  p0    83    2   58.0   2.0    S      -     0       -
    11  p0    10    2   42.0   2.0    S      -     0       -
    12  p0   142    2   43.8  80.9    O      -     0       -
    13  p0    15    2   19.1  43.8    O      -     0       -
    14  me    38    2   80.9  56.2    O      -     0       -
    15  p0     5    2   56.2  19.1    O      -     0       -
    16  p0    62    2   82.9  87.2    S      -     0       -
    17  p0     4    2   17.1  87.2    S      -     0       -
    18  me   138    2   82.9  12.8    S      -   135       3
    19  me    12    2   17.1  12.8    S      1    12       1
    20  p0    35    2   30.9  82.2    O      -     0       -
    21  p0    31    2   13.0  55.3    O      -     0       -
    22  p0    51    2   87.0  44.7    O      -     0       -
    23  p0    67    2   69.1  17.8    O      -     0       -
    24  p0   134    4   54.7  85.1    O      -     0       -
    25  p0    16    4   19.4  32.2    O      -     0       -
    26  p0    48    4   80.6  67.8    O      -     0       -
    27  p0    44    4   45.3  14.9    O      -     0       -
[POLICY]  attack_budget per source
   src=  2  budget=0
   src=  6  budget=0
   src= 14  budget=0
   src= 18  budget=3
   src= 19  budget=0
[MISSIONS]  N=0  (sorted by score desc)
   (none)
[MOVES]  N=2
   src=  2  angle=+114.09°  ships=  15   tgt=14 (own=me, ships=38, eta=27)
   src=  6  angle=+165.15°  ships=  61   tgt=25 (own=p0, ships=16, eta=18)

===== TURN 247  player=1  ts=2026-05-01 11:10:38  planets=28  fleets=36  =====
[GLOBAL]
   my_total=784  enemy_total=3162  my_prod=9  enemy_prod=59
   my_planets=4  enemy_planets=24  neutral=0  4p=False
   step=247  remaining=253  is_early=False  is_opening=False  is_late=False  is_very_late=False  is_total_war=False
[MODES]
   domination=-0.603  is_behind=True  is_ahead=False  is_dominating=False  is_finishing=False  attack_margin_mult=0.95
[PLANETS]
   pid own ships prod    x      y    type fall_t keep_n first_en
     0  p0    74    3   93.1  81.8    S      -     0       -
     1  p0    42    3    6.9  81.8    S      -     0       -
     2  me     3    3   93.1  18.2    S      5     3       5
     3  p0    62    3    6.9  18.2    S      -     0       -
     4  p0   136    2   91.4  96.5    S      -     0       -
     5  p0    30    2    8.6  96.5    S      -     0       -
     6  me    48    2   91.4   3.5    S     11    48      11
     7  p0   163    2    8.6   3.5    S      -     0       -
     8  p0   148    2   58.0  98.0    S      -     0       -
     9  p0    87    2   42.0  98.0    S      -     0       -
    10  p0    85    2   58.0   2.0    S      -     0       -
    11  p0    12    2   42.0   2.0    S      -     0       -
    12  p0   144    2   42.9  80.7    O      -     0       -
    13  p0    17    2   19.3  42.9    O      -     0       -
    14  me    40    2   80.7  57.1    O      2    40       2
    15  p0     7    2   57.1  19.3    O      2     0       2
    16  p0     3    2   82.9  87.2    S      -     0       -
    17  p0     6    2   17.1  87.2    S      -     0       -
    18  me   162    2   82.9  12.8    S      -   159       2
    19  p0     5    2   17.1  12.8    S      -     0       -
    20  p0    37    2   30.0  81.6    O      -     0       -
    21  p0    33    2   12.8  54.2    O      -     0       -
    22  p0    53    2   87.2  45.8    O      -     0       -
    23  p0    22    2   70.0  18.4    O      -     0       -
    24  p0   138    4   53.7  85.3    O      -     0       -
    25  p0    20    4   19.9  31.3    O      -     0       -
    26  p0    52    4   80.1  68.7    O      -     0       -
    27  p0    48    4   46.3  14.7    O      -     0       -
[POLICY]  attack_budget per source
   src=  2  budget=0
   src=  6  budget=0
   src= 14  budget=0
   src= 18  budget=3
[MISSIONS]  N=0  (sorted by score desc)
   (none)
[MOVES]  N=2
   src=  6  angle= +88.74°  ships=  48   tgt=2 (own=me, ships=3, eta=4)
   src= 14  angle= +85.78°  ships=  33   tgt=16 (own=p0, ships=3, eta=10)

===== TURN 248  player=1  ts=2026-05-01 11:10:38  planets=28  fleets=36  =====
[GLOBAL]
   my_total=784  enemy_total=3212  my_prod=11  enemy_prod=57
   my_planets=5  enemy_planets=23  neutral=0  4p=False
   step=248  remaining=252  is_early=False  is_opening=False  is_late=False  is_very_late=False  is_total_war=False
[MODES]
   domination=-0.608  is_behind=True  is_ahead=False  is_dominating=False  is_finishing=False  attack_margin_mult=0.95
[PLANETS]
   pid own ships prod    x      y    type fall_t keep_n first_en
     0  p0    77    3   93.1  81.8    S      -     0       -
     1  p0    45    3    6.9  81.8    S      -     0       -
     2  me     6    3   93.1  18.2    S      4     6       4
     3  p0    65    3    6.9  18.2    S      -     0       -
     4  p0   138    2   91.4  96.5    S      -     0       -
     5  p0    32    2    8.6  96.5    S      -     0       -
     6  me     2    2   91.4   3.5    S     10     2      10
     7  p0   165    2    8.6   3.5    S      -     0       -
     8  p0   150    2   58.0  98.0    S      -     0       -
     9  p0    89    2   42.0  98.0    S      -     0       -
    10  p0    87    2   58.0   2.0    S      -     0       -
    11  p0    14    2   42.0   2.0    S      -     0       -
    12  p0   146    2   42.0  80.5    O      -     0       -
    13  p0    19    2   19.5  42.0    O      -     0       -
    14  me    17    2   80.5  58.0    O      1    17       1
    15  me     5    2   58.0  19.5    O      1     5       1
    16  p0     5    2   82.9  87.2    S      -     0       -
    17  p0     8    2   17.1  87.2    S      -     0       -
    18  me   164    2   82.9  12.8    S      -   161       1
    19  p0     7    2   17.1  12.8    S      -     0       -
    20  p0    39    2   29.0  81.0    O      -     0       -
    21  p0    35    2   12.7  53.1    O      -     0       -
    22  p0    55    2   87.3  46.9    O      -     0       -
    23  p0    24    2   71.0  19.0    O      -     0       -
    24  p0   142    4   52.6  85.4    O      -     0       -
    25  p0    24    4   20.5  30.4    O      -     0       -
    26  p0    56    4   79.5  69.6    O      -     0       -
    27  p0    52    4   47.4  14.6    O      -     0       -
[POLICY]  attack_budget per source
   src=  2  budget=0
   src=  6  budget=0
   src= 14  budget=0
   src= 15  budget=0
   src= 18  budget=3
[MISSIONS]  N=0  (sorted by score desc)
   (none)
[MOVES]  N=1
   src= 14  angle=-108.44°  ships=  17   tgt=15 (own=me, ships=5, eta=14)

===== TURN 249  player=1  ts=2026-05-01 11:10:38  planets=28  fleets=31  =====
[GLOBAL]
   my_total=549  enemy_total=3023  my_prod=7  enemy_prod=61
   my_planets=3  enemy_planets=25  neutral=0  4p=False
   step=249  remaining=251  is_early=False  is_opening=False  is_late=False  is_very_late=False  is_total_war=False
[MODES]
   domination=-0.693  is_behind=True  is_ahead=False  is_dominating=False  is_finishing=False  attack_margin_mult=0.95
[PLANETS]
   pid own ships prod    x      y    type fall_t keep_n first_en
     0  p0   126    3   93.1  81.8    S      -     0       -
     1  p0    48    3    6.9  81.8    S      -     0       -
     2  me     9    3   93.1  18.2    S      3     9       3
     3  p0    68    3    6.9  18.2    S      -     0       -
     4  p0   140    2   91.4  96.5    S      -     0       -
     5  p0    34    2    8.6  96.5    S      -     0       -
     6  me     4    2   91.4   3.5    S      9     4       9
     7  p0   167    2    8.6   3.5    S      -     0       -
     8  p0   152    2   58.0  98.0    S      -     0       -
     9  p0    91    2   42.0  98.0    S      -     0       -
    10  p0    89    2   58.0   2.0    S      -     0       -
    11  p0    16    2   42.0   2.0    S      -     0       -
    12  p0   148    2   41.1  80.2    O      -     0       -
    13  p0    21    2   19.8  41.1    O      -     0       -
    14  p0   326    2   80.2  58.9    O      -     0       -
    15  p0     5    2   58.9  19.8    O      -     0       -
    16  p0     7    2   82.9  87.2    S      -     0       -
    17  p0    10    2   17.1  87.2    S      -     0       -
    18  me     3    2   82.9  12.8    S      -     0       3
    19  p0     9    2   17.1  12.8    S      -     0       -
    20  p0    41    2   28.1  80.3    O      -     0       -
    21  p0    37    2   12.6  52.0    O      -     0       -
    22  p0    16    2   87.4  48.0    O      -     0       -
    23  p0    26    2   71.9  19.7    O      -     0       -
    24  p0   146    4   51.6  85.4    O      -     0       -
    25  p0    28    4   21.1  29.5    O      -     0       -
    26  p0    60    4   78.9  70.5    O      -     0       -
    27  p0    56    4   48.4  14.6    O      -     0       -
[POLICY]  attack_budget per source
   src=  2  budget=0
   src=  6  budget=0
   src= 18  budget=0
[MISSIONS]  N=0  (sorted by score desc)
   (none)
[MOVES]  N=1
   src=  2  angle=-152.12°  ships=   9   tgt=18 (own=me, ships=3, eta=5)

===== TURN 250  player=1  ts=2026-05-01 11:10:38  planets=32  fleets=32  =====
[GLOBAL]
   my_total=556  enemy_total=3084  my_prod=7  enemy_prod=61
   my_planets=3  enemy_planets=25  neutral=4  4p=False
   step=250  remaining=250  is_early=False  is_opening=False  is_late=False  is_very_late=False  is_total_war=False
[MODES]
   domination=-0.695  is_behind=True  is_ahead=False  is_dominating=False  is_finishing=False  attack_margin_mult=0.95
[PLANETS]
   pid own ships prod    x      y    type fall_t keep_n first_en
     0  p0   129    3   93.1  81.8    S      -     0       -
     1  p0    51    3    6.9  81.8    S      -     0       -
     2  me     3    3   93.1  18.2    S      2     3       2
     3  p0    71    3    6.9  18.2    S      -     0       -
     4  p0   125    2   91.4  96.5    S      -     0       -
     5  p0    36    2    8.6  96.5    S      -     0       -
     6  me     6    2   91.4   3.5    S      8     6       8
     7  p0   169    2    8.6   3.5    S      -     0       -
     8  p0   154    2   58.0  98.0    S      -     0       -
     9  p0    93    2   42.0  98.0    S      -     0       -
    10  p0    91    2   58.0   2.0    S      -     0       -
    11  p0    18    2   42.0   2.0    S      -     0       -
    12  p0   150    2   40.2  80.0    O      -     0       -
    13  p0    23    2   20.0  40.2    O      -     0       -
    14  p0   328    2   80.0  59.8    O      -     0       -
    15  p0     7    2   59.8  20.0    O      -     0       -
    16  p0     9    2   82.9  87.2    S      -     0       -
    17  p0    12    2   17.1  87.2    S      -     0       -
    18  me     8    2   82.9  12.8    S      -     0       2
    19  p0    11    2   17.1  12.8    S      -     0       -
    20  p0    43    2   27.2  79.7    O      -     0       -
    21  p0    39    2   12.6  50.9    O      -     0       -
    22  p0    18    2   87.4  49.1    O      -     0       -
    23  p0    28    2   72.8  20.3    O      -     0       -
    24  p0   150    4   50.5  85.5    O      -     0       -
    25  p0    32    4   21.7  28.7    O      -     0       -
    26  p0    64    4   78.3  71.3    O      -     0       -
    27  p0    60    4   49.5  14.5    O      -     0       -
    28   -     4    1   33.7  97.5    S      -     0       -
    29   -     4    1   66.3  97.5    S      -     0       -
    30   -     4    1   33.7   2.5    S      -     0       -
    31   -     4    1   66.3   2.5    S      -     0       -
[POLICY]  attack_budget per source
   src=  2  budget=0
   src=  6  budget=0
   src= 18  budget=0
[MISSIONS]  N=0  (sorted by score desc)
   (none)
[MOVES]  N=0

===== TURN 251  player=1  ts=2026-05-01 11:10:38  planets=32  fleets=31  =====
[GLOBAL]
   my_total=563  enemy_total=3145  my_prod=7  enemy_prod=61
   my_planets=3  enemy_planets=25  neutral=4  4p=False
   step=251  remaining=249  is_early=False  is_opening=False  is_late=False  is_very_late=False  is_total_war=False
[MODES]
   domination=-0.696  is_behind=True  is_ahead=False  is_dominating=False  is_finishing=False  attack_margin_mult=0.95
[PLANETS]
   pid own ships prod    x      y    type fall_t keep_n first_en
     0  p0   132    3   93.1  81.8    S      -     0       -
     1  p0    54    3    6.9  81.8    S      -     0       -
     2  me    54    3   93.1  18.2    S      1    54       1
     3  p0    74    3    6.9  18.2    S      -     0       -
     4  p0   127    2   91.4  96.5    S      -     0       -
     5  p0    38    2    8.6  96.5    S      -     0       -
     6  me     8    2   91.4   3.5    S      7     8       7
     7  p0   171    2    8.6   3.5    S      -     0       -
     8  p0   156    2   58.0  98.0    S      -     0       -
     9  p0    95    2   42.0  98.0    S      -     0       -
    10  p0    93    2   58.0   2.0    S      -     0       -
    11  p0   284    2   42.0   2.0    S      -     0       -
    12  p0   152    2   39.3  79.7    O      -     0       -
    13  p0    25    2   20.3  39.3    O      -     0       -
    14  p0     2    2   79.7  60.7    O      -     0       -
    15  p0     9    2   60.7  20.3    O      -     0       -
    16  p0    11    2   82.9  87.2    S      -     0       -
    17  p0    14    2   17.1  87.2    S      -     0       -
    18  me    10    2   82.9  12.8    S      3    10       1
    19  p0    13    2   17.1  12.8    S      -     0       -
    20  p0    45    2   26.4  79.0    O      -     0       -
    21  p0    41    2   12.6  49.8    O      -     0       -
    22  p0    20    2   87.4  50.2    O      -     0       -
    23  p0     3    2   73.6  21.0    O      -     0       -
    24  p0   322    4   49.5  85.5    O      -     0       -
    25  p0    36    4   22.3  27.8    O      -     0       -
    26  p0    68    4   77.7  72.2    O      -     0       -
    27  p0    64    4   50.5  14.5    O      -     0       -
    28   -     4    1   32.5  93.7    O      -     0       -
    29   -     4    1   67.5  93.7    O      -     0       -
    30   -     4    1   32.5   6.3    O      -     0       -
    31   -     4    1   67.5   6.3    O      -     0       -
[POLICY]  attack_budget per source
   src=  2  budget=0
   src=  6  budget=0
   src= 18  budget=0
[MISSIONS]  N=1  (sorted by score desc)
   #0  reinforce      score=   +16.93  src=[2]→tgt= 18  turns=  3  need=  14  cap=  40
[MOVES]  N=2
   src=  2  angle=-152.12°  ships=  40   tgt=18 (own=me, ships=10, eta=3)
   src=  6  angle=+137.23°  ships=   8   tgt=18 (own=me, ships=10, eta=6)

===== TURN 252  player=1  ts=2026-05-01 11:10:39  planets=32  fleets=33  =====
[GLOBAL]
   my_total=549  enemy_total=3185  my_prod=4  enemy_prod=64
   my_planets=2  enemy_planets=26  neutral=4  4p=False
   step=252  remaining=248  is_early=False  is_opening=False  is_late=False  is_very_late=False  is_total_war=False
[MODES]
   domination=-0.706  is_behind=True  is_ahead=False  is_dominating=False  is_finishing=False  attack_margin_mult=0.95
[PLANETS]
   pid own ships prod    x      y    type fall_t keep_n first_en
     0  p0   135    3   93.1  81.8    S      -     0       -
     1  p0    57    3    6.9  81.8    S      -     0       -
     2  p0    83    3   93.1  18.2    S      -     0       -
     3  p0    77    3    6.9  18.2    S      -     0       -
     4  p0   129    2   91.4  96.5    S      -     0       -
     5  p0    40    2    8.6  96.5    S      -     0       -
     6  me     2    2   91.4   3.5    S      6     2       6
     7  p0   173    2    8.6   3.5    S      -     0       -
     8  p0   153    2   58.0  98.0    S      -     0       -
     9  p0    97    2   42.0  98.0    S      -     0       -
    10  p0    95    2   58.0   2.0    S      -     0       -
    11  p0   281    2   42.0   2.0    S      -     0       -
    12  p0   154    2   38.5  79.3    O      -     0       -
    13  p0    27    2   20.7  38.5    O      -     0       -
    14  p0     4    2   79.3  61.5    O      -     0       -
    15  p0    11    2   61.5  20.7    O      -     0       -
    16  p0    28    2   82.9  87.2    S      -     0       -
    17  p0    16    2   17.1  87.2    S      -     0       -
    18  me     8    2   82.9  12.8    S      -     0       2
    19  p0    15    2   17.1  12.8    S      -     0       -
    20  p0    47    2   25.5  78.3    O      -     0       -
    21  p0    43    2   12.6  48.7    O      -     0       -
    22  p0    22    2   87.4  51.3    O      -     0       -
    23  p0     5    2   74.5  21.7    O      -     0       -
    24  p0   326    4   48.4  85.4    O      -     0       -
    25  p0    40    4   23.0  27.0    O      -     0       -
    26  p0    12    4   77.0  73.0    O      -     0       -
    27  p0    68    4   51.6  14.6    O      -     0       -
    28   -     4    1   31.5  89.8    O      -     0       -
    29   -     4    1   68.5  89.8    O      -     0       -
    30   -     4    1   31.5  10.2    O      -     0       -
    31   -     4    1   68.5  10.2    O      -     0       -
[POLICY]  attack_budget per source
   src=  6  budget=0
   src= 18  budget=0
[MISSIONS]  N=0  (sorted by score desc)
   (none)
[MOVES]  N=0

===== TURN 253  player=1  ts=2026-05-01 11:10:39  planets=32  fleets=31  =====
[GLOBAL]
   my_total=549  enemy_total=3249  my_prod=5  enemy_prod=64
   my_planets=3  enemy_planets=26  neutral=3  4p=False
   step=253  remaining=247  is_early=False  is_opening=False  is_late=False  is_very_late=False  is_total_war=False
[MODES]
   domination=-0.711  is_behind=True  is_ahead=False  is_dominating=False  is_finishing=False  attack_margin_mult=0.95
[PLANETS]
   pid own ships prod    x      y    type fall_t keep_n first_en
     0  p0   138    3   93.1  81.8    S      -     0       -
     1  p0    60    3    6.9  81.8    S      -     0       -
     2  p0    86    3   93.1  18.2    S      -     0       -
     3  p0   105    3    6.9  18.2    S      -     0       -
     4  p0   131    2   91.4  96.5    S      -     0       -
     5  p0    42    2    8.6  96.5    S      -     0       -
     6  me     4    2   91.4   3.5    S      5     4       5
     7  p0   175    2    8.6   3.5    S      -     0       -
     8  p0   155    2   58.0  98.0    S      -     0       -
     9  p0    99    2   42.0  98.0    S      -     0       -
    10  p0    97    2   58.0   2.0    S      -     0       -
    11  p0    32    2   42.0   2.0    S      -     0       -
    12  p0   156    2   37.6  79.0    O      -     0       -
    13  p0    29    2   21.0  37.6    O      -     0       -
    14  p0    66    2   79.0  62.4    O      -     0       -
    15  p0    13    2   62.4  21.0    O      -     0       -
    16  p0    30    2   82.9  87.2    S      -     0       -
    17  p0    18    2   17.1  87.2    S      -     0       -
    18  me    10    2   82.9  12.8    S      -     0       1
    19  p0    17    2   17.1  12.8    S      -     0       -
    20  p0    49    2   24.7  77.5    O      -     0       -
    21  p0    45    2   12.7  47.5    O      -     0       -
    22  p0    24    2   87.3  52.5    O      -     0       -
    23  p0     7    2   75.3  22.5    O      -     0       -
    24  p0   330    4   47.4  85.4    O      -     0       -
    25  p0    44    4   23.7  26.2    O      -     0       -
    26  p0    16    4   76.3  73.8    O      -     0       -
    27  p0    44    4   52.6  14.6    O      -     0       -
    28   -     4    1   30.6  85.9    O      -     0       -
    29   -     4    1   69.4  85.9    O      -     0       -
    30   -     4    1   30.6  14.1    O      -     0       -
    31  me    57    1   69.4  14.1    O      -    23       5
[POLICY]  attack_budget per source
   src=  6  budget=0
   src= 18  budget=0
   src= 31  budget=0
[MISSIONS]  N=0  (sorted by score desc)
   (none)
[MOVES]  N=0

===== TURN 254  player=1  ts=2026-05-01 11:10:39  planets=32  fleets=25  =====
[GLOBAL]
   my_total=485  enemy_total=3244  my_prod=5  enemy_prod=64
   my_planets=3  enemy_planets=26  neutral=3  4p=False
   step=254  remaining=246  is_early=False  is_opening=False  is_late=False  is_very_late=False  is_total_war=False
[MODES]
   domination=-0.740  is_behind=True  is_ahead=False  is_dominating=False  is_finishing=False  attack_margin_mult=0.95
[PLANETS]
   pid own ships prod    x      y    type fall_t keep_n first_en
     0  p0   158    3   93.1  81.8    S      -     0       -
     1  p0    63    3    6.9  81.8    S      -     0       -
     2  p0    89    3   93.1  18.2    S      -     0       -
     3  p0   108    3    6.9  18.2    S      -     0       -
     4  p0   133    2   91.4  96.5    S      -     0       -
     5  p0    44    2    8.6  96.5    S      -     0       -
     6  me     6    2   91.4   3.5    S      4     6       4
     7  p0   177    2    8.6   3.5    S      -     0       -
     8  p0   157    2   58.0  98.0    S      -     0       -
     9  p0   101    2   42.0  98.0    S      -     0       -
    10  p0    99    2   58.0   2.0    S      -     0       -
    11  p0    34    2   42.0   2.0    S      -     0       -
    12  p0   158    2   36.7  78.6    O      -     0       -
    13  p0    31    2   21.4  36.7    O      -     0       -
    14  p0    68    2   78.6  63.3    O      -     0       -
    15  p0    15    2   63.3  21.4    O      -     0       -
    16  p0    32    2   82.9  87.2    S      -     0       -
    17  p0    20    2   17.1  87.2    S      -     0       -
    18  me    37    2   82.9  12.8    S      -    31       5
    19  p0    19    2   17.1  12.8    S      -     0       -
    20  p0    51    2   23.9  76.8    O      -     0       -
    21  p0     5    2   12.8  46.4    O      -     0       -
    22  p0    26    2   87.2  53.6    O      -     0       -
    23  p0     9    2   76.1  23.2    O      -     0       -
    24  p0   334    4   46.3  85.3    O      -     0       -
    25  p0    48    4   24.4  25.5    O      -     0       -
    26  p0    20    4   75.6  74.5    O      -     0       -
    27  p0    48    4   53.7  14.7    O      -     0       -
    28   -     4    1   29.9  82.0    O      -     0       -
    29   -     4    1   70.1  82.0    O      -     0       -
    30   -     4    1   29.9  18.0    O      -     0       -
    31  me    58    1   70.1  18.0    O      -     0       -
[POLICY]  attack_budget per source
   src=  6  budget=0
   src= 18  budget=0
   src= 31  budget=0
[MISSIONS]  N=0  (sorted by score desc)
   (none)
[MOVES]  N=0

===== TURN 255  player=1  ts=2026-05-01 11:10:39  planets=32  fleets=23  =====
[GLOBAL]
   my_total=441  enemy_total=3259  my_prod=5  enemy_prod=64
   my_planets=3  enemy_planets=26  neutral=3  4p=False
   step=255  remaining=245  is_early=False  is_opening=False  is_late=False  is_very_late=False  is_total_war=False
[MODES]
   domination=-0.762  is_behind=True  is_ahead=False  is_dominating=False  is_finishing=False  attack_margin_mult=0.95
[PLANETS]
   pid own ships prod    x      y    type fall_t keep_n first_en
     0  p0   161    3   93.1  81.8    S      -     0       -
     1  p0    66    3    6.9  81.8    S      -     0       -
     2  p0    48    3   93.1  18.2    S      -     0       -
     3  p0   111    3    6.9  18.2    S      -     0       -
     4  p0   135    2   91.4  96.5    S      -     0       -
     5  p0    46    2    8.6  96.5    S      -     0       -
     6  me     8    2   91.4   3.5    S      3     8       3
     7  p0   179    2    8.6   3.5    S      -     0       -
     8  p0   159    2   58.0  98.0    S      -     0       -
     9  p0   104    2   42.0  98.0    S      -     0       -
    10  p0   101    2   58.0   2.0    S      -     0       -
    11  p0    36    2   42.0   2.0    S      -     0       -
    12  p0   160    2   35.9  78.2    O      -     0       -
    13  p0    33    2   21.8  35.9    O      -     0       -
    14  p0    70    2   78.2  64.1    O      -     0       -
    15  p0    17    2   64.1  21.8    O      -     0       -
    16  p0    34    2   82.9  87.2    S      -     0       -
    17  p0    22    2   17.1  87.2    S      -     0       -
    18  me    39    2   82.9  12.8    S      8    39       2
    19  p0    21    2   17.1  12.8    S      -     0       -
    20  p0     4    2   23.1  76.0    O      -     0       -
    21  p0     7    2   12.9  45.3    O      -     0       -
    22  p0    28    2   87.1  54.7    O      -     0       -
    23  p0    11    2   76.9  24.0    O      -     0       -
    24  p0   338    4   45.3  85.1    O      -     0       -
    25  p0    52    4   25.1  24.7    O      -     0       -
    26  p0    24    4   74.9  75.3    O      -     0       -
    27  p0   333    4   54.7  14.9    O      -     0       -
    28   -     4    1   29.3  78.0    O      -     0       -
    29   -     4    1   70.7  78.0    O      -     0       -
    30   -     4    1   29.3  22.0    O      -     0       -
    31  me    59    1   70.7  22.0    O      -     0       -
[POLICY]  attack_budget per source
   src=  6  budget=0
   src= 18  budget=0
   src= 31  budget=0
[MISSIONS]  N=1  (sorted by score desc)
   #0  reinforce      score=   +16.60  src=[31]→tgt= 18  turns=  8  need=  38  cap=  40
[MOVES]  N=2
   src= 31  angle= -36.94°  ships=  40   tgt=18 (own=me, ships=39, eta=5)
   src=  6  angle=+121.40°  ships=   5   tgt=? (no hit within horizon)

===== TURN 256  player=1  ts=2026-05-01 11:10:39  planets=32  fleets=26  =====
[GLOBAL]
   my_total=401  enemy_total=3274  my_prod=7  enemy_prod=63
   my_planets=3  enemy_planets=27  neutral=2  4p=False
   step=256  remaining=244  is_early=False  is_opening=False  is_late=False  is_very_late=False  is_total_war=False
[MODES]
   domination=-0.782  is_behind=True  is_ahead=False  is_dominating=False  is_finishing=False  attack_margin_mult=0.95
[PLANETS]
   pid own ships prod    x      y    type fall_t keep_n first_en
     0  me    69    3   93.1  81.8    S      -     0       -
     1  p0    69    3    6.9  81.8    S      -     0       -
     2  p0    51    3   93.1  18.2    S      -     0       -
     3  p0   114    3    6.9  18.2    S      -     0       -
     4  p0   137    2   91.4  96.5    S      -     0       -
     5  p0    48    2    8.6  96.5    S      -     0       -
     6  me     8    2   91.4   3.5    S      2     8       2
     7  p0   181    2    8.6   3.5    S      -     0       -
     8  p0   161    2   58.0  98.0    S      -     0       -
     9  p0   106    2   42.0  98.0    S      -     0       -
    10  p0     2    2   58.0   2.0    S      -     0       -
    11  p0    38    2   42.0   2.0    S      -     0       -
    12  p0   157    2   35.1  77.8    O      -     0       -
    13  p0    35    2   22.2  35.1    O      -     0       -
    14  p0    50    2   77.8  64.9    O      -     0       -
    15  p0    19    2   64.9  22.2    O      -     0       -
    16  p0    36    2   82.9  87.2    S      -     0       -
    17  p0    24    2   17.1  87.2    S      -     0       -
    18  me    41    2   82.9  12.8    S      -    34       1
    19  p0    23    2   17.1  12.8    S      -     0       -
    20  p0     6    2   22.3  75.2    O      -     0       -
    21  p0     9    2   13.0  44.2    O      -     0       -
    22  p0    30    2   87.0  55.8    O      -     0       -
    23  p0    13    2   77.7  24.8    O      -     0       -
    24  p0     4    4   44.3  85.0    O      -     0       -
    25  p0    56    4   25.9  24.0    O      -     0       -
    26  p0    23    4   74.1  76.0    O      -     0       -
    27  p0   332    4   55.7  15.0    O      -     0       -
    28   -     4    1   28.9  74.0    O      -     0       -
    29  p0     1    1   71.1  74.0    O      -     0       -
    30   -     4    1   28.9  26.0    O      -     0       -
    31  p0    11    1   71.1  26.0    O      -     0       -
[POLICY]  attack_budget per source
   src=  0  budget=6
   src=  6  budget=0
   src= 18  budget=0
[MISSIONS]  N=0  (sorted by score desc)
   (none)
[MOVES]  N=1
   src=  6  angle=+121.40°  ships=   5   tgt=? (no hit within horizon)

===== TURN 257  player=1  ts=2026-05-01 11:10:39  planets=32  fleets=23  =====
[GLOBAL]
   my_total=298  enemy_total=3227  my_prod=7  enemy_prod=63
   my_planets=3  enemy_planets=27  neutral=2  4p=False
   step=257  remaining=243  is_early=False  is_opening=False  is_late=False  is_very_late=False  is_total_war=False
[MODES]
   domination=-0.831  is_behind=True  is_ahead=False  is_dominating=False  is_finishing=False  attack_margin_mult=0.95
[PLANETS]
   pid own ships prod    x      y    type fall_t keep_n first_en
     0  me    72    3   93.1  81.8    S      -     0       -
     1  p0    72    3    6.9  81.8    S      -     0       -
     2  p0    54    3   93.1  18.2    S      -     0       -
     3  p0   117    3    6.9  18.2    S      -     0       -
     4  p0   139    2   91.4  96.5    S      -     0       -
     5  p0    50    2    8.6  96.5    S      -     0       -
     6  me     5    2   91.4   3.5    S      1     5       1
     7  p0   183    2    8.6   3.5    S      -     0       -
     8  p0   163    2   58.0  98.0    S      -     0       -
     9  p0   108    2   42.0  98.0    S      -     0       -
    10  p0     4    2   58.0   2.0    S      -     0       -
    11  p0    40    2   42.0   2.0    S      -     0       -
    12  p0   497    2   34.3  77.3    O      -     0       -
    13  p0     4    2   22.7  34.3    O      -     0       -
    14  p0    52    2   77.3  65.7    O      -     0       -
    15  p0    21    2   65.7  22.7    O      -     0       -
    16  p0     5    2   82.9  87.2    S      -     0       -
    17  p0    26    2   17.1  87.2    S      -     0       -
    18  me     7    2   82.9  12.8    S      7     7       2
    19  p0    25    2   17.1  12.8    S      -     0       -
    20  p0     8    2   21.6  74.4    O      -     0       -
    21  p0    11    2   13.2  43.1    O      -     0       -
    22  p0    32    2   86.8  56.9    O      -     0       -
    23  p0   330    2   78.4  25.6    O      -     0       -
    24  p0     8    4   43.2  84.8    O      -     0       -
    25  p0    60    4   26.7  23.3    O      -     0       -
    26  p0    27    4   73.3  76.7    O      -     0       -
    27  p0   296    4   56.8  15.2    O      -     0       -
    28   -     4    1   28.7  70.0    O      -     0       -
    29  p0     2    1   71.3  70.0    O      -     0       -
    30   -     4    1   28.7  30.0    O      -     0       -
    31  p0    12    1   71.3  30.0    O      -     0       -
[POLICY]  attack_budget per source
   src=  0  budget=0
   src=  6  budget=0
   src= 18  budget=0
[MISSIONS]  N=0  (sorted by score desc)
   (none)
[MOVES]  N=0

===== TURN 258  player=1  ts=2026-05-01 11:10:39  planets=32  fleets=26  =====
[GLOBAL]
   my_total=298  enemy_total=3283  my_prod=5  enemy_prod=65
   my_planets=2  enemy_planets=28  neutral=2  4p=False
   step=258  remaining=242  is_early=False  is_opening=False  is_late=False  is_very_late=False  is_total_war=False
[MODES]
   domination=-0.834  is_behind=True  is_ahead=False  is_dominating=False  is_finishing=False  attack_margin_mult=0.95
[PLANETS]
   pid own ships prod    x      y    type fall_t keep_n first_en
     0  me    75    3   93.1  81.8    S      -    55       8
     1  p0    75    3    6.9  81.8    S      -     0       -
     2  p0    57    3   93.1  18.2    S      -     0       -
     3  p0   120    3    6.9  18.2    S      -     0       -
     4  p0   141    2   91.4  96.5    S      -     0       -
     5  p0    52    2    8.6  96.5    S      -     0       -
     6  p0   125    2   91.4   3.5    S      -     0       -
     7  p0   185    2    8.6   3.5    S      -     0       -
     8  p0     2    2   58.0  98.0    S      -     0       -
     9  p0   110    2   42.0  98.0    S      -     0       -
    10  p0     6    2   58.0   2.0    S      -     0       -
    11  p0    42    2   42.0   2.0    S      -     0       -
    12  p0   443    2   33.5  76.8    O      -     0       -
    13  p0     6    2   23.2  33.5    O      -     0       -
    14  p0    54    2   76.8  66.5    O      -     0       -
    15  p0    23    2   66.5  23.2    O      -     0       -
    16  p0     7    2   82.9  87.2    S      -     0       -
    17  p0     2    2   17.1  87.2    S      -     0       -
    18  me    33    2   82.9  12.8    S      6    33       1
    19  p0    27    2   17.1  12.8    S      -     0       -
    20  p0    10    2   20.9  73.5    O      -     0       -
    21  p0    13    2   13.4  42.1    O      -     0       -
    22  p0    34    2   86.6  57.9    O      -     0       -
    23  p0   332    2   79.1  26.5    O      -     0       -
    24  p0    12    4   42.2  84.6    O      -     0       -
    25  p0    59    4   27.5  22.6    O      -     0       -
    26  p0    31    4   72.5  77.4    O      -     0       -
    27  p0   105    4   57.8  15.4    O      -     0       -
    28   -     4    1   28.7  66.0    O      -     0       -
    29  p0     3    1   71.3  66.0    O      -     0       -
    30   -     4    1   28.7  34.0    O      -     0       -
    31  p0    13    1   71.3  34.0    O      -     0       -
[POLICY]  attack_budget per source
   src=  0  budget=0
   src= 18  budget=0
[MISSIONS]  N=0  (sorted by score desc)
   (none)
[MOVES]  N=1
   src= 18  angle=-156.43°  ships=  33   tgt=10 (own=p0, ships=6, eta=9)

===== TURN 259  player=1  ts=2026-05-01 11:10:39  planets=32  fleets=26  =====
[GLOBAL]
   my_total=301  enemy_total=3346  my_prod=3  enemy_prod=67
   my_planets=1  enemy_planets=29  neutral=2  4p=False
   step=259  remaining=241  is_early=False  is_opening=False  is_late=False  is_very_late=False  is_total_war=False
[MODES]
   domination=-0.835  is_behind=True  is_ahead=False  is_dominating=False  is_finishing=False  attack_margin_mult=0.95
[PLANETS]
   pid own ships prod    x      y    type fall_t keep_n first_en
     0  me    78    3   93.1  81.8    S      -    34       7
     1  p0    78    3    6.9  81.8    S      -     0       -
     2  p0    60    3   93.1  18.2    S      -     0       -
     3  p0   123    3    6.9  18.2    S      -     0       -
     4  p0   143    2   91.4  96.5    S      -     0       -
     5  p0    54    2    8.6  96.5    S      -     0       -
     6  p0   127    2   91.4   3.5    S      -     0       -
     7  p0   187    2    8.6   3.5    S      -     0       -
     8  p0     4    2   58.0  98.0    S      -     0       -
     9  p0   112    2   42.0  98.0    S      -     0       -
    10  p0     8    2   58.0   2.0    S      -     0       -
    11  p0    44    2   42.0   2.0    S      -     0       -
    12  p0   445    2   32.7  76.3    O      -     0       -
    13  p0     8    2   23.7  32.7    O      -     0       -
    14  p0    56    2   76.3  67.3    O      -     0       -
    15  p0    25    2   67.3  23.7    O      -     0       -
    16  p0     9    2   82.9  87.2    S      -     0       -
    17  p0     4    2   17.1  87.2    S      -     0       -
    18  p0    15    2   82.9  12.8    S      4     0       2
    19  p0    29    2   17.1  12.8    S      -     0       -
    20  p0    12    2   20.2  72.6    O      -     0       -
    21  p0    15    2   13.7  41.0    O      -     0       -
    22  p0    36    2   86.3  59.0    O      -     0       -
    23  p0   334    2   79.8  27.4    O      -     0       -
    24  p0    16    4   41.2  84.3    O      -     0       -
    25  p0    63    4   28.3  21.9    O      -     0       -
    26  p0    35    4   71.7  78.1    O      -     0       -
    27  p0   109    4   58.8  15.7    O      -     0       -
    28   -     4    1   28.9  62.1    O      -     0       -
    29  p0     4    1   71.1  62.1    O      -     0       -
    30   -     4    1   28.9  37.9    O      -     0       -
    31  p0    14    1   71.1  37.9    O      -     0       -
[POLICY]  attack_budget per source
   src=  0  budget=0
[MISSIONS]  N=0  (sorted by score desc)
   (none)
[MOVES]  N=0

===== TURN 260  player=1  ts=2026-05-01 11:10:39  planets=32  fleets=24  =====
[GLOBAL]
   my_total=287  enemy_total=3396  my_prod=5  enemy_prod=65
   my_planets=2  enemy_planets=28  neutral=2  4p=False
   step=260  remaining=240  is_early=False  is_opening=False  is_late=False  is_very_late=False  is_total_war=False
[MODES]
   domination=-0.844  is_behind=True  is_ahead=False  is_dominating=False  is_finishing=False  attack_margin_mult=0.95
[PLANETS]
   pid own ships prod    x      y    type fall_t keep_n first_en
     0  me    81    3   93.1  81.8    S      -    37       6
     1  p0    81    3    6.9  81.8    S      -     0       -
     2  p0    63    3   93.1  18.2    S      -     0       -
     3  p0   126    3    6.9  18.2    S      -     0       -
     4  p0   145    2   91.4  96.5    S      -     0       -
     5  p0    56    2    8.6  96.5    S      -     0       -
     6  p0   129    2   91.4   3.5    S      -     0       -
     7  p0   189    2    8.6   3.5    S      -     0       -
     8  p0     6    2   58.0  98.0    S      -     0       -
     9  p0   114    2   42.0  98.0    S      -     0       -
    10  p0    10    2   58.0   2.0    S      -     0       -
    11  p0    46    2   42.0   2.0    S      -     0       -
    12  p0   447    2   31.9  75.8    O      -     0       -
    13  p0    10    2   24.2  31.9    O      -     0       -
    14  p0    58    2   75.8  68.1    O      -     0       -
    15  p0    27    2   68.1  24.2    O      -     0       -
    16  p0    11    2   82.9  87.2    S      -     0       -
    17  p0     6    2   17.1  87.2    S      -     0       -
    18  me    23    2   82.9  12.8    S      3    23       1
    19  p0    31    2   17.1  12.8    S      -     0       -
    20  p0    14    2   19.6  71.7    O      -     0       -
    21  p0    17    2   14.0  39.9    O      -     0       -
    22  p0    38    2   86.0  60.1    O      -     0       -
    23  p0   336    2   80.4  28.3    O      -     0       -
    24  p0    20    4   40.2  84.1    O      -     0       -
    25  p0    67    4   29.2  21.3    O      -     0       -
    26  p0   200    4   70.8  78.7    O      -     0       -
    27  p0    99    4   59.8  15.9    O      -     0       -
    28   -     4    1   29.5  58.1    O      -     0       -
    29  p0     5    1   70.5  58.1    O      -     0       -
    30   -     4    1   29.5  41.9    O      -     0       -
    31  p0   173    1   70.5  41.9    O      -     0       -
[POLICY]  attack_budget per source
   src=  0  budget=0
   src= 18  budget=0
[MISSIONS]  N=0  (sorted by score desc)
   (none)
[MOVES]  N=1
   src= 18  angle=-156.43°  ships=  23   tgt=10 (own=p0, ships=10, eta=10)

===== TURN 261  player=1  ts=2026-05-01 11:10:39  planets=32  fleets=25  =====
[GLOBAL]
   my_total=290  enemy_total=3459  my_prod=3  enemy_prod=67
   my_planets=1  enemy_planets=29  neutral=2  4p=False
   step=261  remaining=239  is_early=False  is_opening=False  is_late=False  is_very_late=False  is_total_war=False
[MODES]
   domination=-0.845  is_behind=True  is_ahead=False  is_dominating=False  is_finishing=False  attack_margin_mult=0.95
[PLANETS]
   pid own ships prod    x      y    type fall_t keep_n first_en
     0  me   123    3   93.1  81.8    S      5   123       3
     1  p0    84    3    6.9  81.8    S      -     0       -
     2  p0    66    3   93.1  18.2    S      -     0       -
     3  p0   129    3    6.9  18.2    S      -     0       -
     4  p0   147    2   91.4  96.5    S      -     0       -
     5  p0    58    2    8.6  96.5    S      -     0       -
     6  p0   131    2   91.4   3.5    S      -     0       -
     7  p0   191    2    8.6   3.5    S      -     0       -
     8  p0     8    2   58.0  98.0    S      -     0       -
     9  p0   116    2   42.0  98.0    S      -     0       -
    10  p0    12    2   58.0   2.0    S      -     0       -
    11  p0    48    2   42.0   2.0    S      -     0       -
    12  p0   449    2   31.1  75.2    O      -     0       -
    13  p0    12    2   24.8  31.1    O      -     0       -
    14  p0    60    2   75.2  68.9    O      -     0       -
    15  p0    29    2   68.9  24.8    O      -     0       -
    16  p0     2    2   82.9  87.2    S      -     0       -
    17  p0     8    2   17.1  87.2    S      -     0       -
    18  p0    11    2   82.9  12.8    S      -     0       -
    19  p0    33    2   17.1  12.8    S      -     0       -
    20  p0    16    2   18.9  70.8    O      -     0       -
    21  p0    19    2   14.3  38.8    O      -     0       -
    22  p0    40    2   85.7  61.2    O      -     0       -
    23  p0   338    2   81.1  29.2    O      -     0       -
    24  p0    24    4   39.2  83.8    O      -     0       -
    25  p0    71    4   30.0  20.7    O      -     0       -
    26  p0   119    4   70.0  79.3    O      -     0       -
    27  p0   103    4   60.8  16.2    O      -     0       -
    28   -     4    1   30.4  54.2    O      -     0       -
    29  p0     6    1   69.6  54.2    O      -     0       -
    30   -     4    1   30.4  45.8    O      -     0       -
    31  p0   174    1   69.6  45.8    O      -     0       -
[POLICY]  attack_budget per source
   src=  0  budget=0
[MISSIONS]  N=0  (sorted by score desc)
   (none)
[MOVES]  N=1
   src=  0  angle=+152.12°  ships=  22   tgt=16 (own=p0, ships=2, eta=4)

===== TURN 262  player=1  ts=2026-05-01 11:10:39  planets=32  fleets=25  =====
[GLOBAL]
   my_total=276  enemy_total=3509  my_prod=3  enemy_prod=67
   my_planets=1  enemy_planets=29  neutral=2  4p=False
   step=262  remaining=238  is_early=False  is_opening=False  is_late=False  is_very_late=False  is_total_war=False
[MODES]
   domination=-0.854  is_behind=True  is_ahead=False  is_dominating=False  is_finishing=False  attack_margin_mult=0.95
[PLANETS]
   pid own ships prod    x      y    type fall_t keep_n first_en
     0  me   104    3   93.1  81.8    S      4   104       2
     1  p0    87    3    6.9  81.8    S      -     0       -
     2  p0   204    3   93.1  18.2    S      -     0       -
     3  p0   132    3    6.9  18.2    S      -     0       -
     4  p0   149    2   91.4  96.5    S      -     0       -
     5  p0    60    2    8.6  96.5    S      -     0       -
     6  p0   133    2   91.4   3.5    S      -     0       -
     7  p0   193    2    8.6   3.5    S      -     0       -
     8  p0    10    2   58.0  98.0    S      -     0       -
     9  p0   118    2   42.0  98.0    S      -     0       -
    10  p0    14    2   58.0   2.0    S      -     0       -
    11  p0    50    2   42.0   2.0    S      -     0       -
    12  p0   451    2   30.4  74.7    O      -     0       -
    13  p0    14    2   25.3  30.4    O      -     0       -
    14  p0    62    2   74.7  69.6    O      -     0       -
    15  p0     9    2   69.6  25.3    O      -     0       -
    16  p0     4    2   82.9  87.2    S      -     0       -
    17  p0    10    2   17.1  87.2    S      -     0       -
    18  p0    13    2   82.9  12.8    S      -     0       -
    19  p0    35    2   17.1  12.8    S      -     0       -
    20  p0    18    2   18.3  69.9    O      -     0       -
    21  p0    21    2   14.6  37.8    O      -     0       -
    22  p0    42    2   85.4  62.2    O      -     0       -
    23  p0     2    2   81.7  30.1    O      -     0       -
    24  p0    28    4   38.2  83.4    O      -     0       -
    25  p0   371    4   30.9  20.1    O      -     0       -
    26  p0   123    4   69.1  79.9    O      -     0       -
    27  p0    90    4   61.8  16.6    O      -     0       -
    28   -     4    1   31.7  50.4    O      -     0       -
    29  p0     7    1   68.3  50.4    O      -     0       -
    30   -     4    1   31.7  49.6    O      -     0       -
    31  p0   205    1   68.3  49.6    O      -     0       -
[POLICY]  attack_budget per source
   src=  0  budget=0
[MISSIONS]  N=0  (sorted by score desc)
   (none)
[MOVES]  N=1
   src=  0  angle=+155.15°  ships=  44   tgt=16 (own=p0, ships=4, eta=3)

===== TURN 263  player=1  ts=2026-05-01 11:10:39  planets=32  fleets=25  =====
[GLOBAL]
   my_total=279  enemy_total=3576  my_prod=3  enemy_prod=67
   my_planets=1  enemy_planets=29  neutral=2  4p=False
   step=263  remaining=237  is_early=False  is_opening=False  is_late=False  is_very_late=False  is_total_war=False
[MODES]
   domination=-0.855  is_behind=True  is_ahead=False  is_dominating=False  is_finishing=False  attack_margin_mult=0.95
[PLANETS]
   pid own ships prod    x      y    type fall_t keep_n first_en
     0  me   132    3   93.1  81.8    S      3   132       1
     1  p0    90    3    6.9  81.8    S      -     0       -
     2  p0   207    3   93.1  18.2    S      -     0       -
     3  p0   135    3    6.9  18.2    S      -     0       -
     4  p0   134    2   91.4  96.5    S      -     0       -
     5  p0    62    2    8.6  96.5    S      -     0       -
     6  p0   135    2   91.4   3.5    S      -     0       -
     7  p0   195    2    8.6   3.5    S      -     0       -
     8  p0    12    2   58.0  98.0    S      -     0       -
     9  p0   120    2   42.0  98.0    S      -     0       -
    10  p0    16    2   58.0   2.0    S      -     0       -
    11  p0    52    2   42.0   2.0    S      -     0       -
    12  p0   474    2   29.7  74.1    O      -     0       -
    13  p0    16    2   25.9  29.7    O      -     0       -
    14  p0    64    2   74.1  70.3    O      -     0       -
    15  p0   349    2   70.3  25.9    O      -     0       -
    16  p0     6    2   82.9  87.2    S      -     0       3
    17  p0    12    2   17.1  87.2    S      -     0       -
    18  p0    43    2   82.9  12.8    S      -     0       -
    19  p0    37    2   17.1  12.8    S      -     0       -
    20  p0     2    2   17.7  69.0    O      -     0       -
    21  p0    23    2   15.0  36.7    O      -     0       -
    22  p0    44    2   85.0  63.3    O      -     0       -
    23  p0     4    2   82.3  31.0    O      -     0       -
    24  p0    32    4   37.2  83.1    O      -     0       -
    25  p0   375    4   31.8  19.6    O      -     0       -
    26  p0   127    4   68.2  80.4    O      -     0       -
    27  p0    94    4   62.8  16.9    O      -     0       -
    28   -     4    1   33.3  46.8    O      -     0       -
    29  p0     8    1   66.7  46.8    O      -     0       -
    30   -     4    1   33.3  53.2    O      -     0       -
    31  p0   206    1   66.7  53.2    O      -     0       -
[POLICY]  attack_budget per source
   src=  0  budget=0
[MISSIONS]  N=0  (sorted by score desc)
   (none)
[MOVES]  N=1
   src=  0  angle=+155.15°  ships=  46   tgt=16 (own=p0, ships=6, eta=3)

===== TURN 264  player=1  ts=2026-05-01 11:10:39  planets=32  fleets=26  =====
[GLOBAL]
   my_total=271  enemy_total=3632  my_prod=3  enemy_prod=67
   my_planets=1  enemy_planets=29  neutral=2  4p=False
   step=264  remaining=236  is_early=False  is_opening=False  is_late=False  is_very_late=False  is_total_war=False
[MODES]
   domination=-0.861  is_behind=True  is_ahead=False  is_dominating=False  is_finishing=False  attack_margin_mult=0.95
[PLANETS]
   pid own ships prod    x      y    type fall_t keep_n first_en
     0  me    78    3   93.1  81.8    S      2    78       2
     1  p0    93    3    6.9  81.8    S      -     0       -
     2  p0   210    3   93.1  18.2    S      -     0       -
     3  p0   138    3    6.9  18.2    S      -     0       -
     4  p0    90    2   91.4  96.5    S      -     0       -
     5  p0    64    2    8.6  96.5    S      -     0       -
     6  p0   137    2   91.4   3.5    S      -     0       -
     7  p0   197    2    8.6   3.5    S      -     0       -
     8  p0    14    2   58.0  98.0    S      -     0       -
     9  p0   122    2   42.0  98.0    S      -     0       -
    10  p0    32    2   58.0   2.0    S      -     0       -
    11  p0    54    2   42.0   2.0    S      -     0       -
    12  p0   476    2   29.0  73.5    O      -     0       -
    13  p0    13    2   26.5  29.0    O      -     0       -
    14  p0    66    2   73.5  71.0    O      -     0       -
    15  p0   351    2   71.0  26.5    O      -     0       -
    16  p0     8    2   82.9  87.2    S      -     0       2
    17  p0    14    2   17.1  87.2    S      -     0       -
    18  p0    85    2   82.9  12.8    S      -     0       -
    19  p0    39    2   17.1  12.8    S      -     0       -
    20  p0     4    2   17.2  68.0    O      -     0       -
    21  p0    25    2   15.4  35.7    O      -     0       -
    22  p0    46    2   84.6  64.3    O      -     0       -
    23  p0     6    2   82.8  32.0    O      -     0       -
    24  p0    36    4   36.2  82.7    O      -     0       -
    25  p0     4    4   32.7  19.1    O      -     0       -
    26  p0   131    4   67.3  80.9    O      -     0       -
    27  p0    98    4   63.8  17.3    O      -     0       -
    28   -     4    1   35.4  43.4    O      -     0       -
    29  p0     9    1   64.6  43.4    O      -     0       -
    30   -     4    1   35.4  56.6    O      -     0       -
    31  p0   207    1   64.6  56.6    O      -     0       -
[POLICY]  attack_budget per source
   src=  0  budget=0
[MISSIONS]  N=0  (sorted by score desc)
   (none)
[MOVES]  N=1
   src=  0  angle=+155.15°  ships=  48   tgt=16 (own=p0, ships=8, eta=3)

===== TURN 265  player=1  ts=2026-05-01 11:10:40  planets=32  fleets=24  =====
[GLOBAL]
   my_total=264  enemy_total=3689  my_prod=5  enemy_prod=65
   my_planets=2  enemy_planets=28  neutral=2  4p=False
   step=265  remaining=235  is_early=False  is_opening=False  is_late=False  is_very_late=False  is_total_war=False
[MODES]
   domination=-0.866  is_behind=True  is_ahead=False  is_dominating=False  is_finishing=False  attack_margin_mult=0.95
[PLANETS]
   pid own ships prod    x      y    type fall_t keep_n first_en
     0  me    33    3   93.1  81.8    S      1    33       1
     1  p0    96    3    6.9  81.8    S      -     0       -
     2  p0   213    3   93.1  18.2    S      -     0       -
     3  p0   141    3    6.9  18.2    S      -     0       -
     4  p0    44    2   91.4  96.5    S      -     0       -
     5  p0    66    2    8.6  96.5    S      -     0       -
     6  p0   139    2   91.4   3.5    S      -     0       -
     7  p0   199    2    8.6   3.5    S      -     0       -
     8  p0    16    2   58.0  98.0    S      -     0       -
     9  p0   124    2   42.0  98.0    S      -     0       -
    10  p0    34    2   58.0   2.0    S      -     0       -
    11  p0    56    2   42.0   2.0    S      -     0       -
    12  p0   496    2   28.3  72.8    O      -     0       -
    13  p0   390    2   27.2  28.3    O      -     0       -
    14  p0    68    2   72.8  71.7    O      -     0       -
    15  p0   353    2   71.7  27.2    O      -     0       -
    16  me    56    2   82.9  87.2    S      -    15       1
    17  p0    16    2   17.1  87.2    S      -     0       -
    18  p0    87    2   82.9  12.8    S      -     0       -
    19  p0    41    2   17.1  12.8    S      -     0       -
    20  p0     6    2   16.7  67.0    O      -     0       -
    21  p0    27    2   15.9  34.7    O      -     0       -
    22  p0    48    2   84.1  65.3    O      -     0       -
    23  p0     8    2   83.3  33.0    O      -     0       -
    24  p0    40    4   35.2  82.2    O      -     0       -
    25  p0     8    4   33.6  18.6    O      -     0       -
    26  p0   135    4   66.4  81.4    O      -     0       -
    27  p0   102    4   64.8  17.8    O      -     0       -
    28   -     4    1   37.9  40.3    O      -     0       -
    29  p0    10    1   62.1  40.3    O      -     0       -
    30   -     4    1   37.9  59.7    O      -     0       -
    31  p0   208    1   62.1  59.7    O      -     0       -
[POLICY]  attack_budget per source
   src=  0  budget=0
   src= 16  budget=0
[MISSIONS]  N=0  (sorted by score desc)
   (none)
[MOVES]  N=1
   src=  0  angle= -99.41°  ships=  33   tgt=23 (own=p0, ships=8, eta=12)

===== TURN 266  player=1  ts=2026-05-01 11:10:40  planets=32  fleets=20  =====
[GLOBAL]
   my_total=203  enemy_total=3688  my_prod=2  enemy_prod=68
   my_planets=1  enemy_planets=29  neutral=2  4p=False
   step=266  remaining=234  is_early=False  is_opening=False  is_late=False  is_very_late=False  is_total_war=False
[MODES]
   domination=-0.896  is_behind=True  is_ahead=False  is_dominating=False  is_finishing=False  attack_margin_mult=0.95
[PLANETS]
   pid own ships prod    x      y    type fall_t keep_n first_en
     0  p0   245    3   93.1  81.8    S      -     0       -
     1  p0    99    3    6.9  81.8    S      -     0       -
     2  p0   216    3   93.1  18.2    S      -     0       -
     3  p0   144    3    6.9  18.2    S      -     0       -
     4  p0    46    2   91.4  96.5    S      -     0       -
     5  p0    68    2    8.6  96.5    S      -     0       -
     6  p0   141    2   91.4   3.5    S      -     0       -
     7  p0   201    2    8.6   3.5    S      -     0       -
     8  p0    18    2   58.0  98.0    S      -     0       -
     9  p0   126    2   42.0  98.0    S      -     0       -
    10  p0    53    2   58.0   2.0    S      -     0       -
    11  p0    58    2   42.0   2.0    S      -     0       -
    12  p0     2    2   27.6  72.2    O      -     0       -
    13  p0   392    2   27.8  27.6    O      -     0       -
    14  p0    70    2   72.2  72.4    O      -     0       -
    15  p0   355    2   72.4  27.8    O      -     0       -
    16  me    41    2   82.9  87.2    S      4    41       1
    17  p0    18    2   17.1  87.2    S      -     0       -
    18  p0    89    2   82.9  12.8    S      -     0       -
    19  p0    43    2   17.1  12.8    S      -     0       -
    20  p0     8    2   16.2  66.0    O      -     0       -
    21  p0    29    2   16.3  33.7    O      -     0       -
    22  p0    50    2   83.7  66.3    O      -     0       -
    23  p0    10    2   83.8  34.0    O      -     0       -
    24  p0    44    4   34.3  81.8    O      -     0       -
    25  p0    17    4   34.6  18.1    O      -     0       -
    26  p0    81    4   65.4  81.9    O      -     0       -
    27  p0   106    4   65.7  18.2    O      -     0       -
    28   -     4    1   40.8  37.5    O      -     0       -
    29  p0    11    1   59.2  37.5    O      -     0       -
    30   -     4    1   40.8  62.5    O      -     0       -
    31  p0   209    1   59.2  62.5    O      -     0       -
[POLICY]  attack_budget per source
   src= 16  budget=0
[MISSIONS]  N=0  (sorted by score desc)
   (none)
[MOVES]  N=1
   src= 16  angle=+156.43°  ships=  41   tgt=8 (own=p0, ships=18, eta=8)

===== TURN 267  player=1  ts=2026-05-01 11:10:40  planets=32  fleets=22  =====
[GLOBAL]
   my_total=124  enemy_total=3675  my_prod=2  enemy_prod=68
   my_planets=1  enemy_planets=29  neutral=2  4p=False
   step=267  remaining=233  is_early=False  is_opening=False  is_late=False  is_very_late=False  is_total_war=False
[MODES]
   domination=-0.935  is_behind=True  is_ahead=False  is_dominating=False  is_finishing=False  attack_margin_mult=0.95
[PLANETS]
   pid own ships prod    x      y    type fall_t keep_n first_en
     0  p0   248    3   93.1  81.8    S      -     0       -
     1  p0   102    3    6.9  81.8    S      -     0       -
     2  p0   219    3   93.1  18.2    S      -     0       -
     3  p0   147    3    6.9  18.2    S      -     0       -
     4  p0    48    2   91.4  96.5    S      -     0       -
     5  p0    70    2    8.6  96.5    S      -     0       -
     6  p0   143    2   91.4   3.5    S      -     0       -
     7  p0   203    2    8.6   3.5    S      -     0       -
     8  p0    20    2   58.0  98.0    S      -     0       -
     9  p0   128    2   42.0  98.0    S      -     0       -
    10  p0    22    2   58.0   2.0    S      -     0       -
    11  p0    60    2   42.0   2.0    S      -     0       -
    12  p0     4    2   27.0  71.5    O      -     0       -
    13  p0   384    2   28.5  27.0    O      -     0       -
    14  p0    72    2   71.5  73.0    O      -     0       -
    15  p0   357    2   73.0  28.5    O      -     0       -
    16  me     2    2   82.9  87.2    S      3     2       3
    17  p0    20    2   17.1  87.2    S      -     0       -
    18  p0    91    2   82.9  12.8    S      -     0       -
    19  p0     2    2   17.1  12.8    S      -     0       -
    20  p0    10    2   15.7  65.0    O      -     0       -
    21  p0    31    2   16.8  32.7    O      -     0       -
    22  p0    46    2   83.2  67.3    O      -     0       -
    23  p0    12    2   84.3  35.0    O      -     0       -
    24  p0    48    4   33.3  81.3    O      -     0       -
    25  p0     4    4   35.5  17.6    O      -     0       -
    26  p0   136    4   64.5  82.4    O      -     0       -
    27  p0   110    4   66.7  18.7    O      -     0       -
    28   -     4    1   44.0  35.2    O      -     0       -
    29  p0    12    1   56.0  35.2    O      -     0       -
    30   -     4    1   44.0  64.8    O      -     0       -
    31  p0   210    1   56.0  64.8    O      -     0       -
[POLICY]  attack_budget per source
   src= 16  budget=0
[MISSIONS]  N=0  (sorted by score desc)
   (none)
[MOVES]  N=0

===== TURN 268  player=1  ts=2026-05-01 11:10:40  planets=32  fleets=24  =====
[GLOBAL]
   my_total=126  enemy_total=3743  my_prod=2  enemy_prod=68
   my_planets=1  enemy_planets=29  neutral=2  4p=False
   step=268  remaining=232  is_early=False  is_opening=False  is_late=False  is_very_late=False  is_total_war=False
[MODES]
   domination=-0.935  is_behind=True  is_ahead=False  is_dominating=False  is_finishing=False  attack_margin_mult=0.95
[PLANETS]
   pid own ships prod    x      y    type fall_t keep_n first_en
     0  p0   251    3   93.1  81.8    S      -     0       -
     1  p0   105    3    6.9  81.8    S      -     0       -
     2  p0   222    3   93.1  18.2    S      -     0       -
     3  p0   150    3    6.9  18.2    S      -     0       -
     4  p0    50    2   91.4  96.5    S      -     0       -
     5  p0    72    2    8.6  96.5    S      -     0       -
     6  p0   145    2   91.4   3.5    S      -     0       -
     7  p0   205    2    8.6   3.5    S      -     0       -
     8  p0    22    2   58.0  98.0    S      -     0       -
     9  p0   118    2   42.0  98.0    S      -     0       -
    10  p0    24    2   58.0   2.0    S      -     0       -
    11  p0    62    2   42.0   2.0    S      -     0       -
    12  p0     6    2   26.3  70.8    O      -     0       -
    13  p0   386    2   29.2  26.3    O      -     0       -
    14  p0    74    2   70.8  73.7    O      -     0       -
    15  p0     2    2   73.7  29.2    O      -     0       -
    16  me     4    2   82.9  87.2    S      2     4       2
    17  p0    22    2   17.1  87.2    S      -     0       -
    18  p0   139    2   82.9  12.8    S      -     0       -
    19  p0     4    2   17.1  12.8    S      -     0       -
    20  p0    12    2   15.3  64.0    O      -     0       -
    21  p0    33    2   17.4  31.7    O      -     0       -
    22  p0    48    2   82.6  68.3    O      -     0       -
    23  p0    14    2   84.7  36.0    O      -     0       -
    24  p0    52    4   32.4  80.8    O      -     0       -
    25  p0     8    4   36.5  17.2    O      -     0       -
    26  p0   140    4   63.5  82.8    O      -     0       -
    27  p0   114    4   67.6  19.2    O      -     0       -
    28   -     4    1   47.6  33.3    O      -     0       -
    29  p0     8    1   52.4  33.3    O      -     0       -
    30   -     4    1   47.6  66.7    O      -     0       -
    31  p0   211    1   52.4  66.7    O      -     0       -
[POLICY]  attack_budget per source
   src= 16  budget=0
[MISSIONS]  N=0  (sorted by score desc)
   (none)
[MOVES]  N=0

===== TURN 269  player=1  ts=2026-05-01 11:10:40  planets=32  fleets=23  =====
[GLOBAL]
   my_total=128  enemy_total=3811  my_prod=2  enemy_prod=68
   my_planets=1  enemy_planets=29  neutral=2  4p=False
   step=269  remaining=231  is_early=False  is_opening=False  is_late=False  is_very_late=False  is_total_war=False
[MODES]
   domination=-0.935  is_behind=True  is_ahead=False  is_dominating=False  is_finishing=False  attack_margin_mult=0.95
[PLANETS]
   pid own ships prod    x      y    type fall_t keep_n first_en
     0  p0   254    3   93.1  81.8    S      -     0       -
     1  p0   108    3    6.9  81.8    S      -     0       -
     2  p0   225    3   93.1  18.2    S      -     0       -
     3  p0   153    3    6.9  18.2    S      -     0       -
     4  p0    52    2   91.4  96.5    S      -     0       -
     5  p0    74    2    8.6  96.5    S      -     0       -
     6  p0   147    2   91.4   3.5    S      -     0       -
     7  p0   207    2    8.6   3.5    S      -     0       -
     8  p0    24    2   58.0  98.0    S      -     0       -
     9  p0   120    2   42.0  98.0    S      -     0       -
    10  p0    26    2   58.0   2.0    S      -     0       -
    11  p0    64    2   42.0   2.0    S      -     0       -
    12  p0     8    2   25.7  70.1    O      -     0       -
    13  p0   405    2   29.9  25.7    O      -     0       -
    14  p0    76    2   70.1  74.3    O      -     0       -
    15  p0     4    2   74.3  29.9    O      -     0       -
    16  me     6    2   82.9  87.2    S      1     6       1
    17  p0    24    2   17.1  87.2    S      -     0       -
    18  p0   141    2   82.9  12.8    S      -     0       -
    19  p0     6    2   17.1  12.8    S      -     0       -
    20  p0    14    2   14.9  62.9    O      -     0       -
    21  p0    35    2   17.9  30.8    O      -     0       -
    22  p0    50    2   82.1  69.2    O      -     0       -
    23  p0    16    2   85.1  37.1    O      -     0       -
    24  p0    56    4   31.5  80.3    O      -     0       -
    25  p0    12    4   37.5  16.8    O      -     0       -
    26  p0   144    4   62.5  83.2    O      -     0       -
    27  p0   118    4   68.5  19.7    O      -     0       -
    28   -     4    1   51.2  31.8    O      -     0       -
    29  p0     9    1   48.8  31.8    O      -     0       -
    30   -     4    1   51.2  68.2    O      -     0       -
    31  p0   212    1   48.8  68.2    O      -     0       -
[POLICY]  attack_budget per source
   src= 16  budget=0
[MISSIONS]  N=0  (sorted by score desc)
   (none)
[MOVES]  N=0

===== TURN 270  player=1  ts=2026-05-01 11:10:40  planets=32  fleets=21  =====
[GLOBAL]
   my_total=99  enemy_total=3840  my_prod=0  enemy_prod=72
   my_planets=0  enemy_planets=32  neutral=0  4p=False
   step=270  remaining=230  is_early=False  is_opening=False  is_late=False  is_very_late=False  is_total_war=False
[PLANETS]
   pid own ships prod    x      y    type fall_t keep_n first_en
     0  p0   257    3   93.1  81.8    S      -     0       -
     1  p0   111    3    6.9  81.8    S      -     0       -
     2  p0   228    3   93.1  18.2    S      -     0       -
     3  p0   156    3    6.9  18.2    S      -     0       -
     4  p0    54    2   91.4  96.5    S      -     0       -
     5  p0    76    2    8.6  96.5    S      -     0       -
     6  p0   149    2   91.4   3.5    S      -     0       -
     7  p0   209    2    8.6   3.5    S      -     0       -
     8  p0    26    2   58.0  98.0    S      -     0       -
     9  p0   122    2   42.0  98.0    S      -     0       -
    10  p0     5    2   58.0   2.0    S      -     0       -
    11  p0    66    2   42.0   2.0    S      -     0       -
    12  p0    10    2   25.2  69.4    O      -     0       -
    13  p0   407    2   30.6  25.2    O      -     0       -
    14  p0    78    2   69.4  74.8    O      -     0       -
    15  p0     6    2   74.8  30.6    O      -     0       -
    16  p0    50    2   82.9  87.2    S      -     0       -
    17  p0    26    2   17.1  87.2    S      -     0       -
    18  p0   143    2   82.9  12.8    S      -     0       -
    19  p0     8    2   17.1  12.8    S      -     0       -
    20  p0    16    2   14.5  61.9    O      -     0       -
    21  p0    37    2   18.5  29.8    O      -     0       -
    22  p0    52    2   81.5  70.2    O      -     0       -
    23  p0    18    2   85.5  38.1    O      -     0       -
    24  p0    60    4   30.6  79.7    O      -     0       -
    25  p0    16    4   38.4  16.5    O      -     0       -
    26  p0   148    4   61.6  83.5    O      -     0       -
    27  p0   122    4   69.4  20.3    O      -     0       -
    28  p0     1    1   55.2  30.7    O      -     0       -
    29  p0     5    1   44.8  30.7    O      -     0       -
    30  p0     1    1   55.2  69.3    O      -     0       -
    31  p0   208    1   44.8  69.3    O      -     0       -
[MISSIONS]  N=0  (sorted by score desc)
   (none)
[MOVES]  N=0

===== TURN 271  player=1  ts=2026-05-01 11:10:40  planets=32  fleets=19  =====
[GLOBAL]
   my_total=99  enemy_total=3912  my_prod=0  enemy_prod=72
   my_planets=0  enemy_planets=32  neutral=0  4p=False
   step=271  remaining=229  is_early=False  is_opening=False  is_late=False  is_very_late=False  is_total_war=False
[PLANETS]
   pid own ships prod    x      y    type fall_t keep_n first_en
     0  p0   260    3   93.1  81.8    S      -     0       -
     1  p0   114    3    6.9  81.8    S      -     0       -
     2  p0   231    3   93.1  18.2    S      -     0       -
     3  p0   159    3    6.9  18.2    S      -     0       -
     4  p0    56    2   91.4  96.5    S      -     0       -
     5  p0    78    2    8.6  96.5    S      -     0       -
     6  p0   151    2   91.4   3.5    S      -     0       -
     7  p0   211    2    8.6   3.5    S      -     0       -
     8  p0    28    2   58.0  98.0    S      -     0       -
     9  p0   124    2   42.0  98.0    S      -     0       -
    10  p0     7    2   58.0   2.0    S      -     0       -
    11  p0    68    2   42.0   2.0    S      -     0       -
    12  p0    12    2   24.6  68.6    O      -     0       -
    13  p0   452    2   31.4  24.6    O      -     0       -
    14  p0    80    2   68.6  75.4    O      -     0       -
    15  p0     8    2   75.4  31.4    O      -     0       -
    16  p0    52    2   82.9  87.2    S      -     0       -
    17  p0    28    2   17.1  87.2    S      -     0       -
    18  p0   145    2   82.9  12.8    S      -     0       -
    19  p0    10    2   17.1  12.8    S      -     0       -
    20  p0    18    2   14.2  60.8    O      -     0       -
    21  p0    39    2   19.1  28.9    O      -     0       -
    22  p0    54    2   80.9  71.1    O      -     0       -
    23  p0    20    2   85.8  39.2    O      -     0       -
    24  p0    64    4   29.8  79.1    O      -     0       -
    25  p0    20    4   39.4  16.2    O      -     0       -
    26  p0   648    4   60.6  83.8    O      -     0       -
    27  p0   126    4   70.2  20.9    O      -     0       -
    28  p0     2    1   59.1  30.1    O      -     0       -
    29  p0     6    1   40.9  30.1    O      -     0       -
    30  p0     2    1   59.1  69.9    O      -     0       -
    31  p0   209    1   40.9  69.9    O      -     0       -
[MISSIONS]  N=0  (sorted by score desc)
   (none)
[MOVES]  N=0

===== TURN 272  player=1  ts=2026-05-01 11:10:40  planets=32  fleets=19  =====
[GLOBAL]
   my_total=99  enemy_total=3984  my_prod=0  enemy_prod=72
   my_planets=0  enemy_planets=32  neutral=0  4p=False
   step=272  remaining=228  is_early=False  is_opening=False  is_late=False  is_very_late=False  is_total_war=False
[PLANETS]
   pid own ships prod    x      y    type fall_t keep_n first_en
     0  p0   263    3   93.1  81.8    S      -     0       -
     1  p0   117    3    6.9  81.8    S      -     0       -
     2  p0   234    3   93.1  18.2    S      -     0       -
     3  p0   162    3    6.9  18.2    S      -     0       -
     4  p0    58    2   91.4  96.5    S      -     0       -
     5  p0    80    2    8.6  96.5    S      -     0       -
     6  p0   153    2   91.4   3.5    S      -     0       -
     7  p0   213    2    8.6   3.5    S      -     0       -
     8  p0    30    2   58.0  98.0    S      -     0       -
     9  p0   126    2   42.0  98.0    S      -     0       -
    10  p0     9    2   58.0   2.0    S      -     0       -
    11  p0    70    2   42.0   2.0    S      -     0       -
    12  p0    14    2   24.0  67.9    O      -     0       -
    13  p0   454    2   32.1  24.0    O      -     0       -
    14  p0    82    2   67.9  76.0    O      -     0       -
    15  p0    10    2   76.0  32.1    O      -     0       -
    16  p0    54    2   82.9  87.2    S      -     0       -
    17  p0    30    2   17.1  87.2    S      -     0       -
    18  p0   147    2   82.9  12.8    S      -     0       -
    19  p0    12    2   17.1  12.8    S      -     0       -
    20  p0    20    2   13.9  59.8    O      -     0       -
    21  p0    41    2   19.8  28.0    O      -     0       -
    22  p0    56    2   80.2  72.0    O      -     0       -
    23  p0    22    2   86.1  40.2    O      -     0       -
    24  p0    68    4   28.9  78.5    O      -     0       -
    25  p0    24    4   40.5  15.9    O      -     0       -
    26  p0   652    4   59.5  84.1    O      -     0       -
    27  p0   130    4   71.1  21.5    O      -     0       -
    28  p0     3    1   63.0  29.7    O      -     0       -
    29  p0     7    1   37.0  29.7    O      -     0       -
    30  p0     3    1   63.0  70.3    O      -     0       -
    31  p0   210    1   37.0  70.3    O      -     0       -
[MISSIONS]  N=0  (sorted by score desc)
   (none)
[MOVES]  N=0

===== TURN 273  player=1  ts=2026-05-01 11:10:40  planets=32  fleets=16  =====
[GLOBAL]
   my_total=84  enemy_total=3679  my_prod=0  enemy_prod=72
   my_planets=0  enemy_planets=32  neutral=0  4p=False
   step=273  remaining=227  is_early=False  is_opening=False  is_late=False  is_very_late=False  is_total_war=False
[PLANETS]
   pid own ships prod    x      y    type fall_t keep_n first_en
     0  p0   266    3   93.1  81.8    S      -     0       -
     1  p0   120    3    6.9  81.8    S      -     0       -
     2  p0   237    3   93.1  18.2    S      -     0       -
     3  p0   165    3    6.9  18.2    S      -     0       -
     4  p0    60    2   91.4  96.5    S      -     0       -
     5  p0    82    2    8.6  96.5    S      -     0       -
     6  p0   155    2   91.4   3.5    S      -     0       -
     7  p0   215    2    8.6   3.5    S      -     0       -
     8  p0    32    2   58.0  98.0    S      -     0       -
     9  p0   128    2   42.0  98.0    S      -     0       -
    10  p0    11    2   58.0   2.0    S      -     0       -
    11  p0    72    2   42.0   2.0    S      -     0       -
    12  p0    16    2   23.5  67.1    O      -     0       -
    13  p0   456    2   32.9  23.5    O      -     0       -
    14  p0    69    2   67.1  76.5    O      -     0       -
    15  p0    12    2   76.5  32.9    O      -     0       -
    16  p0    56    2   82.9  87.2    S      -     0       -
    17  p0    32    2   17.1  87.2    S      -     0       -
    18  p0   149    2   82.9  12.8    S      -     0       -
    19  p0    14    2   17.1  12.8    S      -     0       -
    20  p0    22    2   13.6  58.7    O      -     0       -
    21  p0    43    2   20.4  27.1    O      -     0       -
    22  p0    58    2   79.6  72.9    O      -     0       -
    23  p0    24    2   86.4  41.3    O      -     0       -
    24  p0    72    4   28.1  77.9    O      -     0       -
    25  p0    28    4   41.5  15.6    O      -     0       -
    26  p0   656    4   58.5  84.4    O      -     0       -
    27  p0   134    4   71.9  22.1    O      -     0       -
    28  p0     4    1   67.1  29.7    O      -     0       -
    29  p0     8    1   32.9  29.7    O      -     0       -
    30  p0     4    1   67.1  70.3    O      -     0       -
    31  p0   211    1   32.9  70.3    O      -     0       -
[MISSIONS]  N=0  (sorted by score desc)
   (none)
[MOVES]  N=0

===== TURN 274  player=1  ts=2026-05-01 11:10:40  planets=32  fleets=14  =====
[GLOBAL]
   my_total=43  enemy_total=3710  my_prod=0  enemy_prod=72
   my_planets=0  enemy_planets=32  neutral=0  4p=False
   step=274  remaining=226  is_early=False  is_opening=False  is_late=False  is_very_late=False  is_total_war=False
[PLANETS]
   pid own ships prod    x      y    type fall_t keep_n first_en
     0  p0   269    3   93.1  81.8    S      -     0       -
     1  p0   123    3    6.9  81.8    S      -     0       -
     2  p0   240    3   93.1  18.2    S      -     0       -
     3  p0   168    3    6.9  18.2    S      -     0       -
     4  p0    62    2   91.4  96.5    S      -     0       -
     5  p0    84    2    8.6  96.5    S      -     0       -
     6  p0   157    2   91.4   3.5    S      -     0       -
     7  p0   217    2    8.6   3.5    S      -     0       -
     8  p0     5    2   58.0  98.0    S      -     0       -
     9  p0   130    2   42.0  98.0    S      -     0       -
    10  p0    13    2   58.0   2.0    S      -     0       -
    11  p0    74    2   42.0   2.0    S      -     0       -
    12  p0    18    2   23.0  66.3    O      -     0       -
    13  p0   458    2   33.7  23.0    O      -     0       -
    14  p0    71    2   66.3  77.0    O      -     0       -
    15  p0    14    2   77.0  33.7    O      -     0       -
    16  p0    58    2   82.9  87.2    S      -     0       -
    17  p0    34    2   17.1  87.2    S      -     0       -
    18  p0   151    2   82.9  12.8    S      -     0       -
    19  p0    16    2   17.1  12.8    S      -     0       -
    20  p0    24    2   13.4  57.6    O      -     0       -
    21  p0    45    2   21.1  26.2    O      -     0       -
    22  p0    60    2   78.9  73.8    O      -     0       -
    23  p0    26    2   86.6  42.4    O      -     0       -
    24  p0    76    4   27.3  77.2    O      -     0       -
    25  p0    32    4   42.5  15.3    O      -     0       -
    26  p0   660    4   57.5  84.7    O      -     0       -
    27  p0   138    4   72.7  22.8    O      -     0       -
    28  p0     5    1   71.1  29.9    O      -     0       -
    29  p0     9    1   28.9  29.9    O      -     0       -
    30  p0     5    1   71.1  70.1    O      -     0       -
    31  p0   212    1   28.9  70.1    O      -     0       -
[MISSIONS]  N=0  (sorted by score desc)
   (none)
[MOVES]  N=0

===== TURN 275  player=1  ts=2026-05-01 11:10:40  planets=32  fleets=13  =====
[GLOBAL]
   my_total=38  enemy_total=3777  my_prod=0  enemy_prod=72
   my_planets=0  enemy_planets=32  neutral=0  4p=False
   step=275  remaining=225  is_early=False  is_opening=False  is_late=False  is_very_late=False  is_total_war=False
[PLANETS]
   pid own ships prod    x      y    type fall_t keep_n first_en
     0  p0   272    3   93.1  81.8    S      -     0       -
     1  p0   126    3    6.9  81.8    S      -     0       -
     2  p0   243    3   93.1  18.2    S      -     0       -
     3  p0   171    3    6.9  18.2    S      -     0       -
     4  p0    64    2   91.4  96.5    S      -     0       -
     5  p0    86    2    8.6  96.5    S      -     0       -
     6  p0   159    2   91.4   3.5    S      -     0       -
     7  p0   219    2    8.6   3.5    S      -     0       -
     8  p0     7    2   58.0  98.0    S      -     0       -
     9  p0   132    2   42.0  98.0    S      -     0       -
    10  p0    15    2   58.0   2.0    S      -     0       -
    11  p0    76    2   42.0   2.0    S      -     0       -
    12  p0    20    2   22.6  65.5    O      -     0       -
    13  p0   460    2   34.5  22.6    O      -     0       -
    14  p0    73    2   65.5  77.4    O      -     0       -
    15  p0    16    2   77.4  34.5    O      -     0       -
    16  p0    60    2   82.9  87.2    S      -     0       -
    17  p0    36    2   17.1  87.2    S      -     0       -
    18  p0   153    2   82.9  12.8    S      -     0       -
    19  p0    18    2   17.1  12.8    S      -     0       -
    20  p0    26    2   13.2  56.5    O      -     0       -
    21  p0    47    2   21.8  25.4    O      -     0       -
    22  p0    62    2   78.2  74.6    O      -     0       -
    23  p0    28    2   86.8  43.5    O      -     0       -
    24  p0    80    4   26.5  76.5    O      -     0       -
    25  p0    36    4   43.5  15.1    O      -     0       -
    26  p0   664    4   56.5  84.9    O      -     0       -
    27  p0   142    4   73.5  23.5    O      -     0       -
    28  p0     1    1   75.0  30.3    O      -     0       -
    29  p0    10    1   25.0  30.3    O      -     0       -
    30  p0     6    1   75.0  69.7    O      -     0       -
    31  p0   213    1   25.0  69.7    O      -     0       -
[MISSIONS]  N=0  (sorted by score desc)
   (none)
[MOVES]  N=0

===== TURN 276  player=1  ts=2026-05-01 11:10:40  planets=32  fleets=13  =====
[GLOBAL]
   my_total=38  enemy_total=3849  my_prod=0  enemy_prod=72
   my_planets=0  enemy_planets=32  neutral=0  4p=False
   step=276  remaining=224  is_early=False  is_opening=False  is_late=False  is_very_late=False  is_total_war=False
[PLANETS]
   pid own ships prod    x      y    type fall_t keep_n first_en
     0  p0   275    3   93.1  81.8    S      -     0       -
     1  p0   129    3    6.9  81.8    S      -     0       -
     2  p0   246    3   93.1  18.2    S      -     0       -
     3  p0   174    3    6.9  18.2    S      -     0       -
     4  p0    66    2   91.4  96.5    S      -     0       -
     5  p0    88    2    8.6  96.5    S      -     0       -
     6  p0   161    2   91.4   3.5    S      -     0       -
     7  p0   221    2    8.6   3.5    S      -     0       -
     8  p0     9    2   58.0  98.0    S      -     0       -
     9  p0   134    2   42.0  98.0    S      -     0       -
    10  p0    17    2   58.0   2.0    S      -     0       -
    11  p0    78    2   42.0   2.0    S      -     0       -
    12  p0    22    2   22.1  64.7    O      -     0       -
    13  p0   462    2   35.3  22.1    O      -     0       -
    14  p0    75    2   64.7  77.9    O      -     0       -
    15  p0    18    2   77.9  35.3    O      -     0       -
    16  p0    62    2   82.9  87.2    S      -     0       -
    17  p0    38    2   17.1  87.2    S      -     0       -
    18  p0   155    2   82.9  12.8    S      -     0       -
    19  p0    20    2   17.1  12.8    S      -     0       -
    20  p0    28    2   13.0  55.4    O      -     0       -
    21  p0    49    2   22.6  24.6    O      -     0       -
    22  p0    64    2   77.4  75.4    O      -     0       -
    23  p0    30    2   87.0  44.6    O      -     0       -
    24  p0    84    4   25.7  75.8    O      -     0       -
    25  p0    40    4   44.6  15.0    O      -     0       -
    26  p0   668    4   55.4  85.0    O      -     0       -
    27  p0   146    4   74.3  24.2    O      -     0       -
    28  p0     2    1   79.0  31.0    O      -     0       -
    29  p0    11    1   21.0  31.0    O      -     0       -
    30  p0     7    1   79.0  69.0    O      -     0       -
    31  p0   214    1   21.0  69.0    O      -     0       -
[MISSIONS]  N=0  (sorted by score desc)
   (none)
[MOVES]  N=0

===== TURN 277  player=1  ts=2026-05-01 11:10:40  planets=32  fleets=11  =====
[GLOBAL]
   my_total=5  enemy_total=3888  my_prod=0  enemy_prod=72
   my_planets=0  enemy_planets=32  neutral=0  4p=False
   step=277  remaining=223  is_early=False  is_opening=False  is_late=False  is_very_late=False  is_total_war=False
[PLANETS]
   pid own ships prod    x      y    type fall_t keep_n first_en
     0  p0   278    3   93.1  81.8    S      -     0       -
     1  p0   132    3    6.9  81.8    S      -     0       -
     2  p0   249    3   93.1  18.2    S      -     0       -
     3  p0   177    3    6.9  18.2    S      -     0       -
     4  p0    68    2   91.4  96.5    S      -     0       -
     5  p0    90    2    8.6  96.5    S      -     0       -
     6  p0   163    2   91.4   3.5    S      -     0       -
     7  p0   223    2    8.6   3.5    S      -     0       -
     8  p0    11    2   58.0  98.0    S      -     0       -
     9  p0   136    2   42.0  98.0    S      -     0       -
    10  p0    19    2   58.0   2.0    S      -     0       -
    11  p0    80    2   42.0   2.0    S      -     0       -
    12  p0    24    2   21.7  63.8    O      -     0       -
    13  p0   464    2   36.2  21.7    O      -     0       -
    14  p0    77    2   63.8  78.3    O      -     0       -
    15  p0    20    2   78.3  36.2    O      -     0       -
    16  p0    64    2   82.9  87.2    S      -     0       -
    17  p0    40    2   17.1  87.2    S      -     0       -
    18  p0   157    2   82.9  12.8    S      -     0       -
    19  p0    22    2   17.1  12.8    S      -     0       -
    20  p0    30    2   12.8  54.3    O      -     0       -
    21  p0    51    2   23.3  23.8    O      -     0       -
    22  p0    66    2   76.7  76.2    O      -     0       -
    23  p0     5    2   87.2  45.7    O      -     0       -
    24  p0    88    4   24.9  75.1    O      -     0       -
    25  p0    44    4   45.6  14.8    O      -     0       -
    26  p0   672    4   54.4  85.2    O      -     0       -
    27  p0   150    4   75.1  24.9    O      -     0       -
    28  p0     3    1   82.9  31.8    O      -     0       -
    29  p0    12    1   17.1  31.8    O      -     0       -
    30  p0     8    1   82.9  68.2    O      -     0       -
    31  p0   215    1   17.1  68.2    O      -     0       -
[MISSIONS]  N=0  (sorted by score desc)
   (none)
[MOVES]  N=0

===== TURN 278  player=1  ts=2026-05-01 11:10:40  planets=32  fleets=10  =====
[GLOBAL]
   my_total=5  enemy_total=3955  my_prod=0  enemy_prod=72
   my_planets=0  enemy_planets=32  neutral=0  4p=False
   step=278  remaining=222  is_early=False  is_opening=False  is_late=False  is_very_late=False  is_total_war=False
[PLANETS]
   pid own ships prod    x      y    type fall_t keep_n first_en
     0  p0   281    3   93.1  81.8    S      -     0       -
     1  p0   135    3    6.9  81.8    S      -     0       -
     2  p0   252    3   93.1  18.2    S      -     0       -
     3  p0   180    3    6.9  18.2    S      -     0       -
     4  p0    70    2   91.4  96.5    S      -     0       -
     5  p0    92    2    8.6  96.5    S      -     0       -
     6  p0   165    2   91.4   3.5    S      -     0       -
     7  p0   225    2    8.6   3.5    S      -     0       -
     8  p0    13    2   58.0  98.0    S      -     0       -
     9  p0   138    2   42.0  98.0    S      -     0       -
    10  p0    21    2   58.0   2.0    S      -     0       -
    11  p0    82    2   42.0   2.0    S      -     0       -
    12  p0    26    2   21.3  63.0    O      -     0       -
    13  p0   466    2   37.0  21.3    O      -     0       -
    14  p0    79    2   63.0  78.7    O      -     0       -
    15  p0    22    2   78.7  37.0    O      -     0       -
    16  p0    66    2   82.9  87.2    S      -     0       -
    17  p0    42    2   17.1  87.2    S      -     0       -
    18  p0   159    2   82.9  12.8    S      -     0       -
    19  p0    24    2   17.1  12.8    S      -     0       -
    20  p0    32    2   12.7  53.2    O      -     0       -
    21  p0    53    2   24.1  23.0    O      -     0       -
    22  p0    68    2   75.9  77.0    O      -     0       -
    23  p0     7    2   87.3  46.8    O      -     0       -
    24  p0    92    4   24.2  74.3    O      -     0       -
    25  p0    48    4   46.7  14.7    O      -     0       -
    26  p0   676    4   53.3  85.3    O      -     0       -
    27  p0   154    4   75.8  25.7    O      -     0       -
    28  p0     4    1   86.7  32.8    O      -     0       -
    29  p0    13    1   13.3  32.8    O      -     0       -
    30  p0     9    1   86.7  67.2    O      -     0       -
    31  p0   216    1   13.3  67.2    O      -     0       -
[MISSIONS]  N=0  (sorted by score desc)
   (none)
[MOVES]  N=0

===== TURN 279  player=1  ts=2026-05-01 11:10:40  planets=32  fleets=9  =====
[GLOBAL]
   my_total=5  enemy_total=4022  my_prod=0  enemy_prod=72
   my_planets=0  enemy_planets=32  neutral=0  4p=False
   step=279  remaining=221  is_early=False  is_opening=False  is_late=False  is_very_late=False  is_total_war=False
[PLANETS]
   pid own ships prod    x      y    type fall_t keep_n first_en
     0  p0   284    3   93.1  81.8    S      -     0       -
     1  p0   138    3    6.9  81.8    S      -     0       -
     2  p0   255    3   93.1  18.2    S      -     0       -
     3  p0   183    3    6.9  18.2    S      -     0       -
     4  p0    72    2   91.4  96.5    S      -     0       -
     5  p0    94    2    8.6  96.5    S      -     0       -
     6  p0   167    2   91.4   3.5    S      -     0       -
     7  p0   227    2    8.6   3.5    S      -     0       -
     8  p0    15    2   58.0  98.0    S      -     0       -
     9  p0   140    2   42.0  98.0    S      -     0       -
    10  p0    23    2   58.0   2.0    S      -     0       -
    11  p0    84    2   42.0   2.0    S      -     0       -
    12  p0    28    2   20.9  62.1    O      -     0       -
    13  p0   468    2   37.9  20.9    O      -     0       -
    14  p0    81    2   62.1  79.1    O      -     0       -
    15  p0    24    2   79.1  37.9    O      -     0       -
    16  p0    68    2   82.9  87.2    S      -     0       -
    17  p0    44    2   17.1  87.2    S      -     0       -
    18  p0   161    2   82.9  12.8    S      -     0       -
    19  p0    26    2   17.1  12.8    S      -     0       -
    20  p0    34    2   12.7  52.1    O      -     0       -
    21  p0    55    2   24.9  22.2    O      -     0       -
    22  p0    70    2   75.1  77.8    O      -     0       -
    23  p0     9    2   87.3  47.9    O      -     0       -
    24  p0    96    4   23.5  73.5    O      -     0       -
    25  p0    52    4   47.7  14.6    O      -     0       -
    26  p0   680    4   52.3  85.4    O      -     0       -
    27  p0   158    4   76.5  26.5    O      -     0       -
    28  p0     5    1   90.6  33.9    O      -     0       -
    29  p0    14    1    9.4  33.9    O      -     0       -
    30  p0    10    1   90.6  66.1    O      -     0       -
    31  p0   217    1    9.4  66.1    O      -     0       -
[MISSIONS]  N=0  (sorted by score desc)
   (none)
[MOVES]  N=0

===== TURN 280  player=1  ts=2026-05-01 11:10:40  planets=32  fleets=9  =====
[GLOBAL]
   my_total=5  enemy_total=4094  my_prod=0  enemy_prod=72
   my_planets=0  enemy_planets=32  neutral=0  4p=False
   step=280  remaining=220  is_early=False  is_opening=False  is_late=False  is_very_late=False  is_total_war=False
[PLANETS]
   pid own ships prod    x      y    type fall_t keep_n first_en
     0  p0   287    3   93.1  81.8    S      -     0       -
     1  p0   141    3    6.9  81.8    S      -     0       -
     2  p0   258    3   93.1  18.2    S      -     0       -
     3  p0   186    3    6.9  18.2    S      -     0       -
     4  p0    74    2   91.4  96.5    S      -     0       -
     5  p0    96    2    8.6  96.5    S      -     0       -
     6  p0   169    2   91.4   3.5    S      -     0       -
     7  p0   229    2    8.6   3.5    S      -     0       -
     8  p0    17    2   58.0  98.0    S      -     0       -
     9  p0   142    2   42.0  98.0    S      -     0       -
    10  p0    25    2   58.0   2.0    S      -     0       -
    11  p0    86    2   42.0   2.0    S      -     0       -
    12  p0    30    2   20.6  61.3    O      -     0       -
    13  p0   470    2   38.7  20.6    O      -     0       -
    14  p0    83    2   61.3  79.4    O      -     0       -
    15  p0    26    2   79.4  38.7    O      -     0       -
    16  p0    70    2   82.9  87.2    S      -     0       -
    17  p0    46    2   17.1  87.2    S      -     0       -
    18  p0   163    2   82.9  12.8    S      -     0       -
    19  p0    28    2   17.1  12.8    S      -     0       -
    20  p0    36    2   12.6  51.0    O      -     0       -
    21  p0    57    2   25.8  21.5    O      -     0       -
    22  p0    72    2   74.2  78.5    O      -     0       -
    23  p0    11    2   87.4  49.0    O      -     0       -
    24  p0   100    4   22.8  72.7    O      -     0       -
    25  p0    56    4   48.7  14.6    O      -     0       -
    26  p0   684    4   51.3  85.4    O      -     0       -
    27  p0   162    4   77.2  27.3    O      -     0       -
    28  p0     6    1   94.4  35.1    O      -     0       -
    29  p0    15    1    5.6  35.1    O      -     0       -
    30  p0    11    1   94.4  64.9    O      -     0       -
    31  p0   218    1    5.6  64.9    O      -     0       -
[MISSIONS]  N=0  (sorted by score desc)
   (none)
[MOVES]  N=0

===== TURN 281  player=1  ts=2026-05-01 11:10:40  planets=32  fleets=7  =====
[GLOBAL]
   my_total=5  enemy_total=4156  my_prod=0  enemy_prod=72
   my_planets=0  enemy_planets=32  neutral=0  4p=False
   step=281  remaining=219  is_early=False  is_opening=False  is_late=False  is_very_late=False  is_total_war=False
[PLANETS]
   pid own ships prod    x      y    type fall_t keep_n first_en
     0  p0   290    3   93.1  81.8    S      -     0       -
     1  p0   144    3    6.9  81.8    S      -     0       -
     2  p0   261    3   93.1  18.2    S      -     0       -
     3  p0   189    3    6.9  18.2    S      -     0       -
     4  p0    76    2   91.4  96.5    S      -     0       -
     5  p0    98    2    8.6  96.5    S      -     0       -
     6  p0   171    2   91.4   3.5    S      -     0       -
     7  p0   231    2    8.6   3.5    S      -     0       -
     8  p0    19    2   58.0  98.0    S      -     0       -
     9  p0   144    2   42.0  98.0    S      -     0       -
    10  p0    27    2   58.0   2.0    S      -     0       -
    11  p0    88    2   42.0   2.0    S      -     0       -
    12  p0    32    2   20.3  60.4    O      -     0       -
    13  p0   472    2   39.6  20.3    O      -     0       -
    14  p0    85    2   60.4  79.7    O      -     0       -
    15  p0    28    2   79.7  39.6    O      -     0       -
    16  p0    72    2   82.9  87.2    S      -     0       -
    17  p0    48    2   17.1  87.2    S      -     0       -
    18  p0   165    2   82.9  12.8    S      -     0       -
    19  p0    30    2   17.1  12.8    S      -     0       -
    20  p0    38    2   12.6  49.9    O      -     0       -
    21  p0    59    2   26.6  20.8    O      -     0       -
    22  p0    74    2   73.4  79.2    O      -     0       -
    23  p0    13    2   87.4  50.1    O      -     0       -
    24  p0   104    4   22.1  71.9    O      -     0       -
    25  p0    60    4   49.8  14.5    O      -     0       -
    26  p0   688    4   50.2  85.5    O      -     0       -
    27  p0   166    4   77.9  28.1    O      -     0       -
    28  p0     7    1   98.2  36.5    S      -     0       -
    29  p0    16    1    1.8  36.5    S      -     0       -
    30  p0    12    1   98.2  63.5    S      -     0       -
    31  p0   219    1    1.8  63.5    S      -     0       -
[MISSIONS]  N=0  (sorted by score desc)
   (none)
[MOVES]  N=0

===== TURN 282  player=1  ts=2026-05-01 11:10:40  planets=28  fleets=7  =====
[GLOBAL]
   my_total=5  enemy_total=3970  my_prod=0  enemy_prod=68
   my_planets=0  enemy_planets=28  neutral=0  4p=False
   step=282  remaining=218  is_early=False  is_opening=False  is_late=False  is_very_late=False  is_total_war=False
[PLANETS]
   pid own ships prod    x      y    type fall_t keep_n first_en
     0  p0   293    3   93.1  81.8    S      -     0       -
     1  p0   147    3    6.9  81.8    S      -     0       -
     2  p0   264    3   93.1  18.2    S      -     0       -
     3  p0   192    3    6.9  18.2    S      -     0       -
     4  p0    78    2   91.4  96.5    S      -     0       -
     5  p0   100    2    8.6  96.5    S      -     0       -
     6  p0   173    2   91.4   3.5    S      -     0       -
     7  p0   233    2    8.6   3.5    S      -     0       -
     8  p0    21    2   58.0  98.0    S      -     0       -
     9  p0   146    2   42.0  98.0    S      -     0       -
    10  p0    29    2   58.0   2.0    S      -     0       -
    11  p0    90    2   42.0   2.0    S      -     0       -
    12  p0    34    2   20.0  59.5    O      -     0       -
    13  p0   474    2   40.5  20.0    O      -     0       -
    14  p0    87    2   59.5  80.0    O      -     0       -
    15  p0    30    2   80.0  40.5    O      -     0       -
    16  p0    74    2   82.9  87.2    S      -     0       -
    17  p0    50    2   17.1  87.2    S      -     0       -
    18  p0   167    2   82.9  12.8    S      -     0       -
    19  p0    32    2   17.1  12.8    S      -     0       -
    20  p0    40    2   12.6  48.8    O      -     0       -
    21  p0    61    2   27.5  20.1    O      -     0       -
    22  p0    76    2   72.5  79.9    O      -     0       -
    23  p0    15    2   87.4  51.2    O      -     0       -
    24  p0   108    4   21.5  71.1    O      -     0       -
    25  p0    64    4   50.9  14.6    O      -     0       -
    26  p0   692    4   49.1  85.4    O      -     0       -
    27  p0   170    4   78.5  28.9    O      -     0       -
[MISSIONS]  N=0  (sorted by score desc)
   (none)
[MOVES]  N=0

===== TURN 283  player=1  ts=2026-05-01 11:10:40  planets=28  fleets=7  =====
[GLOBAL]
   my_total=5  enemy_total=4038  my_prod=0  enemy_prod=68
   my_planets=0  enemy_planets=28  neutral=0  4p=False
   step=283  remaining=217  is_early=False  is_opening=False  is_late=False  is_very_late=False  is_total_war=False
[PLANETS]
   pid own ships prod    x      y    type fall_t keep_n first_en
     0  p0   296    3   93.1  81.8    S      -     0       -
     1  p0   150    3    6.9  81.8    S      -     0       -
     2  p0   267    3   93.1  18.2    S      -     0       -
     3  p0   195    3    6.9  18.2    S      -     0       -
     4  p0    80    2   91.4  96.5    S      -     0       -
     5  p0   102    2    8.6  96.5    S      -     0       -
     6  p0   175    2   91.4   3.5    S      -     0       -
     7  p0   235    2    8.6   3.5    S      -     0       -
     8  p0    23    2   58.0  98.0    S      -     0       -
     9  p0   148    2   42.0  98.0    S      -     0       -
    10  p0    31    2   58.0   2.0    S      -     0       -
    11  p0    92    2   42.0   2.0    S      -     0       -
    12  p0    36    2   19.7  58.6    O      -     0       -
    13  p0   476    2   41.4  19.7    O      -     0       -
    14  p0    89    2   58.6  80.3    O      -     0       -
    15  p0    32    2   80.3  41.4    O      -     0       -
    16  p0    76    2   82.9  87.2    S      -     0       -
    17  p0    52    2   17.1  87.2    S      -     0       -
    18  p0   169    2   82.9  12.8    S      -     0       -
    19  p0    34    2   17.1  12.8    S      -     0       -
    20  p0    42    2   12.7  47.7    O      -     0       -
    21  p0    63    2   28.4  19.5    O      -     0       -
    22  p0    78    2   71.6  80.5    O      -     0       -
    23  p0    17    2   87.3  52.3    O      -     0       -
    24  p0   112    4   20.9  70.2    O      -     0       -
    25  p0    68    4   51.9  14.6    O      -     0       -
    26  p0   696    4   48.1  85.4    O      -     0       -
    27  p0   174    4   79.1  29.8    O      -     0       -
[MISSIONS]  N=0  (sorted by score desc)
   (none)
[MOVES]  N=0

===== TURN 284  player=1  ts=2026-05-01 11:10:40  planets=28  fleets=7  =====
[GLOBAL]
   my_total=5  enemy_total=4106  my_prod=0  enemy_prod=68
   my_planets=0  enemy_planets=28  neutral=0  4p=False
   step=284  remaining=216  is_early=False  is_opening=False  is_late=False  is_very_late=False  is_total_war=False
[PLANETS]
   pid own ships prod    x      y    type fall_t keep_n first_en
     0  p0   299    3   93.1  81.8    S      -     0       -
     1  p0   153    3    6.9  81.8    S      -     0       -
     2  p0   270    3   93.1  18.2    S      -     0       -
     3  p0   198    3    6.9  18.2    S      -     0       -
     4  p0    82    2   91.4  96.5    S      -     0       -
     5  p0   104    2    8.6  96.5    S      -     0       -
     6  p0   177    2   91.4   3.5    S      -     0       -
     7  p0   237    2    8.6   3.5    S      -     0       -
     8  p0    25    2   58.0  98.0    S      -     0       -
     9  p0   150    2   42.0  98.0    S      -     0       -
    10  p0    33    2   58.0   2.0    S      -     0       -
    11  p0    94    2   42.0   2.0    S      -     0       -
    12  p0    38    2   19.4  57.7    O      -     0       -
    13  p0   478    2   42.3  19.4    O      -     0       -
    14  p0    91    2   57.7  80.6    O      -     0       -
    15  p0    34    2   80.6  42.3    O      -     0       -
    16  p0    78    2   82.9  87.2    S      -     0       -
    17  p0    54    2   17.1  87.2    S      -     0       -
    18  p0   171    2   82.9  12.8    S      -     0       -
    19  p0    36    2   17.1  12.8    S      -     0       -
    20  p0    44    2   12.7  46.6    O      -     0       -
    21  p0    65    2   29.3  18.8    O      -     0       -
    22  p0    80    2   70.7  81.2    O      -     0       -
    23  p0    19    2   87.3  53.4    O      -     0       -
    24  p0   116    4   20.3  69.4    O      -     0       -
    25  p0    72    4   53.0  14.7    O      -     0       -
    26  p0   700    4   47.0  85.3    O      -     0       -
    27  p0   178    4   79.7  30.6    O      -     0       -
[MISSIONS]  N=0  (sorted by score desc)
   (none)
[MOVES]  N=0

===== TURN 285  player=1  ts=2026-05-01 11:10:40  planets=28  fleets=7  =====
[GLOBAL]
   my_total=5  enemy_total=4174  my_prod=0  enemy_prod=68
   my_planets=0  enemy_planets=28  neutral=0  4p=False
   step=285  remaining=215  is_early=False  is_opening=False  is_late=False  is_very_late=False  is_total_war=False
[PLANETS]
   pid own ships prod    x      y    type fall_t keep_n first_en
     0  p0   302    3   93.1  81.8    S      -     0       -
     1  p0   156    3    6.9  81.8    S      -     0       -
     2  p0   273    3   93.1  18.2    S      -     0       -
     3  p0   201    3    6.9  18.2    S      -     0       -
     4  p0    84    2   91.4  96.5    S      -     0       -
     5  p0   106    2    8.6  96.5    S      -     0       -
     6  p0   179    2   91.4   3.5    S      -     0       -
     7  p0   239    2    8.6   3.5    S      -     0       -
     8  p0    27    2   58.0  98.0    S      -     0       -
     9  p0   152    2   42.0  98.0    S      -     0       -
    10  p0    35    2   58.0   2.0    S      -     0       -
    11  p0    96    2   42.0   2.0    S      -     0       -
    12  p0    40    2   19.2  56.8    O      -     0       -
    13  p0   480    2   43.2  19.2    O      -     0       -
    14  p0    93    2   56.8  80.8    O      -     0       -
    15  p0    36    2   80.8  43.2    O      -     0       -
    16  p0    80    2   82.9  87.2    S      -     0       -
    17  p0    56    2   17.1  87.2    S      -     0       -
    18  p0   173    2   82.9  12.8    S      -     0       -
    19  p0    38    2   17.1  12.8    S      -     0       -
    20  p0    46    2   12.9  45.5    O      -     0       -
    21  p0    67    2   30.2  18.2    O      -     0       -
    22  p0    82    2   69.8  81.8    O      -     0       -
    23  p0    21    2   87.1  54.5    O      -     0       -
    24  p0   120    4   19.7  68.5    O      -     0       -
    25  p0    76    4   54.0  14.8    O      -     0       -
    26  p0   704    4   46.0  85.2    O      -     0       -
    27  p0   182    4   80.3  31.5    O      -     0       -
[MISSIONS]  N=0  (sorted by score desc)
   (none)
[MOVES]  N=0

===== TURN 286  player=1  ts=2026-05-01 11:10:40  planets=28  fleets=7  =====
[GLOBAL]
   my_total=5  enemy_total=4242  my_prod=0  enemy_prod=68
   my_planets=0  enemy_planets=28  neutral=0  4p=False
   step=286  remaining=214  is_early=False  is_opening=False  is_late=False  is_very_late=False  is_total_war=False
[PLANETS]
   pid own ships prod    x      y    type fall_t keep_n first_en
     0  p0   305    3   93.1  81.8    S      -     0       -
     1  p0   159    3    6.9  81.8    S      -     0       -
     2  p0   276    3   93.1  18.2    S      -     0       -
     3  p0   204    3    6.9  18.2    S      -     0       -
     4  p0    86    2   91.4  96.5    S      -     0       -
     5  p0   108    2    8.6  96.5    S      -     0       -
     6  p0   181    2   91.4   3.5    S      -     0       -
     7  p0   241    2    8.6   3.5    S      -     0       -
     8  p0    29    2   58.0  98.0    S      -     0       -
     9  p0   154    2   42.0  98.0    S      -     0       -
    10  p0    37    2   58.0   2.0    S      -     0       -
    11  p0    98    2   42.0   2.0    S      -     0       -
    12  p0    42    2   19.0  55.9    O      -     0       -
    13  p0   482    2   44.1  19.0    O      -     0       -
    14  p0    95    2   55.9  81.0    O      -     0       -
    15  p0    38    2   81.0  44.1    O      -     0       -
    16  p0    82    2   82.9  87.2    S      -     0       -
    17  p0    58    2   17.1  87.2    S      -     0       -
    18  p0   175    2   82.9  12.8    S      -     0       -
    19  p0    40    2   17.1  12.8    S      -     0       -
    20  p0    48    2   13.0  44.4    O      -     0       -
    21  p0    69    2   31.2  17.7    O      -     0       -
    22  p0    84    2   68.8  82.3    O      -     0       -
    23  p0    23    2   87.0  55.6    O      -     0       -
    24  p0   124    4   19.2  67.6    O      -     0       -
    25  p0    80    4   55.0  14.9    O      -     0       -
    26  p0   708    4   45.0  85.1    O      -     0       -
    27  p0   186    4   80.8  32.4    O      -     0       -
[MISSIONS]  N=0  (sorted by score desc)
   (none)
[MOVES]  N=0

===== TURN 287  player=1  ts=2026-05-01 11:10:40  planets=28  fleets=7  =====
[GLOBAL]
   my_total=5  enemy_total=4310  my_prod=0  enemy_prod=68
   my_planets=0  enemy_planets=28  neutral=0  4p=False
   step=287  remaining=213  is_early=False  is_opening=False  is_late=False  is_very_late=False  is_total_war=False
[PLANETS]
   pid own ships prod    x      y    type fall_t keep_n first_en
     0  p0   308    3   93.1  81.8    S      -     0       -
     1  p0   162    3    6.9  81.8    S      -     0       -
     2  p0   279    3   93.1  18.2    S      -     0       -
     3  p0   207    3    6.9  18.2    S      -     0       -
     4  p0    88    2   91.4  96.5    S      -     0       -
     5  p0   110    2    8.6  96.5    S      -     0       -
     6  p0   183    2   91.4   3.5    S      -     0       -
     7  p0   243    2    8.6   3.5    S      -     0       -
     8  p0    31    2   58.0  98.0    S      -     0       -
     9  p0   156    2   42.0  98.0    S      -     0       -
    10  p0    39    2   58.0   2.0    S      -     0       -
    11  p0   100    2   42.0   2.0    S      -     0       -
    12  p0    44    2   18.9  55.0    O      -     0       -
    13  p0   484    2   45.0  18.9    O      -     0       -
    14  p0    97    2   55.0  81.1    O      -     0       -
    15  p0    40    2   81.1  45.0    O      -     0       -
    16  p0    84    2   82.9  87.2    S      -     0       -
    17  p0    60    2   17.1  87.2    S      -     0       -
    18  p0   177    2   82.9  12.8    S      -     0       -
    19  p0    42    2   17.1  12.8    S      -     0       -
    20  p0    50    2   13.2  43.3    O      -     0       -
    21  p0    71    2   32.2  17.1    O      -     0       -
    22  p0    86    2   67.8  82.9    O      -     0       -
    23  p0    25    2   86.8  56.7    O      -     0       -
    24  p0   128    4   18.7  66.6    O      -     0       -
    25  p0    84    4   56.1  15.1    O      -     0       -
    26  p0   712    4   43.9  84.9    O      -     0       -
    27  p0   190    4   81.3  33.4    O      -     0       -
[MISSIONS]  N=0  (sorted by score desc)
   (none)
[MOVES]  N=0

===== TURN 288  player=1  ts=2026-05-01 11:10:40  planets=28  fleets=7  =====
[GLOBAL]
   my_total=5  enemy_total=4378  my_prod=0  enemy_prod=68
   my_planets=0  enemy_planets=28  neutral=0  4p=False
   step=288  remaining=212  is_early=False  is_opening=False  is_late=False  is_very_late=False  is_total_war=False
[PLANETS]
   pid own ships prod    x      y    type fall_t keep_n first_en
     0  p0   311    3   93.1  81.8    S      -     0       -
     1  p0   165    3    6.9  81.8    S      -     0       -
     2  p0   282    3   93.1  18.2    S      -     0       -
     3  p0   210    3    6.9  18.2    S      -     0       -
     4  p0    90    2   91.4  96.5    S      -     0       -
     5  p0   112    2    8.6  96.5    S      -     0       -
     6  p0   185    2   91.4   3.5    S      -     0       -
     7  p0   245    2    8.6   3.5    S      -     0       -
     8  p0    33    2   58.0  98.0    S      -     0       -
     9  p0   158    2   42.0  98.0    S      -     0       -
    10  p0    41    2   58.0   2.0    S      -     0       -
    11  p0   102    2   42.0   2.0    S      -     0       -
    12  p0    46    2   18.7  54.0    O      -     0       -
    13  p0   486    2   46.0  18.7    O      -     0       -
    14  p0    99    2   54.0  81.3    O      -     0       -
    15  p0    42    2   81.3  46.0    O      -     0       -
    16  p0    86    2   82.9  87.2    S      -     0       -
    17  p0    62    2   17.1  87.2    S      -     0       -
    18  p0   179    2   82.9  12.8    S      -     0       -
    19  p0    44    2   17.1  12.8    S      -     0       -
    20  p0    52    2   13.4  42.2    O      -     0       -
    21  p0    73    2   33.1  16.6    O      -     0       -
    22  p0    88    2   66.9  83.4    O      -     0       -
    23  p0    27    2   86.6  57.8    O      -     0       -
    24  p0   132    4   18.2  65.7    O      -     0       -
    25  p0    88    4   57.1  15.3    O      -     0       -
    26  p0   716    4   42.9  84.7    O      -     0       -
    27  p0   194    4   81.8  34.3    O      -     0       -
[MISSIONS]  N=0  (sorted by score desc)
   (none)
[MOVES]  N=0

===== TURN 289  player=1  ts=2026-05-01 11:10:40  planets=28  fleets=7  =====
[GLOBAL]
   my_total=5  enemy_total=4446  my_prod=0  enemy_prod=68
   my_planets=0  enemy_planets=28  neutral=0  4p=False
   step=289  remaining=211  is_early=False  is_opening=False  is_late=False  is_very_late=False  is_total_war=False
[PLANETS]
   pid own ships prod    x      y    type fall_t keep_n first_en
     0  p0   314    3   93.1  81.8    S      -     0       -
     1  p0   168    3    6.9  81.8    S      -     0       -
     2  p0   285    3   93.1  18.2    S      -     0       -
     3  p0   213    3    6.9  18.2    S      -     0       -
     4  p0    92    2   91.4  96.5    S      -     0       -
     5  p0   114    2    8.6  96.5    S      -     0       -
     6  p0   187    2   91.4   3.5    S      -     0       -
     7  p0   247    2    8.6   3.5    S      -     0       -
     8  p0    35    2   58.0  98.0    S      -     0       -
     9  p0   160    2   42.0  98.0    S      -     0       -
    10  p0    43    2   58.0   2.0    S      -     0       -
    11  p0   104    2   42.0   2.0    S      -     0       -
    12  p0    48    2   18.6  53.1    O      -     0       -
    13  p0   488    2   46.9  18.6    O      -     0       -
    14  p0   101    2   53.1  81.4    O      -     0       -
    15  p0    44    2   81.4  46.9    O      -     0       -
    16  p0    88    2   82.9  87.2    S      -     0       -
    17  p0    64    2   17.1  87.2    S      -     0       -
    18  p0   181    2   82.9  12.8    S      -     0       -
    19  p0    46    2   17.1  12.8    S      -     0       -
    20  p0    54    2   13.7  41.1    O      -     0       -
    21  p0    75    2   34.1  16.1    O      -     0       -
    22  p0    90    2   65.9  83.9    O      -     0       -
    23  p0    29    2   86.3  58.9    O      -     0       -
    24  p0   136    4   17.8  64.8    O      -     0       -
    25  p0    92    4   58.1  15.5    O      -     0       -
    26  p0   720    4   41.9  84.5    O      -     0       -
    27  p0   198    4   82.2  35.2    O      -     0       -
[MISSIONS]  N=0  (sorted by score desc)
   (none)
[MOVES]  N=0

===== TURN 290  player=1  ts=2026-05-01 11:10:40  planets=28  fleets=7  =====
[GLOBAL]
   my_total=5  enemy_total=4514  my_prod=0  enemy_prod=68
   my_planets=0  enemy_planets=28  neutral=0  4p=False
   step=290  remaining=210  is_early=False  is_opening=False  is_late=False  is_very_late=False  is_total_war=False
[PLANETS]
   pid own ships prod    x      y    type fall_t keep_n first_en
     0  p0   317    3   93.1  81.8    S      -     0       -
     1  p0   171    3    6.9  81.8    S      -     0       -
     2  p0   288    3   93.1  18.2    S      -     0       -
     3  p0   216    3    6.9  18.2    S      -     0       -
     4  p0    94    2   91.4  96.5    S      -     0       -
     5  p0   116    2    8.6  96.5    S      -     0       -
     6  p0   189    2   91.4   3.5    S      -     0       -
     7  p0   249    2    8.6   3.5    S      -     0       -
     8  p0    37    2   58.0  98.0    S      -     0       -
     9  p0   162    2   42.0  98.0    S      -     0       -
    10  p0    45    2   58.0   2.0    S      -     0       -
    11  p0   106    2   42.0   2.0    S      -     0       -
    12  p0    50    2   18.6  52.2    O      -     0       -
    13  p0   490    2   47.8  18.6    O      -     0       -
    14  p0   103    2   52.2  81.4    O      -     0       -
    15  p0    46    2   81.4  47.8    O      -     0       -
    16  p0    90    2   82.9  87.2    S      -     0       -
    17  p0    66    2   17.1  87.2    S      -     0       -
    18  p0   183    2   82.9  12.8    S      -     0       -
    19  p0    48    2   17.1  12.8    S      -     0       -
    20  p0    56    2   13.9  40.0    O      -     0       -
    21  p0    77    2   35.2  15.7    O      -     0       -
    22  p0    92    2   64.8  84.3    O      -     0       -
    23  p0    31    2   86.1  60.0    O      -     0       -
    24  p0   140    4   17.3  63.8    O      -     0       -
    25  p0    96    4   59.2  15.7    O      -     0       -
    26  p0   724    4   40.8  84.3    O      -     0       -
    27  p0   202    4   82.7  36.2    O      -     0       -
[MISSIONS]  N=0  (sorted by score desc)
   (none)
[MOVES]  N=0

===== TURN 291  player=1  ts=2026-05-01 11:10:40  planets=28  fleets=7  =====
[GLOBAL]
   my_total=5  enemy_total=4582  my_prod=0  enemy_prod=68
   my_planets=0  enemy_planets=28  neutral=0  4p=False
   step=291  remaining=209  is_early=False  is_opening=False  is_late=False  is_very_late=False  is_total_war=False
[PLANETS]
   pid own ships prod    x      y    type fall_t keep_n first_en
     0  p0   320    3   93.1  81.8    S      -     0       -
     1  p0   174    3    6.9  81.8    S      -     0       -
     2  p0   291    3   93.1  18.2    S      -     0       -
     3  p0   219    3    6.9  18.2    S      -     0       -
     4  p0    96    2   91.4  96.5    S      -     0       -
     5  p0   118    2    8.6  96.5    S      -     0       -
     6  p0   191    2   91.4   3.5    S      -     0       -
     7  p0   251    2    8.6   3.5    S      -     0       -
     8  p0    39    2   58.0  98.0    S      -     0       -
     9  p0   164    2   42.0  98.0    S      -     0       -
    10  p0    47    2   58.0   2.0    S      -     0       -
    11  p0   108    2   42.0   2.0    S      -     0       -
    12  p0    52    2   18.5  51.2    O      -     0       -
    13  p0   492    2   48.8  18.5    O      -     0       -
    14  p0   105    2   51.2  81.5    O      -     0       -
    15  p0    48    2   81.5  48.8    O      -     0       -
    16  p0    92    2   82.9  87.2    S      -     0       -
    17  p0    68    2   17.1  87.2    S      -     0       -
    18  p0   185    2   82.9  12.8    S      -     0       -
    19  p0    50    2   17.1  12.8    S      -     0       -
    20  p0    58    2   14.3  39.0    O      -     0       -
    21  p0    79    2   36.2  15.2    O      -     0       -
    22  p0    94    2   63.8  84.8    O      -     0       -
    23  p0    33    2   85.7  61.0    O      -     0       -
    24  p0   144    4   16.9  62.8    O      -     0       -
    25  p0   100    4   60.2  16.0    O      -     0       -
    26  p0   728    4   39.8  84.0    O      -     0       -
    27  p0   206    4   83.1  37.2    O      -     0       -
[MISSIONS]  N=0  (sorted by score desc)
   (none)
[MOVES]  N=0

===== TURN 292  player=1  ts=2026-05-01 11:10:40  planets=28  fleets=7  =====
[GLOBAL]
   my_total=5  enemy_total=4650  my_prod=0  enemy_prod=68
   my_planets=0  enemy_planets=28  neutral=0  4p=False
   step=292  remaining=208  is_early=False  is_opening=False  is_late=False  is_very_late=False  is_total_war=False
[PLANETS]
   pid own ships prod    x      y    type fall_t keep_n first_en
     0  p0   323    3   93.1  81.8    S      -     0       -
     1  p0   177    3    6.9  81.8    S      -     0       -
     2  p0   294    3   93.1  18.2    S      -     0       -
     3  p0   222    3    6.9  18.2    S      -     0       -
     4  p0    98    2   91.4  96.5    S      -     0       -
     5  p0   120    2    8.6  96.5    S      -     0       -
     6  p0   193    2   91.4   3.5    S      -     0       -
     7  p0   253    2    8.6   3.5    S      -     0       -
     8  p0    41    2   58.0  98.0    S      -     0       -
     9  p0   166    2   42.0  98.0    S      -     0       -
    10  p0    49    2   58.0   2.0    S      -     0       -
    11  p0   110    2   42.0   2.0    S      -     0       -
    12  p0    54    2   18.5  50.3    O      -     0       -
    13  p0   494    2   49.7  18.5    O      -     0       -
    14  p0   107    2   50.3  81.5    O      -     0       -
    15  p0    50    2   81.5  49.7    O      -     0       -
    16  p0    94    2   82.9  87.2    S      -     0       -
    17  p0    70    2   17.1  87.2    S      -     0       -
    18  p0   187    2   82.9  12.8    S      -     0       -
    19  p0    52    2   17.1  12.8    S      -     0       -
    20  p0    60    2   14.6  37.9    O      -     0       -
    21  p0    81    2   37.2  14.8    O      -     0       -
    22  p0    96    2   62.8  85.2    O      -     0       -
    23  p0    35    2   85.4  62.1    O      -     0       -
    24  p0   148    4   16.6  61.8    O      -     0       -
    25  p0   104    4   61.2  16.3    O      -     0       -
    26  p0   732    4   38.8  83.7    O      -     0       -
    27  p0   210    4   83.4  38.2    O      -     0       -
[MISSIONS]  N=0  (sorted by score desc)
   (none)
[MOVES]  N=0

===== TURN 293  player=1  ts=2026-05-01 11:10:40  planets=28  fleets=6  =====
[GLOBAL]
   my_total=5  enemy_total=4713  my_prod=0  enemy_prod=68
   my_planets=0  enemy_planets=28  neutral=0  4p=False
   step=293  remaining=207  is_early=False  is_opening=False  is_late=False  is_very_late=False  is_total_war=False
[PLANETS]
   pid own ships prod    x      y    type fall_t keep_n first_en
     0  p0   326    3   93.1  81.8    S      -     0       -
     1  p0   180    3    6.9  81.8    S      -     0       -
     2  p0   297    3   93.1  18.2    S      -     0       -
     3  p0   225    3    6.9  18.2    S      -     0       -
     4  p0   100    2   91.4  96.5    S      -     0       -
     5  p0   122    2    8.6  96.5    S      -     0       -
     6  p0   195    2   91.4   3.5    S      -     0       -
     7  p0   255    2    8.6   3.5    S      -     0       -
     8  p0    43    2   58.0  98.0    S      -     0       -
     9  p0   168    2   42.0  98.0    S      -     0       -
    10  p0    51    2   58.0   2.0    S      -     0       -
    11  p0   112    2   42.0   2.0    S      -     0       -
    12  p0    56    2   18.5  49.4    O      -     0       -
    13  p0   496    2   50.6  18.5    O      -     0       -
    14  p0   109    2   49.4  81.5    O      -     0       -
    15  p0    52    2   81.5  50.6    O      -     0       -
    16  p0    96    2   82.9  87.2    S      -     0       -
    17  p0    72    2   17.1  87.2    S      -     0       -
    18  p0   189    2   82.9  12.8    S      -     0       -
    19  p0    54    2   17.1  12.8    S      -     0       -
    20  p0    62    2   15.0  36.9    O      -     0       -
    21  p0    83    2   38.3  14.5    O      -     0       -
    22  p0    98    2   61.7  85.5    O      -     0       -
    23  p0    37    2   85.0  63.1    O      -     0       -
    24  p0   152    4   16.2  60.8    O      -     0       -
    25  p0   108    4   62.2  16.7    O      -     0       -
    26  p0   736    4   37.8  83.3    O      -     0       -
    27  p0   214    4   83.8  39.2    O      -     0       -
[MISSIONS]  N=0  (sorted by score desc)
   (none)
[MOVES]  N=0

===== TURN 294  player=1  ts=2026-05-01 11:10:40  planets=28  fleets=6  =====
[GLOBAL]
   my_total=5  enemy_total=4781  my_prod=0  enemy_prod=68
   my_planets=0  enemy_planets=28  neutral=0  4p=False
   step=294  remaining=206  is_early=False  is_opening=False  is_late=False  is_very_late=False  is_total_war=False
[PLANETS]
   pid own ships prod    x      y    type fall_t keep_n first_en
     0  p0   329    3   93.1  81.8    S      -     0       -
     1  p0   183    3    6.9  81.8    S      -     0       -
     2  p0   300    3   93.1  18.2    S      -     0       -
     3  p0   228    3    6.9  18.2    S      -     0       -
     4  p0   102    2   91.4  96.5    S      -     0       -
     5  p0   124    2    8.6  96.5    S      -     0       -
     6  p0   197    2   91.4   3.5    S      -     0       -
     7  p0   257    2    8.6   3.5    S      -     0       -
     8  p0    45    2   58.0  98.0    S      -     0       -
     9  p0   170    2   42.0  98.0    S      -     0       -
    10  p0    53    2   58.0   2.0    S      -     0       -
    11  p0   114    2   42.0   2.0    S      -     0       -
    12  p0    58    2   18.5  48.4    O      -     0       -
    13  p0   498    2   51.6  18.5    O      -     0       -
    14  p0   111    2   48.4  81.5    O      -     0       -
    15  p0    54    2   81.5  51.6    O      -     0       -
    16  p0    98    2   82.9  87.2    S      -     0       -
    17  p0    74    2   17.1  87.2    S      -     0       -
    18  p0   191    2   82.9  12.8    S      -     0       -
    19  p0    56    2   17.1  12.8    S      -     0       -
    20  p0    64    2   15.4  35.8    O      -     0       -
    21  p0    85    2   39.3  14.1    O      -     0       -
    22  p0   100    2   60.7  85.9    O      -     0       -
    23  p0    39    2   84.6  64.2    O      -     0       -
    24  p0   156    4   15.9  59.8    O      -     0       -
    25  p0   112    4   63.1  17.1    O      -     0       -
    26  p0   740    4   36.9  82.9    O      -     0       -
    27  p0   218    4   84.1  40.2    O      -     0       -
[MISSIONS]  N=0  (sorted by score desc)
   (none)
[MOVES]  N=0

===== TURN 295  player=1  ts=2026-05-01 11:10:40  planets=28  fleets=6  =====
[GLOBAL]
   my_total=5  enemy_total=4849  my_prod=0  enemy_prod=68
   my_planets=0  enemy_planets=28  neutral=0  4p=False
   step=295  remaining=205  is_early=False  is_opening=False  is_late=False  is_very_late=False  is_total_war=False
[PLANETS]
   pid own ships prod    x      y    type fall_t keep_n first_en
     0  p0   332    3   93.1  81.8    S      -     0       -
     1  p0   186    3    6.9  81.8    S      -     0       -
     2  p0   303    3   93.1  18.2    S      -     0       -
     3  p0   231    3    6.9  18.2    S      -     0       -
     4  p0   104    2   91.4  96.5    S      -     0       -
     5  p0   126    2    8.6  96.5    S      -     0       -
     6  p0   199    2   91.4   3.5    S      -     0       -
     7  p0   259    2    8.6   3.5    S      -     0       -
     8  p0    47    2   58.0  98.0    S      -     0       -
     9  p0   172    2   42.0  98.0    S      -     0       -
    10  p0    55    2   58.0   2.0    S      -     0       -
    11  p0   116    2   42.0   2.0    S      -     0       -
    12  p0    60    2   18.6  47.5    O      -     0       -
    13  p0   500    2   52.5  18.6    O      -     0       -
    14  p0   113    2   47.5  81.4    O      -     0       -
    15  p0    56    2   81.4  52.5    O      -     0       -
    16  p0   100    2   82.9  87.2    S      -     0       -
    17  p0    76    2   17.1  87.2    S      -     0       -
    18  p0   193    2   82.9  12.8    S      -     0       -
    19  p0    58    2   17.1  12.8    S      -     0       -
    20  p0    66    2   15.8  34.8    O      -     0       -
    21  p0    87    2   40.4  13.8    O      -     0       -
    22  p0   102    2   59.6  86.2    O      -     0       -
    23  p0    41    2   84.2  65.2    O      -     0       -
    24  p0   160    4   15.7  58.8    O      -     0       -
    25  p0   116    4   64.1  17.5    O      -     0       -
    26  p0   744    4   35.9  82.5    O      -     0       -
    27  p0   222    4   84.3  41.2    O      -     0       -
[MISSIONS]  N=0  (sorted by score desc)
   (none)
[MOVES]  N=0

===== TURN 296  player=1  ts=2026-05-01 11:10:40  planets=28  fleets=6  =====
[GLOBAL]
   my_total=5  enemy_total=4917  my_prod=0  enemy_prod=68
   my_planets=0  enemy_planets=28  neutral=0  4p=False
   step=296  remaining=204  is_early=False  is_opening=False  is_late=False  is_very_late=False  is_total_war=False
[PLANETS]
   pid own ships prod    x      y    type fall_t keep_n first_en
     0  p0   335    3   93.1  81.8    S      -     0       -
     1  p0   189    3    6.9  81.8    S      -     0       -
     2  p0   306    3   93.1  18.2    S      -     0       -
     3  p0   234    3    6.9  18.2    S      -     0       -
     4  p0   106    2   91.4  96.5    S      -     0       -
     5  p0   128    2    8.6  96.5    S      -     0       -
     6  p0   201    2   91.4   3.5    S      -     0       -
     7  p0   261    2    8.6   3.5    S      -     0       -
     8  p0    49    2   58.0  98.0    S      -     0       -
     9  p0   174    2   42.0  98.0    S      -     0       -
    10  p0    57    2   58.0   2.0    S      -     0       -
    11  p0   118    2   42.0   2.0    S      -     0       -
    12  p0    62    2   18.7  46.6    O      -     0       -
    13  p0   502    2   53.4  18.7    O      -     0       -
    14  p0   115    2   46.6  81.3    O      -     0       -
    15  p0    58    2   81.3  53.4    O      -     0       -
    16  p0   102    2   82.9  87.2    S      -     0       -
    17  p0    78    2   17.1  87.2    S      -     0       -
    18  p0   195    2   82.9  12.8    S      -     0       -
    19  p0    60    2   17.1  12.8    S      -     0       -
    20  p0    68    2   16.3  33.8    O      -     0       -
    21  p0    89    2   41.5  13.6    O      -     0       -
    22  p0   104    2   58.5  86.4    O      -     0       -
    23  p0    43    2   83.7  66.2    O      -     0       -
    24  p0   164    4   15.4  57.8    O      -     0       -
    25  p0   120    4   65.1  17.9    O      -     0       -
    26  p0   748    4   34.9  82.1    O      -     0       -
    27  p0   226    4   84.6  42.2    O      -     0       -
[MISSIONS]  N=0  (sorted by score desc)
   (none)
[MOVES]  N=0

===== TURN 297  player=1  ts=2026-05-01 11:10:40  planets=28  fleets=6  =====
[GLOBAL]
   my_total=5  enemy_total=4985  my_prod=0  enemy_prod=68
   my_planets=0  enemy_planets=28  neutral=0  4p=False
   step=297  remaining=203  is_early=False  is_opening=False  is_late=False  is_very_late=False  is_total_war=False
[PLANETS]
   pid own ships prod    x      y    type fall_t keep_n first_en
     0  p0   338    3   93.1  81.8    S      -     0       -
     1  p0   192    3    6.9  81.8    S      -     0       -
     2  p0   309    3   93.1  18.2    S      -     0       -
     3  p0   237    3    6.9  18.2    S      -     0       -
     4  p0   108    2   91.4  96.5    S      -     0       -
     5  p0   130    2    8.6  96.5    S      -     0       -
     6  p0   203    2   91.4   3.5    S      -     0       -
     7  p0   263    2    8.6   3.5    S      -     0       -
     8  p0    51    2   58.0  98.0    S      -     0       -
     9  p0   176    2   42.0  98.0    S      -     0       -
    10  p0    59    2   58.0   2.0    S      -     0       -
    11  p0   120    2   42.0   2.0    S      -     0       -
    12  p0    64    2   18.8  45.7    O      -     0       -
    13  p0   504    2   54.3  18.8    O      -     0       -
    14  p0   117    2   45.7  81.2    O      -     0       -
    15  p0    60    2   81.2  54.3    O      -     0       -
    16  p0   104    2   82.9  87.2    S      -     0       -
    17  p0    80    2   17.1  87.2    S      -     0       -
    18  p0   197    2   82.9  12.8    S      -     0       -
    19  p0    62    2   17.1  12.8    S      -     0       -
    20  p0    70    2   16.8  32.8    O      -     0       -
    21  p0    91    2   42.6  13.3    O      -     0       -
    22  p0   106    2   57.4  86.7    O      -     0       -
    23  p0    45    2   83.2  67.2    O      -     0       -
    24  p0   168    4   15.2  56.8    O      -     0       -
    25  p0   124    4   66.0  18.4    O      -     0       -
    26  p0   752    4   34.0  81.6    O      -     0       -
    27  p0   230    4   84.8  43.2    O      -     0       -
[MISSIONS]  N=0  (sorted by score desc)
   (none)
[MOVES]  N=0

===== TURN 298  player=1  ts=2026-05-01 11:10:40  planets=28  fleets=6  =====
[GLOBAL]
   my_total=5  enemy_total=5053  my_prod=0  enemy_prod=68
   my_planets=0  enemy_planets=28  neutral=0  4p=False
   step=298  remaining=202  is_early=False  is_opening=False  is_late=False  is_very_late=False  is_total_war=False
[PLANETS]
   pid own ships prod    x      y    type fall_t keep_n first_en
     0  p0   341    3   93.1  81.8    S      -     0       -
     1  p0   195    3    6.9  81.8    S      -     0       -
     2  p0   312    3   93.1  18.2    S      -     0       -
     3  p0   240    3    6.9  18.2    S      -     0       -
     4  p0   110    2   91.4  96.5    S      -     0       -
     5  p0   132    2    8.6  96.5    S      -     0       -
     6  p0   205    2   91.4   3.5    S      -     0       -
     7  p0   265    2    8.6   3.5    S      -     0       -
     8  p0    53    2   58.0  98.0    S      -     0       -
     9  p0   178    2   42.0  98.0    S      -     0       -
    10  p0    61    2   58.0   2.0    S      -     0       -
    11  p0   122    2   42.0   2.0    S      -     0       -
    12  p0    66    2   18.9  44.7    O      -     0       -
    13  p0   506    2   55.3  18.9    O      -     0       -
    14  p0   119    2   44.7  81.1    O      -     0       -
    15  p0    62    2   81.1  55.3    O      -     0       -
    16  p0   106    2   82.9  87.2    S      -     0       -
    17  p0    82    2   17.1  87.2    S      -     0       -
    18  p0   199    2   82.9  12.8    S      -     0       -
    19  p0    64    2   17.1  12.8    S      -     0       -
    20  p0    72    2   17.3  31.8    O      -     0       -
    21  p0    93    2   43.6  13.1    O      -     0       -
    22  p0   108    2   56.4  86.9    O      -     0       -
    23  p0    47    2   82.7  68.2    O      -     0       -
    24  p0   172    4   15.0  55.7    O      -     0       -
    25  p0   128    4   67.0  18.9    O      -     0       -
    26  p0   756    4   33.0  81.1    O      -     0       -
    27  p0   234    4   85.0  44.3    O      -     0       -
[MISSIONS]  N=0  (sorted by score desc)
   (none)
[MOVES]  N=0

===== TURN 299  player=1  ts=2026-05-01 11:10:40  planets=28  fleets=6  =====
[GLOBAL]
   my_total=5  enemy_total=5121  my_prod=0  enemy_prod=68
   my_planets=0  enemy_planets=28  neutral=0  4p=False
   step=299  remaining=201  is_early=False  is_opening=False  is_late=False  is_very_late=False  is_total_war=False
[PLANETS]
   pid own ships prod    x      y    type fall_t keep_n first_en
     0  p0   344    3   93.1  81.8    S      -     0       -
     1  p0   198    3    6.9  81.8    S      -     0       -
     2  p0   315    3   93.1  18.2    S      -     0       -
     3  p0   243    3    6.9  18.2    S      -     0       -
     4  p0   112    2   91.4  96.5    S      -     0       -
     5  p0   134    2    8.6  96.5    S      -     0       -
     6  p0   207    2   91.4   3.5    S      -     0       -
     7  p0   267    2    8.6   3.5    S      -     0       -
     8  p0    55    2   58.0  98.0    S      -     0       -
     9  p0   180    2   42.0  98.0    S      -     0       -
    10  p0    63    2   58.0   2.0    S      -     0       -
    11  p0   124    2   42.0   2.0    S      -     0       -
    12  p0    68    2   19.1  43.8    O      -     0       -
    13  p0   508    2   56.2  19.1    O      -     0       -
    14  p0   121    2   43.8  80.9    O      -     0       -
    15  p0    64    2   80.9  56.2    O      -     0       -
    16  p0   108    2   82.9  87.2    S      -     0       -
    17  p0    84    2   17.1  87.2    S      -     0       -
    18  p0   201    2   82.9  12.8    S      -     0       -
    19  p0    66    2   17.1  12.8    S      -     0       -
    20  p0    74    2   17.8  30.9    O      -     0       -
    21  p0    95    2   44.7  13.0    O      -     0       -
    22  p0   110    2   55.3  87.0    O      -     0       -
    23  p0    49    2   82.2  69.1    O      -     0       -
    24  p0   176    4   14.9  54.7    O      -     0       -
    25  p0   132    4   67.9  19.4    O      -     0       -
    26  p0   760    4   32.1  80.6    O      -     0       -
    27  p0   238    4   85.1  45.3    O      -     0       -
[MISSIONS]  N=0  (sorted by score desc)
   (none)
[MOVES]  N=0

===== TURN 300  player=1  ts=2026-05-01 11:10:40  planets=28  fleets=5  =====
[GLOBAL]
   my_total=5  enemy_total=5189  my_prod=0  enemy_prod=68
   my_planets=0  enemy_planets=28  neutral=0  4p=False
   step=300  remaining=200  is_early=False  is_opening=False  is_late=False  is_very_late=False  is_total_war=False
[PLANETS]
   pid own ships prod    x      y    type fall_t keep_n first_en
     0  p0   347    3   93.1  81.8    S      -     0       -
     1  p0   201    3    6.9  81.8    S      -     0       -
     2  p0   318    3   93.1  18.2    S      -     0       -
     3  p0   246    3    6.9  18.2    S      -     0       -
     4  p0   114    2   91.4  96.5    S      -     0       -
     5  p0   136    2    8.6  96.5    S      -     0       -
     6  p0   209    2   91.4   3.5    S      -     0       -
     7  p0   269    2    8.6   3.5    S      -     0       -
     8  p0    57    2   58.0  98.0    S      -     0       -
     9  p0   182    2   42.0  98.0    S      -     0       -
    10  p0    65    2   58.0   2.0    S      -     0       -
    11  p0   126    2   42.0   2.0    S      -     0       -
    12  p0    70    2   19.3  42.9    O      -     0       -
    13  p0   510    2   57.1  19.3    O      -     0       -
    14  p0   128    2   42.9  80.7    O      -     0       -
    15  p0    66    2   80.7  57.1    O      -     0       -
    16  p0   110    2   82.9  87.2    S      -     0       -
    17  p0    86    2   17.1  87.2    S      -     0       -
    18  p0   203    2   82.9  12.8    S      -     0       -
    19  p0    68    2   17.1  12.8    S      -     0       -
    20  p0    76    2   18.4  29.9    O      -     0       -
    21  p0    97    2   45.8  12.8    O      -     0       -
    22  p0   112    2   54.2  87.2    O      -     0       -
    23  p0    51    2   81.6  70.1    O      -     0       -
    24  p0   180    4   14.7  53.7    O      -     0       -
    25  p0   136    4   68.8  19.9    O      -     0       -
    26  p0   764    4   31.2  80.1    O      -     0       -
    27  p0   242    4   85.3  46.3    O      -     0       -
[MISSIONS]  N=0  (sorted by score desc)
   (none)
[MOVES]  N=0

===== TURN 301  player=1  ts=2026-05-01 11:10:40  planets=28  fleets=5  =====
[GLOBAL]
   my_total=5  enemy_total=5257  my_prod=0  enemy_prod=68
   my_planets=0  enemy_planets=28  neutral=0  4p=False
   step=301  remaining=199  is_early=False  is_opening=False  is_late=False  is_very_late=False  is_total_war=False
[PLANETS]
   pid own ships prod    x      y    type fall_t keep_n first_en
     0  p0   350    3   93.1  81.8    S      -     0       -
     1  p0   204    3    6.9  81.8    S      -     0       -
     2  p0   321    3   93.1  18.2    S      -     0       -
     3  p0   249    3    6.9  18.2    S      -     0       -
     4  p0   116    2   91.4  96.5    S      -     0       -
     5  p0   138    2    8.6  96.5    S      -     0       -
     6  p0   211    2   91.4   3.5    S      -     0       -
     7  p0   271    2    8.6   3.5    S      -     0       -
     8  p0    59    2   58.0  98.0    S      -     0       -
     9  p0   184    2   42.0  98.0    S      -     0       -
    10  p0    67    2   58.0   2.0    S      -     0       -
    11  p0   128    2   42.0   2.0    S      -     0       -
    12  p0    72    2   19.5  42.0    O      -     0       -
    13  p0   512    2   58.0  19.5    O      -     0       -
    14  p0   130    2   42.0  80.5    O      -     0       -
    15  p0    68    2   80.5  58.0    O      -     0       -
    16  p0   112    2   82.9  87.2    S      -     0       -
    17  p0    88    2   17.1  87.2    S      -     0       -
    18  p0   205    2   82.9  12.8    S      -     0       -
    19  p0    70    2   17.1  12.8    S      -     0       -
    20  p0    78    2   19.0  29.0    O      -     0       -
    21  p0    99    2   46.9  12.7    O      -     0       -
    22  p0   114    2   53.1  87.3    O      -     0       -
    23  p0    53    2   81.0  71.0    O      -     0       -
    24  p0   184    4   14.6  52.6    O      -     0       -
    25  p0   140    4   69.7  20.5    O      -     0       -
    26  p0   768    4   30.3  79.5    O      -     0       -
    27  p0   246    4   85.4  47.4    O      -     0       -
[MISSIONS]  N=0  (sorted by score desc)
   (none)
[MOVES]  N=0

===== TURN 302  player=1  ts=2026-05-01 11:10:40  planets=28  fleets=5  =====
[GLOBAL]
   my_total=5  enemy_total=5325  my_prod=0  enemy_prod=68
   my_planets=0  enemy_planets=28  neutral=0  4p=False
   step=302  remaining=198  is_early=False  is_opening=False  is_late=False  is_very_late=False  is_total_war=False
[PLANETS]
   pid own ships prod    x      y    type fall_t keep_n first_en
     0  p0   353    3   93.1  81.8    S      -     0       -
     1  p0   207    3    6.9  81.8    S      -     0       -
     2  p0   324    3   93.1  18.2    S      -     0       -
     3  p0   252    3    6.9  18.2    S      -     0       -
     4  p0   118    2   91.4  96.5    S      -     0       -
     5  p0   140    2    8.6  96.5    S      -     0       -
     6  p0   213    2   91.4   3.5    S      -     0       -
     7  p0   273    2    8.6   3.5    S      -     0       -
     8  p0    61    2   58.0  98.0    S      -     0       -
     9  p0   186    2   42.0  98.0    S      -     0       -
    10  p0    69    2   58.0   2.0    S      -     0       -
    11  p0   130    2   42.0   2.0    S      -     0       -
    12  p0    74    2   19.8  41.1    O      -     0       -
    13  p0   514    2   58.9  19.8    O      -     0       -
    14  p0   132    2   41.1  80.2    O      -     0       -
    15  p0    70    2   80.2  58.9    O      -     0       -
    16  p0   114    2   82.9  87.2    S      -     0       -
    17  p0    90    2   17.1  87.2    S      -     0       -
    18  p0   207    2   82.9  12.8    S      -     0       -
    19  p0    72    2   17.1  12.8    S      -     0       -
    20  p0    80    2   19.7  28.1    O      -     0       -
    21  p0   101    2   48.1  12.6    O      -     0       -
    22  p0   116    2   51.9  87.4    O      -     0       -
    23  p0    55    2   80.3  71.9    O      -     0       -
    24  p0   188    4   14.6  51.6    O      -     0       -
    25  p0   144    4   70.5  21.1    O      -     0       -
    26  p0   772    4   29.5  78.9    O      -     0       -
    27  p0   250    4   85.4  48.4    O      -     0       -
[MISSIONS]  N=0  (sorted by score desc)
   (none)
[MOVES]  N=0

===== TURN 303  player=1  ts=2026-05-01 11:10:40  planets=28  fleets=4  =====
[GLOBAL]
   my_total=5  enemy_total=5388  my_prod=0  enemy_prod=68
   my_planets=0  enemy_planets=28  neutral=0  4p=False
   step=303  remaining=197  is_early=False  is_opening=False  is_late=False  is_very_late=False  is_total_war=False
[PLANETS]
   pid own ships prod    x      y    type fall_t keep_n first_en
     0  p0   356    3   93.1  81.8    S      -     0       -
     1  p0   210    3    6.9  81.8    S      -     0       -
     2  p0   327    3   93.1  18.2    S      -     0       -
     3  p0   255    3    6.9  18.2    S      -     0       -
     4  p0   120    2   91.4  96.5    S      -     0       -
     5  p0   142    2    8.6  96.5    S      -     0       -
     6  p0   215    2   91.4   3.5    S      -     0       -
     7  p0   275    2    8.6   3.5    S      -     0       -
     8  p0    63    2   58.0  98.0    S      -     0       -
     9  p0   188    2   42.0  98.0    S      -     0       -
    10  p0    71    2   58.0   2.0    S      -     0       -
    11  p0   132    2   42.0   2.0    S      -     0       -
    12  p0    76    2   20.0  40.2    O      -     0       -
    13  p0   516    2   59.8  20.0    O      -     0       -
    14  p0   134    2   40.2  80.0    O      -     0       -
    15  p0    72    2   80.0  59.8    O      -     0       -
    16  p0   116    2   82.9  87.2    S      -     0       -
    17  p0    92    2   17.1  87.2    S      -     0       -
    18  p0   209    2   82.9  12.8    S      -     0       -
    19  p0    74    2   17.1  12.8    S      -     0       -
    20  p0    82    2   20.3  27.2    O      -     0       -
    21  p0   103    2   49.2  12.6    O      -     0       -
    22  p0   118    2   50.8  87.4    O      -     0       -
    23  p0    57    2   79.7  72.8    O      -     0       -
    24  p0   192    4   14.5  50.5    O      -     0       -
    25  p0   148    4   71.4  21.7    O      -     0       -
    26  p0   776    4   28.6  78.3    O      -     0       -
    27  p0   254    4   85.5  49.5    O      -     0       -
[MISSIONS]  N=0  (sorted by score desc)
   (none)
[MOVES]  N=0

===== TURN 304  player=1  ts=2026-05-01 11:10:40  planets=28  fleets=3  =====
[GLOBAL]
   my_total=5  enemy_total=5456  my_prod=0  enemy_prod=68
   my_planets=0  enemy_planets=28  neutral=0  4p=False
   step=304  remaining=196  is_early=False  is_opening=False  is_late=False  is_very_late=False  is_total_war=False
[PLANETS]
   pid own ships prod    x      y    type fall_t keep_n first_en
     0  p0   359    3   93.1  81.8    S      -     0       -
     1  p0   213    3    6.9  81.8    S      -     0       -
     2  p0   330    3   93.1  18.2    S      -     0       -
     3  p0   258    3    6.9  18.2    S      -     0       -
     4  p0   122    2   91.4  96.5    S      -     0       -
     5  p0   144    2    8.6  96.5    S      -     0       -
     6  p0   217    2   91.4   3.5    S      -     0       -
     7  p0   277    2    8.6   3.5    S      -     0       -
     8  p0    65    2   58.0  98.0    S      -     0       -
     9  p0   190    2   42.0  98.0    S      -     0       -
    10  p0    73    2   58.0   2.0    S      -     0       -
    11  p0   134    2   42.0   2.0    S      -     0       -
    12  p0    78    2   20.4  39.3    O      -     0       -
    13  p0   518    2   60.7  20.4    O      -     0       -
    14  p0   136    2   39.3  79.6    O      -     0       -
    15  p0    74    2   79.6  60.7    O      -     0       -
    16  p0   118    2   82.9  87.2    S      -     0       -
    17  p0    94    2   17.1  87.2    S      -     0       -
    18  p0   211    2   82.9  12.8    S      -     0       -
    19  p0    76    2   17.1  12.8    S      -     0       -
    20  p0    84    2   21.0  26.3    O      -     0       -
    21  p0   105    2   50.3  12.6    O      -     0       -
    22  p0   120    2   49.7  87.4    O      -     0       -
    23  p0    59    2   79.0  73.7    O      -     0       -
    24  p0   196    4   14.5  49.5    O      -     0       -
    25  p0   152    4   72.2  22.4    O      -     0       -
    26  p0   780    4   27.8  77.6    O      -     0       -
    27  p0   263    4   85.5  50.5    O      -     0       -
[MISSIONS]  N=0  (sorted by score desc)
   (none)
[MOVES]  N=0

===== TURN 305  player=1  ts=2026-05-01 11:10:40  planets=28  fleets=3  =====
[GLOBAL]
   my_total=5  enemy_total=5524  my_prod=0  enemy_prod=68
   my_planets=0  enemy_planets=28  neutral=0  4p=False
   step=305  remaining=195  is_early=False  is_opening=False  is_late=False  is_very_late=False  is_total_war=False
[PLANETS]
   pid own ships prod    x      y    type fall_t keep_n first_en
     0  p0   362    3   93.1  81.8    S      -     0       -
     1  p0   216    3    6.9  81.8    S      -     0       -
     2  p0   333    3   93.1  18.2    S      -     0       -
     3  p0   261    3    6.9  18.2    S      -     0       -
     4  p0   124    2   91.4  96.5    S      -     0       -
     5  p0   146    2    8.6  96.5    S      -     0       -
     6  p0   219    2   91.4   3.5    S      -     0       -
     7  p0   279    2    8.6   3.5    S      -     0       -
     8  p0    67    2   58.0  98.0    S      -     0       -
     9  p0   192    2   42.0  98.0    S      -     0       -
    10  p0    75    2   58.0   2.0    S      -     0       -
    11  p0   136    2   42.0   2.0    S      -     0       -
    12  p0    80    2   20.7  38.4    O      -     0       -
    13  p0   520    2   61.6  20.7    O      -     0       -
    14  p0   138    2   38.4  79.3    O      -     0       -
    15  p0    76    2   79.3  61.6    O      -     0       -
    16  p0   120    2   82.9  87.2    S      -     0       -
    17  p0    96    2   17.1  87.2    S      -     0       -
    18  p0   213    2   82.9  12.8    S      -     0       -
    19  p0    78    2   17.1  12.8    S      -     0       -
    20  p0    86    2   21.7  25.5    O      -     0       -
    21  p0   107    2   51.4  12.6    O      -     0       -
    22  p0   122    2   48.6  87.4    O      -     0       -
    23  p0    61    2   78.3  74.5    O      -     0       -
    24  p0   200    4   14.6  48.4    O      -     0       -
    25  p0   156    4   73.0  23.0    O      -     0       -
    26  p0   784    4   27.0  77.0    O      -     0       -
    27  p0   267    4   85.4  51.6    O      -     0       -
[MISSIONS]  N=0  (sorted by score desc)
   (none)
[MOVES]  N=0

===== TURN 306  player=1  ts=2026-05-01 11:10:40  planets=28  fleets=3  =====
[GLOBAL]
   my_total=5  enemy_total=5592  my_prod=0  enemy_prod=68
   my_planets=0  enemy_planets=28  neutral=0  4p=False
   step=306  remaining=194  is_early=False  is_opening=False  is_late=False  is_very_late=False  is_total_war=False
[PLANETS]
   pid own ships prod    x      y    type fall_t keep_n first_en
     0  p0   365    3   93.1  81.8    S      -     0       -
     1  p0   219    3    6.9  81.8    S      -     0       -
     2  p0   336    3   93.1  18.2    S      -     0       -
     3  p0   264    3    6.9  18.2    S      -     0       -
     4  p0   126    2   91.4  96.5    S      -     0       -
     5  p0   148    2    8.6  96.5    S      -     0       -
     6  p0   221    2   91.4   3.5    S      -     0       -
     7  p0   281    2    8.6   3.5    S      -     0       -
     8  p0    69    2   58.0  98.0    S      -     0       -
     9  p0   194    2   42.0  98.0    S      -     0       -
    10  p0    77    2   58.0   2.0    S      -     0       -
    11  p0   138    2   42.0   2.0    S      -     0       -
    12  p0    82    2   21.0  37.6    O      -     0       -
    13  p0   522    2   62.4  21.0    O      -     0       -
    14  p0   140    2   37.6  79.0    O      -     0       -
    15  p0    78    2   79.0  62.4    O      -     0       -
    16  p0   122    2   82.9  87.2    S      -     0       -
    17  p0    98    2   17.1  87.2    S      -     0       -
    18  p0   215    2   82.9  12.8    S      -     0       -
    19  p0    80    2   17.1  12.8    S      -     0       -
    20  p0    88    2   22.5  24.7    O      -     0       -
    21  p0   109    2   52.5  12.7    O      -     0       -
    22  p0   124    2   47.5  87.3    O      -     0       -
    23  p0    63    2   77.5  75.3    O      -     0       -
    24  p0   204    4   14.6  47.4    O      -     0       -
    25  p0   160    4   73.8  23.7    O      -     0       -
    26  p0   788    4   26.2  76.3    O      -     0       -
    27  p0   271    4   85.4  52.6    O      -     0       -
[MISSIONS]  N=0  (sorted by score desc)
   (none)
[MOVES]  N=0

===== TURN 307  player=1  ts=2026-05-01 11:10:40  planets=28  fleets=2  =====
[GLOBAL]
   my_total=5  enemy_total=5655  my_prod=0  enemy_prod=68
   my_planets=0  enemy_planets=28  neutral=0  4p=False
   step=307  remaining=193  is_early=False  is_opening=False  is_late=False  is_very_late=False  is_total_war=False
[PLANETS]
   pid own ships prod    x      y    type fall_t keep_n first_en
     0  p0   368    3   93.1  81.8    S      -     0       -
     1  p0   222    3    6.9  81.8    S      -     0       -
     2  p0   339    3   93.1  18.2    S      -     0       -
     3  p0   267    3    6.9  18.2    S      -     0       -
     4  p0   128    2   91.4  96.5    S      -     0       -
     5  p0   150    2    8.6  96.5    S      -     0       -
     6  p0   223    2   91.4   3.5    S      -     0       -
     7  p0   283    2    8.6   3.5    S      -     0       -
     8  p0    71    2   58.0  98.0    S      -     0       -
     9  p0   196    2   42.0  98.0    S      -     0       -
    10  p0    79    2   58.0   2.0    S      -     0       -
    11  p0   140    2   42.0   2.0    S      -     0       -
    12  p0    84    2   21.4  36.7    O      -     0       -
    13  p0   524    2   63.3  21.4    O      -     0       -
    14  p0   142    2   36.7  78.6    O      -     0       -
    15  p0    80    2   78.6  63.3    O      -     0       -
    16  p0   124    2   82.9  87.2    S      -     0       -
    17  p0   100    2   17.1  87.2    S      -     0       -
    18  p0   217    2   82.9  12.8    S      -     0       -
    19  p0    82    2   17.1  12.8    S      -     0       -
    20  p0    90    2   23.2  23.9    O      -     0       -
    21  p0   111    2   53.6  12.8    O      -     0       -
    22  p0   126    2   46.4  87.2    O      -     0       -
    23  p0    65    2   76.8  76.1    O      -     0       -
    24  p0   208    4   14.7  46.3    O      -     0       -
    25  p0   164    4   74.6  24.4    O      -     0       -
    26  p0   792    4   25.4  75.6    O      -     0       -
    27  p0   275    4   85.3  53.7    O      -     0       -
[MISSIONS]  N=0  (sorted by score desc)
   (none)
[MOVES]  N=0

===== TURN 308  player=1  ts=2026-05-01 11:10:40  planets=28  fleets=2  =====
[GLOBAL]
   my_total=5  enemy_total=5723  my_prod=0  enemy_prod=68
   my_planets=0  enemy_planets=28  neutral=0  4p=False
   step=308  remaining=192  is_early=False  is_opening=False  is_late=False  is_very_late=False  is_total_war=False
[PLANETS]
   pid own ships prod    x      y    type fall_t keep_n first_en
     0  p0   371    3   93.1  81.8    S      -     0       -
     1  p0   225    3    6.9  81.8    S      -     0       -
     2  p0   342    3   93.1  18.2    S      -     0       -
     3  p0   270    3    6.9  18.2    S      -     0       -
     4  p0   130    2   91.4  96.5    S      -     0       -
     5  p0   152    2    8.6  96.5    S      -     0       -
     6  p0   225    2   91.4   3.5    S      -     0       -
     7  p0   285    2    8.6   3.5    S      -     0       -
     8  p0    73    2   58.0  98.0    S      -     0       -
     9  p0   198    2   42.0  98.0    S      -     0       -
    10  p0    81    2   58.0   2.0    S      -     0       -
    11  p0   142    2   42.0   2.0    S      -     0       -
    12  p0    86    2   21.8  35.9    O      -     0       -
    13  p0   526    2   64.1  21.8    O      -     0       -
    14  p0   144    2   35.9  78.2    O      -     0       -
    15  p0    82    2   78.2  64.1    O      -     0       -
    16  p0   126    2   82.9  87.2    S      -     0       -
    17  p0   102    2   17.1  87.2    S      -     0       -
    18  p0   219    2   82.9  12.8    S      -     0       -
    19  p0    84    2   17.1  12.8    S      -     0       -
    20  p0    92    2   24.0  23.1    O      -     0       -
    21  p0   113    2   54.7  12.9    O      -     0       -
    22  p0   128    2   45.3  87.1    O      -     0       -
    23  p0    67    2   76.0  76.9    O      -     0       -
    24  p0   212    4   14.9  45.3    O      -     0       -
    25  p0   168    4   75.3  25.2    O      -     0       -
    26  p0   796    4   24.7  74.8    O      -     0       -
    27  p0   279    4   85.1  54.7    O      -     0       -
[MISSIONS]  N=0  (sorted by score desc)
   (none)
[MOVES]  N=0

===== TURN 309  player=1  ts=2026-05-01 11:10:40  planets=28  fleets=1  =====
[GLOBAL]
   my_total=5  enemy_total=5786  my_prod=0  enemy_prod=68
   my_planets=0  enemy_planets=28  neutral=0  4p=False
   step=309  remaining=191  is_early=False  is_opening=False  is_late=False  is_very_late=False  is_total_war=False
[PLANETS]
   pid own ships prod    x      y    type fall_t keep_n first_en
     0  p0   374    3   93.1  81.8    S      -     0       -
     1  p0   228    3    6.9  81.8    S      -     0       -
     2  p0   345    3   93.1  18.2    S      -     0       -
     3  p0   273    3    6.9  18.2    S      -     0       -
     4  p0   132    2   91.4  96.5    S      -     0       -
     5  p0   154    2    8.6  96.5    S      -     0       -
     6  p0   227    2   91.4   3.5    S      -     0       -
     7  p0   287    2    8.6   3.5    S      -     0       -
     8  p0    75    2   58.0  98.0    S      -     0       -
     9  p0   200    2   42.0  98.0    S      -     0       -
    10  p0    83    2   58.0   2.0    S      -     0       -
    11  p0   144    2   42.0   2.0    S      -     0       -
    12  p0    88    2   22.3  35.1    O      -     0       -
    13  p0   528    2   64.9  22.3    O      -     0       -
    14  p0   146    2   35.1  77.7    O      -     0       -
    15  p0    84    2   77.7  64.9    O      -     0       -
    16  p0   128    2   82.9  87.2    S      -     0       -
    17  p0   104    2   17.1  87.2    S      -     0       -
    18  p0   221    2   82.9  12.8    S      -     0       -
    19  p0    86    2   17.1  12.8    S      -     0       -
    20  p0    94    2   24.8  22.3    O      -     0       -
    21  p0   115    2   55.8  13.0    O      -     0       -
    22  p0   130    2   44.2  87.0    O      -     0       -
    23  p0    69    2   75.2  77.7    O      -     0       -
    24  p0   216    4   15.0  44.2    O      -     0       -
    25  p0   172    4   76.0  25.9    O      -     0       -
    26  p0   800    4   24.0  74.1    O      -     0       -
    27  p0   283    4   85.0  55.8    O      -     0       -
[MISSIONS]  N=0  (sorted by score desc)
   (none)
[MOVES]  N=0

===== TURN 310  player=1  ts=2026-05-01 11:10:40  planets=28  fleets=1  =====
[GLOBAL]
   my_total=5  enemy_total=5854  my_prod=0  enemy_prod=68
   my_planets=0  enemy_planets=28  neutral=0  4p=False
   step=310  remaining=190  is_early=False  is_opening=False  is_late=False  is_very_late=False  is_total_war=False
[PLANETS]
   pid own ships prod    x      y    type fall_t keep_n first_en
     0  p0   377    3   93.1  81.8    S      -     0       -
     1  p0   231    3    6.9  81.8    S      -     0       -
     2  p0   348    3   93.1  18.2    S      -     0       -
     3  p0   276    3    6.9  18.2    S      -     0       -
     4  p0   134    2   91.4  96.5    S      -     0       -
     5  p0   156    2    8.6  96.5    S      -     0       -
     6  p0   229    2   91.4   3.5    S      -     0       -
     7  p0   289    2    8.6   3.5    S      -     0       -
     8  p0    77    2   58.0  98.0    S      -     0       -
     9  p0   202    2   42.0  98.0    S      -     0       -
    10  p0    85    2   58.0   2.0    S      -     0       -
    11  p0   146    2   42.0   2.0    S      -     0       -
    12  p0    90    2   22.7  34.2    O      -     0       -
    13  p0   530    2   65.8  22.7    O      -     0       -
    14  p0   148    2   34.2  77.3    O      -     0       -
    15  p0    86    2   77.3  65.8    O      -     0       -
    16  p0   130    2   82.9  87.2    S      -     0       -
    17  p0   106    2   17.1  87.2    S      -     0       -
    18  p0   223    2   82.9  12.8    S      -     0       -
    19  p0    88    2   17.1  12.8    S      -     0       -
    20  p0    96    2   25.7  21.6    O      -     0       -
    21  p0   117    2   56.9  13.2    O      -     0       -
    22  p0   132    2   43.1  86.8    O      -     0       -
    23  p0    71    2   74.3  78.4    O      -     0       -
    24  p0   220    4   15.2  43.2    O      -     0       -
    25  p0   176    4   76.7  26.7    O      -     0       -
    26  p0   804    4   23.3  73.3    O      -     0       -
    27  p0   287    4   84.8  56.8    O      -     0       -
[MISSIONS]  N=0  (sorted by score desc)
   (none)
[MOVES]  N=0

===== TURN 311  player=1  ts=2026-05-01 11:10:40  planets=28  fleets=1  =====
[GLOBAL]
   my_total=5  enemy_total=5922  my_prod=0  enemy_prod=68
   my_planets=0  enemy_planets=28  neutral=0  4p=False
   step=311  remaining=189  is_early=False  is_opening=False  is_late=False  is_very_late=False  is_total_war=False
[PLANETS]
   pid own ships prod    x      y    type fall_t keep_n first_en
     0  p0   380    3   93.1  81.8    S      -     0       -
     1  p0   234    3    6.9  81.8    S      -     0       -
     2  p0   351    3   93.1  18.2    S      -     0       -
     3  p0   279    3    6.9  18.2    S      -     0       -
     4  p0   136    2   91.4  96.5    S      -     0       -
     5  p0   158    2    8.6  96.5    S      -     0       -
     6  p0   231    2   91.4   3.5    S      -     0       -
     7  p0   291    2    8.6   3.5    S      -     0       -
     8  p0    79    2   58.0  98.0    S      -     0       -
     9  p0   204    2   42.0  98.0    S      -     0       -
    10  p0    87    2   58.0   2.0    S      -     0       -
    11  p0   148    2   42.0   2.0    S      -     0       -
    12  p0    92    2   23.2  33.4    O      -     0       -
    13  p0   532    2   66.6  23.2    O      -     0       -
    14  p0   150    2   33.4  76.8    O      -     0       -
    15  p0    88    2   76.8  66.6    O      -     0       -
    16  p0   132    2   82.9  87.2    S      -     0       -
    17  p0   108    2   17.1  87.2    S      -     0       -
    18  p0   225    2   82.9  12.8    S      -     0       -
    19  p0    90    2   17.1  12.8    S      -     0       -
    20  p0    98    2   26.5  20.9    O      -     0       -
    21  p0   119    2   58.0  13.5    O      -     0       -
    22  p0   134    2   42.0  86.5    O      -     0       -
    23  p0    73    2   73.5  79.1    O      -     0       -
    24  p0   224    4   15.4  42.2    O      -     0       -
    25  p0   180    4   77.4  27.5    O      -     0       -
    26  p0   808    4   22.6  72.5    O      -     0       -
    27  p0   291    4   84.6  57.8    O      -     0       -
[MISSIONS]  N=0  (sorted by score desc)
   (none)
[MOVES]  N=0

===== TURN 312  player=1  ts=2026-05-01 11:10:40  planets=28  fleets=1  =====
[GLOBAL]
   my_total=5  enemy_total=5990  my_prod=0  enemy_prod=68
   my_planets=0  enemy_planets=28  neutral=0  4p=False
   step=312  remaining=188  is_early=False  is_opening=False  is_late=False  is_very_late=False  is_total_war=False
[PLANETS]
   pid own ships prod    x      y    type fall_t keep_n first_en
     0  p0   383    3   93.1  81.8    S      -     0       -
     1  p0   237    3    6.9  81.8    S      -     0       -
     2  p0   354    3   93.1  18.2    S      -     0       -
     3  p0   282    3    6.9  18.2    S      -     0       -
     4  p0   138    2   91.4  96.5    S      -     0       -
     5  p0   160    2    8.6  96.5    S      -     0       -
     6  p0   233    2   91.4   3.5    S      -     0       -
     7  p0   293    2    8.6   3.5    S      -     0       -
     8  p0    81    2   58.0  98.0    S      -     0       -
     9  p0   206    2   42.0  98.0    S      -     0       -
    10  p0    89    2   58.0   2.0    S      -     0       -
    11  p0   150    2   42.0   2.0    S      -     0       -
    12  p0    94    2   23.7  32.6    O      -     0       -
    13  p0   534    2   67.4  23.7    O      -     0       -
    14  p0   152    2   32.6  76.3    O      -     0       -
    15  p0    90    2   76.3  67.4    O      -     0       -
    16  p0   134    2   82.9  87.2    S      -     0       -
    17  p0   110    2   17.1  87.2    S      -     0       -
    18  p0   227    2   82.9  12.8    S      -     0       -
    19  p0    92    2   17.1  12.8    S      -     0       -
    20  p0   100    2   27.4  20.2    O      -     0       -
    21  p0   121    2   59.1  13.7    O      -     0       -
    22  p0   136    2   40.9  86.3    O      -     0       -
    23  p0    75    2   72.6  79.8    O      -     0       -
    24  p0   228    4   15.7  41.1    O      -     0       -
    25  p0   184    4   78.1  28.3    O      -     0       -
    26  p0   812    4   21.9  71.7    O      -     0       -
    27  p0   295    4   84.3  58.9    O      -     0       -
[MISSIONS]  N=0  (sorted by score desc)
   (none)
[MOVES]  N=0

===== TURN 313  player=1  ts=2026-05-01 11:10:40  planets=28  fleets=1  =====
[GLOBAL]
   my_total=5  enemy_total=6058  my_prod=0  enemy_prod=68
   my_planets=0  enemy_planets=28  neutral=0  4p=False
   step=313  remaining=187  is_early=False  is_opening=False  is_late=False  is_very_late=False  is_total_war=False
[PLANETS]
   pid own ships prod    x      y    type fall_t keep_n first_en
     0  p0   386    3   93.1  81.8    S      -     0       -
     1  p0   240    3    6.9  81.8    S      -     0       -
     2  p0   357    3   93.1  18.2    S      -     0       -
     3  p0   285    3    6.9  18.2    S      -     0       -
     4  p0   140    2   91.4  96.5    S      -     0       -
     5  p0   162    2    8.6  96.5    S      -     0       -
     6  p0   235    2   91.4   3.5    S      -     0       -
     7  p0   295    2    8.6   3.5    S      -     0       -
     8  p0    83    2   58.0  98.0    S      -     0       -
     9  p0   208    2   42.0  98.0    S      -     0       -
    10  p0    91    2   58.0   2.0    S      -     0       -
    11  p0   152    2   42.0   2.0    S      -     0       -
    12  p0    96    2   24.2  31.9    O      -     0       -
    13  p0   536    2   68.1  24.2    O      -     0       -
    14  p0   154    2   31.9  75.8    O      -     0       -
    15  p0    92    2   75.8  68.1    O      -     0       -
    16  p0   136    2   82.9  87.2    S      -     0       -
    17  p0   112    2   17.1  87.2    S      -     0       -
    18  p0   229    2   82.9  12.8    S      -     0       -
    19  p0    94    2   17.1  12.8    S      -     0       -
    20  p0   102    2   28.3  19.5    O      -     0       -
    21  p0   123    2   60.1  14.0    O      -     0       -
    22  p0   138    2   39.9  86.0    O      -     0       -
    23  p0    77    2   71.7  80.5    O      -     0       -
    24  p0   232    4   15.9  40.1    O      -     0       -
    25  p0   188    4   78.7  29.2    O      -     0       -
    26  p0   816    4   21.3  70.8    O      -     0       -
    27  p0   299    4   84.1  59.9    O      -     0       -
[MISSIONS]  N=0  (sorted by score desc)
   (none)
[MOVES]  N=0

===== TURN 314  player=1  ts=2026-05-01 11:10:40  planets=28  fleets=1  =====
[GLOBAL]
   my_total=5  enemy_total=6126  my_prod=0  enemy_prod=68
   my_planets=0  enemy_planets=28  neutral=0  4p=False
   step=314  remaining=186  is_early=False  is_opening=False  is_late=False  is_very_late=False  is_total_war=False
[PLANETS]
   pid own ships prod    x      y    type fall_t keep_n first_en
     0  p0   389    3   93.1  81.8    S      -     0       -
     1  p0   243    3    6.9  81.8    S      -     0       -
     2  p0   360    3   93.1  18.2    S      -     0       -
     3  p0   288    3    6.9  18.2    S      -     0       -
     4  p0   142    2   91.4  96.5    S      -     0       -
     5  p0   164    2    8.6  96.5    S      -     0       -
     6  p0   237    2   91.4   3.5    S      -     0       -
     7  p0   297    2    8.6   3.5    S      -     0       -
     8  p0    85    2   58.0  98.0    S      -     0       -
     9  p0   210    2   42.0  98.0    S      -     0       -
    10  p0    93    2   58.0   2.0    S      -     0       -
    11  p0   154    2   42.0   2.0    S      -     0       -
    12  p0    98    2   24.8  31.1    O      -     0       -
    13  p0   538    2   68.9  24.8    O      -     0       -
    14  p0   156    2   31.1  75.2    O      -     0       -
    15  p0    94    2   75.2  68.9    O      -     0       -
    16  p0   138    2   82.9  87.2    S      -     0       -
    17  p0   114    2   17.1  87.2    S      -     0       -
    18  p0   231    2   82.9  12.8    S      -     0       -
    19  p0    96    2   17.1  12.8    S      -     0       -
    20  p0   104    2   29.2  18.9    O      -     0       -
    21  p0   125    2   61.2  14.3    O      -     0       -
    22  p0   140    2   38.8  85.7    O      -     0       -
    23  p0    79    2   70.8  81.1    O      -     0       -
    24  p0   236    4   16.3  39.1    O      -     0       -
    25  p0   192    4   79.3  30.0    O      -     0       -
    26  p0   820    4   20.7  70.0    O      -     0       -
    27  p0   303    4   83.7  60.9    O      -     0       -
[MISSIONS]  N=0  (sorted by score desc)
   (none)
[MOVES]  N=0

===== TURN 315  player=1  ts=2026-05-01 11:10:40  planets=28  fleets=1  =====
[GLOBAL]
   my_total=5  enemy_total=6194  my_prod=0  enemy_prod=68
   my_planets=0  enemy_planets=28  neutral=0  4p=False
   step=315  remaining=185  is_early=False  is_opening=False  is_late=False  is_very_late=False  is_total_war=False
[PLANETS]
   pid own ships prod    x      y    type fall_t keep_n first_en
     0  p0   392    3   93.1  81.8    S      -     0       -
     1  p0   246    3    6.9  81.8    S      -     0       -
     2  p0   363    3   93.1  18.2    S      -     0       -
     3  p0   291    3    6.9  18.2    S      -     0       -
     4  p0   144    2   91.4  96.5    S      -     0       -
     5  p0   166    2    8.6  96.5    S      -     0       -
     6  p0   239    2   91.4   3.5    S      -     0       -
     7  p0   299    2    8.6   3.5    S      -     0       -
     8  p0    87    2   58.0  98.0    S      -     0       -
     9  p0   212    2   42.0  98.0    S      -     0       -
    10  p0    95    2   58.0   2.0    S      -     0       -
    11  p0   156    2   42.0   2.0    S      -     0       -
    12  p0   100    2   25.3  30.4    O      -     0       -
    13  p0   540    2   69.6  25.3    O      -     0       -
    14  p0   158    2   30.4  74.7    O      -     0       -
    15  p0    96    2   74.7  69.6    O      -     0       -
    16  p0   140    2   82.9  87.2    S      -     0       -
    17  p0   116    2   17.1  87.2    S      -     0       -
    18  p0   233    2   82.9  12.8    S      -     0       -
    19  p0    98    2   17.1  12.8    S      -     0       -
    20  p0   106    2   30.1  18.3    O      -     0       -
    21  p0   127    2   62.2  14.7    O      -     0       -
    22  p0   142    2   37.8  85.3    O      -     0       -
    23  p0    81    2   69.9  81.7    O      -     0       -
    24  p0   240    4   16.6  38.1    O      -     0       -
    25  p0   196    4   79.9  30.9    O      -     0       -
    26  p0   824    4   20.1  69.1    O      -     0       -
    27  p0   307    4   83.4  61.9    O      -     0       -
[MISSIONS]  N=0  (sorted by score desc)
   (none)
[MOVES]  N=0

===== TURN 316  player=1  ts=2026-05-01 11:10:40  planets=28  fleets=1  =====
[GLOBAL]
   my_total=5  enemy_total=6262  my_prod=0  enemy_prod=68
   my_planets=0  enemy_planets=28  neutral=0  4p=False
   step=316  remaining=184  is_early=False  is_opening=False  is_late=False  is_very_late=False  is_total_war=False
[PLANETS]
   pid own ships prod    x      y    type fall_t keep_n first_en
     0  p0   395    3   93.1  81.8    S      -     0       -
     1  p0   249    3    6.9  81.8    S      -     0       -
     2  p0   366    3   93.1  18.2    S      -     0       -
     3  p0   294    3    6.9  18.2    S      -     0       -
     4  p0   146    2   91.4  96.5    S      -     0       -
     5  p0   168    2    8.6  96.5    S      -     0       -
     6  p0   241    2   91.4   3.5    S      -     0       -
     7  p0   301    2    8.6   3.5    S      -     0       -
     8  p0    89    2   58.0  98.0    S      -     0       -
     9  p0   214    2   42.0  98.0    S      -     0       -
    10  p0    97    2   58.0   2.0    S      -     0       -
    11  p0   158    2   42.0   2.0    S      -     0       -
    12  p0   102    2   25.9  29.7    O      -     0       -
    13  p0   542    2   70.3  25.9    O      -     0       -
    14  p0   160    2   29.7  74.1    O      -     0       -
    15  p0    98    2   74.1  70.3    O      -     0       -
    16  p0   142    2   82.9  87.2    S      -     0       -
    17  p0   118    2   17.1  87.2    S      -     0       -
    18  p0   235    2   82.9  12.8    S      -     0       -
    19  p0   100    2   17.1  12.8    S      -     0       -
    20  p0   108    2   31.1  17.7    O      -     0       -
    21  p0   129    2   63.3  15.0    O      -     0       -
    22  p0   144    2   36.7  85.0    O      -     0       -
    23  p0    83    2   68.9  82.3    O      -     0       -
    24  p0   244    4   17.0  37.1    O      -     0       -
    25  p0   200    4   80.4  31.8    O      -     0       -
    26  p0   828    4   19.6  68.2    O      -     0       -
    27  p0   311    4   83.0  62.9    O      -     0       -
[MISSIONS]  N=0  (sorted by score desc)
   (none)
[MOVES]  N=0

===== TURN 317  player=1  ts=2026-05-01 11:10:40  planets=28  fleets=1  =====
[GLOBAL]
   my_total=5  enemy_total=6330  my_prod=0  enemy_prod=68
   my_planets=0  enemy_planets=28  neutral=0  4p=False
   step=317  remaining=183  is_early=False  is_opening=False  is_late=False  is_very_late=False  is_total_war=False
[PLANETS]
   pid own ships prod    x      y    type fall_t keep_n first_en
     0  p0   398    3   93.1  81.8    S      -     0       -
     1  p0   252    3    6.9  81.8    S      -     0       -
     2  p0   369    3   93.1  18.2    S      -     0       -
     3  p0   297    3    6.9  18.2    S      -     0       -
     4  p0   148    2   91.4  96.5    S      -     0       -
     5  p0   170    2    8.6  96.5    S      -     0       -
     6  p0   243    2   91.4   3.5    S      -     0       -
     7  p0   303    2    8.6   3.5    S      -     0       -
     8  p0    91    2   58.0  98.0    S      -     0       -
     9  p0   216    2   42.0  98.0    S      -     0       -
    10  p0    99    2   58.0   2.0    S      -     0       -
    11  p0   160    2   42.0   2.0    S      -     0       -
    12  p0   104    2   26.5  29.0    O      -     0       -
    13  p0   544    2   71.0  26.5    O      -     0       -
    14  p0   162    2   29.0  73.5    O      -     0       -
    15  p0   100    2   73.5  71.0    O      -     0       -
    16  p0   144    2   82.9  87.2    S      -     0       -
    17  p0   120    2   17.1  87.2    S      -     0       -
    18  p0   237    2   82.9  12.8    S      -     0       -
    19  p0   102    2   17.1  12.8    S      -     0       -
    20  p0   110    2   32.0  17.2    O      -     0       -
    21  p0   131    2   64.3  15.4    O      -     0       -
    22  p0   146    2   35.7  84.6    O      -     0       -
    23  p0    85    2   68.0  82.8    O      -     0       -
    24  p0   248    4   17.4  36.2    O      -     0       -
    25  p0   204    4   81.0  32.7    O      -     0       -
    26  p0   832    4   19.0  67.3    O      -     0       -
    27  p0   315    4   82.6  63.8    O      -     0       -
[MISSIONS]  N=0  (sorted by score desc)
   (none)
[MOVES]  N=0

===== TURN 318  player=1  ts=2026-05-01 11:10:40  planets=28  fleets=1  =====
[GLOBAL]
   my_total=5  enemy_total=6398  my_prod=0  enemy_prod=68
   my_planets=0  enemy_planets=28  neutral=0  4p=False
   step=318  remaining=182  is_early=False  is_opening=False  is_late=False  is_very_late=False  is_total_war=False
[PLANETS]
   pid own ships prod    x      y    type fall_t keep_n first_en
     0  p0   401    3   93.1  81.8    S      -     0       -
     1  p0   255    3    6.9  81.8    S      -     0       -
     2  p0   372    3   93.1  18.2    S      -     0       -
     3  p0   300    3    6.9  18.2    S      -     0       -
     4  p0   150    2   91.4  96.5    S      -     0       -
     5  p0   172    2    8.6  96.5    S      -     0       -
     6  p0   245    2   91.4   3.5    S      -     0       -
     7  p0   305    2    8.6   3.5    S      -     0       -
     8  p0    93    2   58.0  98.0    S      -     0       -
     9  p0   218    2   42.0  98.0    S      -     0       -
    10  p0   101    2   58.0   2.0    S      -     0       -
    11  p0   162    2   42.0   2.0    S      -     0       -
    12  p0   106    2   27.2  28.3    O      -     0       -
    13  p0   546    2   71.7  27.2    O      -     0       -
    14  p0   164    2   28.3  72.8    O      -     0       -
    15  p0   102    2   72.8  71.7    O      -     0       -
    16  p0   146    2   82.9  87.2    S      -     0       -
    17  p0   122    2   17.1  87.2    S      -     0       -
    18  p0   239    2   82.9  12.8    S      -     0       -
    19  p0   104    2   17.1  12.8    S      -     0       -
    20  p0   112    2   33.0  16.7    O      -     0       -
    21  p0   133    2   65.3  15.9    O      -     0       -
    22  p0   148    2   34.7  84.1    O      -     0       -
    23  p0    87    2   67.0  83.3    O      -     0       -
    24  p0   252    4   17.8  35.2    O      -     0       -
    25  p0   208    4   81.5  33.7    O      -     0       -
    26  p0   836    4   18.5  66.3    O      -     0       -
    27  p0   319    4   82.2  64.8    O      -     0       -
[MISSIONS]  N=0  (sorted by score desc)
   (none)
[MOVES]  N=0

===== TURN 319  player=1  ts=2026-05-01 11:10:40  planets=28  fleets=1  =====
[GLOBAL]
   my_total=5  enemy_total=6466  my_prod=0  enemy_prod=68
   my_planets=0  enemy_planets=28  neutral=0  4p=False
   step=319  remaining=181  is_early=False  is_opening=False  is_late=False  is_very_late=False  is_total_war=False
[PLANETS]
   pid own ships prod    x      y    type fall_t keep_n first_en
     0  p0   404    3   93.1  81.8    S      -     0       -
     1  p0   258    3    6.9  81.8    S      -     0       -
     2  p0   375    3   93.1  18.2    S      -     0       -
     3  p0   303    3    6.9  18.2    S      -     0       -
     4  p0   152    2   91.4  96.5    S      -     0       -
     5  p0   174    2    8.6  96.5    S      -     0       -
     6  p0   247    2   91.4   3.5    S      -     0       -
     7  p0   307    2    8.6   3.5    S      -     0       -
     8  p0    95    2   58.0  98.0    S      -     0       -
     9  p0   220    2   42.0  98.0    S      -     0       -
    10  p0   103    2   58.0   2.0    S      -     0       -
    11  p0   164    2   42.0   2.0    S      -     0       -
    12  p0   108    2   27.8  27.6    O      -     0       -
    13  p0   548    2   72.4  27.8    O      -     0       -
    14  p0   166    2   27.6  72.2    O      -     0       -
    15  p0   104    2   72.2  72.4    O      -     0       -
    16  p0   148    2   82.9  87.2    S      -     0       -
    17  p0   124    2   17.1  87.2    S      -     0       -
    18  p0   241    2   82.9  12.8    S      -     0       -
    19  p0   106    2   17.1  12.8    S      -     0       -
    20  p0   114    2   34.0  16.2    O      -     0       -
    21  p0   135    2   66.3  16.3    O      -     0       -
    22  p0   150    2   33.7  83.7    O      -     0       -
    23  p0    89    2   66.0  83.8    O      -     0       -
    24  p0   256    4   18.2  34.3    O      -     0       -
    25  p0   212    4   81.9  34.6    O      -     0       -
    26  p0   840    4   18.1  65.4    O      -     0       -
    27  p0   323    4   81.8  65.7    O      -     0       -
[MISSIONS]  N=0  (sorted by score desc)
   (none)
[MOVES]  N=0

===== TURN 320  player=1  ts=2026-05-01 11:10:40  planets=28  fleets=1  =====
[GLOBAL]
   my_total=5  enemy_total=6534  my_prod=0  enemy_prod=68
   my_planets=0  enemy_planets=28  neutral=0  4p=False
   step=320  remaining=180  is_early=False  is_opening=False  is_late=False  is_very_late=False  is_total_war=False
[PLANETS]
   pid own ships prod    x      y    type fall_t keep_n first_en
     0  p0   407    3   93.1  81.8    S      -     0       -
     1  p0   261    3    6.9  81.8    S      -     0       -
     2  p0   378    3   93.1  18.2    S      -     0       -
     3  p0   306    3    6.9  18.2    S      -     0       -
     4  p0   154    2   91.4  96.5    S      -     0       -
     5  p0   176    2    8.6  96.5    S      -     0       -
     6  p0   249    2   91.4   3.5    S      -     0       -
     7  p0   309    2    8.6   3.5    S      -     0       -
     8  p0    97    2   58.0  98.0    S      -     0       -
     9  p0   222    2   42.0  98.0    S      -     0       -
    10  p0   105    2   58.0   2.0    S      -     0       -
    11  p0   166    2   42.0   2.0    S      -     0       -
    12  p0   110    2   28.5  27.0    O      -     0       -
    13  p0   550    2   73.0  28.5    O      -     0       -
    14  p0   168    2   27.0  71.5    O      -     0       -
    15  p0   106    2   71.5  73.0    O      -     0       -
    16  p0   150    2   82.9  87.2    S      -     0       -
    17  p0   126    2   17.1  87.2    S      -     0       -
    18  p0   243    2   82.9  12.8    S      -     0       -
    19  p0   108    2   17.1  12.8    S      -     0       -
    20  p0   116    2   35.0  15.7    O      -     0       -
    21  p0   137    2   67.3  16.8    O      -     0       -
    22  p0   152    2   32.7  83.2    O      -     0       -
    23  p0    91    2   65.0  84.3    O      -     0       -
    24  p0   260    4   18.7  33.3    O      -     0       -
    25  p0   216    4   82.4  35.5    O      -     0       -
    26  p0   844    4   17.6  64.5    O      -     0       -
    27  p0   327    4   81.3  66.7    O      -     0       -
[MISSIONS]  N=0  (sorted by score desc)
   (none)
[MOVES]  N=0

===== TURN 321  player=1  ts=2026-05-01 11:10:40  planets=28  fleets=1  =====
[GLOBAL]
   my_total=5  enemy_total=6602  my_prod=0  enemy_prod=68
   my_planets=0  enemy_planets=28  neutral=0  4p=False
   step=321  remaining=179  is_early=False  is_opening=False  is_late=False  is_very_late=False  is_total_war=False
[PLANETS]
   pid own ships prod    x      y    type fall_t keep_n first_en
     0  p0   410    3   93.1  81.8    S      -     0       -
     1  p0   264    3    6.9  81.8    S      -     0       -
     2  p0   381    3   93.1  18.2    S      -     0       -
     3  p0   309    3    6.9  18.2    S      -     0       -
     4  p0   156    2   91.4  96.5    S      -     0       -
     5  p0   178    2    8.6  96.5    S      -     0       -
     6  p0   251    2   91.4   3.5    S      -     0       -
     7  p0   311    2    8.6   3.5    S      -     0       -
     8  p0    99    2   58.0  98.0    S      -     0       -
     9  p0   224    2   42.0  98.0    S      -     0       -
    10  p0   107    2   58.0   2.0    S      -     0       -
    11  p0   168    2   42.0   2.0    S      -     0       -
    12  p0   112    2   29.2  26.3    O      -     0       -
    13  p0   552    2   73.7  29.2    O      -     0       -
    14  p0   170    2   26.3  70.8    O      -     0       -
    15  p0   108    2   70.8  73.7    O      -     0       -
    16  p0   152    2   82.9  87.2    S      -     0       -
    17  p0   128    2   17.1  87.2    S      -     0       -
    18  p0   245    2   82.9  12.8    S      -     0       -
    19  p0   110    2   17.1  12.8    S      -     0       -
    20  p0   118    2   36.1  15.3    O      -     0       -
    21  p0   139    2   68.3  17.4    O      -     0       -
    22  p0   154    2   31.7  82.6    O      -     0       -
    23  p0    93    2   63.9  84.7    O      -     0       -
    24  p0   264    4   19.2  32.4    O      -     0       -
    25  p0   220    4   82.8  36.5    O      -     0       -
    26  p0   848    4   17.2  63.5    O      -     0       -
    27  p0   331    4   80.8  67.6    O      -     0       -
[MISSIONS]  N=0  (sorted by score desc)
   (none)
[MOVES]  N=0

===== TURN 322  player=1  ts=2026-05-01 11:10:40  planets=28  fleets=1  =====
[GLOBAL]
   my_total=5  enemy_total=6670  my_prod=0  enemy_prod=68
   my_planets=0  enemy_planets=28  neutral=0  4p=False
   step=322  remaining=178  is_early=False  is_opening=False  is_late=False  is_very_late=False  is_total_war=False
[PLANETS]
   pid own ships prod    x      y    type fall_t keep_n first_en
     0  p0   413    3   93.1  81.8    S      -     0       -
     1  p0   267    3    6.9  81.8    S      -     0       -
     2  p0   384    3   93.1  18.2    S      -     0       -
     3  p0   312    3    6.9  18.2    S      -     0       -
     4  p0   158    2   91.4  96.5    S      -     0       -
     5  p0   180    2    8.6  96.5    S      -     0       -
     6  p0   253    2   91.4   3.5    S      -     0       -
     7  p0   313    2    8.6   3.5    S      -     0       -
     8  p0   101    2   58.0  98.0    S      -     0       -
     9  p0   226    2   42.0  98.0    S      -     0       -
    10  p0   109    2   58.0   2.0    S      -     0       -
    11  p0   170    2   42.0   2.0    S      -     0       -
    12  p0   114    2   29.9  25.7    O      -     0       -
    13  p0   554    2   74.3  29.9    O      -     0       -
    14  p0   172    2   25.7  70.1    O      -     0       -
    15  p0   110    2   70.1  74.3    O      -     0       -
    16  p0   154    2   82.9  87.2    S      -     0       -
    17  p0   130    2   17.1  87.2    S      -     0       -
    18  p0   247    2   82.9  12.8    S      -     0       -
    19  p0   112    2   17.1  12.8    S      -     0       -
    20  p0   120    2   37.1  14.9    O      -     0       -
    21  p0   141    2   69.3  17.9    O      -     0       -
    22  p0   156    2   30.7  82.1    O      -     0       -
    23  p0    95    2   62.9  85.1    O      -     0       -
    24  p0   268    4   19.8  31.5    O      -     0       -
    25  p0   224    4   83.2  37.5    O      -     0       -
    26  p0   852    4   16.8  62.5    O      -     0       -
    27  p0   335    4   80.2  68.5    O      -     0       -
[MISSIONS]  N=0  (sorted by score desc)
   (none)
[MOVES]  N=0

===== TURN 323  player=1  ts=2026-05-01 11:10:40  planets=28  fleets=1  =====
[GLOBAL]
   my_total=5  enemy_total=6738  my_prod=0  enemy_prod=68
   my_planets=0  enemy_planets=28  neutral=0  4p=False
   step=323  remaining=177  is_early=False  is_opening=False  is_late=False  is_very_late=False  is_total_war=False
[PLANETS]
   pid own ships prod    x      y    type fall_t keep_n first_en
     0  p0   416    3   93.1  81.8    S      -     0       -
     1  p0   270    3    6.9  81.8    S      -     0       -
     2  p0   387    3   93.1  18.2    S      -     0       -
     3  p0   315    3    6.9  18.2    S      -     0       -
     4  p0   160    2   91.4  96.5    S      -     0       -
     5  p0   182    2    8.6  96.5    S      -     0       -
     6  p0   255    2   91.4   3.5    S      -     0       -
     7  p0   315    2    8.6   3.5    S      -     0       -
     8  p0   103    2   58.0  98.0    S      -     0       -
     9  p0   228    2   42.0  98.0    S      -     0       -
    10  p0   111    2   58.0   2.0    S      -     0       -
    11  p0   172    2   42.0   2.0    S      -     0       -
    12  p0   116    2   30.6  25.1    O      -     0       -
    13  p0   556    2   74.9  30.6    O      -     0       -
    14  p0   174    2   25.1  69.4    O      -     0       -
    15  p0   112    2   69.4  74.9    O      -     0       -
    16  p0   156    2   82.9  87.2    S      -     0       -
    17  p0   132    2   17.1  87.2    S      -     0       -
    18  p0   249    2   82.9  12.8    S      -     0       -
    19  p0   114    2   17.1  12.8    S      -     0       -
    20  p0   122    2   38.1  14.5    O      -     0       -
    21  p0   143    2   70.2  18.5    O      -     0       -
    22  p0   158    2   29.8  81.5    O      -     0       -
    23  p0    97    2   61.9  85.5    O      -     0       -
    24  p0   272    4   20.3  30.6    O      -     0       -
    25  p0   228    4   83.5  38.5    O      -     0       -
    26  p0   856    4   16.5  61.5    O      -     0       -
    27  p0   339    4   79.7  69.4    O      -     0       -
[MISSIONS]  N=0  (sorted by score desc)
   (none)
[MOVES]  N=0

===== TURN 324  player=1  ts=2026-05-01 11:10:40  planets=28  fleets=1  =====
[GLOBAL]
   my_total=5  enemy_total=6806  my_prod=0  enemy_prod=68
   my_planets=0  enemy_planets=28  neutral=0  4p=False
   step=324  remaining=176  is_early=False  is_opening=False  is_late=False  is_very_late=False  is_total_war=False
[PLANETS]
   pid own ships prod    x      y    type fall_t keep_n first_en
     0  p0   419    3   93.1  81.8    S      -     0       -
     1  p0   273    3    6.9  81.8    S      -     0       -
     2  p0   390    3   93.1  18.2    S      -     0       -
     3  p0   318    3    6.9  18.2    S      -     0       -
     4  p0   162    2   91.4  96.5    S      -     0       -
     5  p0   184    2    8.6  96.5    S      -     0       -
     6  p0   257    2   91.4   3.5    S      -     0       -
     7  p0   317    2    8.6   3.5    S      -     0       -
     8  p0   105    2   58.0  98.0    S      -     0       -
     9  p0   230    2   42.0  98.0    S      -     0       -
    10  p0   113    2   58.0   2.0    S      -     0       -
    11  p0   174    2   42.0   2.0    S      -     0       -
    12  p0   118    2   31.4  24.6    O      -     0       -
    13  p0   558    2   75.4  31.4    O      -     0       -
    14  p0   176    2   24.6  68.6    O      -     0       -
    15  p0   114    2   68.6  75.4    O      -     0       -
    16  p0   158    2   82.9  87.2    S      -     0       -
    17  p0   134    2   17.1  87.2    S      -     0       -
    18  p0   251    2   82.9  12.8    S      -     0       -
    19  p0   116    2   17.1  12.8    S      -     0       -
    20  p0   124    2   39.2  14.2    O      -     0       -
    21  p0   145    2   71.1  19.1    O      -     0       -
    22  p0   160    2   28.9  80.9    O      -     0       -
    23  p0    99    2   60.8  85.8    O      -     0       -
    24  p0   276    4   20.9  29.7    O      -     0       -
    25  p0   232    4   83.9  39.5    O      -     0       -
    26  p0   860    4   16.1  60.5    O      -     0       -
    27  p0   343    4   79.1  70.3    O      -     0       -
[MISSIONS]  N=0  (sorted by score desc)
   (none)
[MOVES]  N=0

===== TURN 325  player=1  ts=2026-05-01 11:10:40  planets=28  fleets=1  =====
[GLOBAL]
   my_total=5  enemy_total=6874  my_prod=0  enemy_prod=68
   my_planets=0  enemy_planets=28  neutral=0  4p=False
   step=325  remaining=175  is_early=False  is_opening=False  is_late=False  is_very_late=False  is_total_war=False
[PLANETS]
   pid own ships prod    x      y    type fall_t keep_n first_en
     0  p0   422    3   93.1  81.8    S      -     0       -
     1  p0   276    3    6.9  81.8    S      -     0       -
     2  p0   393    3   93.1  18.2    S      -     0       -
     3  p0   321    3    6.9  18.2    S      -     0       -
     4  p0   164    2   91.4  96.5    S      -     0       -
     5  p0   186    2    8.6  96.5    S      -     0       -
     6  p0   259    2   91.4   3.5    S      -     0       -
     7  p0   319    2    8.6   3.5    S      -     0       -
     8  p0   107    2   58.0  98.0    S      -     0       -
     9  p0   232    2   42.0  98.0    S      -     0       -
    10  p0   115    2   58.0   2.0    S      -     0       -
    11  p0   176    2   42.0   2.0    S      -     0       -
    12  p0   120    2   32.1  24.0    O      -     0       -
    13  p0   560    2   76.0  32.1    O      -     0       -
    14  p0   178    2   24.0  67.9    O      -     0       -
    15  p0   116    2   67.9  76.0    O      -     0       -
    16  p0   160    2   82.9  87.2    S      -     0       -
    17  p0   136    2   17.1  87.2    S      -     0       -
    18  p0   253    2   82.9  12.8    S      -     0       -
    19  p0   118    2   17.1  12.8    S      -     0       -
    20  p0   126    2   40.3  13.9    O      -     0       -
    21  p0   147    2   72.0  19.8    O      -     0       -
    22  p0   162    2   28.0  80.2    O      -     0       -
    23  p0   101    2   59.7  86.1    O      -     0       -
    24  p0   280    4   21.5  28.9    O      -     0       -
    25  p0   236    4   84.2  40.5    O      -     0       -
    26  p0   864    4   15.8  59.5    O      -     0       -
    27  p0   347    4   78.5  71.1    O      -     0       -
[MISSIONS]  N=0  (sorted by score desc)
   (none)
[MOVES]  N=0

===== TURN 326  player=1  ts=2026-05-01 11:10:40  planets=28  fleets=1  =====
[GLOBAL]
   my_total=5  enemy_total=6942  my_prod=0  enemy_prod=68
   my_planets=0  enemy_planets=28  neutral=0  4p=False
   step=326  remaining=174  is_early=False  is_opening=False  is_late=False  is_very_late=False  is_total_war=False
[PLANETS]
   pid own ships prod    x      y    type fall_t keep_n first_en
     0  p0   425    3   93.1  81.8    S      -     0       -
     1  p0   279    3    6.9  81.8    S      -     0       -
     2  p0   396    3   93.1  18.2    S      -     0       -
     3  p0   324    3    6.9  18.2    S      -     0       -
     4  p0   166    2   91.4  96.5    S      -     0       -
     5  p0   188    2    8.6  96.5    S      -     0       -
     6  p0   261    2   91.4   3.5    S      -     0       -
     7  p0   321    2    8.6   3.5    S      -     0       -
     8  p0   109    2   58.0  98.0    S      -     0       -
     9  p0   234    2   42.0  98.0    S      -     0       -
    10  p0   117    2   58.0   2.0    S      -     0       -
    11  p0   178    2   42.0   2.0    S      -     0       -
    12  p0   122    2   32.9  23.5    O      -     0       -
    13  p0   562    2   76.5  32.9    O      -     0       -
    14  p0   180    2   23.5  67.1    O      -     0       -
    15  p0   118    2   67.1  76.5    O      -     0       -
    16  p0   162    2   82.9  87.2    S      -     0       -
    17  p0   138    2   17.1  87.2    S      -     0       -
    18  p0   255    2   82.9  12.8    S      -     0       -
    19  p0   120    2   17.1  12.8    S      -     0       -
    20  p0   128    2   41.3  13.6    O      -     0       -
    21  p0   149    2   72.9  20.4    O      -     0       -
    22  p0   164    2   27.1  79.6    O      -     0       -
    23  p0   103    2   58.7  86.4    O      -     0       -
    24  p0   284    4   22.2  28.0    O      -     0       -
    25  p0   240    4   84.4  41.5    O      -     0       -
    26  p0   868    4   15.6  58.5    O      -     0       -
    27  p0   351    4   77.8  72.0    O      -     0       -
[MISSIONS]  N=0  (sorted by score desc)
   (none)
[MOVES]  N=0
