seed,reward_our,reward_sub,win,draw,steps,match_time_sec,omega,n_planets,n_orbital,n_static,n_our_start,n_sub_start,n_neutrals,prod_total,prod_total_neutrals,prod_mean,prod_var,min_dist_home_neutral,mean_dist_home_neutral,mean_inter_dist,max_inter_dist,sun_blockage_pct,n_prod_1,n_prod_2,n_prod_3,n_prod_4,n_prod_5,final_ships_diff,final_prod_diff,final_n_diff,max_ships_diff,min_ships_diff,max_lead_turn,min_lead_turn,first_lead_turn,first_lag_turn,lead_changes,avg_ships_diff_q1,avg_ships_diff_q2,avg_ships_diff_q3,avg_ships_diff_q4,avg_ratio_q1,avg_ratio_q2,avg_ratio_q3,avg_ratio_q4,dominance_area,mid_game_lead,turn_total_war,cluster
3,-1,1,0,0,176,13.3,0.04240792084540114,28,12,16,1,1,26,56,54,2.0,1.143,14.22,53.21,59.42,115.29,0.2328,12,8,4,4,0,-1787,-60,-32,42,-1787,58,175,14,12,24,8.3,-24.9,-149.0,-577.2,0.53,0.449,0.347,0.09,-32683,-55,0,1
4,-1,1,0,0,248,14.6,0.02738159775558828,24,8,16,1,1,22,64,62,2.667,2.222,9.29,53.64,60.55,105.41,0.1957,8,4,4,4,4,-2919,-64,-24,397,-2919,84,247,24,40,30,6.1,153.1,-45.5,-865.7,0.552,0.627,0.468,0.166,-46624,-75,0,0
2,-1,1,0,0,184,16.5,0.03529061425474536,32,12,20,1,1,30,80,76,2.5,1.75,11.15,66.36,58.9,114.54,0.2097,8,12,4,4,4,-476,-70,-30,357,-841,85,180,2,25,6,34.6,173.3,-40.5,-450.0,0.703,0.763,0.492,0.217,-12999,93,0,2
0,-1,1,0,0,175,17.0,0.03304367096471968,36,12,24,1,1,34,96,94,2.667,2.889,9.18,71.58,62.76,124.08,0.1841,16,4,0,8,8,-5982,-100,-40,171,-5982,61,174,2,13,12,16.5,8.0,-426.7,-2337.0,0.596,0.548,0.293,0.059,-124795,3,0,2
5,-1,1,0,0,154,9.0,0.02784736608348161,28,8,20,1,1,26,76,74,2.714,1.633,11.64,64.65,60.48,108.62,0.1905,4,12,4,4,4,-1313,-80,-32,244,-1831,86,150,8,2,6,10.5,48.9,94.8,-552.0,0.584,0.649,0.568,0.156,-16222,162,0,2
7,-1,1,0,0,114,10.0,0.04458774428084146,32,16,16,1,1,30,92,82,2.875,2.859,12.37,59.6,58.25,117.4,0.2339,8,12,0,0,12,-1096,-92,-32,62,-1096,37,113,2,5,14,13.0,6.3,-210.9,-518.8,0.657,0.531,0.312,0.1,-20928,-68,0,3
6,1,-1,1,0,223,15.0,0.036418605391873866,28,12,16,1,1,26,56,54,2.0,2.0,10.89,55.14,60.42,111.6,0.1958,16,4,4,0,4,2594,56,28,2594,-115,222,146,18,16,13,9.1,92.7,321.9,1141.5,0.528,0.611,0.679,0.929,89514,210,0,1
1,1,-1,1,0,283,33.4,0.04751510912985747,32,12,20,1,1,30,68,62,2.125,1.609,13.27,74.75,63.01,131.31,0.2339,12,12,4,0,4,3738,68,32,3738,-104,282,150,7,3,13,33.3,235.5,453.6,1906.4,0.588,0.677,0.681,0.935,189738,144,0,2
9,-1,1,0,0,117,12.4,0.03391503964615157,32,16,16,1,1,30,84,80,2.625,1.734,10.05,50.52,56.45,111.24,0.2419,8,8,8,4,4,-2315,-84,-32,152,-2315,43,116,2,9,8,6.2,82.7,-107.2,-829.3,0.58,0.662,0.416,0.145,-25411,121,0,3
8,1,-1,1,0,201,27.4,0.03217604698822864,32,16,16,1,1,30,108,98,3.375,2.984,13.24,61.0,58.07,115.24,0.2258,8,4,4,0,16,4759,108,32,4759,-3,200,3,2,3,3,54.6,306.5,628.1,2453.1,0.746,0.684,0.743,0.917,174564,699,0,3
12,-1,1,0,0,158,15.6,0.02714287265177231,28,12,16,1,1,26,80,74,2.857,0.98,12.5,60.89,60.09,120.05,0.2169,0,12,12,0,4,-600,-82,-30,334,-914,63,135,2,7,20,36.4,74.0,-29.9,-463.3,0.618,0.574,0.487,0.221,-15860,-61,0,1
11,-1,1,0,0,183,21.9,0.0313820349196107,32,16,16,1,1,30,80,76,2.5,1.0,15.32,68.91,60.47,119.53,0.2339,8,4,16,4,0,-730,-79,-31,325,-839,84,170,2,16,20,17.3,164.0,-35.5,-434.2,0.701,0.712,0.465,0.182,-14275,130,0,1
10,1,-1,1,0,211,25.8,0.043275632157763186,32,16,16,1,1,30,84,78,2.625,1.734,11.89,58.58,55.48,108.89,0.2016,8,8,8,4,4,3695,84,32,3695,-144,210,114,2,6,7,35.8,203.0,323.3,1646.6,0.686,0.621,0.678,0.926,119797,227,0,3
13,-1,1,0,0,232,20.1,0.040198999121323145,28,8,20,1,1,26,76,68,2.714,2.204,10.58,64.1,62.9,120.17,0.2275,8,8,0,8,4,-1449,-76,-28,372,-1449,127,231,2,7,26,109.1,104.5,66.2,-503.1,0.684,0.549,0.514,0.242,-12953,228,0,0
17,-1,1,0,0,140,6.0,0.03811710478976608,20,8,12,1,1,18,44,42,2.2,1.36,12.39,60.39,59.7,105.32,0.1895,8,4,4,4,0,-303,-32,-17,136,-455,76,135,2,6,20,2.9,46.1,26.4,-240.5,0.581,0.65,0.518,0.102,-5776,125,0,4
18,1,-1,1,0,157,11.1,0.03206182631269748,36,12,24,1,1,34,88,86,2.444,3.358,13.15,62.07,60.85,119.63,0.2095,20,4,0,0,12,3893,90,38,3893,-7,156,29,17,29,5,5.6,108.8,414.3,2409.9,0.574,0.735,0.765,0.986,117015,336,0,2
14,-1,1,0,0,165,21.7,0.037845921623531065,36,16,20,1,1,34,84,76,2.333,2.222,15.11,60.42,59.71,121.59,0.2159,16,8,0,8,4,-2182,-88,-40,538,-2182,78,164,3,23,6,51.2,389.0,74.1,-685.3,0.661,0.765,0.52,0.17,-7694,481,0,3
16,-1,1,0,0,142,15.5,0.04436253428270156,36,16,20,1,1,34,96,88,2.667,1.778,11.03,66.62,57.43,116.57,0.219,8,12,4,8,4,-3348,-96,-36,142,-3348,45,141,5,91,6,46.2,100.5,-8.4,-957.5,0.717,0.717,0.503,0.049,-30589,116,0,3
22,-1,1,0,0,105,7.8,0.049688570604882694,36,16,20,1,1,34,112,110,3.111,2.988,10.67,50.97,57.21,118.43,0.2095,12,4,0,8,12,-325,-82,-26,30,-325,38,104,21,12,8,-3.1,2.2,-18.8,-144.7,0.445,0.526,0.423,0.061,-4421,-10,0,3
15,1,-1,1,0,220,28.6,0.034307769394097784,32,16,16,1,1,30,104,96,3.25,1.438,17.76,66.34,57.18,115.39,0.2056,4,4,8,12,4,5340,104,32,5340,-12,219,12,2,4,9,94.6,395.2,376.9,2733.3,0.729,0.68,0.669,0.941,198005,84,0,3
19,1,-1,1,0,220,19.8,0.04007383026189189,28,12,16,1,1,26,72,64,2.571,1.388,15.17,61.01,58.49,109.15,0.2275,8,4,8,8,0,4641,72,28,4641,-20,219,13,2,7,9,44.6,327.9,430.4,2755.4,0.605,0.682,0.739,0.991,195702,302,0,1
20,1,-1,1,0,239,14.5,0.037492975486487765,24,8,16,1,1,22,68,64,2.833,1.139,13.14,64.56,61.3,111.98,0.1957,0,12,8,0,4,3973,68,24,3973,-10,238,9,2,9,5,53.3,191.1,491.9,2063.7,0.654,0.604,0.693,0.956,171392,644,0,4
25,-1,1,0,0,150,6.3,0.03174389114576065,24,8,16,1,1,22,44,42,1.833,0.472,10.14,49.92,60.32,115.52,0.2101,8,12,4,0,0,-1310,-44,-24,81,-1310,66,149,2,10,20,-0.1,14.8,-36.5,-373.7,0.51,0.57,0.431,0.171,-15386,-1,0,0
23,1,-1,1,0,190,11.0,0.028820384908684663,28,12,16,1,1,26,60,58,2.143,0.98,16.02,65.25,60.43,110.71,0.2169,8,12,4,4,0,2976,60,28,2976,0,189,0,16,-1,1,12.8,141.3,239.4,1710.8,0.625,0.76,0.656,0.965,102324,291,0,4
21,1,-1,1,0,176,22.8,0.04529735446987525,36,12,24,1,1,34,80,72,2.222,1.284,11.33,54.64,61.6,117.72,0.1905,12,12,4,8,0,4182,84,40,4182,-69,175,39,2,3,13,9.2,274.6,828.5,2666.0,0.567,0.655,0.793,0.937,166252,544,0,2
27,-1,1,0,0,189,10.7,0.04468313695400984,24,8,16,1,1,22,64,62,2.667,1.889,9.54,52.98,61.16,119.36,0.1884,8,0,12,0,4,-1792,-64,-24,96,-1792,103,188,34,25,16,8.9,1.3,-41.2,-514.0,0.523,0.524,0.462,0.19,-26126,-48,0,4
26,-1,1,0,0,174,17.3,0.030140709364791837,32,12,20,1,1,30,96,88,3.0,0.75,15.55,62.12,60.83,113.73,0.2016,0,12,8,12,0,-1949,-100,-36,380,-1949,66,173,3,7,6,52.2,231.7,-170.0,-730.1,0.67,0.651,0.464,0.161,-27957,149,0,2
28,1,-1,1,0,142,11.9,0.04729182269113336,28,12,16,1,1,26,76,66,2.714,2.204,12.31,50.87,56.97,107.35,0.2381,8,8,0,8,4,4089,76,28,4089,-5,141,3,2,3,5,71.6,442.3,726.9,2744.6,0.677,0.699,0.823,0.997,144979,328,0,1
24,1,-1,1,0,219,25.2,0.04514175328470128,36,16,20,1,1,34,80,78,2.222,2.395,11.44,46.97,57.89,111.97,0.2095,20,4,0,8,4,4310,80,36,4310,0,218,0,38,-1,1,5.1,138.1,393.2,2176.3,0.544,0.722,0.691,0.952,153017,387,0,3
29,-1,1,0,0,162,15.2,0.026458770974247942,28,16,12,1,1,26,56,52,2.0,0.571,10.76,46.35,55.32,105.77,0.2116,8,12,8,0,0,-803,-60,-32,155,-803,75,161,14,13,12,19.4,85.9,-8.9,-359.2,0.585,0.645,0.503,0.245,-11231,106,0,1
30,1,-1,1,0,154,10.9,0.04880646780467027,32,16,16,1,1,30,52,50,1.625,1.734,11.65,47.88,57.89,111.09,0.2097,24,4,0,0,4,2397,52,32,2405,-8,152,26,16,18,5,6.1,119.8,228.5,1551.9,0.557,0.724,0.766,0.995,75539,126,0,1
31,-1,1,0,0,105,8.7,0.042181593762742095,28,12,16,1,1,26,72,66,2.571,1.102,12.48,68.5,58.81,119.57,0.2328,4,12,4,8,0,-764,-72,-28,181,-829,47,100,3,6,6,15.6,121.8,-30.8,-505.2,0.587,0.75,0.497,0.122,-10868,148,0,1
34,-1,1,0,0,172,8.1,0.031252529172345854,20,8,12,1,1,18,60,50,3.0,1.2,18.89,61.7,58.16,101.97,0.2,0,8,8,0,4,-744,-64,-24,170,-1134,44,168,4,3,22,53.8,11.3,-74.7,-463.7,0.605,0.524,0.39,0.2,-20353,-27,0,4
32,1,-1,1,0,264,14.5,0.025921923642614794,28,8,20,1,1,26,68,66,2.429,3.102,13.95,63.31,63.18,121.91,0.1905,16,0,4,0,8,7885,72,32,7885,-6,263,8,2,8,7,42.9,490.8,2623.9,5812.6,0.653,0.705,0.823,0.944,592031,1363,0,2
35,-1,1,0,0,132,8.6,0.04586903228703706,24,12,12,1,1,22,68,66,2.833,1.472,9.98,46.02,55.6,103.16,0.2101,4,8,0,12,0,-540,-64,-23,124,-546,70,130,2,4,22,-0.5,11.4,-65.7,-324.4,0.467,0.495,0.443,0.173,-12516,50,0,1
33,-1,1,0,0,169,13.9,0.04056899030424342,24,12,12,1,1,22,68,64,2.833,1.472,17.71,60.52,58.85,113.18,0.1957,4,4,12,0,4,-584,-71,-27,218,-590,52,166,3,71,10,28.4,59.2,-108.1,-373.5,0.616,0.561,0.457,0.224,-16922,6,0,4
38,-1,1,0,0,123,8.5,0.04185697394362513,28,12,16,1,1,26,60,58,2.143,2.408,9.69,60.74,60.47,108.11,0.2063,16,4,0,4,4,-796,-60,-28,59,-796,51,122,2,4,16,2.3,12.2,-131.4,-427.3,0.564,0.529,0.35,0.15,-17606,-107,0,1
39,1,-1,1,0,149,9.5,0.0435083446686411,32,12,20,1,1,30,72,64,2.25,1.938,12.65,52.48,60.64,119.52,0.2298,16,4,0,12,0,4249,72,32,4249,-25,148,42,5,7,9,20.2,182.6,949.2,2968.8,0.606,0.712,0.816,0.994,155442,404,0,2
36,1,-1,1,0,166,19.0,0.030115914773067343,36,16,20,1,1,34,96,92,2.667,2.444,10.96,68.61,58.62,119.47,0.2222,12,8,4,4,8,4906,97,37,4906,-4,165,18,5,6,5,30.5,359.1,1367.0,3450.1,0.689,0.847,0.845,0.958,220375,834,0,3
37,-1,1,0,0,161,15.9,0.048614646010218365,36,12,24,1,1,34,96,92,2.667,2.0,10.45,64.64,59.03,109.47,0.2,8,12,8,0,8,-1539,-96,-36,38,-1539,29,160,4,2,22,5.6,-11.9,-132.7,-677.1,0.544,0.478,0.398,0.169,-33320,-37,0,2
41,-1,1,0,0,175,16.9,0.04289771725404427,28,12,16,1,1,26,76,70,2.714,1.347,11.76,65.61,57.73,113.23,0.2011,8,0,12,8,0,-1514,-80,-32,476,-1514,68,174,4,2,10,42.1,316.5,21.4,-547.5,0.606,0.725,0.522,0.163,-8841,428,0,1
40,-1,1,0,0,199,22.2,0.04215937490039373,36,12,24,1,1,34,60,52,1.667,1.111,11.52,61.43,62.13,122.03,0.2222,24,4,4,4,0,-2672,-60,-36,265,-2672,50,198,2,3,18,96.2,145.0,-56.4,-923.0,0.716,0.586,0.462,0.142,-38940,92,0,2
44,-1,1,0,0,244,11.3,0.026903937916820664,20,8,12,1,1,18,48,46,2.4,1.84,17.24,63.15,61.11,113.71,0.2,8,4,0,8,0,-459,-48,-20,263,-587,147,235,38,30,32,21.5,44.4,0.6,-288.2,0.554,0.578,0.498,0.222,-13520,34,0,4
43,-1,1,0,0,207,19.2,0.03712621400532963,28,12,16,1,1,26,76,70,2.714,1.347,12.0,68.25,59.48,119.36,0.2487,4,8,12,0,4,-2757,-76,-28,488,-2757,78,206,2,10,12,89.9,350.6,196.1,-751.4,0.748,0.701,0.605,0.197,-8113,316,0,1
45,1,-1,1,0,200,11.3,0.035168862826415626,24,8,16,1,1,22,52,50,2.167,1.806,14.46,48.91,59.56,111.43,0.2319,12,4,0,8,0,2731,52,24,2731,-25,199,56,12,15,7,21.7,121.3,229.1,1538.9,0.626,0.657,0.654,0.942,95551,65,0,0
48,-1,1,0,0,170,10.8,0.03746053485672917,24,8,16,1,1,22,72,66,3.0,2.333,11.77,53.42,60.8,112.97,0.2174,8,0,4,8,4,-490,-72,-24,153,-599,42,166,2,4,36,39.3,4.2,-83.9,-209.1,0.61,0.517,0.445,0.332,-10892,73,0,0
42,1,-1,1,0,231,31.7,0.04650392557135518,28,16,12,1,1,26,100,90,3.571,2.245,15.01,60.56,57.57,111.84,0.2381,4,4,4,4,12,4658,100,28,4658,-31,230,27,4,5,9,80.4,366.7,882.9,2571.6,0.628,0.636,0.69,0.86,230106,231,0,1
47,1,-1,1,0,190,16.8,0.03353701026478116,28,12,16,1,1,26,64,60,2.286,0.49,10.86,54.58,61.17,122.93,0.2381,4,12,12,0,0,3444,64,28,3444,-12,189,13,2,8,9,30.4,274.0,633.1,2112.1,0.611,0.701,0.832,0.983,147558,320,0,1
52,1,-1,1,0,127,3.5,0.034594718491751886,24,8,16,1,1,22,52,48,2.167,1.806,10.95,62.94,61.94,118.05,0.2609,8,12,0,0,4,2358,52,24,2358,-10,126,25,2,8,5,13.4,115.8,281.9,1538.4,0.668,0.889,0.851,1.0,65049,279,0,0
46,1,-1,1,0,250,24.4,0.04299438493588144,32,16,16,1,1,30,56,54,1.75,1.188,15.38,64.4,60.06,122.86,0.2177,20,4,4,4,0,4197,56,32,4197,-38,249,59,2,13,13,10.8,63.5,456.3,2426.5,0.558,0.583,0.712,0.985,188192,260,0,1
49,1,-1,1,0,177,14.8,0.04903455676937979,36,12,24,1,1,34,88,86,2.444,2.691,13.3,63.0,61.22,118.82,0.1841,16,8,0,4,8,5698,92,40,5698,-4,176,6,2,6,5,24.8,374.4,959.8,3859.5,0.728,0.881,0.844,0.998,233470,653,0,2
50,-1,1,0,0,143,11.4,0.028464561422449117,28,12,16,1,1,26,72,70,2.571,1.673,12.16,53.94,59.72,105.32,0.1799,8,4,12,0,4,-524,-66,-26,178,-524,43,142,15,9,8,9.0,108.8,-116.7,-346.0,0.538,0.625,0.432,0.198,-13108,-5,0,2
54,1,-1,1,0,122,7.0,0.03891834952399262,28,12,16,1,1,26,88,80,3.143,2.694,11.56,49.66,60.23,122.17,0.2328,8,4,0,8,8,3549,88,28,3549,-18,121,4,5,4,11,16.9,90.0,572.7,2230.2,0.585,0.629,0.788,0.986,91757,150,0,1
53,-1,1,0,0,170,10.8,0.030618431610040214,24,8,16,1,1,22,60,58,2.5,1.25,13.17,62.26,61.92,110.21,0.2319,8,0,12,4,0,-531,-62,-26,192,-772,51,164,2,6,16,27.8,96.3,-45.2,-429.9,0.636,0.623,0.461,0.171,-15605,99,0,0
51,-1,1,0,0,232,20.2,0.041869405698348905,32,12,20,1,1,30,72,70,2.25,2.688,10.61,63.79,59.79,120.38,0.2298,16,8,0,0,8,-3574,-72,-32,540,-3574,74,231,11,14,22,42.5,222.8,-230.6,-1292.0,0.538,0.642,0.402,0.12,-72929,123,0,2
55,1,-1,1,0,164,13.3,0.026440154651778475,40,12,28,1,1,38,72,70,1.8,1.56,9.17,54.54,61.92,120.8,0.1974,24,8,4,0,4,3426,76,44,3426,-5,163,20,2,10,5,14.8,156.5,336.5,2148.1,0.607,0.813,0.773,0.98,108897,207,0,2
58,1,-1,1,0,150,12.8,0.049214503771972624,32,12,20,1,1,30,96,92,3.0,2.5,13.15,65.26,62.5,127.19,0.2177,8,8,0,8,8,4322,96,32,4322,-5,149,9,6,9,3,23.5,229.6,498.9,2608.3,0.711,0.752,0.768,0.984,129552,579,0,2
60,1,-1,1,0,165,9.3,0.02902870615268026,28,12,16,1,1,26,64,62,2.286,2.204,11.08,47.83,57.03,106.87,0.2063,12,8,0,4,4,2172,66,30,2172,-15,164,59,9,2,5,5.5,60.6,209.4,1410.7,0.548,0.625,0.692,0.974,70549,182,0,1
59,1,-1,1,0,213,18.3,0.03248793379326968,32,12,20,1,1,30,56,52,1.75,0.688,11.6,61.48,59.44,114.05,0.1976,16,8,8,0,0,2796,56,32,2796,-5,212,20,3,4,7,36.2,243.3,514.5,1429.6,0.718,0.77,0.732,0.928,119279,540,0,2
57,-1,1,0,0,240,26.2,0.044907930446465946,32,12,20,1,1,30,108,98,3.375,2.734,12.75,66.31,59.81,113.43,0.2097,8,4,0,8,12,-3186,-108,-32,547,-3186,102,239,3,4,20,28.6,260.0,-16.8,-1153.5,0.631,0.588,0.502,0.261,-52900,195,0,2
62,1,-1,1,0,192,12.4,0.04870158912278834,28,12,16,1,1,26,68,66,2.429,3.102,10.63,63.43,62.46,119.35,0.2487,16,0,4,0,8,4934,68,28,4934,-5,191,8,2,8,5,66.4,278.4,718.9,3428.9,0.713,0.731,0.864,1.0,215640,328,0,0
56,1,-1,1,0,296,35.1,0.03768156177817135,32,16,16,1,1,30,76,66,2.375,1.734,14.35,60.9,58.13,122.41,0.2339,12,4,12,0,4,5521,76,32,5521,-66,295,96,3,2,19,87.7,102.7,530.5,3016.5,0.652,0.561,0.745,0.975,276569,175,0,1
61,-1,1,0,0,191,19.9,0.04068832453453525,32,12,20,1,1,30,80,78,2.5,2.0,10.33,66.51,59.52,113.45,0.1895,12,4,8,4,4,-1982,-80,-32,474,-1982,70,190,2,14,8,28.2,298.1,-3.7,-630.3,0.62,0.705,0.496,0.205,-16350,178,0,2
63,1,-1,1,0,160,11.3,0.040199787441912174,28,12,16,1,1,26,68,64,2.429,1.959,10.67,52.43,59.14,117.78,0.2328,8,12,0,4,4,2336,70,30,2336,-4,159,7,2,7,3,14.6,69.7,333.3,1404.8,0.675,0.661,0.695,0.939,72892,144,0,1
64,-1,1,0,0,163,14.0,0.0283105262750949,28,12,16,1,1,26,76,72,2.714,1.633,18.02,60.66,58.76,114.91,0.2328,4,12,4,4,4,-2049,-80,-32,343,-2049,72,162,2,4,12,37.5,170.9,6.1,-536.7,0.722,0.667,0.497,0.192,-14499,282,0,1
65,-1,1,0,0,273,17.9,0.03969367173300792,20,8,12,1,1,18,52,48,2.6,2.64,12.51,57.5,56.55,98.39,0.2105,8,4,0,4,4,-2012,-56,-24,385,-2012,192,272,10,8,46,61.5,100.3,96.1,-442.8,0.542,0.576,0.553,0.255,-13015,-143,0,4
67,-1,1,0,0,218,15.5,0.03993377597825007,24,8,16,1,1,22,76,68,3.167,2.806,15.36,59.9,60.11,121.69,0.2101,8,0,4,4,8,-976,-76,-24,550,-976,81,217,7,11,36,35.0,213.9,37.1,-322.9,0.623,0.641,0.515,0.285,-2637,-44,0,4
66,-1,1,0,0,175,17.5,0.04472254643067715,28,16,12,1,1,26,72,62,2.571,2.531,11.79,60.4,57.02,117.8,0.2275,12,4,0,8,4,-740,-76,-32,173,-1026,79,173,2,55,22,40.7,39.3,-161.5,-540.1,0.684,0.527,0.399,0.157,-28351,-16,0,1
68,1,-1,1,0,161,13.7,0.04109323195814453,32,12,20,1,1,30,72,66,2.25,1.438,12.46,53.17,59.29,103.62,0.1815,12,8,4,8,0,3991,76,36,3991,0,160,0,2,-1,3,36.7,313.3,886.2,2715.8,0.655,0.681,0.826,0.99,160796,579,0,2
69,1,-1,1,0,226,10.6,0.035155374304599446,20,8,12,1,1,18,56,54,2.8,2.16,28.22,64.15,60.99,107.07,0.2,8,0,0,12,0,3415,56,20,3415,-36,225,105,31,23,7,7.7,153.0,414.4,1865.4,0.504,0.625,0.779,0.982,140396,341,0,4
72,-1,1,0,0,135,12.1,0.03315003050551267,28,12,16,1,1,26,88,78,3.143,1.265,11.53,64.13,60.48,117.71,0.2116,0,12,4,8,4,-810,-88,-28,220,-909,54,125,3,2,18,21.5,100.8,-55.1,-517.8,0.582,0.63,0.467,0.176,-16418,75,0,2
73,-1,1,0,0,131,14.1,0.030286999356288237,32,16,16,1,1,30,80,70,2.5,1.5,12.43,59.97,56.91,118.0,0.2137,8,8,12,0,4,-612,-80,-32,256,-757,44,118,4,5,12,15.6,128.0,-163.2,-494.9,0.599,0.655,0.415,0.185,-17945,-15,0,3
74,1,-1,1,0,159,14.0,0.0354373804601061,36,12,24,1,1,34,96,90,2.667,1.556,11.45,49.28,59.95,113.45,0.1937,8,8,12,4,4,4559,96,36,4559,-6,158,4,2,4,7,12.2,60.7,613.5,2676.0,0.569,0.608,0.72,0.974,139165,257,0,2
71,1,-1,1,0,227,21.5,0.030874696216833145,36,16,20,1,1,34,88,86,2.444,1.58,12.28,61.91,60.11,115.15,0.1968,12,4,16,0,4,5258,88,36,5258,-12,226,20,21,20,1,4.7,99.0,569.4,2826.2,0.585,0.752,0.779,0.957,204434,189,0,3
77,1,-1,1,0,165,5.9,0.0382539557027992,20,8,12,1,1,18,44,36,2.2,1.36,23.1,62.66,58.91,103.83,0.1789,8,4,4,4,0,2084,48,24,2084,-29,164,39,7,16,9,9.0,95.9,322.5,1615.9,0.582,0.651,0.87,0.998,85391,104,0,4
70,1,-1,1,0,235,24.5,0.028934211568219962,32,16,16,1,1,30,72,66,2.25,1.188,13.34,54.82,61.0,119.84,0.2177,12,4,12,4,0,3638,72,32,3638,-154,234,79,3,5,23,35.3,32.3,172.3,1631.7,0.607,0.52,0.598,0.944,113451,32,0,1
75,-1,1,0,0,147,11.6,0.030519340795330883,32,12,20,1,1,30,72,70,2.25,1.438,10.28,51.97,60.87,118.15,0.2137,12,8,4,8,0,-1552,-72,-32,162,-1552,83,146,8,13,12,5.1,28.3,-13.4,-536.8,0.549,0.565,0.492,0.154,-20215,67,0,2
80,-1,1,0,0,137,7.9,0.027045101397636957,24,8,16,1,1,22,72,70,3.0,2.333,11.0,62.26,60.3,108.37,0.2174,8,0,4,8,4,-2042,-72,-24,284,-2042,74,136,2,8,22,1.3,71.0,45.5,-628.6,0.526,0.632,0.537,0.081,-17993,220,0,0
81,1,-1,1,0,181,11.8,0.0447240265303269,24,8,16,1,1,22,68,62,2.833,2.806,11.09,62.55,59.83,109.97,0.2174,8,4,4,0,8,4128,72,28,4128,-24,180,108,2,14,11,49.4,329.0,430.6,2624.5,0.666,0.68,0.727,0.997,157140,100,0,0
79,1,-1,1,0,196,14.8,0.026790894957147676,32,12,20,1,1,30,76,74,2.375,1.484,10.34,69.61,60.22,121.4,0.1935,8,12,8,0,4,6555,76,32,6555,-2,195,19,9,19,3,24.5,456.8,1795.0,4824.4,0.677,0.828,0.917,1.0,347937,834,0,2
76,1,-1,1,0,245,29.9,0.036696197121348,36,16,20,1,1,34,100,98,2.778,1.728,12.33,52.01,57.22,115.72,0.2095,8,8,8,8,4,8353,100,36,8353,-14,244,34,14,16,13,46.4,480.4,1749.9,5448.0,0.567,0.667,0.803,0.965,476661,539,0,3
83,-1,1,0,0,136,13.2,0.032925964734485454,32,16,16,1,1,30,84,80,2.625,1.734,11.42,62.88,59.64,121.3,0.2419,8,8,8,4,4,-2611,-84,-32,196,-2611,54,135,3,2,10,28.3,114.6,-111.3,-779.9,0.606,0.676,0.418,0.141,-25443,-120,0,3
78,1,-1,1,0,212,29.4,0.03961743446933917,36,16,20,1,1,34,100,96,2.778,1.728,10.87,52.39,58.61,121.27,0.219,8,8,8,8,4,6047,100,36,6047,-33,211,66,2,5,7,35.7,272.0,1141.7,3587.9,0.65,0.67,0.823,0.964,266974,701,0,3
86,1,-1,1,0,127,10.0,0.04833555232368133,32,12,20,1,1,30,84,74,2.625,2.484,11.68,62.35,61.41,113.04,0.2016,12,4,8,0,8,3789,84,32,3789,0,126,0,2,-1,1,28.6,172.8,633.2,2449.1,0.674,0.656,0.768,0.986,109142,443,0,2
82,1,-1,1,0,500,29.3,0.043318320178871494,36,16,20,1,1,34,88,84,2.444,1.802,12.83,53.17,58.18,119.41,0.2159,12,8,8,4,4,19526,71,28,19526,0,499,0,2,-1,1,127.2,1182.8,6455.2,15119.4,0.943,0.94,0.951,0.964,2860565,3060,0,3
84,1,-1,1,0,237,24.5,0.04856891025887866,28,12,16,1,1,26,104,96,3.714,1.347,14.39,60.2,58.8,113.52,0.2169,0,8,0,12,8,6535,104,28,6535,-16,236,19,2,19,9,97.8,471.7,1032.9,3603.0,0.651,0.638,0.802,0.963,310724,467,0,1
87,-1,1,0,0,181,16.4,0.025304889090947767,28,12,16,1,1,26,72,70,2.571,1.388,9.2,67.15,58.96,115.96,0.2222,8,4,8,8,0,-2192,-76,-32,311,-2192,90,180,12,98,22,42.8,133.0,31.1,-557.4,0.709,0.652,0.519,0.231,-16325,311,0,1
88,1,-1,1,0,218,9.6,0.048530416706831406,20,8,12,1,1,18,32,30,1.6,0.64,17.46,61.05,60.88,110.06,0.2316,12,4,4,0,0,1342,32,20,1372,-22,216,28,13,5,11,-1.3,52.2,181.5,654.4,0.464,0.652,0.787,0.954,49196,129,0,4
90,1,-1,1,0,151,10.0,0.03626781818231109,32,12,20,1,1,30,68,62,2.125,0.859,11.11,54.23,61.08,117.13,0.2258,8,16,4,4,0,2728,68,32,2728,-28,150,28,8,13,5,1.5,127.2,286.5,1496.8,0.506,0.673,0.78,0.98,75235,88,0,1
89,1,-1,1,0,166,12.3,0.04736280569128155,32,12,20,1,1,30,100,98,3.125,2.109,14.72,61.18,59.96,110.84,0.1976,8,0,12,4,8,4475,103,35,4475,-15,165,22,3,12,5,14.2,167.0,720.1,2742.4,0.645,0.746,0.74,0.971,154878,366,0,2
85,1,-1,1,0,295,33.8,0.03765737969951085,32,16,16,1,1,30,76,66,2.375,2.734,10.95,54.36,60.62,122.88,0.2419,16,4,4,0,8,4135,76,32,4135,-369,294,148,2,3,63,-1.6,-51.1,196.4,1844.4,0.516,0.469,0.566,0.891,150670,-119,0,3
92,-1,1,0,0,143,14.7,0.031154593164929308,32,16,16,1,1,30,116,108,3.625,1.984,12.02,47.51,57.33,115.71,0.2137,4,4,4,8,12,-3261,-116,-32,378,-3261,66,142,2,12,6,21.7,164.2,-79.5,-1084.8,0.589,0.612,0.475,0.168,-37498,250,0,3
93,-1,1,0,0,153,13.6,0.031733784386826024,28,12,16,1,1,26,100,92,3.571,2.816,12.92,63.64,60.57,108.57,0.1958,8,0,0,8,12,-964,-100,-28,301,-1185,47,124,2,5,22,57.3,88.8,-105.0,-700.4,0.644,0.573,0.432,0.141,-25751,-46,0,2
94,1,-1,1,0,175,19.9,0.04077446770748561,32,16,16,1,1,30,72,70,2.25,2.188,16.22,58.7,55.52,105.14,0.2298,16,4,4,4,4,3307,72,32,3307,-10,174,20,2,8,7,17.3,159.0,483.7,1792.8,0.548,0.644,0.699,0.925,110846,304,0,1
91,1,-1,1,0,176,25.2,0.04762004193019998,36,16,20,1,1,34,84,76,2.333,1.556,11.25,51.71,57.05,115.74,0.2127,8,20,0,4,4,5294,84,36,5294,-4,175,3,2,3,7,56.7,510.4,1196.4,3620.8,0.642,0.686,0.8,0.98,236910,669,0,3
95,-1,1,0,0,145,14.2,0.03908413672990357,36,12,24,1,1,34,88,84,2.444,1.358,18.76,61.52,59.6,113.16,0.2063,8,12,12,0,4,-684,-88,-36,137,-1074,39,143,9,12,16,21.8,24.7,-86.9,-442.3,0.631,0.579,0.427,0.197,-17822,-44,0,2
96,1,-1,1,0,134,9.0,0.03179544144082362,32,12,20,1,1,30,68,60,2.125,1.609,10.79,60.02,58.6,106.72,0.2097,16,4,4,8,0,2332,68,32,2332,-13,133,3,5,3,5,9.5,156.1,457.7,1290.8,0.535,0.738,0.82,0.957,65744,118,0,2
98,-1,1,0,0,188,12.0,0.0350997106702635,28,8,20,1,1,26,60,56,2.143,1.265,11.57,51.75,62.28,117.22,0.1958,12,4,8,4,0,-620,-60,-28,259,-738,72,181,7,17,12,13.2,117.2,27.1,-397.6,0.588,0.662,0.521,0.191,-11287,169,0,2
99,1,-1,1,0,217,12.2,0.026674461599395675,28,12,16,1,1,26,60,56,2.143,0.98,11.1,61.34,58.25,103.97,0.2169,8,12,4,4,0,3262,60,28,3262,-5,216,10,7,10,5,31.2,97.8,312.6,1725.6,0.685,0.76,0.75,0.977,118755,180,0,1
100,-1,1,0,0,130,15.1,0.03453758788572324,36,16,20,1,1,34,104,100,2.889,2.988,11.39,60.52,56.72,110.41,0.2032,12,8,0,4,12,-2748,-104,-36,297,-2748,58,129,10,9,10,15.2,132.3,-94.1,-1011.0,0.566,0.687,0.481,0.165,-32666,181,0,3
97,-1,1,0,0,221,26.2,0.03372720627854621,32,12,20,1,1,30,92,88,2.875,2.109,11.38,63.4,61.76,125.68,0.2258,4,16,0,4,8,-1855,-92,-32,524,-1855,50,220,2,5,36,193.9,101.8,-91.7,-723.3,0.765,0.546,0.465,0.222,-29284,186,0,2
101,1,-1,1,0,251,21.8,0.04593152191982182,24,12,12,1,1,22,76,68,3.167,1.139,12.26,56.16,62.4,129.5,0.2319,4,0,8,12,0,3914,76,24,3914,-206,250,139,3,8,17,138.4,299.6,227.2,1877.8,0.719,0.607,0.588,0.914,163300,371,0,0
103,1,-1,1,0,197,11.4,0.03848587218014545,28,8,20,1,1,26,80,78,2.857,2.694,13.5,70.99,62.26,122.52,0.2011,8,8,0,4,8,5265,80,28,5265,-32,196,45,2,8,7,21.4,140.0,659.6,3385.6,0.626,0.661,0.766,0.998,209510,229,0,2
106,1,-1,1,0,115,4.7,0.03215737535324922,24,12,12,1,1,22,76,66,3.167,2.806,11.85,53.49,58.84,114.75,0.2391,8,0,4,4,8,3123,76,24,3123,-1,114,7,2,7,3,35.9,186.6,342.2,1981.4,0.747,0.79,0.833,0.996,77236,285,0,1
105,1,-1,1,0,143,9.2,0.042155365282078416,28,12,16,1,1,26,64,54,2.286,1.347,11.4,55.38,61.0,114.52,0.2169,4,20,0,0,4,2858,64,28,2858,-13,142,3,4,3,5,41.4,164.0,237.0,1708.3,0.675,0.734,0.706,0.983,80399,179,0,1
102,1,-1,1,0,224,18.8,0.04961939567431785,28,12,16,1,1,26,68,64,2.429,1.673,14.01,65.56,61.18,118.96,0.1958,8,8,8,0,4,5114,68,28,5114,-40,223,101,2,6,5,21.6,235.4,700.2,3300.4,0.646,0.672,0.744,0.993,238424,139,0,4
104,-1,1,0,0,199,17.5,0.03274667015457856,28,12,16,1,1,26,80,76,2.857,2.122,13.06,55.35,59.66,107.85,0.2116,8,4,4,8,4,-960,-80,-28,458,-2454,90,197,23,19,26,6.2,239.8,-30.2,-728.5,0.501,0.634,0.475,0.227,-27305,-9,0,1
107,1,-1,1,0,185,10.0,0.02751729521260595,24,8,16,1,1,22,40,38,1.667,1.222,9.18,62.49,63.96,115.48,0.2319,16,4,0,4,0,443,40,24,654,-15,150,111,9,2,7,11.1,95.8,174.4,432.5,0.587,0.75,0.691,0.933,33266,160,0,0
109,-1,1,0,0,149,7.1,0.041899275573086744,24,8,16,1,1,22,48,40,2.0,1.333,15.55,64.76,59.73,109.12,0.2101,12,4,4,4,0,-2408,-48,-24,134,-2408,26,148,2,3,14,43.0,51.5,-164.5,-1150.4,0.679,0.591,0.353,0.075,-46304,-146,0,4
108,1,-1,1,0,254,11.2,0.03240105397466659,20,8,12,1,1,18,56,54,2.8,1.36,14.91,62.7,60.26,106.47,0.1895,4,4,4,8,0,3798,56,20,3936,-113,250,79,21,19,11,40.3,71.1,727.7,2430.5,0.616,0.571,0.717,0.943,210850,200,0,4
110,-1,1,0,0,146,11.1,0.04242623254992604,32,12,20,1,1,30,84,82,2.625,1.484,10.05,50.52,61.54,126.56,0.2097,8,8,4,12,0,-1754,-84,-32,100,-1754,93,145,2,19,20,8.6,16.4,-19.1,-632.1,0.599,0.57,0.48,0.181,-23808,-26,0,2
111,1,-1,1,0,204,11.0,0.0455907086224598,24,8,16,1,1,22,56,52,2.333,1.556,10.42,62.88,63.65,123.5,0.2319,4,16,0,0,4,2877,56,24,2877,-6,203,103,7,71,5,35.7,147.6,355.8,1546.1,0.74,0.673,0.762,0.975,106344,19,0,0
112,-1,1,0,0,226,11.3,0.026407747921669417,24,8,16,1,1,22,52,50,2.167,2.806,12.26,64.28,64.72,119.51,0.2174,16,0,0,4,4,-867,-52,-24,191,-867,110,225,14,13,28,10.2,69.3,-29.1,-260.4,0.61,0.688,0.455,0.252,-12281,133,0,0
114,1,-1,1,0,174,7.9,0.0448575102329976,20,8,12,1,1,18,52,48,2.6,2.64,15.18,63.82,60.94,105.47,0.2,8,4,0,4,4,2974,56,24,2974,-126,173,91,16,20,9,39.5,177.8,197.0,1865.8,0.611,0.662,0.644,0.996,101775,-33,0,4
113,-1,1,0,0,175,14.8,0.0423619699099065,32,12,20,1,1,30,60,54,1.875,0.609,11.13,61.49,60.34,112.29,0.2056,12,12,8,0,0,-600,-54,-30,289,-768,86,172,2,7,10,14.9,132.0,-71.0,-401.0,0.598,0.659,0.389,0.073,-15181,239,0,2
116,1,-1,1,0,146,6.5,0.048738185437021186,20,8,12,1,1,18,72,64,3.6,2.24,14.02,50.03,61.4,117.86,0.2421,4,0,4,4,8,4389,72,20,4389,-39,145,46,2,4,7,63.2,200.4,774.8,3087.7,0.653,0.676,0.846,0.999,154714,120,0,0
115,1,-1,1,0,198,11.6,0.02981739778153734,20,8,12,1,1,18,64,56,3.2,1.36,12.48,49.45,59.19,114.5,0.2526,4,0,4,12,0,3173,64,20,3173,-61,197,64,3,8,9,33.3,218.6,632.6,1967.1,0.544,0.672,0.789,0.97,143662,386,0,0
117,-1,1,0,0,140,13.6,0.03275389797798493,32,12,20,1,1,30,96,86,3.0,2.0,16.89,62.05,59.95,120.86,0.2137,4,12,4,4,8,-3588,-96,-32,391,-3588,54,139,2,7,10,69.1,248.6,-136.1,-1495.8,0.654,0.668,0.428,0.109,-45999,202,0,2
118,1,-1,1,0,179,13.8,0.04066593960807921,28,12,16,1,1,26,68,66,2.429,1.388,9.19,52.49,58.24,104.44,0.2011,8,8,4,8,0,1851,69,29,2462,-6,172,18,2,8,7,40.8,230.0,435.5,1561.1,0.669,0.694,0.76,0.964,104451,544,0,1
121,-1,1,0,0,146,7.1,0.04774042497327448,24,8,16,1,1,22,56,52,2.333,1.222,11.92,55.51,62.82,119.64,0.1884,8,4,8,4,0,-551,-55,-23,132,-551,47,145,4,8,14,10.9,59.7,-30.2,-310.8,0.594,0.678,0.448,0.131,-10357,-8,0,4
122,1,-1,1,0,156,7.4,0.04892708053885195,24,8,16,1,1,22,68,60,2.833,1.806,11.36,64.18,62.15,109.98,0.2029,4,8,4,4,4,4638,68,24,4662,-18,152,64,3,64,5,75.2,321.7,1232.2,3666.1,0.696,0.707,0.932,1.0,206511,558,0,4
123,1,-1,1,0,161,9.4,0.03502234994221443,32,16,16,1,1,30,44,42,1.375,0.484,10.11,60.46,57.39,108.5,0.2137,24,4,4,0,0,1986,44,32,2181,-4,150,34,2,12,7,4.5,69.2,347.2,1679.0,0.568,0.692,0.82,1.0,85680,143,0,1
120,-1,1,0,0,191,20.5,0.049498722667870504,36,12,24,1,1,34,56,54,1.556,0.469,9.25,61.44,58.98,112.93,0.1968,20,12,4,0,0,-557,-48,-32,118,-680,70,177,2,7,28,13.9,27.3,-35.8,-415.9,0.598,0.537,0.469,0.133,-20548,55,0,2
126,1,-1,1,0,160,12.2,0.037647788151864106,28,16,12,1,1,26,68,66,2.429,2.245,13.18,52.93,57.3,118.92,0.2381,12,4,4,4,4,2822,69,29,2822,-20,159,26,10,6,7,1.2,82.7,235.6,1654.7,0.486,0.657,0.69,0.961,78965,170,0,1
127,-1,1,0,0,133,11.0,0.04354710546549777,32,12,20,1,1,30,80,78,2.5,3.0,9.08,62.49,60.1,120.47,0.2258,16,4,0,4,8,-700,-79,-31,138,-736,65,125,22,29,10,4.9,71.4,-9.8,-425.8,0.533,0.677,0.49,0.135,-12281,100,0,2
119,1,-1,1,0,375,36.1,0.039750742650036114,28,12,16,1,1,26,56,50,2.0,0.857,11.34,52.91,60.7,114.56,0.2063,12,4,12,0,0,3357,59,31,3357,-195,374,153,2,7,59,40.5,51.6,60.5,1423.3,0.616,0.524,0.544,0.871,150829,0,0,1
125,1,-1,1,0,208,22.0,0.03630122038340659,28,12,16,1,1,26,80,72,2.857,2.122,11.44,61.4,58.72,119.34,0.2275,8,4,4,8,4,3177,80,28,3177,-19,207,88,2,3,7,84.0,257.9,437.8,1468.3,0.767,0.657,0.706,0.911,116904,270,0,1
128,-1,1,0,0,145,7.7,0.032235825152163146,20,8,12,1,1,18,52,46,2.6,1.04,11.35,53.04,60.53,107.07,0.1684,4,4,8,4,0,-349,-52,-20,218,-704,63,133,2,17,12,22.7,74.2,-22.9,-325.7,0.637,0.582,0.476,0.158,-9388,-76,0,4
124,1,-1,1,0,280,32.2,0.04323329641450275,28,16,12,1,1,26,80,76,2.857,2.122,12.33,66.22,59.79,114.44,0.2169,8,4,4,8,4,5878,84,32,5878,-102,279,105,7,3,7,47.5,192.1,637.0,3346.5,0.602,0.576,0.706,0.972,295613,436,0,1
130,1,-1,1,0,162,14.0,0.04629864692358902,32,12,20,1,1,30,92,84,2.875,1.359,11.51,53.57,60.17,114.52,0.1976,8,0,12,12,0,4710,92,32,4710,-217,161,75,2,3,29,14.1,61.5,579.1,2974.8,0.594,0.561,0.789,0.987,151127,362,0,2
129,-1,1,0,0,158,18.7,0.04466759274348341,32,12,20,1,1,30,88,80,2.75,1.938,13.69,53.51,59.95,121.58,0.2177,8,8,4,8,4,-1681,-88,-32,332,-1681,59,157,2,13,10,60.7,156.1,-53.5,-590.8,0.655,0.596,0.488,0.188,-17852,87,0,2
131,1,-1,1,0,174,16.4,0.030554441487670808,32,12,20,1,1,30,76,68,2.375,2.234,12.84,66.23,60.77,111.8,0.1815,16,0,8,4,4,3985,80,36,3985,0,173,0,5,-1,1,63.3,291.1,488.4,2520.6,0.681,0.707,0.772,0.985,149664,286,0,2
132,1,-1,1,0,142,16.1,0.04513097426266343,40,16,24,1,1,38,116,114,2.9,2.49,10.42,68.25,59.76,118.31,0.1923,12,4,12,0,12,4237,116,40,4237,-3,141,15,2,9,5,5.5,144.6,618.6,2375.7,0.595,0.762,0.747,0.954,114806,353,0,3
134,1,-1,1,0,167,9.7,0.027960716796177953,28,8,20,1,1,26,60,54,2.143,1.265,12.86,51.77,62.25,115.33,0.2063,12,4,8,4,0,3269,64,32,3269,-160,166,86,2,3,11,32.0,216.3,306.0,2026.4,0.617,0.677,0.705,0.992,111890,190,0,0
137,1,-1,1,0,117,7.7,0.04455591800955988,28,12,16,1,1,26,84,76,3.0,1.714,12.25,53.17,59.04,116.17,0.2275,4,8,4,8,4,3107,84,28,3107,-9,116,2,3,2,3,26.5,181.9,522.8,1956.4,0.69,0.728,0.808,0.97,79898,338,0,1
136,1,-1,1,0,149,10.8,0.032062888663268015,36,16,20,1,1,34,84,82,2.333,2.444,9.32,55.52,61.12,122.95,0.2444,16,8,4,0,8,3861,84,36,3861,-9,148,24,20,24,3,7.1,228.8,613.1,2325.7,0.562,0.787,0.795,0.98,119787,475,0,3
133,-1,1,0,0,219,25.8,0.03298307674056737,32,12,20,1,1,30,104,96,3.25,0.938,15.97,59.99,59.69,121.4,0.2137,0,8,12,8,4,-949,-104,-32,712,-949,96,218,2,8,22,84.3,418.1,-89.9,-459.9,0.602,0.601,0.48,0.289,-3935,449,0,2
138,1,-1,1,0,150,9.6,0.03482974979223337,28,12,16,1,1,26,88,86,3.143,2.694,13.1,54.77,58.94,108.22,0.2116,8,4,0,8,8,3595,88,28,3595,-109,149,84,9,5,9,4.9,79.9,317.4,2000.5,0.53,0.636,0.693,0.959,92902,181,0,1
141,1,-1,1,0,101,4.1,0.04704406344947746,28,12,16,1,1,26,68,64,2.429,1.388,16.86,63.76,58.95,108.17,0.2275,8,8,4,8,0,1542,67,27,1542,-1,100,16,2,16,5,6.2,63.6,228.4,754.7,0.643,0.903,0.909,0.999,27075,152,0,1
139,1,-1,1,0,169,14.3,0.03403993305808133,32,16,16,1,1,30,72,70,2.25,2.188,9.22,54.53,57.58,110.21,0.2218,16,4,4,4,4,3223,72,32,3223,-69,168,93,16,13,13,3.1,132.2,283.9,2013.9,0.527,0.713,0.702,0.972,104208,284,0,3
135,-1,1,0,0,272,28.5,0.03199355034843377,28,12,16,1,1,26,80,74,2.857,0.694,13.27,52.95,57.99,113.4,0.2116,4,0,20,4,0,-2109,-84,-32,704,-2109,180,271,14,34,8,65.7,181.5,427.2,-462.9,0.624,0.591,0.61,0.281,14382,412,0,1
140,-1,1,0,0,200,15.7,0.04549953651135785,24,8,16,1,1,22,92,84,3.833,1.139,16.04,59.65,59.79,105.86,0.2101,0,4,4,8,8,-1057,-92,-24,468,-1195,73,192,7,53,16,71.9,219.2,-60.1,-585.6,0.666,0.611,0.477,0.225,-17732,-122,0,4
142,-1,1,0,0,182,11.7,0.047848752706365176,20,8,12,1,1,18,68,58,3.4,1.84,14.18,66.07,60.01,114.4,0.2421,4,0,4,8,4,-980,-68,-20,297,-980,94,181,4,3,24,21.4,46.6,-12.3,-540.7,0.581,0.533,0.499,0.205,-22901,-37,0,0
147,-1,1,0,0,127,3.8,0.04006794027476973,24,8,16,1,1,22,52,50,2.167,2.139,11.12,62.74,61.19,119.82,0.2319,12,4,4,0,4,-363,-49,-21,36,-393,52,122,2,38,8,6.1,10.0,-28.1,-237.6,0.628,0.588,0.38,0.069,-8452,-2,0,0
145,1,-1,1,0,168,7.9,0.04260683243607072,28,12,16,1,1,26,48,46,1.714,1.918,9.37,61.3,60.32,111.46,0.2063,20,4,0,0,4,2295,50,30,2295,-9,167,2,3,2,1,11.6,79.0,339.3,1862.5,0.716,0.771,0.837,0.999,96282,110,0,1
144,1,-1,1,0,190,10.9,0.030791873393728048,24,8,16,1,1,22,68,64,2.833,2.472,13.43,62.18,59.47,107.49,0.2101,4,12,0,0,8,2857,68,24,2857,-83,189,84,4,2,7,43.7,181.8,320.3,1711.9,0.677,0.691,0.702,0.979,109536,104,0,0
150,-1,1,0,0,126,3.7,0.03567304491460342,20,8,12,1,1,18,72,70,3.6,1.84,11.75,54.2,61.48,118.09,0.2211,4,0,0,12,4,-237,-44,-13,51,-276,30,124,25,34,16,5.8,1.0,-81.0,-164.5,0.521,0.498,0.339,0.211,-7727,-23,0,0
148,-1,1,0,0,153,9.5,0.03727863158324017,28,12,16,1,1,26,40,34,1.429,0.531,10.86,59.6,56.92,107.42,0.2381,20,4,4,0,0,-342,-38,-28,155,-382,66,142,7,4,12,10.3,63.4,-37.2,-240.0,0.566,0.681,0.417,0.099,-7972,-30,0,1
146,1,-1,1,0,264,20.3,0.04608484360401166,28,8,20,1,1,26,72,70,2.571,1.959,11.6,71.45,64.02,123.2,0.1958,8,8,4,4,4,4856,76,32,4856,-231,263,158,2,6,21,32.2,192.7,197.2,2588.5,0.604,0.62,0.589,0.952,198705,-71,0,2
151,1,-1,1,0,191,14.9,0.04420430331760501,28,12,16,1,1,26,76,72,2.714,1.918,13.89,61.37,59.51,120.35,0.2275,8,4,8,4,4,4440,76,28,4440,-25,190,27,5,8,13,8.7,186.5,584.5,2670.8,0.557,0.69,0.77,0.984,170184,288,0,1
152,1,-1,1,0,190,18.5,0.04703053933958653,36,12,24,1,1,34,72,70,2.0,1.111,10.65,62.81,60.8,120.78,0.2032,16,8,8,4,0,3459,72,36,3459,-15,189,29,4,3,9,4.9,183.8,427.9,2072.2,0.586,0.713,0.677,0.969,130521,172,0,2
149,1,-1,1,0,253,27.2,0.04332904413518736,28,16,12,1,1,26,76,74,2.714,2.776,13.88,61.03,54.92,104.71,0.2169,12,0,8,0,8,4809,76,28,4809,-147,252,133,2,24,13,26.1,84.9,375.6,2563.3,0.655,0.563,0.702,0.969,194702,236,0,1
154,-1,1,0,0,169,10.5,0.03749656496659669,24,8,16,1,1,22,56,48,2.333,1.222,16.82,63.49,62.92,113.77,0.2029,8,4,8,4,0,-1287,-60,-28,179,-1287,55,168,2,7,22,26.6,76.6,-62.2,-398.7,0.617,0.588,0.443,0.161,-15420,110,0,4
153,-1,1,0,0,185,22.4,0.04614818386202828,36,12,24,1,1,34,100,90,2.778,2.617,13.79,60.82,59.55,114.84,0.2,12,8,0,8,8,-4543,-100,-36,520,-4543,64,184,2,5,14,31.2,273.1,-296.7,-1954.7,0.59,0.613,0.392,0.074,-91520,139,0,2
157,-1,1,0,0,183,8.2,0.0290744602775579,20,8,12,1,1,18,44,38,2.2,1.36,11.27,56.08,61.86,120.88,0.2421,8,4,4,4,0,-1279,-48,-24,163,-1279,67,182,2,3,24,15.7,39.4,-55.6,-333.4,0.542,0.598,0.386,0.161,-16025,14,0,0
143,1,-1,1,0,349,54.0,0.03059299814911715,40,16,24,1,1,38,80,76,2.0,1.6,12.51,61.54,58.44,120.05,0.2,20,8,8,0,4,6753,80,40,6753,-44,348,180,6,4,23,54.5,149.3,465.0,3970.2,0.6,0.56,0.599,0.941,407557,7,0,3
155,-1,1,0,0,203,14.1,0.03827727660823721,28,12,16,1,1,26,76,74,2.714,2.49,13.36,53.8,59.56,113.81,0.2063,12,0,4,8,4,-3454,-76,-28,152,-3454,119,202,21,11,28,1.5,17.9,-45.4,-1142.8,0.496,0.552,0.48,0.117,-61866,88,0,1
158,1,-1,1,0,168,7.8,0.031126855491338513,32,8,24,1,1,30,72,70,2.25,2.188,15.83,63.36,62.73,122.41,0.1815,16,4,4,4,4,3618,75,35,3618,-6,167,15,9,15,3,15.1,163.5,633.6,2594.4,0.661,0.841,0.84,0.996,143074,356,0,2
156,-1,1,0,0,136,18.8,0.04341616305417833,40,16,24,1,1,38,100,90,2.5,2.45,12.08,61.03,60.02,121.38,0.2103,16,8,4,4,8,-2019,-100,-40,333,-2019,66,135,2,5,4,30.0,201.0,-98.0,-867.2,0.678,0.708,0.477,0.103,-24964,284,0,3
161,1,-1,1,0,154,8.7,0.027378747170476333,28,12,16,1,1,26,88,86,3.143,2.694,13.51,61.64,58.43,103.93,0.1958,8,4,0,8,8,4483,92,32,4483,-3,153,5,2,5,3,21.1,463.9,1009.1,2954.9,0.747,0.927,0.808,0.99,174971,878,0,2
160,1,-1,1,0,160,19.5,0.04582529874482798,36,16,20,1,1,34,84,76,2.333,1.333,11.15,53.38,60.57,122.24,0.2032,12,8,8,8,0,3455,86,38,3455,-9,159,16,3,10,9,26.9,167.6,660.5,2347.5,0.623,0.643,0.778,0.971,128102,238,0,3
162,-1,1,0,0,138,16.7,0.04258309717127,36,16,20,1,1,34,84,76,2.333,2.0,14.53,62.58,59.91,121.6,0.2032,16,4,8,4,4,-571,-80,-35,293,-832,63,136,2,3,12,41.1,186.2,-54.8,-462.8,0.694,0.728,0.472,0.158,-10794,110,0,3
163,-1,1,0,0,155,17.7,0.04101184411660654,36,16,20,1,1,34,68,64,1.889,0.988,11.07,49.82,60.02,122.94,0.2127,16,12,4,4,0,-879,-71,-39,133,-1402,84,146,2,5,10,22.2,44.7,12.3,-606.3,0.683,0.601,0.521,0.136,-21850,111,0,3
164,-1,1,0,0,163,17.8,0.036930324322669086,32,12,20,1,1,30,80,70,2.5,1.25,14.88,60.84,60.24,122.08,0.2016,4,16,8,0,4,-1634,-84,-36,223,-1634,91,162,3,7,26,46.6,135.3,-1.4,-510.3,0.657,0.614,0.498,0.233,-14721,84,0,2
159,1,-1,1,0,225,30.2,0.04357315236216651,36,16,20,1,1,34,80,74,2.222,1.506,11.2,49.98,60.02,122.28,0.2317,12,12,8,0,4,4284,80,36,4284,-53,224,102,2,6,21,14.8,44.0,343.7,2219.1,0.584,0.547,0.671,0.947,149023,115,0,3
165,1,-1,1,0,138,12.0,0.0383013268875248,32,16,16,1,1,30,88,86,2.75,1.938,10.42,62.93,56.21,107.91,0.2218,8,8,4,8,4,3543,88,32,3543,-10,137,2,3,2,3,21.9,178.9,483.7,2031.6,0.648,0.891,0.838,0.951,96410,350,0,3
168,-1,1,0,0,173,12.1,0.037826682423359716,24,8,16,1,1,22,76,70,3.167,1.139,23.2,63.19,61.3,117.98,0.2101,4,0,8,12,0,-1718,-80,-28,498,-1718,72,172,10,15,20,18.9,248.4,54.8,-529.8,0.585,0.671,0.524,0.223,-9458,324,0,4
166,-1,1,0,0,164,17.9,0.04031188145749352,36,16,20,1,1,34,80,78,2.222,2.617,10.4,53.32,59.2,120.69,0.2095,20,4,4,0,8,-1795,-84,-40,150,-2185,42,150,2,6,12,32.4,3.8,-288.5,-905.7,0.625,0.535,0.318,0.029,-47482,-106,0,3
167,-1,1,0,0,150,15.7,0.030167902158696788,32,12,20,1,1,30,92,84,2.875,2.359,10.85,62.46,61.53,121.08,0.2258,12,0,4,12,4,-511,-91,-31,382,-592,61,148,4,3,32,10.6,169.2,-17.7,-296.3,0.565,0.661,0.491,0.316,-5556,-39,0,2
170,-1,1,0,0,175,9.6,0.043557203093798916,20,8,12,1,1,18,56,46,2.8,2.16,23.33,72.3,61.53,126.66,0.2105,4,8,0,4,4,-960,-60,-24,337,-960,73,174,2,78,8,80.9,173.8,-187.5,-487.4,0.722,0.659,0.372,0.257,-19533,-15,0,4
171,-1,1,0,0,107,7.5,0.03188405839395814,28,12,16,1,1,26,96,90,3.429,1.388,11.99,48.1,58.43,115.9,0.2381,0,8,8,4,8,-2340,-96,-28,104,-2340,42,106,2,4,12,17.1,56.3,-177.3,-797.0,0.641,0.613,0.378,0.141,-25816,76,0,1
173,1,-1,1,0,191,10.1,0.034499680526922455,32,12,20,1,1,30,60,58,1.875,1.609,11.91,61.34,58.71,112.52,0.2258,16,12,0,0,4,2386,60,32,2386,-15,190,26,30,26,3,6.5,89.0,246.7,1245.2,0.53,0.82,0.815,0.984,78342,173,0,1
175,-1,1,0,0,124,8.4,0.0447082504628874,28,8,20,1,1,26,80,72,2.857,1.265,11.15,60.56,61.14,112.6,0.2063,4,8,4,12,0,-1107,-80,-28,222,-1107,53,123,3,5,4,27.6,111.1,-176.3,-558.0,0.66,0.656,0.408,0.135,-18462,-124,0,2
172,1,-1,1,0,161,16.9,0.04580754676242401,32,20,12,1,1,30,76,68,2.375,1.984,10.63,49.65,56.75,119.59,0.2419,16,0,4,12,0,4706,76,32,4706,-14,160,6,3,6,5,36.6,271.2,946.9,3495.5,0.601,0.675,0.862,0.999,193506,466,0,3
169,1,-1,1,0,249,27.8,0.03453790345595943,32,16,16,1,1,30,88,84,2.75,1.938,11.3,51.93,58.77,116.73,0.2177,8,8,4,8,4,5203,88,32,5203,-178,248,154,4,3,19,47.7,383.5,363.3,2611.6,0.595,0.614,0.573,0.918,213796,670,0,3
174,1,-1,1,0,163,16.1,0.047415947651442525,32,12,20,1,1,30,100,94,3.125,2.609,14.1,62.07,60.56,119.81,0.1976,8,4,8,0,12,4968,102,34,4968,-5,162,4,2,4,3,41.1,334.2,796.8,3143.7,0.739,0.797,0.825,0.982,182064,697,0,2
176,-1,1,0,0,109,11.8,0.04023298345200613,36,12,24,1,1,34,72,66,2.0,1.111,11.53,62.96,60.42,121.02,0.2032,16,8,8,4,0,-824,-72,-36,237,-824,47,108,2,3,8,15.5,171.7,-34.7,-505.4,0.584,0.737,0.475,0.106,-10034,204,0,2
178,-1,1,0,0,153,12.0,0.02875576140907382,28,12,16,1,1,26,64,62,2.286,1.633,14.4,60.98,58.34,108.78,0.2275,12,4,4,8,0,-762,-66,-30,202,-903,79,150,2,25,10,11.3,91.1,-52.6,-457.7,0.662,0.652,0.445,0.174,-15956,102,0,1
177,-1,1,0,0,189,13.1,0.03813558233001179,28,12,16,1,1,26,76,74,2.714,2.204,10.48,65.3,59.34,117.51,0.2275,8,8,0,8,4,-2967,-76,-28,293,-2969,87,187,23,28,14,3.1,122.6,-177.9,-1119.0,0.502,0.636,0.431,0.139,-56166,-22,0,1
179,1,-1,1,0,171,14.1,0.04078448558786621,32,12,20,1,1,30,84,78,2.625,1.234,15.53,54.11,60.56,114.85,0.2137,8,4,12,8,0,4375,88,36,4375,-9,170,23,9,12,7,24.7,236.5,460.4,2623.4,0.598,0.661,0.749,0.985,148364,394,0,2
180,1,-1,1,0,203,17.0,0.04352889955837798,28,12,16,1,1,26,72,68,2.571,1.673,16.66,60.31,58.3,114.3,0.2222,4,16,0,4,4,4350,72,28,4350,-70,202,64,2,11,9,34.1,157.9,931.1,2656.1,0.596,0.604,0.732,0.93,196928,448,0,1
181,-1,1,0,0,127,13.3,0.03275485328988261,36,20,16,1,1,34,68,66,1.889,2.099,10.82,52.83,57.37,107.76,0.219,24,4,0,4,4,-2033,-68,-36,66,-2033,61,126,5,2,6,4.5,32.8,-105.8,-682.8,0.513,0.595,0.416,0.148,-25340,-4,0,3
183,1,-1,1,0,138,7.3,0.027224837669958715,32,12,20,1,1,30,88,78,2.75,2.188,12.61,49.25,59.65,120.34,0.2056,8,8,8,0,8,5389,88,32,5389,-14,137,11,2,3,9,25.4,216.7,1024.5,3905.4,0.608,0.7,0.871,1.0,183661,291,0,2
184,1,-1,1,0,166,8.6,0.04424025419000483,24,8,16,1,1,22,48,46,2.0,1.333,12.71,61.74,61.3,110.3,0.1812,12,4,4,4,0,1992,48,24,2007,-82,164,71,2,15,13,31.1,32.8,288.4,1440.9,0.63,0.556,0.736,0.985,76403,119,0,4
185,1,-1,1,0,168,11.6,0.033581346774011055,24,12,12,1,1,22,76,74,3.167,3.472,11.27,51.3,57.01,104.52,0.2319,8,4,0,0,12,1906,77,25,2266,-27,150,39,16,18,9,15.5,118.6,382.5,1586.8,0.593,0.695,0.751,0.97,88343,224,0,1
188,-1,1,0,0,157,9.4,0.030006136759883267,24,8,16,1,1,22,60,58,2.5,1.25,10.41,52.79,60.57,119.95,0.1884,8,0,12,4,0,-437,-60,-24,180,-466,55,154,2,6,32,13.1,56.2,-69.6,-251.8,0.593,0.588,0.446,0.259,-10084,-15,0,4
187,1,-1,1,0,220,14.9,0.04647238719601459,24,8,16,1,1,22,64,62,2.667,2.889,10.24,53.46,61.62,118.99,0.2319,8,8,0,0,8,3208,64,24,3208,-119,219,110,3,10,21,22.2,198.7,203.0,1684.9,0.593,0.651,0.606,0.934,115988,-119,0,0
182,-1,1,0,0,245,23.0,0.042290202988299275,28,12,16,1,1,26,52,46,1.857,1.265,12.29,61.1,60.46,122.29,0.1958,16,4,4,4,0,-319,-48,-27,230,-416,111,243,2,29,40,19.0,95.2,63.3,-123.4,0.575,0.603,0.552,0.358,3177,166,0,4
186,-1,1,0,0,258,18.6,0.03522090975546863,28,12,16,1,1,26,52,50,1.857,1.837,16.17,63.49,58.91,106.56,0.2116,20,0,0,8,0,-381,-53,-29,218,-791,129,243,5,2,28,0.4,74.6,-36.2,-425.0,0.466,0.64,0.489,0.282,-25573,218,0,4
189,-1,1,0,0,153,10.9,0.04780889174594538,24,8,16,1,1,22,80,72,3.333,0.556,15.77,61.19,59.66,104.66,0.2101,0,4,8,12,0,-520,-76,-23,226,-670,85,142,3,11,12,24.9,84.2,-1.8,-358.7,0.643,0.58,0.49,0.226,-9911,101,0,4
190,1,-1,1,0,141,10.0,0.027439839111571926,36,20,16,1,1,34,72,68,2.0,1.556,9.79,51.32,58.92,114.7,0.2444,16,12,4,0,4,3490,72,36,3490,-8,140,2,7,2,5,11.3,165.0,501.4,2253.0,0.592,0.79,0.872,0.989,104827,329,0,3
191,1,-1,1,0,138,13.7,0.04135185941832446,32,16,16,1,1,30,92,86,2.875,1.359,11.71,50.61,56.02,104.47,0.2137,4,8,12,4,4,4009,92,32,4009,-7,137,12,3,12,5,28.1,119.2,524.1,2464.8,0.599,0.609,0.721,0.946,111558,175,0,3
196,1,-1,1,0,160,6.3,0.046591071746112205,20,8,12,1,1,18,44,38,2.2,1.36,15.33,55.14,62.09,122.84,0.2105,8,4,4,4,0,2433,44,20,2640,0,150,0,2,-1,1,29.9,192.6,697.7,2150.6,0.754,0.859,0.928,1.0,122830,380,0,4
192,-1,1,0,0,179,19.3,0.04946014091733585,32,12,20,1,1,30,96,88,3.0,3.25,10.88,52.97,59.63,112.04,0.1895,12,4,0,4,12,-1540,-100,-36,422,-2754,68,177,4,22,10,43.5,240.5,-92.6,-899.3,0.697,0.658,0.478,0.15,-33846,56,0,2
195,1,-1,1,0,183,14.4,0.02504261365258892,28,12,16,1,1,26,84,82,3.0,2.0,15.88,61.17,58.96,111.9,0.1905,8,0,8,8,4,3963,84,28,3963,-48,182,28,5,2,9,12.8,290.2,426.0,2248.9,0.531,0.833,0.708,0.968,140754,514,0,2
193,-1,1,0,0,216,23.0,0.02791340945873849,32,12,20,1,1,30,88,82,2.75,0.938,15.28,61.81,60.73,117.89,0.2056,4,8,12,8,0,-3620,-88,-32,480,-3620,55,215,2,4,32,135.2,220.2,-78.0,-994.9,0.671,0.6,0.468,0.188,-38751,-70,0,2
198,1,-1,1,0,199,13.8,0.0385290124934561,28,8,20,1,1,26,72,70,2.571,0.816,11.26,61.96,61.59,119.45,0.1799,4,8,12,4,0,3111,72,28,3111,-16,198,25,22,19,9,7.0,96.9,458.4,1487.8,0.514,0.633,0.732,0.891,104921,232,0,2
199,1,-1,1,0,230,12.9,0.029892322891372516,24,8,16,1,1,22,60,56,2.5,1.25,10.58,50.48,59.3,104.25,0.2101,4,12,0,8,0,3745,60,24,3745,-23,229,20,9,20,7,18.4,274.7,417.5,2061.5,0.542,0.766,0.788,0.969,162135,352,0,0
200,-1,1,0,0,165,16.1,0.048930986152434866,36,12,24,1,1,34,72,68,2.0,0.889,14.37,61.43,59.44,119.78,0.1968,12,16,4,4,0,-2366,-76,-40,183,-2366,87,164,4,2,14,26.3,85.5,0.2,-747.1,0.638,0.729,0.514,0.138,-26781,118,0,2
194,-1,1,0,0,277,36.5,0.025521426053914806,32,16,16,1,1,30,84,78,2.625,2.484,11.94,62.55,57.65,106.26,0.1935,12,4,8,0,8,-2301,-84,-32,575,-2301,64,276,2,7,46,254.6,37.0,-48.0,-513.0,0.774,0.51,0.481,0.261,-19100,282,0,3
202,1,-1,1,0,125,8.5,0.04772078046636955,36,12,24,1,1,34,96,88,2.667,1.778,11.41,52.54,60.88,114.57,0.1841,12,4,4,16,0,4499,96,36,4499,-1,124,5,2,5,3,16.0,158.1,711.1,3065.8,0.657,0.69,0.846,0.999,125548,255,0,2
197,-1,1,0,0,210,26.5,0.041179762279863835,40,20,20,1,1,38,56,52,1.4,0.44,12.74,51.72,57.83,110.1,0.1974,28,8,4,0,0,-785,-55,-39,211,-785,81,209,7,92,10,53.7,100.6,-143.8,-511.7,0.7,0.632,0.411,0.069,-27090,48,0,3
205,1,-1,1,0,158,7.7,0.04629575311085861,28,12,16,1,1,26,44,42,1.571,0.531,11.3,60.35,57.81,109.05,0.2275,16,8,4,0,0,1047,45,29,1295,-25,150,38,22,4,7,-8.4,14.2,173.1,759.0,0.357,0.566,0.808,0.963,38095,138,0,1
204,-1,1,0,0,104,11.4,0.026594726301505216,32,12,20,1,1,30,128,118,4.0,1.75,12.27,63.41,61.36,121.82,0.2097,4,0,4,8,16,-2627,-128,-32,183,-2627,54,103,4,33,8,38.0,-11.7,-210.4,-1001.2,0.673,0.493,0.427,0.165,-30815,101,0,2
206,-1,1,0,0,207,10.7,0.04698346190726937,28,8,20,1,1,26,44,42,1.571,1.102,10.99,51.0,60.77,108.24,0.1958,20,4,0,4,0,-2184,-44,-28,75,-2184,89,206,2,9,16,10.8,36.0,-119.1,-698.3,0.607,0.614,0.35,0.083,-41396,30,0,4
207,-1,1,0,0,138,6.2,0.04379975750974828,20,8,12,1,1,18,48,46,2.4,1.84,9.06,50.47,60.13,118.43,0.2632,8,4,0,8,0,-1874,-48,-20,92,-1874,76,137,14,29,16,14.6,-0.5,-65.6,-699.5,0.581,0.511,0.378,0.101,-26935,-5,0,0
203,-1,1,0,0,245,20.6,0.04272625403994916,24,12,12,1,1,22,48,38,2.0,2.0,17.9,59.09,55.09,103.2,0.2029,12,8,0,0,4,-2066,-48,-24,347,-2066,126,244,2,4,20,63.4,115.3,-6.1,-507.8,0.635,0.593,0.482,0.196,-20956,192,0,4
208,1,-1,1,0,145,8.7,0.04036395566720945,32,12,20,1,1,30,104,102,3.25,2.188,10.11,61.89,61.21,127.33,0.2339,8,0,8,8,8,6552,104,32,6552,-5,144,20,2,4,7,18.5,334.7,1281.5,4689.5,0.683,0.845,0.878,1.0,232364,310,0,2
209,-1,1,0,0,135,13.2,0.0466609663197794,28,12,16,1,1,26,100,92,3.571,1.673,11.85,51.61,58.98,120.7,0.2328,4,0,8,8,8,-1059,-100,-28,84,-1059,34,134,4,19,20,13.8,-21.6,-137.0,-687.8,0.573,0.49,0.416,0.203,-29543,-65,0,1
211,-1,1,0,0,181,10.3,0.03633300805522263,24,8,16,1,1,22,72,62,3.0,2.667,11.48,52.31,59.6,103.46,0.1957,8,0,8,0,8,-2263,-76,-28,206,-2263,58,180,2,5,18,30.3,18.6,-161.1,-657.2,0.599,0.533,0.351,0.121,-35276,-161,0,0
201,1,-1,1,0,238,39.9,0.038375252186437205,36,16,20,1,1,34,104,100,2.889,1.877,10.81,52.66,59.79,133.59,0.2127,4,16,4,4,8,4928,104,36,4928,-28,237,29,3,10,11,55.6,327.5,519.8,2383.5,0.58,0.618,0.649,0.882,198663,195,0,3
212,-1,1,0,0,154,16.7,0.03234434643709327,36,16,20,1,1,34,116,114,3.222,2.84,9.74,52.44,56.87,104.48,0.2159,12,0,4,8,12,-1885,-119,-39,302,-3877,85,150,11,20,20,-0.4,77.2,-239.0,-1374.8,0.496,0.599,0.448,0.108,-61157,95,0,3
215,1,-1,1,0,112,7.6,0.04249093054972427,32,16,16,1,1,30,52,48,1.625,0.484,11.56,53.92,59.41,111.27,0.2097,16,12,4,0,0,1827,52,32,1827,-23,111,19,2,5,9,7.8,134.4,255.5,1138.9,0.534,0.735,0.85,0.987,43024,259,0,1
210,-1,1,0,0,176,24.5,0.03846107099132143,32,16,16,1,1,30,92,86,2.875,2.359,13.48,58.74,56.2,120.0,0.2339,8,8,4,4,8,-2918,-96,-36,680,-2918,77,175,2,6,20,24.8,422.8,239.4,-752.3,0.607,0.714,0.563,0.222,-2879,408,0,3
214,1,-1,1,0,165,10.5,0.032663077253115916,24,8,16,1,1,22,84,78,3.5,1.583,11.86,56.13,64.09,124.59,0.2319,0,8,4,4,8,3333,85,25,3333,-101,164,77,2,4,15,32.2,142.6,490.8,2309.5,0.606,0.614,0.639,0.937,124288,222,0,0
213,-1,1,0,0,234,14.0,0.031273831464813384,28,8,20,1,1,26,56,54,2.0,2.0,9.73,63.85,61.48,105.61,0.2063,16,4,4,0,4,-932,-56,-28,135,-932,87,233,13,63,14,37.8,52.6,-94.9,-259.4,0.737,0.637,0.416,0.283,-15829,-4,0,2
216,1,-1,1,0,167,7.8,0.042906806748272436,20,8,12,1,1,18,40,36,2.0,0.4,10.54,48.94,59.74,114.95,0.2105,4,12,4,0,0,1608,42,22,1665,-19,160,8,9,5,11,7.3,83.7,198.2,1060.2,0.528,0.694,0.774,0.969,58503,-3,0,4
221,-1,1,0,0,133,8.2,0.03400980080538881,24,8,16,1,1,22,68,58,2.833,2.806,16.89,59.37,58.36,101.68,0.2101,8,4,4,0,8,-2673,-68,-24,304,-2673,51,132,2,3,10,59.0,158.3,-102.5,-960.2,0.672,0.651,0.435,0.105,-28857,207,0,4
219,1,-1,1,0,170,14.1,0.04156414837614705,32,16,16,1,1,30,48,46,1.5,0.5,12.22,60.04,63.65,120.84,0.2258,20,8,4,0,0,2171,50,34,2171,-12,169,43,2,13,11,5.3,83.6,362.9,1511.6,0.572,0.672,0.781,0.986,85487,297,0,1
220,1,-1,1,0,230,14.8,0.031302661774654905,24,8,16,1,1,22,80,78,3.333,2.222,11.2,53.9,62.89,113.91,0.2101,4,4,4,4,8,3965,80,24,3965,-91,229,57,23,44,9,12.9,217.1,523.6,2080.1,0.565,0.607,0.7,0.934,165679,244,0,0
217,-1,1,0,0,218,20.5,0.04347719150515583,32,16,16,1,1,30,68,66,2.125,0.859,9.29,50.71,57.22,108.98,0.2339,8,16,4,4,0,-382,-56,-26,184,-657,104,211,16,3,20,0.3,72.5,-4.7,-293.4,0.479,0.619,0.506,0.19,-12745,172,0,1
218,-1,1,0,0,209,21.1,0.045388159882365435,32,12,20,1,1,30,76,70,2.375,1.734,11.27,52.76,58.72,102.44,0.2056,12,4,12,0,4,-1525,-76,-32,245,-1525,87,208,2,10,16,50.0,120.4,40.9,-448.1,0.613,0.628,0.538,0.167,-12756,26,0,2
222,-1,1,0,0,121,11.5,0.04620220028844138,32,16,16,1,1,30,72,64,2.25,1.938,13.54,62.96,58.39,116.08,0.2177,12,12,0,4,4,-1561,-72,-32,188,-1561,64,120,2,22,6,12.4,63.6,-51.2,-531.2,0.622,0.653,0.458,0.068,-15724,119,0,1
227,1,-1,1,0,143,7.8,0.044244050923046535,24,8,16,1,1,22,80,72,3.333,1.889,15.73,61.9,60.64,113.86,0.2101,4,4,0,12,4,3950,80,24,3950,-16,142,68,2,9,13,30.9,212.2,619.5,2526.9,0.59,0.629,0.785,0.995,126214,268,0,4
223,1,-1,1,0,184,18.9,0.028241719965758357,40,16,24,1,1,38,96,94,2.4,1.84,10.14,61.01,59.89,119.47,0.2128,16,4,12,4,4,5893,96,40,5893,-88,183,89,2,9,11,12.1,82.3,696.3,3841.1,0.633,0.64,0.758,0.997,213063,210,0,3
224,-1,1,0,0,150,17.6,0.03935707609385666,32,16,16,1,1,30,108,98,3.375,2.984,10.98,60.69,58.46,119.97,0.2339,8,4,4,0,16,-3847,-108,-32,309,-3847,48,149,4,2,4,84.1,128.4,-327.5,-1244.5,0.693,0.627,0.409,0.163,-52793,-299,0,3
225,1,-1,1,0,229,19.9,0.025899165112330147,28,16,12,1,1,26,68,62,2.429,1.959,13.16,45.19,54.91,109.13,0.2275,12,0,12,0,4,3061,68,28,3061,-35,228,32,6,2,11,20.7,122.6,271.4,1318.7,0.572,0.607,0.743,0.918,100123,235,0,1
229,-1,1,0,0,95,5.4,0.04672326942090871,32,12,20,1,1,30,72,70,2.25,2.938,10.45,68.14,61.36,116.98,0.2258,20,0,4,0,8,-444,-57,-27,5,-444,40,94,3,2,10,-2.7,-6.0,-39.4,-218.5,0.407,0.418,0.331,0.142,-6788,-39,0,2
230,1,-1,1,0,122,7.6,0.04626108161104572,32,12,20,1,1,30,80,70,2.5,2.0,10.71,53.55,62.31,128.79,0.2177,12,4,8,4,4,4508,80,32,4508,-59,121,29,2,5,5,32.7,161.0,919.1,3256.9,0.606,0.665,0.924,1.0,137604,439,0,2
226,-1,1,0,0,242,21.8,0.02660254148358612,32,12,20,1,1,30,68,66,2.125,1.109,10.41,62.12,60.66,112.7,0.2218,12,8,8,4,0,-2973,-68,-32,481,-2973,130,241,2,6,16,37.4,221.1,121.4,-673.8,0.705,0.668,0.546,0.187,-18982,284,0,2
228,1,-1,1,0,155,14.0,0.03157677542107053,36,16,20,1,1,34,108,100,3.0,1.556,10.63,54.08,60.66,126.6,0.2254,8,0,16,8,4,6307,108,36,6307,-57,154,54,2,18,7,38.0,171.1,1270.8,4208.2,0.67,0.623,0.779,0.984,228775,474,0,3
232,-1,1,0,0,163,7.7,0.04077463470762945,28,8,20,1,1,26,56,54,2.0,1.714,12.38,56.23,63.61,120.45,0.2275,12,12,0,0,4,-1397,-60,-32,35,-1397,88,162,14,16,18,-0.2,-3.5,-27.9,-381.5,0.482,0.482,0.428,0.109,-17672,-27,0,0
231,1,-1,1,0,165,9.6,0.03821639195524632,28,8,20,1,1,26,96,86,3.429,2.245,14.83,61.42,61.18,118.54,0.2011,4,4,8,0,12,4183,100,32,4183,-102,164,89,8,9,15,24.2,88.5,423.3,2441.7,0.635,0.622,0.654,0.969,124528,142,0,2
235,1,-1,1,0,167,8.1,0.02700205835388922,20,8,12,1,1,18,64,54,3.2,3.36,10.93,53.54,61.53,129.72,0.2632,8,0,0,4,8,3232,66,22,3232,-44,166,43,3,9,7,69.3,128.6,581.3,2079.4,0.661,0.61,0.776,0.978,123443,526,0,0
236,1,-1,1,0,155,8.6,0.040628228635568635,24,8,16,1,1,22,64,54,2.667,2.222,13.24,62.0,59.84,109.1,0.2246,8,4,4,4,4,3186,67,27,3186,-49,154,74,2,8,7,26.4,183.1,379.1,2051.3,0.618,0.66,0.759,0.986,106470,24,0,0
234,-1,1,0,0,200,17.6,0.040267985066691964,28,12,16,1,1,26,56,54,2.0,0.571,10.52,52.82,59.64,114.21,0.2275,8,12,8,0,0,-395,-54,-27,253,-453,108,192,17,13,18,27.8,141.5,6.4,-210.7,0.589,0.627,0.492,0.259,-1749,79,0,1
237,-1,1,0,0,129,12.1,0.03895994336225769,32,12,20,1,1,30,84,82,2.625,2.734,10.46,53.03,60.94,119.53,0.25,12,8,0,4,8,-2301,-84,-32,205,-2301,67,128,2,8,14,12.4,95.4,-18.3,-871.9,0.56,0.627,0.489,0.133,-25908,176,0,3
233,-1,1,0,0,226,21.6,0.042103393588592844,28,8,20,1,1,26,84,80,3.0,2.571,10.42,63.63,62.28,106.5,0.2011,8,4,4,4,8,-1437,-84,-28,563,-1811,145,219,2,6,26,87.7,116.9,200.6,-464.4,0.66,0.57,0.564,0.249,-4240,252,0,2
239,-1,1,0,0,133,13.1,0.027247418419217052,36,16,20,1,1,34,88,82,2.444,1.802,11.97,62.5,58.53,119.39,0.2032,16,0,8,12,0,-3983,-88,-36,332,-4011,55,131,2,8,4,19.8,214.4,-316.5,-1981.9,0.597,0.689,0.329,0.064,-70104,142,0,3
242,-1,1,0,0,162,7.9,0.03080973261942797,20,8,12,1,1,18,52,48,2.6,1.44,15.03,60.58,61.97,112.88,0.2421,4,8,0,8,0,-667,-54,-22,165,-667,54,161,2,6,14,34.0,67.0,-86.5,-306.5,0.602,0.58,0.379,0.178,-12295,28,0,0
238,1,-1,1,0,166,21.0,0.03906724141498258,40,20,20,1,1,38,92,84,2.3,1.61,11.8,56.8,61.57,135.88,0.2154,16,8,4,12,0,3626,96,44,3626,-8,165,23,2,6,7,23.0,187.8,844.1,2203.0,0.611,0.65,0.757,0.938,137983,476,0,3
241,-1,1,0,0,143,17.3,0.04363695262389168,32,16,16,1,1,30,68,62,2.125,1.109,16.0,62.17,56.67,108.6,0.2258,12,8,8,4,0,-1023,-68,-32,179,-1023,75,142,2,7,16,38.1,79.4,-23.0,-495.1,0.634,0.634,0.496,0.155,-15509,102,0,1
244,1,-1,1,0,151,9.1,0.028551651258657967,32,12,20,1,1,30,88,86,2.75,2.438,10.89,67.16,58.98,116.06,0.2016,12,4,0,12,4,3971,88,32,3971,-4,150,6,2,6,3,11.6,155.6,588.2,2293.5,0.706,0.851,0.842,0.969,119693,429,0,2
243,1,-1,1,0,159,13.6,0.026888392455387516,36,16,20,1,1,34,60,58,1.667,1.556,9.91,53.37,59.28,120.14,0.2254,24,8,0,0,4,1790,61,37,1790,-5,158,27,20,27,5,9.2,157.7,247.1,962.7,0.537,0.703,0.665,0.921,56580,39,0,3
247,-1,1,0,0,138,11.2,0.03215690352219307,28,8,20,1,1,26,76,72,2.714,1.347,12.53,56.23,64.02,127.01,0.2116,4,8,12,0,4,-668,-76,-28,327,-846,85,133,14,25,8,8.7,91.8,160.6,-390.8,0.549,0.627,0.558,0.235,-5192,149,0,2
246,-1,1,0,0,156,16.9,0.03565154159179437,32,12,20,1,1,30,92,88,2.875,2.109,13.27,63.96,61.06,125.75,0.1976,8,4,12,0,8,-1760,-96,-36,312,-1760,81,155,2,4,30,31.0,76.6,-29.9,-479.7,0.589,0.563,0.48,0.182,-15678,82,0,2
240,-1,1,0,0,232,36.0,0.029583070445167264,36,16,20,1,1,34,84,76,2.333,1.778,12.53,61.77,60.9,118.82,0.219,16,4,4,12,0,-857,-84,-36,688,-857,97,231,2,102,16,134.9,289.9,12.0,-468.4,0.722,0.609,0.501,0.22,-1833,51,0,3
245,-1,1,0,0,207,25.3,0.04079443405079294,32,16,16,1,1,30,76,74,2.375,2.234,11.31,52.26,57.98,122.26,0.2258,16,0,8,4,4,-1480,-76,-32,355,-1480,92,206,2,13,12,17.3,164.9,25.0,-459.7,0.612,0.633,0.519,0.201,-14257,33,0,3
250,-1,1,0,0,151,8.3,0.02594593847458742,24,8,16,1,1,22,68,66,2.833,2.139,13.73,70.68,62.38,122.8,0.2101,8,0,8,4,4,-3355,-68,-24,159,-3355,51,150,12,21,16,9.3,56.8,-110.1,-1246.2,0.564,0.635,0.442,0.089,-51477,5,0,0
248,1,-1,1,0,244,21.4,0.03368871142102384,32,12,20,1,1,30,88,80,2.75,2.688,10.54,59.71,58.19,105.6,0.1976,12,4,4,4,8,7740,88,32,7740,-8,243,17,3,5,7,111.0,311.6,1770.2,5232.4,0.641,0.635,0.834,0.949,452937,815,0,2
249,1,-1,1,0,126,13.0,0.042503828245063865,40,16,24,1,1,38,76,70,1.9,1.69,10.11,51.77,59.34,119.11,0.2051,24,4,8,0,4,3947,76,40,3947,-3,125,3,2,3,9,17.2,255.5,773.0,2754.6,0.583,0.744,0.85,0.998,123318,442,0,3
253,1,-1,1,0,176,10.4,0.04853663154363263,20,8,12,1,1,18,68,58,3.4,1.04,14.04,61.77,59.19,104.66,0.1895,0,4,8,4,4,3082,69,21,3082,-58,175,20,2,7,11,28.0,256.7,263.4,1966.2,0.554,0.632,0.705,0.981,110626,421,0,4
255,1,-1,1,0,154,9.4,0.02856422417395342,28,12,16,1,1,26,52,44,1.857,1.837,12.84,56.18,62.82,127.64,0.2275,20,0,0,8,0,2552,54,30,2552,-6,153,74,2,3,9,33.7,120.5,265.6,1693.9,0.721,0.701,0.746,0.989,83703,112,0,0
254,-1,1,0,0,151,12.9,0.029029479454974028,24,12,12,1,1,22,76,68,3.167,1.472,14.03,60.45,56.23,102.44,0.2319,4,4,0,16,0,-1006,-76,-24,303,-1006,54,150,3,2,10,43.0,151.9,-190.6,-435.0,0.676,0.638,0.396,0.232,-17242,24,0,1
252,-1,1,0,0,281,19.6,0.04214000597861833,24,8,16,1,1,22,76,72,3.167,2.139,12.66,61.39,58.58,103.82,0.2101,4,4,8,0,8,-1877,-80,-28,585,-1877,196,280,3,2,24,20.6,182.5,195.4,-394.7,0.64,0.655,0.574,0.288,-134,85,0,4
251,1,-1,1,0,251,24.5,0.03200080449034138,32,16,16,1,1,30,60,56,1.875,0.859,13.72,53.59,58.59,116.6,0.2419,12,16,0,4,0,3527,60,32,3527,-107,250,78,2,11,17,19.9,94.4,411.4,1730.0,0.582,0.607,0.772,0.962,145043,264,0,1
257,1,-1,1,0,174,9.9,0.038450399853017174,24,12,12,1,1,22,40,34,1.667,0.556,10.17,50.67,58.3,106.66,0.2246,12,8,4,0,0,2320,44,28,2320,-3,173,97,3,13,11,28.3,73.1,259.8,1438.4,0.637,0.622,0.765,0.995,80264,107,0,1
256,1,-1,1,0,256,10.7,0.03420091312472404,20,8,12,1,1,18,48,40,2.4,1.84,13.08,61.26,59.86,104.24,0.1684,8,4,0,8,0,2084,50,22,2084,-37,255,79,8,2,11,51.9,144.6,145.2,950.7,0.691,0.67,0.693,0.954,82715,243,0,4
261,-1,1,0,0,113,5.4,0.03590645547600659,24,8,16,1,1,22,68,66,2.833,2.806,14.31,66.02,64.78,131.48,0.2391,8,4,4,0,8,-572,-68,-24,78,-572,61,112,14,10,10,5.4,22.9,13.9,-296.6,0.524,0.615,0.551,0.224,-7421,50,0,0
258,-1,1,0,0,168,18.1,0.028837527367263308,36,16,20,1,1,34,104,102,2.889,3.21,12.67,61.8,59.28,124.29,0.219,16,0,4,4,12,-1197,-104,-36,313,-1197,89,167,14,105,4,11.2,68.0,28.5,-583.6,0.626,0.696,0.539,0.168,-19989,220,0,3
263,1,-1,1,0,126,5.8,0.03935538256654768,28,12,16,1,1,26,56,50,2.0,1.143,12.5,47.87,58.21,106.98,0.2222,12,8,4,4,0,2659,56,28,2659,-16,125,46,4,24,7,16.8,110.6,496.1,1778.6,0.604,0.656,0.893,0.998,78022,402,0,1
259,-1,1,0,0,141,14.9,0.03784930918248203,32,16,16,1,1,30,68,60,2.125,0.859,12.96,66.85,59.47,115.03,0.2097,8,16,4,4,0,-2787,-68,-32,202,-2787,61,140,2,4,10,20.3,87.7,-121.9,-958.4,0.637,0.69,0.397,0.123,-34992,-34,0,1
262,1,-1,1,0,154,13.4,0.02817093504278748,36,12,24,1,1,34,88,84,2.444,2.691,10.62,65.51,61.14,120.38,0.2095,16,8,0,4,8,4531,92,40,4610,-11,150,10,2,5,7,8.0,203.7,792.8,3217.9,0.573,0.749,0.769,0.969,166886,631,0,2
264,1,-1,1,0,144,4.5,0.032585371861550735,20,8,12,1,1,18,40,36,2.0,2.4,14.05,61.16,59.4,106.42,0.2105,12,4,0,0,4,1891,40,20,1891,-17,143,34,6,5,5,3.7,66.5,214.4,1242.9,0.541,0.689,0.835,0.997,54989,129,0,4
268,-1,1,0,0,120,7.6,0.033538741725463984,24,8,16,1,1,22,72,64,3.0,1.0,13.26,61.9,61.15,110.05,0.2029,4,0,12,8,0,-1272,-72,-24,408,-1272,51,119,2,13,4,28.4,178.4,-163.2,-457.7,0.643,0.753,0.376,0.145,-12424,-51,0,4
260,-1,1,0,0,238,26.9,0.025569625681638466,36,12,24,1,1,34,92,88,2.556,1.58,11.04,63.47,62.02,129.21,0.2,8,12,8,4,4,-2763,-92,-36,334,-2763,92,237,9,10,28,35.5,112.7,-9.1,-606.0,0.643,0.608,0.496,0.227,-28753,293,0,2
265,1,-1,1,0,188,16.3,0.026923030002922153,32,12,20,1,1,30,68,64,2.125,1.109,12.53,61.22,60.09,120.74,0.2097,12,8,8,4,0,2671,68,32,2731,-24,186,16,6,2,7,11.7,102.8,228.5,1367.3,0.521,0.647,0.609,0.914,80383,149,0,2
269,1,-1,1,0,129,5.0,0.029621528397420712,32,12,20,1,1,30,68,66,2.125,0.859,17.68,62.9,61.47,117.76,0.1935,8,16,4,4,0,2143,68,32,2143,-11,128,3,8,3,5,5.8,25.1,171.3,1146.2,0.576,0.703,0.852,0.99,44295,67,0,2
266,1,-1,1,0,173,16.8,0.044724433922698516,32,16,16,1,1,30,100,98,3.125,2.359,9.04,49.23,56.2,110.3,0.2177,8,4,4,8,8,5895,102,34,5895,-4,172,6,2,6,3,33.6,268.4,1163.4,4111.8,0.748,0.839,0.892,0.991,243930,249,0,3
271,1,-1,1,0,149,6.1,0.04442585134078186,28,12,16,1,1,26,80,78,2.857,1.837,13.22,53.54,60.22,120.37,0.2222,8,0,12,4,4,3620,80,28,3620,-18,148,32,22,6,5,-4.3,71.1,295.1,2170.3,0.395,0.657,0.849,0.999,95865,74,0,1
273,-1,1,0,0,175,6.4,0.030303523693919143,24,8,16,1,1,22,60,58,2.5,3.25,12.58,50.02,60.11,103.18,0.2174,12,4,0,0,8,-1277,-64,-28,51,-1277,102,174,25,44,22,2.8,-1.6,-5.8,-379.5,0.516,0.481,0.497,0.177,-17655,8,0,0
270,-1,1,0,0,171,15.7,0.03959428727859256,24,12,12,1,1,22,80,72,3.333,1.889,18.62,63.78,57.68,114.64,0.2464,4,4,0,12,4,-567,-84,-28,367,-1114,61,164,3,9,20,54.8,89.2,51.5,-369.6,0.601,0.563,0.546,0.268,-8415,12,0,1
272,-1,1,0,0,189,15.0,0.0375868507943173,24,12,12,1,1,22,60,56,2.5,2.25,11.46,48.36,57.56,112.88,0.2464,8,8,0,4,4,-984,-60,-24,193,-984,117,188,6,3,20,8.4,41.6,-48.9,-363.8,0.563,0.558,0.451,0.266,-17408,-31,0,1
267,1,-1,1,0,224,29.3,0.0466848947233592,36,16,20,1,1,34,64,62,1.778,1.062,9.73,63.0,56.87,107.3,0.2095,20,8,4,4,0,4820,64,36,4820,0,223,0,2,-1,3,39.5,335.5,908.7,3105.5,0.706,0.678,0.815,0.982,245793,514,0,3
274,-1,1,0,0,214,11.0,0.04135554416475462,24,8,16,1,1,22,48,46,2.0,1.0,16.87,63.02,59.43,104.34,0.2029,8,12,0,4,0,-1548,-48,-24,80,-1548,129,213,7,28,22,-0.2,3.8,-46.8,-405.7,0.495,0.501,0.462,0.229,-24603,5,0,4
279,1,-1,1,0,156,6.1,0.04721834679946477,24,8,16,1,1,22,40,38,1.667,0.556,12.35,56.84,63.22,113.25,0.2029,12,8,4,0,0,2434,40,24,2434,-9,155,7,2,6,7,10.7,94.6,458.3,1730.7,0.61,0.699,0.872,0.997,89474,248,0,4
275,-1,1,0,0,180,16.9,0.029950788142688714,32,12,20,1,1,30,80,78,2.5,1.25,11.19,62.48,60.64,111.66,0.2137,4,16,8,0,4,-934,-83,-35,200,-967,57,169,7,13,30,6.4,111.0,-6.1,-591.8,0.535,0.655,0.501,0.139,-21624,182,0,2
280,1,-1,1,0,218,9.7,0.046210692249271414,20,8,12,1,1,18,32,30,1.6,0.64,10.61,55.72,62.27,113.85,0.2421,12,4,4,0,0,1785,32,20,1785,-19,217,25,2,24,9,5.1,79.8,139.5,913.5,0.583,0.683,0.74,0.958,63274,77,0,0
281,1,-1,1,0,143,9.7,0.036121257082114805,28,12,16,1,1,26,72,64,2.571,1.673,11.62,51.15,57.63,109.13,0.2116,8,8,0,12,0,3295,72,28,3295,-9,142,13,2,5,7,48.3,198.1,365.7,1983.6,0.694,0.675,0.726,0.975,96800,170,0,1
276,-1,1,0,0,219,22.1,0.031166492947671612,28,12,16,1,1,26,84,80,3.0,2.0,11.86,53.27,59.2,117.75,0.2063,4,8,8,0,8,-2889,-84,-28,611,-2889,102,218,6,21,18,49.6,331.6,34.7,-601.9,0.573,0.63,0.511,0.22,-11851,-192,0,1
284,-1,1,0,0,136,8.1,0.034850074348970514,28,8,20,1,1,26,64,58,2.286,0.776,10.89,60.38,61.27,116.61,0.2116,8,4,16,0,0,-1128,-64,-28,167,-1128,53,135,5,58,6,27.2,64.1,-122.9,-470.9,0.728,0.643,0.414,0.095,-17081,41,0,2
277,1,-1,1,0,274,30.8,0.0423685598998015,32,12,20,1,1,30,80,72,2.5,1.75,10.49,67.68,60.02,116.86,0.2097,12,4,4,12,0,3877,83,35,3877,-214,273,69,4,6,33,27.0,130.3,197.8,1980.1,0.577,0.568,0.594,0.922,162748,134,0,2
278,-1,1,0,0,198,30.9,0.043063899828688995,32,16,16,1,1,30,80,76,2.5,1.25,11.32,51.91,56.98,115.33,0.2218,4,16,8,0,4,-853,-80,-32,522,-853,86,197,2,4,16,49.7,260.3,95.8,-420.0,0.638,0.66,0.548,0.319,-1539,45,0,3
282,-1,1,0,0,147,16.5,0.033484231685005875,32,16,16,1,1,30,84,82,2.625,1.734,10.14,52.78,57.31,107.3,0.2177,8,8,8,4,4,-1999,-84,-32,266,-1999,73,146,2,46,14,32.0,82.4,69.8,-576.3,0.705,0.586,0.524,0.245,-15846,266,0,3
285,1,-1,1,0,193,11.4,0.044192566419317875,24,8,16,1,1,22,68,58,2.833,2.472,12.52,63.58,61.52,113.76,0.2101,4,12,0,0,8,3569,68,24,3569,-7,192,97,5,13,9,42.5,173.8,265.1,2075.6,0.616,0.671,0.72,0.991,124809,76,0,0
283,1,-1,1,0,197,20.5,0.042214139179161385,28,12,16,1,1,26,84,78,3.0,0.857,12.9,46.41,56.65,108.34,0.2275,0,8,16,0,4,3155,84,28,3155,-52,196,118,10,16,9,31.9,222.9,406.7,1467.1,0.59,0.631,0.656,0.882,105769,325,0,1
287,-1,1,0,0,171,7.6,0.02698471358958141,20,8,12,1,1,18,52,50,2.6,2.24,13.56,48.16,57.6,98.99,0.2421,8,0,8,0,4,-763,-56,-24,183,-763,112,170,11,5,24,-5.0,66.8,47.5,-245.2,0.416,0.658,0.558,0.229,-6444,19,0,0
291,1,-1,1,0,137,3.3,0.04499803816023501,20,8,12,1,1,18,68,66,3.4,2.64,13.47,52.08,57.85,103.79,0.2526,4,4,0,4,8,2184,68,20,2184,-5,136,30,18,19,7,2.4,42.6,198.6,1144.6,0.508,0.706,0.819,1.0,48339,116,0,0
288,-1,1,0,0,129,8.4,0.03610029106147675,28,12,16,1,1,26,88,84,3.143,1.551,12.4,53.12,59.34,116.69,0.2222,4,4,8,8,4,-4610,-88,-28,174,-4610,43,128,2,3,10,36.8,19.9,-379.3,-2114.5,0.681,0.573,0.202,0.009,-80100,-197,0,1
286,1,-1,1,0,146,17.0,0.027816568550337827,40,16,24,1,1,38,88,86,2.2,1.56,10.44,49.87,60.3,120.94,0.1923,20,0,12,8,0,3610,88,40,3610,-7,145,26,2,6,7,14.7,148.7,415.1,2009.8,0.615,0.705,0.693,0.962,97197,274,0,3
290,1,-1,1,0,192,13.1,0.045228630485033686,24,8,16,1,1,22,76,70,3.167,1.472,18.82,63.66,62.77,122.92,0.2174,4,0,12,4,4,4153,76,24,4153,-37,191,79,2,19,13,35.4,183.8,803.9,2507.1,0.648,0.637,0.799,0.97,169452,294,0,4
293,-1,1,0,0,182,13.1,0.025511016902188016,24,12,12,1,1,22,68,66,2.833,1.806,11.82,51.38,57.52,112.81,0.2174,4,8,4,4,4,-2367,-72,-28,281,-2367,73,181,2,6,22,4.5,145.2,-40.1,-640.5,0.493,0.678,0.463,0.186,-25174,119,0,1
289,1,-1,1,0,216,18.6,0.034429773077080304,24,12,12,1,1,22,72,66,3.0,2.333,18.07,59.02,57.91,116.23,0.2391,4,8,4,0,8,4371,72,24,4371,-181,215,133,2,4,25,57.7,245.9,326.3,2475.2,0.613,0.701,0.672,0.973,167675,260,0,1
294,-1,1,0,0,140,9.3,0.04522562367735629,28,8,20,1,1,26,60,56,2.143,0.694,10.99,63.17,62.83,112.14,0.1693,8,8,12,0,0,-1514,-60,-28,202,-1514,78,139,2,6,20,9.2,39.4,46.0,-497.8,0.575,0.594,0.537,0.157,-14111,66,0,2
295,1,-1,1,0,182,17.8,0.04613067418010414,28,12,16,1,1,26,88,82,3.143,1.837,12.26,47.53,57.41,107.91,0.2116,4,4,12,0,8,3914,92,32,3914,-69,181,89,2,7,9,71.8,150.8,378.9,2198.0,0.677,0.592,0.716,0.929,130371,21,0,1
296,1,-1,1,0,221,15.4,0.027242980639989832,28,12,16,1,1,26,64,62,2.286,2.204,11.39,54.93,60.63,115.71,0.1958,12,8,0,4,4,3300,64,28,3300,-142,220,102,21,31,9,11.3,79.7,266.9,1632.0,0.56,0.63,0.717,0.969,111083,73,0,2
298,-1,1,0,0,163,13.9,0.03586800149228793,24,12,12,1,1,22,92,86,3.833,0.806,11.97,53.6,59.96,116.67,0.2319,0,0,12,4,8,-2443,-96,-28,254,-3659,59,150,2,6,8,81.7,56.8,-155.9,-1272.4,0.652,0.526,0.42,0.072,-55411,-136,0,1
297,-1,1,0,0,205,18.0,0.04424377461761943,32,12,20,1,1,30,68,66,2.125,1.859,10.78,61.74,60.13,118.89,0.2137,16,4,8,0,4,-1200,-68,-32,243,-1936,118,193,2,4,14,7.4,140.7,-6.1,-651.9,0.594,0.75,0.509,0.169,-26658,135,0,2
292,-1,1,0,0,228,33.1,0.026445294548210263,36,20,16,1,1,34,84,82,2.333,2.0,13.23,50.75,61.24,129.33,0.2317,16,4,8,4,4,-3055,-84,-36,378,-3055,96,227,13,12,26,45.7,175.1,27.5,-800.0,0.582,0.613,0.51,0.204,-31450,161,0,3
301,-1,1,0,0,185,12.4,0.02890900782364547,24,8,16,1,1,22,84,74,3.5,2.583,13.84,64.44,61.04,107.95,0.2101,4,4,4,0,12,-2546,-84,-24,437,-2686,91,181,3,10,22,91.9,203.1,-79.7,-812.0,0.662,0.592,0.466,0.194,-28264,433,0,0
300,1,-1,1,0,160,13.2,0.025326728401553818,32,16,16,1,1,30,56,48,1.75,1.188,10.65,51.84,58.01,106.88,0.2177,20,4,4,4,0,2682,57,33,2682,-1,159,7,2,7,3,73.2,209.7,338.2,1624.0,0.765,0.725,0.755,0.974,89807,242,0,1
299,1,-1,1,0,180,16.9,0.04773571001686025,32,16,16,1,1,30,84,82,2.625,1.484,10.27,59.91,57.55,114.61,0.2258,8,4,16,0,4,4670,88,36,4670,-13,179,5,7,5,9,8.7,177.2,495.6,2784.2,0.631,0.664,0.773,0.988,155955,314,0,3
303,1,-1,1,0,170,16.4,0.04067122556427615,28,12,16,1,1,26,80,72,2.857,0.98,12.99,51.27,60.54,116.87,0.2275,4,4,12,8,0,3857,81,29,3857,-4,169,7,2,7,5,42.7,373.7,780.7,2498.2,0.659,0.712,0.767,0.97,160198,627,0,1
304,1,-1,1,0,156,8.7,0.03570935523054217,24,8,16,1,1,22,60,50,2.5,1.917,13.09,55.52,63.68,117.16,0.1739,8,4,8,0,4,2814,60,24,2964,-20,150,31,5,3,9,22.1,110.2,548.5,2129.1,0.609,0.652,0.839,0.986,109588,160,0,4
306,-1,1,0,0,123,9.9,0.03682624346596648,32,12,20,1,1,30,108,98,3.375,3.484,11.68,51.12,58.91,106.98,0.1694,12,0,0,4,16,-1182,-108,-32,119,-1619,46,113,3,10,16,15.0,35.7,-363.2,-983.8,0.59,0.573,0.285,0.143,-41842,45,0,2
302,-1,1,0,0,180,21.7,0.03602091438340573,32,12,20,1,1,30,100,96,3.125,0.859,13.82,69.59,59.94,121.23,0.2137,0,8,16,4,4,-1789,-104,-36,444,-1789,83,179,2,8,26,53.5,265.2,27.1,-413.3,0.617,0.625,0.509,0.259,-3031,35,0,2
305,1,-1,1,0,178,13.3,0.042975894235047954,32,8,24,1,1,30,92,82,2.875,3.109,14.66,63.78,62.26,117.36,0.1976,12,4,4,0,12,5148,96,36,5148,0,177,0,4,-1,1,33.7,199.5,580.4,3354.0,0.642,0.665,0.741,0.99,190078,255,0,2
307,1,-1,1,0,163,8.4,0.0343197733739411,24,8,16,1,1,22,56,50,2.333,1.222,14.75,53.26,60.77,109.78,0.2101,8,4,8,4,0,3278,58,26,3278,-98,162,67,2,7,11,19.4,87.0,594.6,2294.0,0.563,0.597,0.834,0.99,126684,131,0,4
309,1,-1,1,0,134,5.6,0.035421710092275724,24,8,16,1,1,22,68,60,2.833,1.806,12.38,55.06,61.51,110.98,0.1812,4,8,4,4,4,2473,68,24,2473,-1,133,13,2,13,7,13.5,108.9,270.9,1343.5,0.684,0.732,0.821,0.969,60003,375,0,4
310,1,-1,1,0,168,11.7,0.0293423866309596,28,16,12,1,1,26,92,90,3.286,2.204,12.12,56.38,60.06,120.57,0.2275,4,8,0,8,8,3045,93,29,3045,-21,167,22,26,21,5,2.5,92.6,250.5,1820.4,0.484,0.646,0.708,0.953,90973,198,0,1
312,-1,1,0,0,193,12.0,0.03278774478740838,24,8,16,1,1,22,72,64,3.0,2.0,14.92,70.73,62.18,122.89,0.2464,4,8,0,8,4,-763,-72,-24,437,-1077,66,181,3,6,18,64.6,233.1,-17.0,-559.1,0.672,0.648,0.477,0.151,-13927,103,0,0
314,-1,1,0,0,152,9.8,0.02820973980022487,24,8,16,1,1,22,84,78,3.5,0.917,11.46,54.18,62.4,115.24,0.2246,0,4,8,8,4,-710,-83,-24,293,-710,64,151,2,6,20,48.1,146.9,-6.5,-308.8,0.665,0.621,0.485,0.271,-4569,122,0,0
311,-1,1,0,0,346,23.9,0.029430099648589978,20,8,12,1,1,18,68,58,3.4,2.64,17.78,71.44,60.7,124.5,0.2421,4,4,0,4,8,-846,-68,-20,1024,-846,71,345,3,12,44,344.9,173.3,128.0,-113.8,0.768,0.6,0.578,0.405,45557,126,0,0
308,-1,1,0,0,226,32.0,0.03642114503693929,36,16,20,1,1,34,92,90,2.556,1.802,17.37,61.18,59.24,121.86,0.2159,12,8,0,16,0,-3356,-92,-36,365,-3356,139,225,2,6,40,42.2,105.2,55.2,-955.6,0.627,0.557,0.521,0.198,-44079,-106,0,3
313,1,-1,1,0,258,25.4,0.03952742489273911,32,12,20,1,1,30,72,68,2.25,1.938,10.78,61.13,60.26,115.86,0.2097,12,12,0,4,4,5024,72,32,5052,-5,255,6,2,5,3,86.1,601.9,566.9,3166.6,0.729,0.817,0.741,0.97,289312,503,0,2
318,1,-1,1,0,119,4.8,0.0477502293028965,24,8,16,1,1,22,60,52,2.5,2.25,18.21,60.52,61.79,123.78,0.2319,8,8,0,4,4,3125,60,24,3125,-10,118,17,2,7,9,17.6,224.0,740.2,2202.2,0.637,0.804,0.928,0.999,98941,192,0,4
317,1,-1,1,0,166,9.7,0.045496384133750574,32,12,20,1,1,30,80,78,2.5,1.75,12.86,62.99,62.24,131.94,0.2137,12,4,4,12,0,5792,82,34,5792,-22,165,32,2,6,11,12.0,302.2,1452.1,4314.8,0.582,0.71,0.843,1.0,257955,723,0,2
315,-1,1,0,0,200,21.1,0.04171602463044388,28,12,16,1,1,26,72,64,2.571,1.673,13.14,55.84,62.81,132.33,0.2487,8,8,0,12,0,-512,-70,-26,361,-610,101,179,3,11,32,42.4,57.3,6.0,-286.0,0.63,0.54,0.494,0.295,-9012,265,0,0
316,1,-1,1,0,294,19.9,0.043954397825421716,24,8,16,1,1,22,52,50,2.167,2.139,20.73,66.51,63.66,115.67,0.1957,12,4,4,0,4,2372,52,24,2372,-152,293,106,2,8,37,43.8,29.4,216.6,1121.7,0.615,0.523,0.661,0.911,105292,3,0,4
319,1,-1,1,0,156,11.8,0.03135542515208486,28,12,16,1,1,26,76,72,2.714,2.49,11.26,47.68,58.96,115.65,0.2116,8,8,4,0,8,3300,76,28,3300,-22,155,8,9,8,9,12.7,318.6,587.3,1990.4,0.562,0.786,0.743,0.957,113449,476,0,1
321,-1,1,0,0,138,9.4,0.045555835390935905,32,16,16,1,1,30,80,76,2.5,1.25,11.64,63.38,57.84,107.83,0.2097,8,8,8,8,0,-525,-72,-28,31,-599,27,136,6,5,10,8.9,3.1,-65.2,-306.7,0.676,0.595,0.299,0.103,-12847,-11,0,3
320,1,-1,1,0,248,13.7,0.03298481291352955,20,8,12,1,1,18,56,48,2.8,2.16,15.27,47.74,58.06,103.84,0.1895,4,8,0,4,4,2088,56,20,2088,-144,247,184,2,7,43,30.5,104.3,101.1,813.4,0.578,0.598,0.59,0.847,65052,212,0,4
323,1,-1,1,0,149,5.9,0.04202258397938493,20,8,12,1,1,18,52,48,2.6,1.84,12.91,52.41,58.53,108.28,0.2105,4,8,4,0,4,2539,52,20,2539,-3,148,10,2,8,3,31.7,134.6,242.8,1594.4,0.636,0.746,0.815,0.994,75726,84,0,4
324,1,-1,1,0,162,5.5,0.04190895773431752,24,8,16,1,1,22,44,42,1.833,1.472,12.38,54.27,60.96,112.28,0.2246,16,0,4,4,0,1472,46,26,1472,-12,161,43,41,23,7,-1.3,24.0,129.1,988.9,0.468,0.632,0.732,0.98,47606,109,0,0
322,-1,1,0,0,165,13.7,0.03592463219142573,28,12,16,1,1,26,64,56,2.286,1.061,10.74,64.74,58.71,110.88,0.2169,8,8,8,4,0,-737,-68,-32,258,-1994,63,160,2,12,4,34.1,116.4,-116.1,-633.3,0.686,0.693,0.471,0.158,-25187,140,0,1
325,1,-1,1,0,200,8.4,0.04864811333220114,24,8,16,1,1,22,52,50,2.167,1.472,11.28,66.82,62.65,111.56,0.2029,12,0,8,4,0,2937,52,24,2937,-25,199,74,5,10,13,5.6,19.8,280.2,1743.6,0.572,0.528,0.745,0.991,102466,78,0,4
326,1,-1,1,0,203,10.9,0.04242072362965542,24,8,16,1,1,22,68,66,2.833,2.472,17.62,61.82,60.9,109.69,0.1957,8,4,0,8,4,3916,68,24,3916,-21,202,14,16,5,5,10.8,257.6,424.7,2341.3,0.513,0.695,0.767,0.994,158739,75,0,4
327,1,-1,1,0,173,10.6,0.048269262182549046,32,12,20,1,1,30,72,68,2.25,2.688,11.83,62.44,60.53,120.94,0.2016,16,8,0,0,8,3680,76,36,3680,-21,172,18,9,3,5,6.9,168.3,521.8,2334.4,0.551,0.782,0.772,0.995,132685,402,0,2
330,1,-1,1,0,160,6.7,0.04328154468113342,32,12,20,1,1,30,56,54,1.75,0.938,9.07,61.97,58.53,109.55,0.2218,16,12,0,4,0,3737,56,32,3737,-7,159,10,2,10,3,10.0,107.5,678.5,2715.8,0.724,0.86,0.95,1.0,140472,181,0,1
329,-1,1,0,0,187,8.9,0.032432660228049616,20,8,12,1,1,18,64,54,3.2,2.16,14.39,68.96,62.58,118.61,0.2421,4,4,0,8,4,-1018,-64,-20,149,-1583,41,182,7,4,14,42.1,-4.6,-117.2,-784.2,0.637,0.5,0.385,0.262,-42095,14,0,0
334,1,-1,1,0,153,7.7,0.04595348989880614,24,12,12,1,1,22,56,52,2.333,1.889,17.7,58.94,53.95,102.78,0.2391,8,8,4,0,4,2920,56,24,2920,0,152,0,5,-1,3,17.2,204.3,450.9,1899.1,0.627,0.78,0.8,0.997,99615,352,0,1
328,-1,1,0,0,189,19.2,0.03303875116336895,36,16,20,1,1,34,104,102,2.889,2.543,10.77,48.16,57.87,120.05,0.219,12,4,4,8,8,-2370,-104,-36,182,-2370,90,188,11,10,12,2.3,56.2,-183.1,-792.2,0.533,0.6,0.444,0.205,-43880,97,0,3
331,-1,1,0,0,127,13.5,0.03783018977826032,32,16,16,1,1,30,72,68,2.25,1.938,11.67,71.27,58.96,126.52,0.2339,12,12,0,4,4,-1977,-72,-32,283,-1977,53,126,2,18,12,21.3,171.3,-6.8,-688.9,0.698,0.758,0.497,0.129,-17663,79,0,1
335,-1,1,0,0,143,6.5,0.026064923435230314,24,8,16,1,1,22,60,56,2.5,0.917,15.75,63.86,63.98,127.31,0.2029,4,8,8,4,0,-422,-58,-23,92,-437,69,135,5,13,22,-1.8,18.2,-5.2,-234.7,0.476,0.549,0.494,0.227,-8528,77,0,4
332,1,-1,1,0,200,20.4,0.0383387105464878,28,12,16,1,1,26,88,80,3.143,1.551,16.39,61.52,59.93,122.56,0.2328,4,4,8,8,4,4938,88,28,4938,0,199,0,2,-1,1,79.3,571.4,1045.6,2831.2,0.763,0.726,0.767,0.946,226372,842,0,1
336,1,-1,1,0,154,11.8,0.03782856396275478,24,12,12,1,1,22,60,54,2.5,1.25,11.62,70.11,61.38,122.41,0.2319,8,0,12,4,0,2624,60,24,2624,-20,153,40,4,8,13,26.1,73.7,391.3,1554.7,0.619,0.573,0.727,0.948,80846,56,0,0
333,1,-1,1,0,219,20.3,0.04820782980615169,28,12,16,1,1,26,84,80,3.0,3.143,12.0,68.7,60.57,119.16,0.2275,8,8,0,0,12,3953,84,28,3953,-20,218,7,8,7,5,19.1,225.1,782.3,2108.5,0.607,0.707,0.751,0.923,175612,519,0,2
337,-1,1,0,0,190,11.6,0.03443196678035973,20,8,12,1,1,18,60,54,3.0,0.4,13.97,55.1,61.75,119.04,0.2421,0,4,12,4,0,-1191,-60,-20,214,-1191,46,189,4,6,36,37.0,75.0,48.6,-311.2,0.622,0.575,0.542,0.252,-7702,68,0,0
341,-1,1,0,0,153,12.6,0.03622738044527298,32,12,20,1,1,30,64,60,2.0,1.0,12.45,60.95,60.56,115.23,0.2097,12,12,4,4,0,-429,-61,-32,145,-513,78,144,5,2,22,19.2,23.6,-46.6,-266.2,0.583,0.562,0.441,0.219,-10526,55,0,2
342,1,-1,1,0,138,11.7,0.025562835129542376,28,16,12,1,1,26,96,86,3.429,2.245,12.52,52.0,62.12,134.02,0.2487,4,4,8,0,12,4178,96,28,4178,-49,137,55,3,10,9,50.6,127.1,459.4,2568.8,0.635,0.592,0.69,0.982,114140,245,0,1
340,-1,1,0,0,216,15.6,0.0394075466381575,32,12,20,1,1,30,76,72,2.375,1.984,14.05,51.36,60.38,114.64,0.1815,12,8,4,4,4,-5398,-76,-32,192,-5398,86,215,6,4,14,20.1,59.6,-257.9,-3160.1,0.603,0.604,0.342,0.006,-180267,-102,0,2
338,-1,1,0,0,188,23.7,0.03174817695993164,32,16,16,1,1,30,88,80,2.75,1.688,13.9,59.3,56.15,117.33,0.2218,8,4,12,4,4,-650,-88,-32,750,-1023,85,177,2,3,8,126.2,444.9,13.4,-587.4,0.768,0.741,0.505,0.246,-137,332,0,3
339,1,-1,1,0,251,25.8,0.02871934772451158,32,12,20,1,1,30,84,78,2.625,1.734,13.11,52.67,58.96,114.41,0.2177,8,8,8,4,4,6375,84,32,6375,-93,250,97,2,4,13,41.0,175.3,1513.3,4435.7,0.635,0.593,0.747,0.891,395551,667,0,3
343,1,-1,1,0,171,13.0,0.04218508876773433,28,12,16,1,1,26,76,66,2.714,1.633,11.09,60.55,60.95,121.49,0.2169,4,12,4,4,4,3466,80,32,3466,-40,170,101,4,6,13,23.8,153.2,240.3,2133.3,0.578,0.621,0.684,0.996,113526,11,0,1
346,-1,1,0,0,121,7.5,0.029404990604793377,24,8,16,1,1,22,84,78,3.5,0.917,12.19,65.58,62.27,126.05,0.2319,0,4,8,8,4,-1753,-84,-24,407,-1753,60,120,2,10,8,19.9,104.4,31.0,-594.2,0.658,0.686,0.496,0.157,-13760,407,0,0
344,1,-1,1,0,151,12.6,0.025498218214583115,32,12,20,1,1,30,96,92,3.0,1.75,11.34,49.33,59.24,117.8,0.2016,0,20,0,4,8,4530,96,32,4530,-4,150,12,2,12,5,25.9,196.7,720.3,2759.6,0.669,0.684,0.721,0.967,145270,296,0,3
348,1,-1,1,0,169,6.5,0.040844339524347385,20,8,12,1,1,18,44,42,2.2,1.36,22.78,69.95,62.45,120.01,0.2,8,4,4,4,0,2789,48,24,2789,-11,168,23,12,14,5,6.0,141.5,618.8,2134.6,0.522,0.704,0.903,0.999,123977,330,0,4
347,-1,1,0,0,111,13.1,0.04217524507231775,36,16,20,1,1,34,104,94,2.889,2.543,14.03,60.18,58.42,112.74,0.219,8,12,4,0,12,-2768,-104,-36,137,-2768,39,110,2,18,4,25.3,56.7,-342.4,-1070.9,0.686,0.601,0.379,0.13,-39161,-124,0,3
345,1,-1,1,0,281,25.2,0.029833530565903463,28,12,16,1,1,26,80,74,2.857,1.837,12.0,53.99,59.87,115.08,0.2011,8,0,12,4,4,5100,83,31,5100,0,280,0,6,-1,1,169.7,520.2,1496.4,3106.4,0.682,0.696,0.744,0.856,373596,1294,0,1
351,1,-1,1,0,143,9.1,0.037982332104215547,28,12,16,1,1,26,72,70,2.571,1.959,11.11,68.25,60.41,118.42,0.2169,12,0,4,12,0,3833,72,28,3833,-8,142,10,2,5,7,26.2,199.5,746.9,2531.0,0.659,0.728,0.88,0.993,130222,487,0,1
350,-1,1,0,0,159,17.1,0.03478354448464556,32,12,20,1,1,30,100,90,3.125,2.109,12.96,60.89,60.1,112.77,0.1815,4,12,0,8,8,-1166,-103,-35,524,-1776,66,150,3,15,18,50.1,263.5,-45.3,-660.9,0.63,0.641,0.489,0.144,-17297,-393,0,2
349,1,-1,1,0,223,21.6,0.033641858255809926,32,12,20,1,1,30,92,88,2.875,2.359,13.76,63.71,60.98,116.8,0.2177,8,8,4,4,8,4764,92,32,4764,-68,222,71,9,13,11,13.8,120.8,455.1,2530.3,0.562,0.568,0.637,0.915,179188,137,0,2
354,1,-1,1,0,161,6.3,0.025592413930040275,32,12,20,1,1,30,68,66,2.125,2.109,11.41,66.33,60.49,112.52,0.1935,16,8,0,4,4,4512,72,36,4512,-20,160,23,8,2,9,-2.3,141.3,813.2,3174.8,0.42,0.779,0.935,1.0,168256,372,0,2
353,1,-1,1,0,174,8.4,0.047089857716724665,28,12,16,1,1,26,56,54,2.0,1.714,10.13,63.43,59.7,112.67,0.2063,12,12,0,0,4,4186,60,32,4186,-17,173,44,6,4,5,7.4,81.3,733.3,2911.2,0.586,0.655,0.874,0.998,166347,289,0,1
356,1,-1,1,0,179,11.0,0.029813154407399102,28,12,16,1,1,26,68,66,2.429,1.388,9.98,62.64,59.47,115.33,0.2116,4,16,4,0,4,1958,68,28,2370,-15,150,45,2,24,11,5.3,106.2,539.1,1881.9,0.592,0.648,0.816,0.988,117076,343,0,1
358,-1,1,0,0,136,9.4,0.046351949293345476,24,8,16,1,1,22,100,90,4.167,0.472,12.64,62.36,62.11,122.1,0.2174,0,0,4,12,8,-1322,-100,-24,414,-1322,85,135,4,25,16,15.9,104.2,52.6,-359.3,0.612,0.601,0.524,0.28,-6346,86,0,4
352,1,-1,1,0,221,21.7,0.039556835610688144,32,12,20,1,1,30,80,76,2.5,2.25,12.59,53.79,59.69,113.1,0.2097,8,16,0,0,8,5047,80,32,5047,0,220,0,3,-1,1,26.3,247.0,620.9,2879.7,0.651,0.703,0.756,0.979,210448,424,0,2
357,1,-1,1,0,163,15.3,0.032164854731642524,40,16,24,1,1,38,72,70,1.8,1.56,9.07,66.01,60.88,118.56,0.2256,24,8,4,0,4,3938,76,44,3938,-9,162,17,2,8,9,6.3,281.0,688.1,2604.9,0.543,0.763,0.748,0.99,151027,650,0,3
360,1,-1,1,0,133,6.1,0.04619872831506979,28,12,16,1,1,26,48,46,1.714,1.061,9.93,63.28,61.64,125.75,0.2275,16,8,0,4,0,1012,48,28,1012,-18,132,51,7,19,9,1.0,18.0,144.6,497.0,0.532,0.582,0.724,0.937,22295,54,0,1
355,1,-1,1,0,239,25.0,0.03023692752057023,36,12,24,1,1,34,76,72,2.111,1.432,10.48,53.48,60.43,112.67,0.2,16,8,4,8,0,3601,76,36,3601,-139,238,134,9,12,23,23.9,51.2,168.0,1623.4,0.632,0.56,0.583,0.877,114994,232,0,2
362,-1,1,0,0,164,8.5,0.02973111478700807,24,8,16,1,1,22,76,70,3.167,1.806,13.23,55.56,63.06,127.08,0.2246,4,4,4,8,4,-580,-79,-27,209,-1617,95,150,6,7,24,15.4,34.3,-42.0,-556.3,0.592,0.567,0.477,0.113,-22493,32,0,0
363,1,-1,1,0,157,9.8,0.03597345059612342,32,12,20,1,1,30,60,56,1.875,1.609,11.28,61.86,60.74,114.27,0.1815,16,12,0,0,4,3176,61,33,3176,0,156,0,2,-1,1,20.9,163.9,494.7,2097.9,0.695,0.787,0.78,0.991,110420,310,0,2
359,-1,1,0,0,166,22.4,0.047928905956302746,32,16,16,1,1,30,100,94,3.125,0.859,12.91,48.25,58.95,125.75,0.2258,4,0,16,12,0,-1972,-104,-36,184,-1972,96,165,8,19,16,29.6,65.2,-68.9,-615.2,0.612,0.542,0.48,0.23,-25394,92,0,3
364,1,-1,1,0,163,11.6,0.026753597870309672,36,16,20,1,1,34,72,68,2.0,2.0,14.75,61.51,59.12,118.5,0.2063,20,8,0,4,4,4419,74,38,4419,-9,162,19,3,10,7,8.9,197.2,679.0,3141.8,0.558,0.84,0.88,0.999,170503,349,0,3
366,-1,1,0,0,115,6.8,0.04367028105284151,20,8,12,1,1,18,60,52,3.0,0.8,12.56,63.41,61.62,114.86,0.2,0,8,4,8,0,-1064,-60,-20,214,-1064,44,114,2,6,8,29.4,73.7,-137.0,-320.9,0.582,0.63,0.294,0.175,-10899,-2,0,4
361,-1,1,0,0,224,24.8,0.03163399805640031,28,12,16,1,1,26,88,84,3.143,0.98,10.82,53.31,62.56,135.93,0.2381,0,8,12,4,4,-1734,-88,-28,692,-1734,134,223,14,21,14,43.8,225.1,284.1,-405.2,0.604,0.61,0.592,0.247,8278,363,0,0
365,-1,1,0,0,200,16.9,0.04445519288735285,24,8,16,1,1,22,80,74,3.333,2.222,15.82,63.71,63.17,125.99,0.2319,4,4,4,4,8,-1582,-80,-24,526,-1582,74,199,2,4,34,76.6,203.7,0.7,-445.0,0.64,0.572,0.495,0.242,-8202,-192,0,0
370,-1,1,0,0,100,9.1,0.031245339080180054,28,12,16,1,1,26,88,78,3.143,2.122,13.95,52.66,60.86,127.95,0.2328,4,8,4,4,8,-2116,-88,-28,209,-2116,55,99,2,3,16,21.9,46.7,-1.9,-758.4,0.664,0.563,0.49,0.1,-17293,139,0,1
367,1,-1,1,0,153,13.4,0.0321763952728538,36,16,20,1,1,34,80,78,2.222,0.84,11.18,51.56,57.89,109.49,0.1968,8,16,8,4,0,4366,80,36,4366,-51,152,46,2,25,9,15.1,82.4,676.0,2998.4,0.639,0.613,0.779,0.999,146329,114,0,3
368,1,-1,1,0,216,15.7,0.04325035052372933,28,12,16,1,1,26,64,58,2.286,1.633,11.67,62.31,59.68,107.9,0.2063,8,12,4,0,4,4382,64,28,4382,-43,215,69,2,4,9,55.4,138.6,399.6,2707.8,0.66,0.585,0.748,0.999,178276,16,0,1
369,-1,1,0,0,145,17.2,0.049140645348008175,36,16,20,1,1,34,84,78,2.333,1.556,10.98,60.35,57.65,109.19,0.2063,12,8,12,0,4,-1166,-84,-36,219,-1166,54,144,2,3,8,44.8,114.7,-144.2,-595.1,0.738,0.648,0.401,0.108,-21468,11,0,3
371,1,-1,1,0,156,13.1,0.0316166721451328,28,16,12,1,1,26,68,64,2.429,0.816,12.96,59.69,55.79,107.35,0.2169,4,12,8,4,0,2129,68,28,2192,-53,150,76,2,75,5,14.2,100.5,288.4,1233.7,0.688,0.698,0.688,0.937,63836,46,0,1
372,-1,1,0,0,105,8.1,0.027864076164717026,28,12,16,1,1,26,68,58,2.429,2.245,11.95,59.78,59.09,116.73,0.2275,12,4,4,4,4,-1464,-68,-28,91,-1464,67,104,2,22,10,12.9,40.6,-66.2,-484.2,0.608,0.611,0.438,0.146,-13405,23,0,1
373,-1,1,0,0,117,8.1,0.027090391138302184,28,12,16,1,1,26,92,84,3.286,2.49,12.43,60.13,58.47,113.17,0.2011,8,0,4,8,8,-621,-91,-27,93,-876,34,115,2,7,16,21.1,28.1,-154.0,-509.3,0.591,0.581,0.384,0.095,-18317,22,0,2
374,1,-1,1,0,164,11.8,0.0414894739012275,32,12,20,1,1,30,60,54,1.875,1.859,13.79,62.98,60.72,123.6,0.2056,20,4,4,0,4,2636,64,36,2636,-50,163,71,3,7,21,5.4,77.4,273.2,1464.7,0.519,0.596,0.726,0.972,74646,229,0,2
378,-1,1,0,0,135,7.1,0.04004109216628722,32,12,20,1,1,30,84,80,2.625,2.234,13.41,61.84,60.22,116.05,0.2056,8,12,4,0,8,-1824,-84,-32,27,-1824,43,134,3,6,10,5.1,-20.9,-162.3,-658.7,0.586,0.418,0.209,0.007,-29592,-57,0,2
376,-1,1,0,0,188,8.4,0.030088926713453385,24,12,12,1,1,22,56,54,2.333,1.889,12.75,49.48,58.47,112.33,0.2319,12,0,4,8,0,-2389,-56,-24,66,-2389,100,187,27,22,14,0.2,-10.6,-66.0,-813.6,0.5,0.423,0.389,0.12,-41833,22,0,1
375,-1,1,0,0,190,17.3,0.03741063394157018,32,12,20,1,1,30,68,64,2.125,2.109,10.78,65.8,59.5,112.63,0.2137,16,8,0,4,4,-2438,-68,-32,343,-2438,87,189,6,4,10,10.6,153.1,121.4,-721.3,0.583,0.722,0.614,0.17,-21940,276,0,2
380,1,-1,1,0,172,7.6,0.04328036020712653,28,12,16,1,1,26,44,42,1.571,0.531,9.19,53.7,59.02,113.68,0.2222,16,8,4,0,0,2876,48,32,2876,0,171,0,2,-1,1,20.9,217.5,672.1,2124.3,0.793,0.871,0.908,1.0,130493,432,0,1
377,-1,1,0,0,167,19.2,0.029086763946995435,32,16,16,1,1,30,104,94,3.25,1.688,15.28,59.07,56.16,108.79,0.2177,4,8,0,16,4,-1093,-104,-32,363,-1970,54,164,3,7,10,37.6,229.1,-95.2,-717.9,0.61,0.673,0.439,0.224,-24555,167,0,3
381,1,-1,1,0,187,13.6,0.047924794301074145,24,8,16,1,1,22,80,72,3.333,0.889,15.07,64.13,62.56,123.47,0.2029,0,4,12,4,4,3444,80,24,3444,-101,186,81,3,10,5,31.2,159.8,421.8,2122.1,0.647,0.61,0.698,0.969,132173,372,0,4
383,1,-1,1,0,155,10.0,0.02950947583469608,28,12,16,1,1,26,68,60,2.429,1.388,12.01,60.64,61.06,133.15,0.2593,8,8,4,8,0,4202,72,32,4202,-12,154,71,2,8,7,23.1,151.1,807.9,3055.6,0.664,0.656,0.837,0.998,162600,82,0,0
379,1,-1,1,0,195,20.5,0.034245649755098306,32,16,16,1,1,30,92,90,2.875,2.859,10.23,54.8,59.77,114.51,0.2137,12,4,0,8,8,4651,92,32,4651,-14,194,13,12,13,9,21.1,320.2,422.2,2613.5,0.577,0.679,0.685,0.967,169936,427,0,3
384,1,-1,1,0,145,10.6,0.04730110642600209,28,8,20,1,1,26,76,66,2.714,2.776,13.41,62.77,63.4,112.02,0.1905,12,0,8,0,8,3944,76,28,3944,-11,144,6,2,6,7,88.9,364.4,594.5,2656.6,0.685,0.715,0.773,0.994,136012,491,0,2
385,-1,1,0,0,150,9.2,0.03361494157921247,24,8,16,1,1,22,64,54,2.667,2.222,11.98,60.99,60.12,108.03,0.2174,8,4,4,4,4,-843,-64,-24,205,-843,56,149,4,5,18,31.6,12.5,-41.8,-310.9,0.603,0.51,0.449,0.241,-12039,-95,0,0
388,1,-1,1,0,143,8.9,0.02972721428550919,24,12,12,1,1,22,80,72,3.333,2.889,15.94,64.99,57.98,111.83,0.2174,8,0,0,8,8,2907,80,24,2907,-174,142,78,3,6,23,29.1,70.9,147.2,1529.2,0.603,0.566,0.601,0.961,66762,-5,0,1
389,-1,1,0,0,143,9.6,0.04595280009727057,24,8,16,1,1,22,88,80,3.667,0.222,17.29,61.75,62.4,122.02,0.2174,0,0,8,16,0,-1887,-88,-24,423,-1887,69,142,3,8,20,32.3,174.7,-53.0,-470.2,0.636,0.651,0.468,0.201,-12478,284,0,4
387,1,-1,1,0,166,13.5,0.0466115600921537,32,16,16,1,1,30,76,74,2.375,1.484,10.11,49.65,56.8,115.79,0.2177,12,4,8,8,0,3003,80,36,3003,-44,165,41,2,4,7,-3.9,76.9,240.5,1517.7,0.477,0.628,0.707,0.967,78114,74,0,3
386,-1,1,0,0,147,16.4,0.029816018697142937,36,12,24,1,1,34,80,72,2.222,1.506,10.74,65.49,62.11,118.57,0.2159,16,4,8,8,0,-770,-80,-36,209,-802,73,137,2,7,8,24.7,82.2,-20.5,-500.7,0.666,0.651,0.498,0.202,-16418,209,0,2
382,-1,1,0,0,210,27.8,0.025136692913907483,36,16,20,1,1,34,96,88,2.667,1.778,10.47,46.68,56.39,107.61,0.2159,8,12,4,8,4,-3540,-96,-36,537,-3540,106,209,3,2,10,94.2,277.0,-147.2,-1073.3,0.709,0.606,0.472,0.23,-46305,440,0,3
392,-1,1,0,0,161,7.8,0.0466086175299374,20,8,12,1,1,18,36,32,1.8,0.16,10.52,51.89,60.24,101.58,0.2,4,16,0,0,0,-256,-36,-20,118,-338,88,155,26,31,14,2.1,18.6,29.6,-194.8,0.497,0.544,0.555,0.202,-5976,23,0,4
390,1,-1,1,0,172,11.4,0.03930715803214305,24,8,16,1,1,22,56,50,2.333,0.556,10.6,60.67,60.45,117.87,0.2609,4,8,12,0,0,1681,59,27,1681,-11,171,15,2,6,9,31.4,170.8,217.1,970.6,0.636,0.669,0.635,0.906,59766,53,0,0
393,1,-1,1,0,156,13.3,0.039438923371748084,36,12,24,1,1,34,76,74,2.111,2.099,9.44,62.27,61.84,113.13,0.1841,20,4,4,4,4,3584,78,38,3584,-5,155,7,2,7,9,10.5,92.9,438.8,2226.7,0.626,0.705,0.759,0.976,107986,256,0,2
395,-1,1,0,0,142,7.7,0.028565264385071735,32,12,20,1,1,30,96,92,3.0,2.0,12.52,53.7,59.95,115.82,0.2097,4,12,4,4,8,-3040,-96,-32,22,-3040,55,141,5,4,8,1.8,-25.7,-216.7,-931.8,0.543,0.357,0.229,0.066,-42894,-148,0,2
396,-1,1,0,0,139,9.0,0.032297870049472904,24,12,12,1,1,22,72,64,3.0,2.333,12.59,52.17,57.27,103.69,0.2464,8,0,4,8,4,-394,-59,-17,177,-451,50,131,4,19,18,13.0,65.4,-72.1,-234.0,0.586,0.651,0.407,0.218,-8446,-54,0,1
394,1,-1,1,0,189,17.6,0.029790179127575936,32,12,20,1,1,30,72,66,2.25,1.688,10.11,51.51,60.57,117.14,0.1935,12,8,8,0,4,3486,72,32,3486,-98,188,69,3,10,17,45.3,97.8,346.0,2152.4,0.611,0.609,0.679,0.984,126303,122,0,2
391,-1,1,0,0,232,22.5,0.036314197174139654,32,12,20,1,1,30,84,82,2.625,1.234,12.36,53.01,60.58,120.49,0.2177,8,4,12,8,0,-1677,-84,-32,365,-1677,134,231,2,11,20,22.9,178.8,100.3,-437.8,0.648,0.641,0.553,0.283,-7874,29,0,2
399,-1,1,0,0,172,9.2,0.03822532379145684,24,12,12,1,1,22,52,48,2.167,2.139,10.23,50.4,58.31,104.23,0.2319,12,4,4,0,4,-585,-56,-28,177,-585,64,171,19,15,14,14.0,49.1,-148.7,-378.4,0.538,0.577,0.284,0.097,-19954,-30,0,1
397,1,-1,1,0,232,17.7,0.04622680419244198,28,8,20,1,1,26,60,56,2.143,1.265,9.92,74.81,65.84,130.34,0.2381,12,4,8,4,0,3993,60,28,3993,-131,231,90,7,90,5,64.7,173.1,475.1,2299.1,0.672,0.621,0.749,0.98,174697,498,0,0
400,1,-1,1,0,201,13.1,0.03905433109096384,24,8,16,1,1,22,64,60,2.667,0.889,15.28,64.32,60.81,106.32,0.2029,4,4,12,4,0,3004,64,24,3004,-52,200,90,4,13,11,31.1,178.2,314.9,1538.5,0.644,0.635,0.684,0.949,104680,222,0,4
398,-1,1,0,0,192,16.9,0.04584668848336397,28,8,20,1,1,26,88,78,3.143,2.122,16.09,61.4,60.93,111.0,0.1905,8,0,4,12,4,-1520,-88,-28,438,-1520,61,191,2,76,22,100.6,113.8,-33.7,-506.1,0.721,0.569,0.479,0.236,-15622,-147,0,2
405,-1,1,0,0,130,7.6,0.03441777482236585,24,8,16,1,1,22,76,70,3.167,1.806,11.39,61.43,61.12,115.28,0.2246,4,4,4,8,4,-606,-76,-24,97,-606,29,129,5,4,16,23.6,23.5,-79.8,-333.1,0.605,0.595,0.437,0.219,-12370,-28,0,0
402,-1,1,0,0,248,13.9,0.02760409531363351,20,8,12,1,1,18,48,38,2.4,3.04,19.4,71.89,61.98,126.01,0.2421,12,0,0,4,4,-679,-48,-20,465,-679,88,247,4,9,46,94.1,153.0,-0.0,-115.8,0.675,0.658,0.49,0.381,8139,49,0,0
404,1,-1,1,0,178,11.5,0.0325327332634408,28,8,20,1,1,26,72,64,2.571,1.102,14.64,52.61,62.14,109.78,0.1905,4,12,4,8,0,3036,76,32,3036,-12,177,16,7,12,5,77.1,304.0,343.5,1750.9,0.639,0.651,0.672,0.967,112422,729,0,2
408,-1,1,0,0,106,4.9,0.045671441368992344,24,12,12,1,1,22,60,58,2.5,2.583,10.44,51.15,56.66,109.09,0.2246,12,0,4,4,4,-246,-41,-18,18,-273,17,100,17,7,10,-5.1,-17.1,-60.1,-159.1,0.392,0.34,0.214,0.011,-6592,-38,0,1
406,1,-1,1,0,163,17.2,0.04825174796543143,36,16,20,1,1,34,104,96,2.889,1.654,11.92,67.49,58.43,117.42,0.2127,8,4,12,8,4,6550,104,36,6550,-1,162,6,5,6,3,47.0,200.8,922.6,4377.9,0.69,0.65,0.803,0.997,235064,502,0,3
401,1,-1,1,0,315,36.6,0.037338818495923146,32,16,16,1,1,30,76,74,2.375,1.484,9.43,64.79,58.43,110.89,0.2177,12,4,8,8,0,4219,76,32,4219,-173,314,149,2,46,27,-0.4,15.9,253.1,1957.5,0.598,0.496,0.614,0.906,179501,-133,0,3
403,1,-1,1,0,207,30.3,0.04491537502035199,36,16,20,1,1,34,84,76,2.333,1.778,11.34,61.82,58.87,120.5,0.2286,16,4,4,12,0,5368,84,36,5368,-4,206,3,2,3,9,60.6,399.5,1084.1,3223.1,0.699,0.754,0.793,0.97,252799,503,0,3
407,-1,1,0,0,221,24.2,0.04156644980497371,28,12,16,1,1,26,80,74,2.857,0.694,12.42,52.88,59.18,109.64,0.1958,4,0,20,4,0,-698,-80,-28,448,-802,111,215,2,6,28,48.3,205.5,172.3,-278.3,0.578,0.616,0.564,0.328,7849,433,0,1
413,1,-1,1,0,149,5.0,0.03877010585750483,24,8,16,1,1,22,44,40,1.833,1.139,17.6,63.1,63.84,115.78,0.2101,12,8,0,4,0,1608,44,24,1608,-15,148,52,7,3,9,6.1,44.2,185.7,881.0,0.542,0.678,0.848,0.984,42213,97,0,4
410,1,-1,1,0,186,16.1,0.033304455135003005,32,12,20,1,1,30,76,74,2.375,1.234,16.84,62.23,59.38,114.1,0.2016,12,0,16,4,0,3987,76,32,3987,-20,185,35,2,6,11,5.0,218.0,668.8,2716.3,0.45,0.657,0.798,0.991,171401,445,0,2
409,-1,1,0,0,243,28.0,0.0403151413797242,28,12,16,1,1,26,88,82,3.143,1.265,11.13,53.09,58.35,106.46,0.2222,0,12,4,8,4,-2074,-88,-28,685,-2074,94,242,2,63,30,163.5,335.8,37.5,-414.7,0.664,0.607,0.514,0.32,6084,155,0,1
412,-1,1,0,0,195,15.0,0.03214612354443896,24,12,12,1,1,22,56,50,2.333,0.556,15.76,65.94,58.12,114.65,0.2464,4,8,12,0,0,-708,-56,-24,350,-708,80,194,2,3,26,22.6,154.9,-19.9,-298.4,0.615,0.647,0.473,0.231,-7654,16,0,1
414,1,-1,1,0,133,8.1,0.04729179410185242,36,12,24,1,1,34,68,66,1.889,2.099,11.19,69.63,61.18,120.39,0.1841,24,4,0,4,4,2296,68,36,2296,-6,132,10,2,9,3,10.3,106.6,461.0,1378.4,0.639,0.878,0.851,0.961,65939,217,0,2
411,-1,1,0,0,176,21.0,0.03220952645082414,32,16,16,1,1,30,76,72,2.375,1.484,10.93,52.72,57.05,109.12,0.2177,8,12,8,0,4,-1233,-80,-36,392,-1233,86,175,2,93,8,38.5,209.0,-93.9,-439.7,0.702,0.657,0.456,0.244,-12588,256,0,3
415,1,-1,1,0,213,8.2,0.02556490731578007,24,8,16,1,1,22,48,46,2.0,2.0,21.33,62.16,60.42,112.44,0.1957,12,8,0,0,4,1994,48,24,1994,-32,212,128,14,22,13,1.3,60.7,130.9,860.0,0.506,0.721,0.739,0.98,56661,46,0,4
420,1,-1,1,0,170,9.2,0.0333043038775161,24,8,16,1,1,22,72,62,3.0,3.0,12.54,53.08,62.21,111.42,0.1957,8,4,0,4,8,3825,75,27,3825,-32,169,107,3,5,9,62.8,301.8,640.7,2651.3,0.643,0.63,0.714,0.999,158883,543,0,0
418,1,-1,1,0,126,11.7,0.04945866817578735,36,16,20,1,1,34,120,112,3.333,2.0,11.72,52.28,58.97,122.7,0.2063,4,8,8,4,12,5688,120,36,5688,-4,125,7,2,7,5,35.6,196.3,834.1,3804.3,0.692,0.671,0.77,0.994,158588,340,0,3
417,-1,1,0,0,149,14.0,0.03756334065602001,28,12,16,1,1,26,96,86,3.429,1.959,10.85,59.84,59.8,115.29,0.2275,4,4,4,8,8,-705,-96,-28,404,-808,92,146,2,3,16,34.4,66.9,68.8,-462.7,0.665,0.564,0.541,0.273,-11292,160,0,1
416,-1,1,0,0,190,19.5,0.04668233918344491,32,16,16,1,1,30,88,86,2.75,2.688,10.95,60.55,56.47,107.03,0.1976,12,4,4,4,8,-868,-88,-32,69,-868,105,189,14,18,20,-2.5,-17.7,-72.7,-396.9,0.433,0.415,0.425,0.205,-23822,-38,0,3
419,-1,1,0,0,227,19.0,0.038876415688005046,24,12,12,1,1,22,52,48,2.167,0.472,13.36,52.91,57.81,110.36,0.2246,4,12,8,0,0,-1833,-52,-24,154,-1833,88,226,2,3,28,37.2,25.4,-101.8,-448.0,0.671,0.532,0.415,0.238,-28628,-114,0,1
423,-1,1,0,0,182,12.9,0.025654437110137138,24,8,16,1,1,22,88,86,3.667,1.889,14.42,66.28,61.14,108.55,0.2101,4,0,4,8,8,-517,-88,-24,615,-925,103,172,20,25,18,5.5,268.9,235.4,-376.6,0.52,0.686,0.572,0.317,5234,335,0,0
422,1,-1,1,0,184,13.9,0.04444922570976087,24,8,16,1,1,22,72,66,3.0,2.333,12.41,51.32,61.64,119.98,0.2246,8,0,4,8,4,3274,76,28,3274,-85,183,58,2,14,25,28.8,75.5,479.0,1811.5,0.607,0.561,0.712,0.948,110164,128,0,0
424,-1,1,0,0,131,9.8,0.04205963939170161,28,12,16,1,1,26,68,60,2.429,1.388,12.46,61.34,58.05,105.24,0.2063,8,8,4,8,0,-2172,-68,-28,95,-2172,31,130,2,11,12,33.9,30.0,-173.5,-682.1,0.723,0.583,0.374,0.137,-27382,-80,0,1
421,1,-1,1,0,201,19.4,0.04487333395995176,28,12,16,1,1,26,68,62,2.429,0.816,10.77,49.56,59.63,118.61,0.2381,4,12,8,4,0,4844,68,28,4844,-18,200,27,3,14,5,39.6,343.2,955.0,3169.8,0.601,0.703,0.836,0.994,228550,381,0,1
426,-1,1,0,0,121,7.2,0.03917010085123777,28,8,20,1,1,26,84,78,3.0,2.571,13.93,62.66,61.87,115.12,0.2116,8,4,4,4,8,-619,-83,-27,287,-689,49,106,2,15,6,27.1,175.1,-134.4,-503.5,0.66,0.729,0.371,0.107,-13572,14,0,2
425,-1,1,0,0,166,13.7,0.03248514325489111,28,8,20,1,1,26,80,76,2.857,1.551,10.96,66.39,60.89,112.64,0.2116,4,8,8,4,4,-1693,-84,-32,471,-1693,58,165,3,10,20,31.3,223.9,-104.5,-474.1,0.594,0.66,0.441,0.229,-14207,-26,0,2
428,1,-1,1,0,140,10.0,0.02541820093912541,36,20,16,1,1,34,60,58,1.667,1.111,10.24,55.11,58.77,114.71,0.2317,24,4,4,4,0,2288,60,36,2288,-13,139,52,2,11,15,1.0,38.3,244.4,1325.7,0.505,0.602,0.788,0.988,56328,138,0,3
429,1,-1,1,0,160,9.2,0.03528212313028454,28,8,20,1,1,26,80,72,2.857,1.551,13.09,55.19,61.22,114.38,0.1905,4,8,8,4,4,5535,84,32,5535,0,159,0,2,-1,3,98.9,342.2,1090.0,4021.1,0.671,0.659,0.877,1.0,222084,578,0,2
431,1,-1,1,0,162,8.5,0.03192511907952789,24,8,16,1,1,22,72,66,3.0,1.333,16.09,64.75,59.16,109.22,0.2101,4,0,16,0,4,2982,74,26,3366,-38,150,47,2,46,3,54.6,299.5,819.8,2478.3,0.686,0.674,0.749,0.961,151048,730,0,4
432,-1,1,0,0,127,7.6,0.027206955910464778,24,8,16,1,1,22,84,78,3.5,1.25,14.01,58.86,57.24,97.62,0.2101,0,4,12,0,8,-871,-84,-24,101,-871,58,126,2,4,14,7.5,41.1,-146.1,-440.0,0.521,0.585,0.39,0.192,-17980,-8,0,1
430,1,-1,1,0,184,16.9,0.04684611635493507,32,12,20,1,1,30,72,68,2.25,0.688,12.63,64.9,61.62,118.52,0.2056,8,8,16,0,0,3318,72,32,3411,-4,182,23,2,7,5,40.1,300.8,626.5,2378.9,0.727,0.712,0.787,0.976,153927,391,0,2
434,-1,1,0,0,137,8.2,0.025830070970185845,24,8,16,1,1,22,92,84,3.833,1.139,21.57,61.05,58.81,100.8,0.2101,0,4,4,8,8,-1147,-92,-24,415,-1147,61,136,2,7,20,18.8,194.1,-5.1,-568.1,0.565,0.698,0.49,0.126,-12820,-21,0,4
427,-1,1,0,0,229,25.9,0.038125352816895906,28,12,16,1,1,26,84,74,3.0,3.429,10.62,51.51,58.95,112.96,0.2063,12,0,4,0,12,-774,-84,-28,542,-774,165,228,3,7,28,61.9,85.6,197.2,-242.6,0.613,0.547,0.584,0.299,5583,276,0,3
436,1,-1,1,0,149,6.0,0.03359823716158659,24,8,16,1,1,22,72,66,3.0,2.333,11.91,61.87,60.7,113.09,0.1957,4,8,4,0,8,2092,72,24,2092,-6,148,12,2,12,5,20.1,73.7,203.0,959.8,0.735,0.683,0.71,0.952,47455,188,0,0
433,1,-1,1,0,139,14.9,0.03297399419477005,36,12,24,1,1,34,92,86,2.556,2.247,11.82,54.22,60.27,112.88,0.1683,16,0,8,8,4,3668,92,36,3668,-5,138,4,2,4,5,46.4,150.5,580.7,2202.4,0.655,0.654,0.696,0.953,107931,263,0,2
435,-1,1,0,0,181,11.4,0.04435955665071496,24,12,12,1,1,22,56,48,2.333,1.222,17.36,59.09,56.26,101.44,0.1957,8,4,8,4,0,-630,-60,-28,96,-696,57,176,5,14,28,11.1,8.3,-102.7,-361.2,0.561,0.516,0.376,0.091,-20364,-52,0,4
439,-1,1,0,0,125,8.2,0.04641329681390714,28,12,16,1,1,26,84,80,3.0,1.429,13.46,61.45,59.58,109.89,0.1852,4,8,0,16,0,-1116,-84,-28,91,-1116,42,124,2,16,14,2.2,43.3,-100.9,-424.5,0.52,0.627,0.352,0.092,-15301,-48,0,2
437,-1,1,0,0,181,13.9,0.03828934334923663,28,12,16,1,1,26,64,62,2.286,1.633,10.9,63.25,59.02,112.91,0.2169,12,4,4,8,0,-2845,-68,-32,246,-2845,82,180,16,13,22,18.2,55.6,-61.4,-1006.0,0.59,0.553,0.434,0.092,-45717,160,0,1
441,-1,1,0,0,176,9.2,0.042420069961753556,24,8,16,1,1,22,68,66,2.833,1.472,18.15,62.96,59.96,106.21,0.2029,4,8,0,12,0,-2043,-72,-28,139,-2043,52,175,11,4,14,11.5,58.9,-22.7,-586.4,0.529,0.629,0.481,0.111,-23702,81,0,4
438,1,-1,1,0,211,19.2,0.0437725784412188,32,12,20,1,1,30,76,74,2.375,1.484,10.47,55.16,62.32,132.69,0.2016,12,4,8,8,0,4867,76,32,4867,0,210,0,15,-1,1,19.5,286.2,531.2,2860.2,0.616,0.72,0.719,0.986,200826,551,0,2
440,-1,1,0,0,180,21.0,0.03987062636616281,32,12,20,1,1,30,88,78,2.75,2.688,15.14,65.92,61.23,122.94,0.2016,12,4,4,4,8,-906,-92,-36,506,-1052,47,178,2,7,22,113.3,150.3,-166.2,-578.9,0.675,0.581,0.394,0.158,-21669,-73,0,2
442,1,-1,1,0,155,13.7,0.04745079105062924,40,16,24,1,1,38,84,82,2.1,0.89,9.97,52.95,60.44,119.76,0.2128,12,16,8,4,0,4588,88,44,4588,-7,154,11,2,6,5,29.2,182.2,605.8,3013.3,0.706,0.752,0.817,0.994,154597,444,0,3
443,1,-1,1,0,152,16.6,0.04586894601791301,36,16,20,1,1,34,80,72,2.222,2.173,10.8,59.92,58.85,120.63,0.219,20,0,8,4,4,3719,80,36,3719,-1,151,4,3,4,3,73.5,468.5,1005.6,2490.1,0.805,0.865,0.832,0.967,153432,615,0,3
444,-1,1,0,0,179,16.7,0.03733439000293509,28,12,16,1,1,26,88,84,3.143,2.694,12.71,65.6,60.47,110.95,0.2063,4,12,0,0,12,-1356,-92,-32,295,-1356,89,178,2,5,14,43.5,136.4,-114.4,-639.7,0.652,0.602,0.479,0.206,-27182,295,0,2
445,1,-1,1,0,200,13.9,0.03977784130696623,24,8,16,1,1,22,68,58,2.833,1.472,12.97,60.89,61.67,112.04,0.1957,4,4,12,0,4,3255,68,24,3255,-111,199,75,2,9,19,85.6,160.6,572.1,1884.5,0.645,0.597,0.733,0.994,135138,123,0,4
446,1,-1,1,0,136,9.2,0.03850148681526467,32,12,20,1,1,30,88,82,2.75,1.938,12.41,54.52,61.15,121.46,0.2177,8,8,4,8,4,5258,88,32,5258,-5,135,10,2,10,5,24.4,238.4,1144.0,3818.2,0.619,0.695,0.891,1.0,177651,274,0,2
451,-1,1,0,0,121,7.8,0.04218360198989586,28,8,20,1,1,26,68,64,2.429,1.673,11.7,55.32,63.58,114.4,0.1852,8,8,8,0,4,-658,-68,-28,93,-658,45,120,2,5,14,6.6,33.4,-110.8,-358.1,0.544,0.574,0.367,0.179,-13223,65,0,2
447,-1,1,0,0,168,17.8,0.03873978038695127,32,16,16,1,1,30,72,66,2.25,0.688,15.47,61.83,58.05,109.6,0.1976,8,8,16,0,0,-705,-75,-35,296,-845,84,166,2,7,8,25.2,159.5,-69.0,-514.3,0.729,0.715,0.45,0.126,-16742,296,0,1
450,-1,1,0,0,182,14.7,0.034018464408468965,28,12,16,1,1,26,80,70,2.857,2.122,13.03,53.75,60.18,112.28,0.1852,4,12,4,0,8,-1195,-84,-32,490,-1647,92,176,2,7,16,65.8,172.3,63.9,-550.7,0.738,0.618,0.535,0.195,-12291,420,0,2
448,1,-1,1,0,163,19.6,0.03988961359829017,36,16,20,1,1,34,88,84,2.444,2.247,10.0,52.67,58.68,124.2,0.2254,16,4,4,8,4,5181,91,39,5181,-15,162,16,2,3,7,110.3,544.0,1084.1,3568.3,0.656,0.714,0.773,0.997,222970,539,0,3
452,1,-1,1,0,157,8.5,0.030101577516796478,24,8,16,1,1,22,60,56,2.5,1.917,11.94,55.42,62.43,113.05,0.2174,8,4,8,0,4,2219,60,24,2219,-15,156,15,5,15,7,17.3,147.5,325.8,1129.0,0.571,0.654,0.733,0.929,64295,319,0,0
453,-1,1,0,0,111,8.9,0.0336296589630346,32,12,20,1,1,30,84,80,2.625,2.234,10.04,62.36,59.69,110.98,0.2137,8,12,4,0,8,-994,-84,-32,143,-994,58,110,3,70,2,15.9,49.6,9.9,-393.6,0.614,0.646,0.519,0.19,-9772,104,0,2
449,-1,1,0,0,173,25.8,0.04083135156785253,36,16,20,1,1,34,88,84,2.444,1.58,16.23,60.01,57.32,112.21,0.1937,12,4,16,0,4,-760,-92,-40,526,-924,93,170,2,5,14,31.9,261.5,53.3,-436.0,0.642,0.691,0.514,0.255,-4273,402,0,3
454,1,-1,1,0,178,13.1,0.048544944102504754,32,12,20,1,1,30,72,68,2.25,1.438,11.77,54.38,60.25,120.95,0.2218,8,16,4,0,4,3112,76,36,3112,-40,177,58,2,4,9,32.8,98.8,297.8,1535.4,0.716,0.617,0.695,0.924,89521,154,0,2
455,1,-1,1,0,170,13.1,0.04554174080621269,28,12,16,1,1,26,72,70,2.571,2.245,11.09,60.83,57.44,106.28,0.2116,12,0,8,4,4,2969,73,29,2969,-4,169,21,9,12,5,13.9,136.2,448.8,1892.8,0.648,0.719,0.768,0.969,108438,360,0,1
457,1,-1,1,0,197,15.1,0.04732324647355033,28,8,20,1,1,26,92,86,3.286,2.776,12.24,54.63,61.69,109.71,0.2116,8,0,8,0,12,4806,92,28,4806,-237,196,74,2,23,11,47.4,146.1,466.7,2832.6,0.65,0.572,0.72,0.994,173986,328,0,2
458,-1,1,0,0,150,15.2,0.04485502694223986,32,12,20,1,1,30,80,70,2.5,1.75,20.08,61.9,59.75,115.66,0.2016,8,12,4,4,4,-676,-80,-32,250,-780,50,147,4,6,22,60.6,66.2,-81.2,-434.9,0.642,0.588,0.449,0.18,-15272,-88,0,2
459,-1,1,0,0,178,11.9,0.026310962036148956,32,12,20,1,1,30,64,62,2.0,1.25,12.49,54.98,59.9,110.7,0.2056,16,4,8,4,0,-1833,-68,-36,62,-1833,84,177,18,7,18,2.8,3.0,-157.4,-593.2,0.501,0.473,0.364,0.055,-33961,60,0,2
460,-1,1,0,0,151,13.3,0.045521551079078904,28,12,16,1,1,26,60,56,2.143,0.98,11.75,59.68,58.48,102.36,0.1958,8,12,4,4,0,-1526,-60,-28,162,-1526,44,150,2,8,10,38.1,31.4,-234.1,-687.1,0.654,0.559,0.404,0.112,-33576,-93,0,1
462,1,-1,1,0,162,7.8,0.036764880604714965,28,8,20,1,1,26,80,78,2.857,1.551,11.92,55.7,62.76,121.38,0.2011,8,0,8,12,0,5398,84,32,5398,-9,161,17,6,7,7,10.8,265.8,1139.8,4011.8,0.579,0.844,0.911,1.0,225149,357,0,2
461,-1,1,0,0,131,12.9,0.02645902146673133,32,16,16,1,1,30,88,86,2.75,2.688,9.95,51.89,57.92,112.55,0.2177,12,4,4,4,8,-787,-88,-32,176,-942,65,129,2,9,10,15.3,85.1,-14.1,-461.3,0.62,0.641,0.499,0.226,-13384,176,0,3
463,1,-1,1,0,209,15.0,0.033363578798255744,28,8,20,1,1,26,88,78,3.143,2.408,20.2,62.99,62.8,119.97,0.2011,8,0,8,4,8,6524,88,28,6524,-140,208,90,3,14,15,41.6,28.1,690.3,4267.4,0.622,0.527,0.755,0.998,265690,94,0,2
465,1,-1,1,0,172,9.9,0.04934713889140762,28,8,20,1,1,26,48,42,1.714,1.347,10.48,54.59,63.68,119.25,0.2275,20,0,4,4,0,3529,50,30,3529,-9,171,9,2,4,9,24.2,315.3,1176.5,2780.0,0.632,0.783,0.894,0.972,184727,662,0,0
466,-1,1,0,0,161,11.0,0.03783296836122604,28,12,16,1,1,26,72,70,2.571,2.531,10.81,57.24,63.05,123.29,0.2275,8,12,0,0,8,-1092,-76,-32,36,-1190,31,146,2,39,10,15.8,-26.8,-76.0,-486.3,0.727,0.41,0.395,0.108,-23417,-16,0,0
456,-1,1,0,0,351,46.9,0.04046860971999199,32,12,20,1,1,30,84,76,2.625,2.234,16.57,60.96,59.96,117.26,0.1895,12,4,4,8,4,-4021,-84,-32,534,-4021,88,350,5,7,42,169.7,268.5,40.8,-958.9,0.691,0.591,0.515,0.255,-44626,158,0,2
469,1,-1,1,0,180,9.0,0.0407704386685159,28,12,16,1,1,26,44,42,1.571,0.531,9.19,50.82,62.15,132.54,0.2381,16,8,4,0,0,2635,44,28,2635,-11,179,42,9,2,5,4.7,98.8,291.7,1678.5,0.523,0.728,0.803,0.999,93318,240,0,1
470,-1,1,0,0,146,9.5,0.03128384527889697,28,8,20,1,1,26,68,62,2.429,0.816,12.41,66.55,60.7,113.66,0.2063,4,12,8,4,0,-1228,-68,-28,390,-1228,64,145,4,3,14,14.2,205.0,10.3,-500.4,0.591,0.78,0.512,0.195,-10751,220,0,2
471,1,-1,1,0,162,7.2,0.046791568351926466,28,12,16,1,1,26,72,70,2.571,2.816,14.3,60.88,57.92,111.55,0.2222,12,4,4,0,8,4043,72,28,4043,-23,161,29,14,2,3,0.9,40.9,326.9,2603.6,0.492,0.723,0.882,1.0,124099,136,0,1
468,-1,1,0,0,179,21.4,0.04969103391297938,32,16,16,1,1,30,100,96,3.125,2.359,9.81,49.95,55.98,106.35,0.2137,4,12,4,0,12,-5019,-104,-36,166,-5019,92,178,2,13,24,-0.3,-14.9,-224.5,-2011.0,0.542,0.515,0.432,0.107,-105067,11,0,3
472,1,-1,1,0,143,5.3,0.03059914055621898,24,8,16,1,1,22,60,56,2.5,2.25,10.21,73.43,65.81,127.36,0.2319,8,8,0,4,4,3248,60,24,3248,-20,142,16,7,6,5,3.7,149.7,394.4,2186.0,0.526,0.839,0.895,0.999,102244,281,0,0
473,1,-1,1,0,158,7.1,0.0389372535596197,20,8,12,1,1,18,48,40,2.4,1.44,14.56,52.94,60.05,112.57,0.2,8,0,8,4,0,2909,48,20,2934,-6,154,17,3,17,5,23.2,202.2,558.6,2183.0,0.597,0.695,0.827,0.999,120079,81,0,4
475,1,-1,1,0,167,8.1,0.03279558500715906,20,8,12,1,1,18,60,56,3.0,1.6,11.32,54.35,60.0,106.31,0.2316,0,12,0,4,4,2964,60,20,2964,-61,166,54,2,11,15,13.2,46.6,312.3,1661.5,0.581,0.551,0.717,0.963,88364,82,0,0
474,-1,1,0,0,139,10.1,0.039990959213301286,28,12,16,1,1,26,76,72,2.714,2.49,14.15,60.57,57.15,101.47,0.2222,8,8,4,0,8,-766,-76,-28,74,-766,55,138,9,10,12,6.4,23.4,-145.5,-393.9,0.608,0.585,0.34,0.209,-18509,3,0,1
467,1,-1,1,0,297,34.6,0.04598188160190105,36,20,16,1,1,34,36,34,1.0,0.0,11.11,61.1,57.36,113.49,0.2317,36,0,0,0,0,1656,36,36,1656,-19,296,52,9,2,15,8.3,91.8,124.3,828.4,0.585,0.689,0.622,0.966,78732,183,0,1
478,-1,1,0,0,179,10.0,0.028531321394327187,28,8,20,1,1,26,92,90,3.286,1.633,12.36,66.05,60.71,112.29,0.2011,4,4,4,12,4,-2619,-96,-32,148,-2619,122,178,2,38,32,19.3,13.4,18.2,-646.9,0.771,0.587,0.516,0.222,-28164,38,0,2
479,1,-1,1,0,172,9.3,0.026156883392382157,24,12,12,1,1,22,56,54,2.333,2.556,15.1,61.24,58.78,113.03,0.2319,12,4,0,4,4,2622,60,28,2622,-103,171,107,16,18,11,8.0,55.0,204.4,1581.0,0.55,0.602,0.664,0.983,79483,143,0,0
464,1,-1,1,0,411,56.7,0.044252876398352625,36,16,20,1,1,34,84,82,2.333,2.889,10.99,55.26,61.61,120.6,0.2063,20,4,0,4,8,4883,84,36,4883,-536,410,169,12,18,23,48.7,-204.6,171.0,1714.9,0.616,0.437,0.535,0.831,181611,-177,0,3
476,-1,1,0,0,141,18.2,0.032245098160151205,36,16,20,1,1,34,100,90,2.778,1.506,12.0,49.29,59.22,114.51,0.2,4,16,4,8,4,-1261,-100,-36,161,-1551,42,133,4,2,10,38.8,82.2,-365.8,-766.9,0.614,0.595,0.39,0.164,-36179,-81,0,3
480,1,-1,1,0,163,10.0,0.04447217068945774,28,12,16,1,1,26,92,90,3.286,3.061,11.39,67.53,59.6,116.89,0.2328,8,4,0,4,12,3088,92,28,3538,-25,150,36,12,7,11,-3.9,90.8,535.9,2427.9,0.423,0.641,0.713,0.981,129311,211,0,1
483,1,-1,1,0,124,9.8,0.03190903435635526,28,16,12,1,1,26,88,78,3.143,2.122,11.73,50.24,56.07,106.95,0.2275,4,8,4,4,8,3270,88,28,3270,-19,123,28,4,5,9,9.5,144.8,310.9,1976.7,0.59,0.674,0.702,0.98,75701,331,0,1
482,-1,1,0,0,157,15.4,0.03109029923931898,32,16,16,1,1,30,76,72,2.375,1.484,12.03,62.62,57.53,106.13,0.2056,8,12,8,0,4,-2213,-76,-32,79,-2213,63,156,8,6,24,-7.6,-2.1,-173.6,-683.0,0.406,0.501,0.388,0.097,-34471,-62,0,3
477,1,-1,1,0,236,28.2,0.031690797939427244,32,12,20,1,1,30,104,98,3.25,1.938,10.67,62.01,61.17,120.82,0.2016,8,0,4,16,4,5020,104,32,5020,-8,235,10,4,10,7,99.8,601.6,635.5,2510.3,0.686,0.67,0.664,0.907,226992,855,0,2
486,1,-1,1,0,126,8.1,0.04099372252632931,36,16,20,1,1,34,64,62,1.778,1.062,11.73,54.5,61.58,117.76,0.2254,20,8,4,4,0,3252,64,36,3252,-1,125,3,2,3,3,21.4,315.4,715.4,2225.1,0.747,0.93,0.922,0.999,106042,525,0,3
481,1,-1,1,0,207,27.0,0.03551187149501773,40,16,24,1,1,38,76,74,1.9,1.29,11.42,51.01,62.34,121.61,0.2256,24,0,12,4,0,3259,76,40,3259,-152,206,110,2,10,13,14.7,154.9,206.0,1506.4,0.597,0.648,0.615,0.91,100500,157,0,3
487,-1,1,0,0,173,12.3,0.028275461549883363,24,8,16,1,1,22,84,78,3.5,1.583,12.96,64.71,61.61,108.71,0.1884,4,0,4,12,4,-887,-88,-28,325,-948,97,169,2,4,26,26.4,37.1,-1.7,-463.6,0.586,0.537,0.493,0.224,-17738,107,0,4
485,1,-1,1,0,186,22.1,0.03227087147338684,36,16,20,1,1,34,92,90,2.556,1.358,10.18,60.9,58.4,115.82,0.2095,8,12,4,12,0,5640,92,36,5640,-29,185,19,2,9,7,45.0,422.4,662.2,3540.7,0.576,0.713,0.735,0.997,221916,446,0,3
488,1,-1,1,0,202,9.5,0.02717071142423257,24,8,16,1,1,22,40,34,1.667,0.556,14.85,60.73,60.22,107.86,0.2101,12,8,4,0,0,2057,40,24,2057,-17,201,22,5,12,11,32.7,207.6,294.2,1164.5,0.603,0.762,0.774,0.993,87282,85,0,4
484,-1,1,0,0,236,25.1,0.03293204803390572,28,12,16,1,1,26,72,70,2.571,1.388,10.9,50.85,59.31,116.18,0.2011,8,4,8,8,0,-749,-72,-28,366,-749,160,235,11,74,44,60.3,57.2,62.7,-219.7,0.668,0.538,0.521,0.358,-2333,-95,0,1
491,1,-1,1,0,114,3.8,0.03179210037670306,20,8,12,1,1,18,56,52,2.8,1.76,11.06,55.29,61.83,118.3,0.2316,4,4,8,0,4,1835,56,20,1835,-22,113,55,2,9,9,11.9,32.5,217.1,1095.9,0.68,0.643,0.797,0.979,40200,83,0,0
490,-1,1,0,0,132,16.3,0.04889037858892029,36,16,20,1,1,34,84,80,2.333,2.222,11.3,59.02,56.9,108.67,0.219,16,8,0,8,4,-1179,-84,-36,314,-1179,62,131,7,15,8,16.0,154.6,-101.8,-589.4,0.584,0.669,0.417,0.124,-17183,56,0,3
493,-1,1,0,0,142,17.6,0.02818393802534193,36,16,20,1,1,34,84,78,2.333,1.111,11.13,62.54,58.82,107.39,0.2095,12,4,16,4,0,-2377,-84,-36,128,-2377,51,141,2,10,6,18.5,66.5,-206.3,-767.3,0.623,0.62,0.362,0.11,-32634,-225,0,3
495,1,-1,1,0,166,10.6,0.032095297138968984,28,16,12,1,1,26,52,50,1.857,0.694,10.02,52.84,56.29,107.32,0.2328,12,8,8,0,0,777,52,28,777,-18,165,18,8,14,11,4.8,30.8,171.6,518.7,0.537,0.622,0.729,0.941,30801,57,0,1
494,1,-1,1,0,207,25.1,0.040528700907985084,28,16,12,1,1,26,84,74,3.0,2.0,12.26,61.03,57.47,128.27,0.2593,4,8,8,0,8,3378,84,28,3378,-31,206,52,3,7,5,82.8,328.1,643.8,1576.1,0.598,0.656,0.705,0.915,138898,556,0,1
492,1,-1,1,0,226,31.3,0.03798634876834034,40,16,24,1,1,38,80,78,2.0,1.6,11.96,50.32,60.47,119.01,0.2026,20,8,8,0,4,5062,80,40,5062,-12,225,13,4,2,9,18.4,238.4,608.1,2921.2,0.566,0.686,0.719,0.973,217868,470,0,3
489,1,-1,1,0,267,39.4,0.04473133820757153,32,16,16,1,1,30,76,70,2.375,0.984,10.78,63.28,60.44,115.79,0.2177,8,8,12,4,0,4023,80,36,4023,-173,266,125,2,6,13,148.5,211.1,231.6,1841.1,0.758,0.594,0.577,0.91,166045,271,0,1
496,-1,1,0,0,167,15.4,0.04795185874900596,36,12,24,1,1,34,72,66,2.0,0.889,10.17,60.45,60.12,117.15,0.1778,16,4,16,0,0,-4488,-76,-40,169,-4488,53,166,2,12,14,18.3,80.9,-336.2,-2220.9,0.564,0.601,0.246,0.024,-107437,-48,0,2
499,1,-1,1,0,116,7.1,0.033690932796597635,28,12,16,1,1,26,88,84,3.143,1.837,11.45,52.69,58.1,106.03,0.2116,0,16,0,4,8,2626,88,28,2626,-25,115,26,10,26,9,1.2,50.8,281.1,1499.5,0.49,0.632,0.768,0.963,53143,178,0,1
497,-1,1,0,0,185,24.9,0.03948351556429841,36,16,20,1,1,34,92,90,2.556,2.247,11.13,53.68,58.74,117.64,0.2032,12,8,8,0,8,-2789,-92,-36,310,-2789,67,184,8,76,10,44.6,180.9,-227.2,-1012.7,0.625,0.636,0.435,0.113,-47675,139,0,3
501,1,-1,1,0,156,14.7,0.03453833267025108,36,16,20,1,1,34,76,72,2.111,1.877,10.44,50.39,56.77,107.74,0.2127,16,12,0,4,4,3014,76,36,3243,-11,150,3,5,3,3,22.8,212.2,652.4,2130.1,0.634,0.763,0.726,0.964,117682,415,0,3
502,1,-1,1,0,132,12.0,0.04951403323260682,32,16,16,1,1,30,84,82,2.625,1.484,9.7,53.72,59.7,120.96,0.2339,8,8,4,12,0,2807,84,32,2807,-25,131,24,17,15,9,0.3,71.8,418.8,1574.6,0.475,0.606,0.727,0.958,68162,126,0,3
498,-1,1,0,0,296,23.0,0.04890002050648788,28,12,16,1,1,26,56,54,2.0,1.143,10.54,63.69,61.54,123.45,0.2381,12,8,4,4,0,-699,-56,-28,185,-699,184,295,10,2,36,4.0,31.4,-25.7,-325.7,0.547,0.55,0.472,0.121,-23381,26,0,1
500,-1,1,0,0,313,20.0,0.034160420479841566,20,8,12,1,1,18,40,38,2.0,1.2,11.65,56.88,62.68,112.17,0.2,8,8,0,4,0,-402,-40,-20,373,-447,144,310,3,2,38,54.5,122.0,82.7,-127.6,0.709,0.678,0.568,0.364,10127,-14,0,4
503,-1,1,0,0,128,6.6,0.02740109891142271,20,8,12,1,1,18,72,62,3.6,3.04,10.8,52.2,59.93,109.89,0.2421,4,4,0,0,12,-1866,-72,-20,267,-1866,64,127,2,16,10,36.9,134.3,-92.8,-574.4,0.674,0.633,0.422,0.207,-15872,267,0,0
504,1,-1,1,0,141,9.9,0.04084465224935081,28,8,20,1,1,26,76,68,2.714,3.061,12.09,62.29,62.3,123.09,0.2063,12,4,0,4,8,2949,76,28,2949,-21,140,81,3,2,7,17.3,167.7,469.0,1796.0,0.629,0.743,0.747,0.916,87543,453,0,2
508,1,-1,1,0,147,9.7,0.04886462159872211,28,8,20,1,1,26,80,70,2.857,2.694,11.95,62.8,62.67,123.01,0.2116,8,8,0,4,8,4369,80,28,4369,-4,146,5,2,5,5,55.0,229.0,642.7,2899.3,0.729,0.829,0.777,0.992,146434,453,0,2
509,1,-1,1,0,133,6.1,0.035221009858193805,28,12,16,1,1,26,52,46,1.857,1.265,12.63,60.81,60.79,123.91,0.2275,16,4,4,4,0,2270,52,28,2270,-6,132,16,3,5,5,19.8,100.9,272.0,1450.2,0.696,0.781,0.816,0.995,62267,73,0,1
505,1,-1,1,0,175,17.2,0.04578996792871843,36,16,20,1,1,34,64,58,1.778,1.062,11.75,60.66,59.33,121.11,0.2381,20,8,4,4,0,2690,66,38,2690,-8,174,9,2,4,5,36.1,302.9,468.3,1555.1,0.784,0.887,0.732,0.957,106248,385,0,3
507,1,-1,1,0,181,17.4,0.034607603237110714,40,24,16,1,1,38,56,54,1.4,0.24,10.32,47.8,58.08,122.71,0.2256,24,16,0,0,0,3371,60,44,3371,-8,180,36,2,3,11,3.3,71.1,478.4,2149.9,0.552,0.718,0.845,0.996,123772,248,0,3
511,1,-1,1,0,156,12.2,0.03636961973198837,28,12,16,1,1,26,68,60,2.429,1.959,10.64,52.3,58.4,117.27,0.2381,8,12,0,4,4,994,68,28,999,-48,150,66,5,2,9,22.1,144.9,200.1,666.3,0.549,0.652,0.609,0.89,40303,110,0,1
506,1,-1,1,0,238,29.9,0.03058939575471299,36,16,20,1,1,34,80,78,2.222,1.284,10.61,60.65,59.03,121.16,0.2381,12,12,4,8,0,4581,80,36,4581,-1,237,3,2,3,3,63.9,389.7,561.0,2451.9,0.819,0.792,0.632,0.919,209427,549,0,3
510,1,-1,1,0,193,24.6,0.033770265039060096,32,16,16,1,1,30,88,80,2.75,1.938,15.92,61.84,57.07,112.49,0.2097,8,8,4,8,4,4232,88,32,4232,-2,192,4,2,4,3,73.4,281.2,498.8,2351.2,0.703,0.696,0.761,0.972,156170,446,0,3
515,-1,1,0,0,124,8.3,0.02541454615929538,24,8,16,1,1,22,96,90,4.0,1.333,11.87,54.63,61.89,115.33,0.2101,0,4,4,4,12,-1388,-96,-24,299,-1388,51,123,2,8,8,23.1,141.8,-213.6,-515.8,0.628,0.64,0.367,0.229,-17502,19,0,0
514,1,-1,1,0,219,13.2,0.03376591959001339,28,12,16,1,1,26,36,34,1.286,0.49,15.48,63.52,60.26,118.09,0.2116,24,0,4,0,0,1800,36,28,1800,-61,218,140,15,4,15,1.8,25.3,175.7,895.4,0.508,0.63,0.692,0.968,61985,42,0,4
512,1,-1,1,0,192,27.1,0.030176141878840587,32,16,16,1,1,30,80,70,2.5,1.75,10.95,66.25,58.6,118.98,0.2339,8,12,4,4,4,3860,80,32,3860,-9,191,5,3,5,7,92.1,446.5,658.5,2281.0,0.705,0.73,0.748,0.959,166949,405,0,3
518,1,-1,1,0,130,10.0,0.027639169671810654,36,16,20,1,1,34,100,96,2.778,2.84,11.86,52.35,58.29,118.88,0.2159,12,8,4,0,12,4348,100,36,4348,-1,129,5,4,5,3,8.3,177.3,874.5,2870.1,0.654,0.91,0.867,0.982,131508,530,0,3
513,1,-1,1,0,251,30.9,0.045206722196376524,28,16,12,1,1,26,56,54,2.0,1.429,10.52,49.09,55.56,116.48,0.2381,16,0,8,4,0,1970,56,28,1970,-143,250,133,2,20,13,22.6,112.3,271.3,901.6,0.574,0.637,0.716,0.882,83793,209,0,1
517,-1,1,0,0,163,13.5,0.04771955842203337,32,12,20,1,1,30,76,74,2.375,2.734,12.14,69.91,60.31,122.56,0.2339,16,4,4,0,8,-868,-79,-35,256,-2355,84,150,23,30,4,4.9,120.8,-170.9,-857.2,0.515,0.711,0.372,0.089,-38665,125,0,2
516,-1,1,0,0,162,15.0,0.03145206469020408,32,12,20,1,1,30,72,66,2.25,2.188,12.36,50.53,60.99,119.74,0.2258,16,4,4,4,4,-1154,-76,-36,278,-2040,75,150,2,16,22,17.8,52.0,-129.7,-806.2,0.617,0.546,0.399,0.098,-36255,61,0,2
523,-1,1,0,0,134,7.3,0.03539856358119979,28,12,16,1,1,26,76,74,2.714,2.49,11.07,63.02,60.27,118.61,0.2487,12,0,4,8,4,-2624,-76,-28,50,-2624,47,133,8,3,14,1.4,-4.9,-122.2,-913.1,0.479,0.481,0.277,0.014,-36107,3,0,0
521,1,-1,1,0,185,15.1,0.03069628813432488,28,12,16,1,1,26,96,86,3.429,2.245,11.82,59.91,60.31,119.98,0.2593,4,4,8,0,12,4723,96,28,4723,-79,184,72,5,32,9,26.2,188.9,611.4,2675.7,0.612,0.645,0.734,0.949,163774,634,0,0
524,-1,1,0,0,117,6.9,0.032978992138939116,20,8,12,1,1,18,76,68,3.8,0.56,16.41,65.68,61.28,110.23,0.2,0,0,8,8,4,-306,-72,-19,363,-500,55,93,2,66,6,33.5,210.9,-1.8,-244.1,0.636,0.691,0.493,0.282,-291,182,0,4
519,-1,1,0,0,182,23.1,0.03602458553265023,32,16,16,1,1,30,92,90,2.875,2.359,11.35,54.35,59.06,119.66,0.2258,12,0,4,12,4,-924,-92,-32,273,-1329,106,179,2,5,26,44.1,83.9,10.7,-588.6,0.681,0.593,0.507,0.213,-21424,-138,0,3
522,-1,1,0,0,171,16.4,0.03746850332837325,32,12,20,1,1,30,80,78,2.5,2.5,11.48,53.61,60.32,120.5,0.2177,12,8,4,0,8,-1511,-80,-32,178,-1511,88,170,19,18,20,9.8,34.5,-87.3,-385.4,0.537,0.579,0.441,0.224,-19146,55,0,2
520,-1,1,0,0,162,20.8,0.03218765765881635,40,16,24,1,1,38,96,92,2.4,0.84,9.95,60.03,57.97,115.41,0.1923,8,12,16,4,0,-3328,-100,-44,359,-3328,75,161,9,10,8,28.1,213.4,-44.0,-1022.3,0.598,0.662,0.486,0.111,-35035,170,0,3
527,1,-1,1,0,150,11.6,0.029797454640649396,28,12,16,1,1,26,72,62,2.571,1.959,12.03,52.45,59.0,108.19,0.2116,8,8,4,4,4,3065,72,28,3065,-59,149,95,2,23,7,46.7,292.9,250.1,1776.2,0.664,0.694,0.657,0.963,91093,367,0,1
528,1,-1,1,0,191,11.9,0.0251073752698404,20,8,12,1,1,18,60,58,3.0,1.2,11.59,52.83,60.02,107.64,0.2211,4,0,8,8,0,1834,60,20,1834,-95,190,109,11,12,21,53.8,94.2,135.2,875.2,0.611,0.599,0.583,0.918,57068,-31,0,0
525,-1,1,0,0,155,16.3,0.03670220202302923,28,16,12,1,1,26,68,60,2.429,1.388,11.45,70.0,60.48,122.76,0.2381,8,8,4,8,0,-477,-71,-31,379,-768,78,149,2,101,6,55.1,230.2,77.1,-404.7,0.768,0.741,0.539,0.198,-2816,348,0,1
530,-1,1,0,0,173,10.6,0.02577869403193266,24,8,16,1,1,22,48,38,2.0,2.333,14.17,64.67,63.49,120.37,0.2319,16,0,4,0,4,-959,-52,-28,252,-959,64,172,4,3,14,28.3,97.1,-108.5,-330.5,0.63,0.617,0.392,0.195,-13813,-15,0,0
532,-1,1,0,0,128,8.7,0.03181078179214236,28,12,16,1,1,26,56,54,2.0,1.143,15.22,61.5,57.44,103.4,0.2011,12,8,4,4,0,-1446,-56,-28,114,-1446,64,127,2,8,10,-1.4,36.6,-92.5,-477.5,0.432,0.589,0.413,0.092,-17114,114,0,1
526,-1,1,0,0,237,24.4,0.03129467585453055,28,12,16,1,1,26,84,74,3.0,2.571,10.63,50.96,57.86,117.19,0.2275,8,4,4,4,8,-983,-84,-28,821,-1598,143,203,3,5,16,71.3,276.2,334.8,-871.7,0.623,0.636,0.585,0.171,-12046,467,0,1
529,1,-1,1,0,219,23.8,0.04174885206251107,32,12,20,1,1,30,92,90,2.875,3.109,12.75,54.69,61.34,120.08,0.1935,12,4,4,0,12,5686,92,32,5686,-8,218,19,2,18,7,21.1,368.4,832.5,3187.1,0.663,0.737,0.769,0.957,247656,537,0,2
531,1,-1,1,0,142,14.0,0.031246157037893903,36,16,20,1,1,34,92,86,2.556,1.358,11.99,49.87,59.48,112.65,0.2127,4,20,4,4,4,4815,92,36,4815,-4,141,13,4,13,3,29.5,307.6,984.9,3166.6,0.649,0.766,0.835,0.991,163433,534,0,3
534,1,-1,1,0,164,7.2,0.02581204929765329,24,8,16,1,1,22,44,42,1.833,1.139,11.15,55.38,62.85,117.91,0.2319,12,8,0,4,0,1556,44,24,1862,-31,150,29,16,19,13,5.0,121.9,305.6,1408.3,0.525,0.677,0.799,0.993,75471,303,0,0
533,-1,1,0,0,186,15.7,0.025419555722127455,32,16,16,1,1,30,76,74,2.375,1.484,11.74,48.08,57.76,110.39,0.2097,12,4,8,8,0,-1869,-76,-32,205,-1869,81,185,7,6,10,-4.2,107.7,-174.0,-829.2,0.441,0.678,0.434,0.213,-43045,54,0,3
538,-1,1,0,0,149,7.9,0.03398888316939704,24,12,12,1,1,22,52,50,2.167,2.139,14.19,54.36,58.64,107.76,0.2029,12,4,4,0,4,-358,-48,-20,86,-499,89,146,22,10,14,-5.6,20.8,14.8,-227.6,0.424,0.584,0.539,0.091,-7541,76,0,1
536,1,-1,1,0,241,22.9,0.033519630378455255,32,12,20,1,1,30,88,86,2.75,1.938,14.08,64.34,62.13,129.59,0.1935,8,8,4,8,4,5230,88,32,5230,-77,240,126,3,11,17,28.4,223.4,312.0,2666.8,0.623,0.612,0.615,0.952,196502,-67,0,2
539,-1,1,0,0,153,13.5,0.033881773356942486,32,16,16,1,1,30,52,46,1.625,0.484,12.3,63.28,58.66,106.65,0.2137,16,12,4,0,0,-494,-53,-33,75,-835,51,145,8,9,12,10.7,12.1,-130.9,-508.3,0.582,0.568,0.335,0.135,-23929,-6,0,1
540,-1,1,0,0,180,16.9,0.035305392110007494,28,12,16,1,1,26,88,80,3.143,1.265,13.02,68.5,59.43,119.28,0.2328,4,0,16,4,4,-3144,-92,-32,499,-3144,92,179,3,7,16,34.2,294.0,18.8,-985.4,0.636,0.665,0.503,0.13,-28734,410,0,1
537,-1,1,0,0,216,29.4,0.04680999335346374,32,16,16,1,1,30,80,72,2.5,2.5,13.8,60.5,59.66,122.58,0.2339,16,0,4,8,4,-1151,-80,-32,318,-1151,73,215,2,4,6,75.9,177.4,-35.8,-403.3,0.697,0.637,0.491,0.256,-10032,74,0,3
542,1,-1,1,0,172,13.2,0.04535990832724531,32,12,20,1,1,30,64,58,2.0,0.75,11.28,48.58,58.55,109.51,0.2056,12,8,12,0,0,2776,68,36,2776,-51,171,67,7,5,11,15.3,65.0,273.3,1589.7,0.595,0.626,0.784,0.967,83563,164,0,1
535,1,-1,1,0,500,41.1,0.04883628445645876,36,20,16,1,1,34,72,64,2.0,2.222,11.79,55.62,59.29,122.19,0.2317,24,0,4,4,4,27357,66,34,27357,-1,499,3,2,3,3,839.3,6779.0,15024.9,23275.0,0.88,0.998,0.999,1.0,5739783,10941,0,3
544,1,-1,1,0,137,8.7,0.04555085502073863,28,12,16,1,1,26,80,76,2.857,2.122,12.32,49.24,60.44,122.83,0.2381,4,12,4,0,8,3983,80,28,3983,-5,136,12,9,12,3,26.9,247.5,525.3,2694.0,0.638,0.725,0.789,0.996,121477,123,0,1
543,1,-1,1,0,309,15.5,0.03476896994463634,20,8,12,1,1,18,48,42,2.4,1.44,11.91,62.51,59.74,104.85,0.2211,8,0,8,4,0,4437,48,20,4437,-12,308,88,2,21,7,68.2,203.7,1222.4,3213.8,0.75,0.684,0.868,0.975,365743,423,0,0
541,-1,1,0,0,169,22.4,0.04735248449145758,40,12,28,1,1,38,92,90,2.3,2.61,10.53,68.94,61.4,118.39,0.1795,20,8,0,4,8,-2286,-96,-44,230,-2286,62,168,2,4,10,19.7,107.5,-168.4,-875.4,0.63,0.691,0.459,0.079,-39372,67,0,2
545,-1,1,0,0,172,10.1,0.04903175597549765,20,8,12,1,1,18,60,52,3.0,2.0,14.45,47.56,57.72,107.44,0.2105,4,4,4,4,4,-531,-63,-23,253,-696,107,170,3,27,32,14.5,-9.3,16.0,-282.0,0.596,0.486,0.5,0.159,-11217,75,0,4
547,1,-1,1,0,163,16.3,0.03125235039412823,36,12,24,1,1,34,76,74,2.111,1.432,10.82,62.29,61.31,122.78,0.1968,16,8,4,8,0,2887,77,37,2896,-7,161,18,2,15,7,8.4,252.3,671.6,2133.3,0.586,0.783,0.741,0.959,129027,295,0,2
549,-1,1,0,0,159,15.0,0.033574078698151016,32,12,20,1,1,30,72,68,2.25,1.438,12.63,54.6,60.59,118.86,0.2097,12,8,4,8,0,-2178,-76,-36,308,-2178,66,158,2,4,22,17.9,144.1,-128.5,-697.1,0.562,0.635,0.437,0.146,-27973,53,0,2
548,1,-1,1,0,183,16.8,0.029612330555109104,32,16,16,1,1,30,88,78,2.75,1.688,11.12,62.94,57.53,112.95,0.2339,8,4,12,4,4,5363,88,32,5363,-32,182,35,3,2,7,33.1,239.9,512.3,3352.5,0.655,0.726,0.775,0.996,196262,233,0,3
550,1,-1,1,0,190,17.9,0.03966004052525113,32,12,20,1,1,30,76,68,2.375,1.484,12.63,53.66,62.47,119.74,0.2137,12,4,8,8,0,3896,76,32,3896,0,189,0,3,-1,3,34.0,369.4,762.6,2631.4,0.626,0.758,0.764,0.99,183739,659,0,2
551,1,-1,1,0,168,13.1,0.03801253333006836,28,12,16,1,1,26,64,58,2.286,1.061,11.45,52.76,58.34,111.3,0.2328,8,8,8,4,0,2533,67,31,2552,-66,154,43,2,5,13,20.3,90.3,414.9,2086.4,0.592,0.556,0.697,0.997,109701,129,0,1
552,1,-1,1,0,184,9.7,0.04183741646289034,20,8,12,1,1,18,68,62,3.4,1.84,11.05,72.19,63.35,126.33,0.2632,0,8,4,0,8,3276,68,20,3276,-4,183,8,6,8,5,27.7,289.7,939.1,2222.4,0.655,0.774,0.819,0.966,160028,678,0,0
546,1,-1,1,0,314,33.8,0.03267299902893192,32,12,20,1,1,30,80,76,2.5,1.5,18.51,62.43,61.41,122.21,0.2056,8,12,0,12,0,5034,80,32,5034,-128,313,216,3,10,17,53.4,275.0,505.3,2504.3,0.58,0.579,0.572,0.942,265376,283,0,2
553,-1,1,0,0,171,14.2,0.027904872760025748,24,12,12,1,1,22,72,62,3.0,1.667,13.34,67.95,57.62,119.37,0.2391,4,4,8,4,4,-2010,-76,-28,237,-2010,79,170,4,2,16,21.5,149.6,-141.8,-512.6,0.555,0.607,0.422,0.276,-21836,-24,0,1
554,-1,1,0,0,171,16.3,0.03063103312451578,32,12,20,1,1,30,72,70,2.25,1.438,10.09,62.03,60.88,119.18,0.2177,12,8,4,8,0,-642,-75,-35,187,-846,88,164,2,6,14,5.0,61.1,-65.3,-434.9,0.589,0.611,0.43,0.188,-19538,70,0,2
557,1,-1,1,0,189,18.6,0.044466145185358505,28,12,16,1,1,26,80,76,2.857,2.122,24.88,61.56,56.28,100.11,0.2011,4,12,4,0,8,3511,80,28,3511,-148,188,96,4,2,15,61.3,161.8,318.7,1820.7,0.645,0.638,0.68,0.931,112862,27,0,4
556,-1,1,0,0,207,26.2,0.03229620252713279,36,12,24,1,1,34,80,76,2.222,1.284,12.54,53.75,60.69,111.17,0.1968,12,12,4,8,0,-1685,-80,-36,297,-1685,130,206,2,6,30,72.7,95.6,-15.8,-459.2,0.704,0.556,0.492,0.261,-17013,-254,0,2
560,1,-1,1,0,138,6.9,0.041188072764256366,28,8,20,1,1,26,88,86,3.143,2.408,11.61,54.73,62.36,117.0,0.2116,8,0,8,4,8,4204,88,28,4204,-2,137,18,2,18,3,8.6,127.1,544.4,2675.0,0.638,0.722,0.809,0.987,119426,204,0,2
559,-1,1,0,0,129,16.3,0.04485479806679153,32,16,16,1,1,30,112,102,3.5,2.0,10.68,50.39,57.47,117.24,0.2137,4,4,8,4,12,-2990,-112,-32,156,-2990,35,128,4,2,10,33.8,73.4,-144.5,-956.7,0.636,0.57,0.449,0.124,-32762,28,0,3
561,-1,1,0,0,113,6.5,0.026858907872540316,24,8,16,1,1,22,96,86,4.0,2.333,10.75,50.93,61.45,123.76,0.1957,4,0,4,0,16,-739,-96,-24,123,-739,55,112,4,3,10,19.0,39.4,-11.1,-442.3,0.576,0.572,0.507,0.212,-11502,72,0,0
558,-1,1,0,0,241,28.2,0.04382075806856369,28,12,16,1,1,26,84,78,3.0,2.286,11.72,67.29,59.81,116.01,0.2222,8,0,12,0,8,-2531,-84,-28,456,-2531,107,240,3,8,24,105.8,237.0,103.3,-458.6,0.732,0.639,0.544,0.276,-1207,74,0,1
555,-1,1,0,0,368,40.0,0.038250810831054256,32,12,20,1,1,30,56,52,1.75,0.438,16.8,61.52,61.2,109.57,0.1976,12,16,4,0,0,-2802,-60,-36,432,-2802,216,367,4,26,30,38.4,37.4,192.1,-612.2,0.618,0.53,0.575,0.212,-31683,137,0,4
565,1,-1,1,0,174,8.2,0.03184026621550036,28,8,20,1,1,26,52,50,1.857,1.265,10.48,53.28,61.73,109.02,0.1746,16,4,4,4,0,2528,56,32,2528,-10,173,47,2,16,7,16.1,77.9,245.0,1474.4,0.765,0.71,0.729,0.971,80923,213,0,2
563,-1,1,0,0,170,17.8,0.04560579489709995,32,12,20,1,1,30,112,102,3.5,1.75,12.26,59.86,58.54,103.63,0.1976,0,12,4,4,12,-1162,-111,-35,302,-1489,58,161,2,5,18,53.3,72.4,-114.0,-850.3,0.711,0.579,0.448,0.172,-36921,-63,0,2
564,1,-1,1,0,169,14.1,0.040192696757586556,24,12,12,1,1,22,84,74,3.5,1.917,12.02,54.26,60.72,111.06,0.2319,4,0,8,4,8,3611,88,28,3611,-45,168,72,5,9,11,30.1,138.5,315.9,2210.8,0.584,0.626,0.673,0.951,115417,71,0,1
568,-1,1,0,0,117,5.5,0.029668505622663766,20,8,12,1,1,18,64,58,3.2,0.96,12.2,52.71,63.03,117.38,0.2421,0,4,12,0,4,-1281,-64,-20,78,-1281,38,116,2,27,10,26.4,16.9,-83.0,-435.0,0.754,0.581,0.435,0.206,-14202,-18,0,0
566,1,-1,1,0,203,15.6,0.03471014651871817,32,8,24,1,1,30,56,48,1.75,1.188,10.59,62.04,62.0,110.68,0.1976,20,4,4,4,0,2946,56,32,2946,-19,202,8,2,3,13,38.7,226.1,384.2,1626.6,0.616,0.696,0.754,0.983,118660,178,0,2
562,1,-1,1,0,267,32.5,0.025822235438431856,36,12,24,1,1,34,84,82,2.333,1.556,10.31,71.21,62.21,123.77,0.2032,12,8,12,0,4,3710,86,38,3801,-3,250,7,2,7,3,38.8,311.4,545.5,2332.7,0.752,0.729,0.687,0.945,220069,385,0,2
567,1,-1,1,0,183,20.6,0.049347127876608256,32,12,20,1,1,30,88,80,2.75,3.188,11.13,50.5,59.94,110.35,0.1855,16,0,0,8,8,3933,92,36,3933,-16,182,121,4,5,9,43.8,305.8,512.5,2049.3,0.612,0.634,0.708,0.947,137166,265,0,2
570,1,-1,1,0,177,12.5,0.04863955204711725,24,12,12,1,1,22,76,72,3.167,1.139,11.44,50.37,58.99,115.49,0.2319,0,8,8,4,4,4104,79,27,4104,-16,176,34,2,15,13,8.4,212.0,548.6,2712.5,0.577,0.722,0.751,0.995,155902,239,0,1
569,1,-1,1,0,153,19.9,0.04850481007439075,40,16,24,1,1,38,116,106,2.9,2.49,12.28,48.17,58.95,122.02,0.2,12,8,0,12,8,5866,116,40,5866,-18,152,34,3,2,9,18.7,133.3,652.4,3711.8,0.598,0.62,0.738,0.995,175327,287,0,3
573,1,-1,1,0,120,4.2,0.03846983332031822,36,12,24,1,1,34,92,90,2.556,2.469,10.0,70.27,61.72,121.37,0.1746,12,12,0,4,8,1291,78,31,1291,0,119,0,2,-1,3,7.2,23.8,137.6,572.4,0.674,0.867,0.95,0.992,22233,47,0,2
571,1,-1,1,0,206,16.5,0.049433270655836636,24,12,12,1,1,22,64,54,2.667,2.222,14.25,60.24,59.21,113.61,0.1884,8,4,4,4,4,3372,64,24,3372,-116,205,66,6,4,19,55.3,84.7,311.4,1742.2,0.609,0.557,0.664,0.953,115361,135,0,4
574,1,-1,1,0,147,9.5,0.04678149439581414,28,12,16,1,1,26,60,50,2.143,2.122,11.77,51.59,61.48,123.38,0.2169,16,0,8,0,4,4149,60,28,4149,-4,146,47,2,47,3,62.3,226.6,941.5,3031.0,0.713,0.682,0.912,1.0,162502,254,0,1
575,1,-1,1,0,141,11.2,0.046422905323820235,36,16,20,1,1,34,84,80,2.333,1.333,10.4,60.83,58.15,111.52,0.2254,12,8,8,8,0,4664,84,36,4664,-3,140,8,2,5,7,29.3,287.8,959.1,3248.2,0.682,0.839,0.865,0.997,161603,488,0,3
572,-1,1,0,0,153,18.5,0.02734846903484082,32,16,16,1,1,30,100,90,3.125,2.609,13.13,61.79,56.12,104.89,0.2137,8,4,8,0,12,-891,-100,-32,550,-1515,60,148,2,9,16,103.4,296.8,-67.4,-698.7,0.726,0.694,0.462,0.163,-14600,-97,0,3
580,1,-1,1,0,138,4.6,0.04258388658710857,32,8,24,1,1,30,88,86,2.75,2.688,10.45,62.43,62.56,120.3,0.2056,12,4,4,4,8,4085,88,32,4085,-2,137,4,2,4,7,10.4,68.7,468.4,2577.9,0.684,0.823,0.911,0.995,111418,118,0,2
576,1,-1,1,0,184,19.5,0.04293148532312088,36,16,20,1,1,34,116,114,3.222,2.173,11.04,66.56,57.67,116.12,0.2159,8,4,4,12,8,4615,116,36,4615,-28,183,76,5,3,7,13.5,47.2,225.0,2324.0,0.716,0.677,0.603,0.924,120044,12,0,3
581,1,-1,1,0,154,10.4,0.03776580811429618,32,12,20,1,1,30,80,78,2.5,2.25,13.08,54.14,60.95,115.94,0.2097,12,8,0,8,4,3346,80,32,3346,-2,153,6,4,6,3,18.9,128.0,324.8,1873.5,0.645,0.796,0.751,0.972,92869,288,0,2
577,-1,1,0,0,203,24.5,0.029252993494707544,32,16,16,1,1,30,92,82,2.875,2.859,12.3,51.76,56.95,111.33,0.2339,12,4,0,8,8,-1324,-92,-32,302,-1915,39,188,2,3,18,95.9,-36.3,-170.3,-938.2,0.647,0.489,0.405,0.161,-55260,-81,0,3
578,1,-1,1,0,172,25.2,0.032985018905885594,40,16,24,1,1,38,92,82,2.3,2.01,13.46,60.37,59.86,122.34,0.2128,16,12,0,8,4,3974,96,44,3974,-12,171,16,2,9,7,76.5,343.0,861.4,2324.3,0.629,0.651,0.669,0.889,155022,360,0,3
579,1,-1,1,0,356,22.0,0.03911622485416495,20,8,12,1,1,18,44,38,2.2,0.96,23.31,61.84,59.75,106.9,0.1895,8,0,12,0,0,1916,44,20,1916,-376,355,181,8,2,37,31.2,30.5,134.7,640.5,0.607,0.522,0.643,0.847,74482,-57,0,4
584,1,-1,1,0,172,9.5,0.025630767190502543,24,8,16,1,1,22,76,72,3.167,1.472,11.9,62.58,60.98,107.03,0.2029,0,12,0,8,4,3431,76,24,3431,-30,171,18,3,8,5,34.6,169.3,426.5,2285.6,0.614,0.693,0.779,0.987,125388,254,0,0
583,-1,1,0,0,141,12.5,0.02753064194717572,28,12,16,1,1,26,92,84,3.286,1.633,11.53,51.83,58.23,119.97,0.2275,4,4,4,12,4,-1147,-92,-28,438,-1147,52,140,3,6,18,33.7,209.1,-116.7,-588.8,0.562,0.632,0.431,0.187,-16782,17,0,1
585,-1,1,0,0,118,10.5,0.046724852042443143,28,16,12,1,1,26,84,76,3.0,1.143,12.77,61.85,54.53,107.1,0.2381,4,4,8,12,0,-1792,-84,-28,86,-1792,55,117,7,5,10,3.6,39.0,-134.1,-609.4,0.511,0.629,0.393,0.121,-21545,1,0,1
588,1,-1,1,0,155,5.8,0.03429651073656934,24,8,16,1,1,22,44,38,1.833,0.806,11.31,51.68,62.24,118.3,0.2029,12,4,8,0,0,2729,44,24,2729,-6,154,19,2,6,11,5.3,117.3,380.4,1989.1,0.566,0.721,0.813,0.999,100667,118,0,0
586,-1,1,0,0,127,14.5,0.032493060578570265,32,16,16,1,1,30,96,92,3.0,3.25,10.33,49.73,57.71,118.93,0.2218,12,4,0,4,12,-2904,-96,-32,137,-2904,39,126,3,8,10,27.6,71.9,-140.9,-916.5,0.619,0.612,0.436,0.176,-32447,-1,0,3
582,1,-1,1,0,219,28.8,0.04889404399541783,36,16,20,1,1,34,104,98,2.889,2.321,15.52,62.64,59.07,123.58,0.219,12,0,12,4,8,5425,104,36,5425,-2,218,3,2,3,3,60.8,296.4,335.1,2706.4,0.736,0.657,0.604,0.932,191650,172,0,3
589,-1,1,0,0,145,9.9,0.029594649365114745,28,8,20,1,1,26,80,78,2.857,2.122,12.26,66.11,60.78,108.47,0.2116,8,4,4,8,4,-1894,-80,-28,201,-1894,76,144,3,2,26,3.2,19.1,-13.5,-559.4,0.551,0.582,0.487,0.226,-20378,-60,0,2
592,-1,1,0,0,167,9.3,0.03472874459337451,24,8,16,1,1,22,68,66,2.833,2.472,14.8,63.31,60.52,114.18,0.2319,8,4,0,8,4,-707,-70,-26,97,-707,88,166,2,18,34,1.7,0.7,-114.0,-341.5,0.529,0.488,0.394,0.191,-19598,-131,0,0
590,1,-1,1,0,158,12.3,0.04646336302748401,28,16,12,1,1,26,48,44,1.714,0.204,11.03,50.11,59.41,116.56,0.2381,8,20,0,0,0,2996,48,28,2996,0,157,0,2,-1,1,27.0,148.2,465.3,2105.3,0.712,0.715,0.854,0.997,111297,118,0,1
591,1,-1,1,0,158,12.5,0.040292387477471096,36,16,20,1,1,34,100,98,2.778,3.284,10.86,53.87,58.5,119.38,0.2159,16,4,0,4,12,6522,99,35,6522,-6,157,10,2,7,7,13.7,297.7,1302.3,4575.8,0.601,0.722,0.863,0.997,250540,763,0,3
593,-1,1,0,0,131,11.6,0.041326947735817604,28,12,16,1,1,26,96,90,3.429,1.673,12.15,54.86,61.03,119.43,0.2063,4,0,12,4,8,-2277,-96,-28,294,-2277,69,130,4,12,10,18.1,94.8,-21.2,-700.4,0.574,0.64,0.49,0.171,-21580,144,0,2
587,-1,1,0,0,178,28.4,0.04953194373901263,32,16,16,1,1,30,92,84,2.875,1.859,18.88,58.81,56.41,112.83,0.2137,8,4,8,8,4,-2420,-96,-36,658,-2420,103,177,5,15,10,63.1,343.2,278.2,-661.8,0.606,0.651,0.597,0.219,-323,510,0,3
597,1,-1,1,0,153,7.1,0.04651813736382943,28,8,20,1,1,26,84,82,3.0,2.0,11.62,67.56,61.33,115.77,0.2063,8,0,8,8,4,3927,84,28,3927,-14,152,32,13,23,5,7.4,120.6,484.8,2416.2,0.583,0.861,0.875,0.979,117520,337,0,2
595,1,-1,1,0,229,17.7,0.026523337816475038,28,12,16,1,1,26,48,46,1.714,0.776,9.7,60.28,57.76,116.49,0.2222,16,4,8,0,0,2176,47,27,2176,-42,228,47,2,5,7,23.9,146.4,268.7,1096.6,0.611,0.674,0.666,0.903,88621,160,0,1
594,-1,1,0,0,156,19.8,0.046618534171230075,32,16,16,1,1,30,84,82,2.625,2.734,13.77,64.45,58.75,109.74,0.2097,12,8,0,4,8,-998,-86,-34,402,-1118,52,148,2,5,12,12.0,247.6,-91.7,-697.1,0.49,0.667,0.458,0.148,-20640,41,0,3
596,1,-1,1,0,165,18.1,0.04911871566876362,40,16,24,1,1,38,92,82,2.3,2.61,11.22,61.73,60.19,121.63,0.2154,20,8,0,4,8,6182,96,44,6182,-5,164,3,2,3,9,36.8,191.5,1213.5,4366.3,0.688,0.718,0.847,0.999,242497,548,0,3
598,-1,1,0,0,138,13.1,0.030468303200731236,32,12,20,1,1,30,80,76,2.5,1.75,12.14,50.17,60.24,121.84,0.2177,8,12,4,4,4,-1126,-80,-32,214,-1126,57,137,2,9,12,22.3,96.1,-110.9,-488.1,0.552,0.599,0.441,0.153,-17319,-79,0,2
599,1,-1,1,0,167,10.8,0.03918106077654776,24,8,16,1,1,22,64,56,2.667,1.556,13.65,52.2,62.91,124.82,0.2319,8,0,8,8,0,2247,66,26,2247,-104,166,42,2,17,13,20.2,92.2,334.8,1441.7,0.621,0.58,0.653,0.951,81772,276,0,0
