episode_id,player_idx,final_label,window_size,t_soft,phase_t_soft,delta_own_ship_ratio,start_own_ship_ratio,delta_own_prod_ratio,start_own_prod_ratio,delta_own_planet_ratio,start_own_planet_ratio,delta_ship_gap,start_ship_gap,delta_prod_gap,start_prod_gap,delta_n_own_planets,start_n_own_planets,delta_n_neutral_planets,start_n_neutral_planets,delta_n_enemy_planets,start_n_enemy_planets,delta_own_ships_total,start_own_ships_total,delta_own_prod_total,start_own_prod_total,delta_mean_own_ships,start_mean_own_ships,delta_max_own_ships,start_max_own_ships,delta_std_own_ships,start_std_own_ships,delta_own_fleets_count,start_own_fleets_count,delta_own_fleets_ships,start_own_fleets_ships,delta_enemy_fleets_count,start_enemy_fleets_count,delta_enemy_fleets_ships,start_enemy_fleets_ships,delta_fleet_balance,start_fleet_balance,delta_own_under_threat_count,start_own_under_threat_count,delta_own_under_threat_ships,start_own_under_threat_ships,delta_enemy_contested_count,start_enemy_contested_count,delta_neutral_contested_count,start_neutral_contested_count,delta_incoming_enemy_to_own,start_incoming_enemy_to_own,delta_incoming_own_reinforce,start_incoming_own_reinforce,delta_net_incoming_own,start_net_incoming_own,delta_closest_threat_dist,start_closest_threat_dist
75368665,0,0,12,12,0.16,0.010199999999999997,0.0217,0.0,0.0556,0.0,0.0417,-5.0,0.0,-5.0,0.0,0.0,1.0,-1.0,22.0,1.0,1.0,4.0,10.0,0.0,4.0,4.0,10.0,4.0,10.0,0.0,0.0,3.0,0.0,24.0,0.0,1.0,0.0,11.0,0.0,13.0,0.0,0.0,0.0,0.0,0.0,0.0,0.0,2.0,0.0,0.0,0.0,0.0,0.0,0.0,0.0,0.0,1.0
75368665,1,1,12,12,0.16,0.021599999999999998,0.0217,0.0694,0.0556,0.0416,0.0417,5.0,0.0,5.0,0.0,1.0,1.0,-1.0,22.0,0.0,1.0,9.0,10.0,5.0,4.0,-0.5,10.0,8.0,10.0,12.02,0.0,1.0,0.0,11.0,0.0,3.0,0.0,24.0,0.0,-13.0,0.0,0.0,0.0,0.0,0.0,0.0,0.0,1.0,0.0,0.0,0.0,0.0,0.0,0.0,0.0,0.0,1.0
75372594,0,1,28,41,0.2929,0.1928,0.0285,0.22119999999999998,0.0673,0.25,0.0625,144.0,4.0,13.0,0.0,8.0,2.0,-12.0,28.0,4.0,2.0,169.0,28.0,23.0,7.0,5.699999999999999,14.0,28.0,14.0,13.79,0.0,2.0,2.0,58.0,32.0,53.0,5.0,1049.0,91.0,-991.0,-59.0,6.0,0.0,92.0,0.0,0.0,0.0,2.0,2.0,609.0,0.0,0.0,0.0,-609.0,0.0,-0.8883,1.0
75372594,1,0,28,41,0.2929,0.0307,0.0244,0.09620000000000001,0.0673,0.125,0.0625,-144.0,-4.0,-13.0,0.0,4.0,2.0,-12.0,28.0,8.0,2.0,25.0,24.0,10.0,7.0,-3.83,12.0,6.0,12.0,5.34,0.0,53.0,5.0,1049.0,91.0,2.0,2.0,58.0,32.0,991.0,59.0,0.0,0.0,0.0,0.0,7.0,0.0,5.0,2.0,0.0,0.0,54.0,0.0,54.0,0.0,0.0,1.0
75375338,0,1,79,357,0.9061,0.09739999999999999,0.4463,0.04409999999999997,0.4559,0.0,0.3611,336.0,135.0,10.0,4.0,0.0,13.0,4.0,10.0,-4.0,13.0,295.0,420.0,3.0,31.0,22.689999999999998,32.31,-32.0,186.0,-2.4399999999999977,48.0,-5.0,14.0,-32.0,214.0,-21.0,27.0,-688.0,752.0,656.0,-538.0,-3.0,4.0,-12.0,41.0,1.0,4.0,0.0,1.0,-333.0,388.0,-52.0,56.0,281.0,-332.0,0.2138,0.0584
75375338,1,0,79,357,0.9061,-0.11730000000000002,0.3029,-0.10300000000000004,0.3971,-0.11109999999999998,0.3611,-336.0,-135.0,-10.0,-4.0,-4.0,13.0,4.0,10.0,0.0,13.0,-41.0,285.0,-7.0,27.0,5.189999999999998,21.92,6.0,74.0,-2.1899999999999977,24.79,-21.0,27.0,-688.0,752.0,-5.0,14.0,-32.0,214.0,-656.0,538.0,0.0,2.0,15.0,22.0,-3.0,7.0,-1.0,2.0,20.0,134.0,-284.0,290.0,-304.0,156.0,0.0333,0.0247
75398399,0,1,20,20,0.1681,0.046299999999999994,0.0132,0.1125,0.05,0.0938,0.0312,-27.0,0.0,6.0,0.0,3.0,1.0,-4.0,30.0,1.0,1.0,38.0,10.0,9.0,4.0,2.0,10.0,17.0,10.0,10.89,0.0,2.0,0.0,0.0,0.0,1.0,0.0,3.0,0.0,-3.0,0.0,0.0,0.0,0.0,0.0,0.0,0.0,0.0,0.0,0.0,0.0,0.0,0.0,0.0,0.0,0.0,1.0
75398399,1,0,20,20,0.1681,0.0797,0.0132,0.03749999999999999,0.05,0.0313,0.0312,27.0,0.0,-6.0,0.0,1.0,1.0,-4.0,30.0,3.0,1.0,65.0,10.0,3.0,4.0,27.5,10.0,32.0,10.0,6.36,0.0,1.0,0.0,3.0,0.0,2.0,0.0,0.0,0.0,3.0,0.0,0.0,0.0,0.0,0.0,0.0,0.0,1.0,0.0,0.0,0.0,0.0,0.0,0.0,0.0,0.0,1.0
75560041,0,0,40,148,0.7437,-0.04820000000000002,0.2363,-0.09719999999999995,0.3611,-0.06259999999999999,0.3438,-198.0,-173.0,-16.0,-9.0,-2.0,11.0,-2.0,7.0,4.0,14.0,-37.0,224.0,-7.0,26.0,0.4200000000000017,20.36,10.0,48.0,0.9199999999999999,14.87,1.0,10.0,14.0,126.0,4.0,9.0,45.0,127.0,-31.0,-1.0,0.0,1.0,4.0,8.0,0.0,5.0,1.0,1.0,-6.0,45.0,-9.0,9.0,-3.0,-36.0,-0.006699999999999998,0.0749
75560041,1,1,40,144,0.7236,0.008399999999999963,0.4741,0.09729999999999994,0.4444,0.125,0.375,-56.0,273.0,12.0,3.0,4.0,12.0,-2.0,7.0,-2.0,13.0,-53.0,494.0,7.0,32.0,-13.610000000000003,41.17,-21.0,86.0,-10.690000000000001,30.25,9.0,6.0,113.0,116.0,-3.0,12.0,-8.0,131.0,121.0,-15.0,1.0,1.0,21.0,14.0,3.0,3.0,-1.0,1.0,45.0,68.0,137.0,0.0,92.0,-68.0,0.15100000000000002,0.1482
75608555,0,1,22,22,0.1447,0.005100000000000002,0.0113,0.0694,0.0139,0.0357,0.0357,2.0,0.0,5.0,0.0,1.0,1.0,-1.0,26.0,0.0,1.0,4.0,10.0,5.0,1.0,-3.0,10.0,3.0,10.0,8.49,0.0,0.0,0.0,0.0,0.0,0.0,0.0,0.0,0.0,0.0,0.0,0.0,0.0,0.0,0.0,0.0,0.0,0.0,0.0,0.0,0.0,0.0,0.0,0.0,0.0,0.0,1.0
75608555,1,0,22,22,0.1447,0.002700000000000001,0.0113,0.0,0.0139,0.0,0.0357,-2.0,0.0,-5.0,0.0,0.0,1.0,-1.0,26.0,1.0,1.0,2.0,10.0,0.0,1.0,2.0,10.0,2.0,10.0,0.0,0.0,0.0,0.0,0.0,0.0,0.0,0.0,0.0,0.0,0.0,0.0,0.0,0.0,0.0,0.0,0.0,0.0,0.0,0.0,0.0,0.0,0.0,0.0,0.0,0.0,0.0,1.0
75614274,0,0,24,89,0.7355,-0.1126,0.3219,-0.0519,0.3158,-0.031200000000000006,0.2812,-275.0,53.0,-11.0,-7.0,-2.0,9.0,-3.0,11.0,1.0,12.0,-97.0,281.0,-5.0,24.0,-4.93,31.22,-33.0,81.0,-10.02,27.93,6.0,6.0,66.0,108.0,0.0,17.0,-21.0,216.0,87.0,-108.0,0.0,0.0,0.0,0.0,-1.0,3.0,0.0,0.0,-21.0,102.0,121.0,27.0,142.0,-75.0,0.038200000000000005,0.0453
75614274,1,1,24,79,0.6529,0.0872,0.3865,-0.02639999999999998,0.5132,0.0,0.4375,72.0,182.0,-8.0,23.0,0.0,14.0,-2.0,11.0,2.0,7.0,95.0,310.0,-2.0,39.0,6.789999999999999,22.14,51.0,55.0,13.489999999999998,15.73,7.0,6.0,156.0,76.0,-2.0,7.0,-13.0,92.0,169.0,-16.0,-1.0,1.0,-4.0,4.0,2.0,1.0,0.0,2.0,-35.0,84.0,84.0,20.0,119.0,-64.0,0.0542,0.0266
75653796,0,0,43,162,0.75,0.013000000000000012,0.3927,-0.17569999999999997,0.5132,-0.1632,0.4688,45.0,-62.0,-27.0,8.0,-4.0,15.0,3.0,4.0,5.0,13.0,198.0,269.0,-12.0,39.0,24.520000000000003,17.93,81.0,40.0,24.58,8.79,7.0,6.0,77.0,81.0,7.0,9.0,76.0,119.0,1.0,-38.0,-2.0,3.0,-28.0,44.0,3.0,4.0,0.0,0.0,0.0,71.0,51.0,20.0,51.0,-51.0,0.023299999999999994,0.0367
75653796,1,1,43,160,0.7407,0.09340000000000004,0.3571,0.10260000000000002,0.4474,0.066,0.4062,184.0,-83.0,17.0,-2.0,4.0,13.0,3.0,4.0,-3.0,15.0,241.0,210.0,10.0,34.0,10.380000000000003,16.15,12.0,52.0,4.360000000000001,13.69,1.0,13.0,1.0,182.0,8.0,6.0,72.0,102.0,-71.0,80.0,-1.0,2.0,-33.0,39.0,0.0,6.0,-2.0,2.0,-1.0,82.0,22.0,69.0,23.0,-13.0,0.0303,0.0215
75665474,0,1,13,13,0.1625,-0.0049,0.0131,0.053500000000000006,0.0179,0.0313,0.0312,3.0,0.0,3.0,0.0,1.0,1.0,-1.0,30.0,0.0,1.0,-4.0,10.0,3.0,1.0,-7.0,10.0,-5.0,10.0,2.83,0.0,0.0,0.0,0.0,0.0,2.0,0.0,62.0,0.0,-62.0,0.0,0.0,0.0,0.0,0.0,0.0,0.0,0.0,0.0,0.0,0.0,0.0,0.0,0.0,0.0,0.0,1.0
75665474,1,0,13,13,0.1625,-0.009000000000000001,0.0131,0.0,0.0179,0.0,0.0312,-3.0,0.0,-3.0,0.0,0.0,1.0,-1.0,30.0,1.0,1.0,-7.0,10.0,0.0,1.0,-7.0,10.0,-7.0,10.0,0.0,0.0,2.0,0.0,62.0,0.0,0.0,0.0,0.0,0.0,62.0,0.0,0.0,0.0,0.0,0.0,0.0,0.0,2.0,0.0,0.0,0.0,0.0,0.0,0.0,0.0,0.0,1.0
75672648,0,0,33,81,0.488,-0.22810000000000002,0.4859,-0.1346,0.4231,-0.15000000000000002,0.45,-392.0,82.0,-22.0,0.0,-3.0,9.0,-2.0,2.0,5.0,9.0,-214.0,379.0,-7.0,22.0,-14.61,42.11,-17.0,123.0,-7.229999999999997,46.57,12.0,0.0,124.0,0.0,4.0,4.0,35.0,27.0,89.0,-27.0,0.0,0.0,0.0,0.0,2.0,0.0,0.0,0.0,16.0,5.0,66.0,0.0,50.0,-5.0,-0.5065,0.5584
75672648,1,1,33,74,0.4458,0.24269999999999997,0.2768,0.20329999999999998,0.4038,0.14169999999999994,0.4,277.0,-109.0,14.0,5.0,5.0,8.0,-1.0,5.0,0.0,7.0,262.0,165.0,13.0,21.0,12.23,20.62,73.0,54.0,20.09,18.84,8.0,2.0,75.0,16.0,12.0,1.0,88.0,10.0,-13.0,6.0,1.0,0.0,9.0,0.0,4.0,0.0,0.0,1.0,54.0,0.0,12.0,3.0,-42.0,3.0,-0.9158,1.0
75674654,0,0,39,150,0.7576,0.028499999999999998,0.1279,0.03509999999999999,0.1932,0.038199999999999984,0.1562,97.0,-296.0,8.0,-26.0,2.0,5.0,4.0,10.0,-2.0,17.0,55.0,148.0,4.0,17.0,-0.6000000000000014,29.6,-43.0,93.0,-20.36,35.98,-5.0,15.0,7.0,173.0,3.0,11.0,82.0,244.0,-75.0,-71.0,-2.0,2.0,-34.0,34.0,-1.0,3.0,-1.0,2.0,-27.0,106.0,67.0,61.0,94.0,-45.0,-0.1215,0.2263
75674654,1,1,39,150,0.7576,-0.0741,0.3838,-0.06469999999999998,0.4886,-0.11449999999999999,0.5312,-97.0,296.0,-8.0,26.0,-2.0,17.0,4.0,10.0,2.0,5.0,-42.0,444.0,-4.0,43.0,0.6799999999999997,26.12,26.0,73.0,9.489999999999998,20.78,3.0,11.0,82.0,244.0,-5.0,15.0,7.0,173.0,75.0,71.0,-2.0,2.0,-33.0,33.0,-2.0,4.0,0.0,2.0,-69.0,93.0,3.0,89.0,72.0,-4.0,0.4168,0.061
75678738,0,0,25,71,0.5591,-0.0819,0.2686,-0.07079999999999997,0.3833,-0.041700000000000015,0.2917,-255.0,49.0,-19.0,3.0,0.0,7.0,-3.0,11.0,7.0,6.0,-93.0,307.0,-3.0,23.0,-13.29,43.86,-66.0,140.0,-25.24,50.69,10.0,5.0,119.0,75.0,4.0,5.0,89.0,80.0,30.0,-5.0,0.0,1.0,0.0,12.0,6.0,0.0,-2.0,3.0,35.0,40.0,53.0,16.0,18.0,-24.0,-0.3075,0.3439
75678738,1,1,25,71,0.5591,0.14079999999999998,0.2257,0.22920000000000001,0.3333,0.2143,0.25,255.0,-49.0,19.0,-3.0,7.0,6.0,-3.0,11.0,0.0,7.0,162.0,258.0,16.0,20.0,-10.689999999999998,43.0,-31.0,129.0,-14.420000000000002,45.52,4.0,5.0,89.0,80.0,10.0,5.0,119.0,75.0,-30.0,5.0,1.0,0.0,9.0,0.0,1.0,2.0,2.0,2.0,86.0,0.0,12.0,11.0,-74.0,11.0,-0.9376,1.0
75682823,0,1,27,105,0.7721,0.2308,0.4374,0.16770000000000007,0.5156,0.16669999999999996,0.5,314.0,-91.0,18.0,4.0,2.0,14.0,-2.0,2.0,-4.0,12.0,-8.0,451.0,8.0,33.0,-4.52,32.21,45.0,59.0,11.790000000000001,15.87,7.0,7.0,34.0,92.0,1.0,2.0,30.0,20.0,4.0,72.0,0.0,0.0,0.0,0.0,0.0,4.0,0.0,0.0,15.0,17.0,69.0,0.0,54.0,-17.0,-0.6674,0.6996
75682823,1,0,27,105,0.7721,-0.19389999999999996,0.5257,-0.13640000000000002,0.4531,-0.0953,0.4286,-314.0,91.0,-18.0,-4.0,-4.0,12.0,-2.0,2.0,2.0,14.0,-322.0,542.0,-10.0,29.0,-17.67,45.17,-22.0,83.0,-4.16,24.68,1.0,2.0,30.0,20.0,7.0,7.0,34.0,92.0,-4.0,-72.0,0.0,1.0,-14.0,18.0,1.0,1.0,0.0,0.0,-35.0,92.0,15.0,3.0,50.0,-89.0,0.013499999999999998,0.0455
75684015,0,1,32,112,0.6871,0.09559999999999996,0.4602,0.013900000000000023,0.5543,0.0044999999999999485,0.5312,188.0,139.0,2.0,20.0,-2.0,17.0,0.0,5.0,-2.0,10.0,54.0,474.0,-1.0,51.0,7.320000000000004,27.88,-13.0,93.0,-4.620000000000001,26.98,-1.0,15.0,-80.0,262.0,0.0,20.0,-10.0,272.0,-70.0,-10.0,-1.0,3.0,-41.0,65.0,-1.0,3.0,1.0,0.0,-108.0,203.0,-109.0,227.0,-1.0,24.0,-0.021199999999999997,0.0544
75684015,1,0,32,112,0.6871,-0.11359999999999998,0.3252,-0.01880000000000004,0.337,-0.02679999999999999,0.3125,-188.0,-139.0,-2.0,-20.0,-2.0,10.0,0.0,5.0,-2.0,17.0,-134.0,335.0,-3.0,31.0,-8.379999999999999,33.5,13.0,85.0,2.900000000000002,27.81,0.0,20.0,-10.0,272.0,-1.0,15.0,-80.0,262.0,70.0,10.0,1.0,0.0,32.0,0.0,-1.0,6.0,-1.0,2.0,11.0,35.0,112.0,36.0,101.0,1.0,-0.027000000000000003,0.0609
75696094,0,0,38,109,0.5677,-0.03030000000000002,0.1912,-0.015600000000000003,0.25,-0.03570000000000001,0.2857,1.0,-162.0,-2.0,-18.0,-2.0,8.0,-2.0,8.0,0.0,12.0,-36.0,143.0,-2.0,17.0,-0.05000000000000071,17.88,-19.0,40.0,-7.249999999999999,10.62,-6.0,14.0,-105.0,236.0,21.0,10.0,291.0,116.0,-396.0,120.0,1.0,1.0,15.0,15.0,-2.0,5.0,-1.0,2.0,61.0,20.0,-31.0,90.0,-92.0,70.0,-0.16999999999999998,0.1944
75696094,1,1,38,109,0.5677,-0.004799999999999971,0.4078,0.032200000000000006,0.5147,0.07140000000000002,0.4286,-1.0,162.0,2.0,18.0,0.0,12.0,-2.0,8.0,-2.0,8.0,-37.0,305.0,0.0,35.0,-3.0900000000000034,25.42,22.0,72.0,4.25,20.68,21.0,10.0,291.0,116.0,-6.0,14.0,-105.0,236.0,396.0,-120.0,-2.0,3.0,-28.0,35.0,3.0,1.0,1.0,0.0,-48.0,101.0,150.0,96.0,198.0,-5.0,0.029399999999999996,0.0902
75697081,0,0,26,72,0.5414,0.04529999999999998,0.1423,0.0479,0.2333,0.08679999999999999,0.2188,-187.0,25.0,-10.0,-7.0,4.0,7.0,-8.0,15.0,8.0,10.0,43.0,117.0,4.0,14.0,-2.16,16.71,-5.0,33.0,-1.2300000000000004,10.75,2.0,3.0,27.0,60.0,6.0,6.0,48.0,102.0,-21.0,-42.0,-1.0,1.0,-15.0,15.0,4.0,0.0,-3.0,3.0,-15.0,21.0,1.0,0.0,16.0,-21.0,0.32320000000000004,0.4395
75697081,1,1,26,69,0.5188,0.2146,0.1024,0.2167,0.2833,0.2222,0.25,110.0,-18.0,11.0,1.0,9.0,8.0,-8.0,16.0,3.0,8.0,162.0,84.0,15.0,17.0,3.9700000000000006,10.5,39.0,28.0,6.220000000000001,9.17,6.0,6.0,32.0,108.0,4.0,2.0,59.0,30.0,-27.0,78.0,0.0,0.0,0.0,0.0,0.0,2.0,-1.0,3.0,48.0,0.0,112.0,0.0,64.0,0.0,-0.9253,1.0
75697432,0,0,51,213,0.8288,-0.4715999999999999,0.6184,-0.131,0.4167,-0.05359999999999998,0.375,-1787.0,751.0,-21.0,1.0,-3.0,12.0,-7.0,9.0,6.0,11.0,-722.0,966.0,-9.0,25.0,-53.39,80.5,-374.0,472.0,-97.82,129.17,2.0,4.0,37.0,54.0,0.0,14.0,-27.0,225.0,64.0,-171.0,2.0,0.0,21.0,0.0,3.0,0.0,0.0,0.0,19.0,57.0,-40.0,54.0,-59.0,-3.0,-0.32839999999999997,0.3464
75697432,1,1,51,210,0.8171,0.6237,0.139,0.18930000000000002,0.4,0.2633,0.3438,1716.0,-679.0,15.0,-1.0,6.0,11.0,-7.0,9.0,-3.0,12.0,1101.0,204.0,9.0,24.0,58.21000000000001,18.55,827.0,55.0,194.04,15.5,-2.0,12.0,-18.0,194.0,0.0,5.0,17.0,64.0,-35.0,130.0,1.0,0.0,18.0,0.0,0.0,2.0,-2.0,2.0,81.0,0.0,7.0,116.0,-74.0,116.0,-0.9454,1.0
75698121,0,0,31,92,0.5823,-0.030200000000000005,0.3926,-0.1079,0.45,-0.07290000000000002,0.4167,-205.0,-73.0,-22.0,-2.0,-4.0,15.0,-5.0,5.0,5.0,16.0,-124.0,490.0,-10.0,36.0,0.6000000000000014,32.67,16.0,79.0,6.080000000000002,21.81,4.0,11.0,53.0,164.0,7.0,17.0,146.0,203.0,-93.0,-39.0,0.0,1.0,-10.0,17.0,1.0,4.0,-1.0,1.0,4.0,52.0,-11.0,50.0,-15.0,-2.0,-0.4093,0.4636
75698121,1,1,31,87,0.5506,0.2934,0.3712,0.15589999999999993,0.4625,0.20829999999999999,0.4167,430.0,-56.0,17.0,1.0,5.0,15.0,-6.0,6.0,-3.0,15.0,350.0,405.0,10.0,37.0,10.75,27.0,102.0,139.0,13.769999999999996,41.71,8.0,14.0,101.0,199.0,8.0,6.0,117.0,104.0,-16.0,95.0,0.0,1.0,3.0,13.0,3.0,3.0,-3.0,3.0,47.0,56.0,41.0,141.0,-6.0,85.0,-0.466,0.4852
75699913,0,1,32,135,0.8491,0.14559999999999995,0.5827,0.14129999999999998,0.5,0.14290000000000003,0.5,280.0,147.0,26.0,0.0,4.0,14.0,0.0,0.0,-4.0,14.0,163.0,518.0,13.0,46.0,0.8299999999999983,37.0,12.0,80.0,1.5399999999999991,22.84,3.0,18.0,94.0,239.0,-2.0,23.0,-24.0,285.0,118.0,-46.0,3.0,1.0,91.0,5.0,2.0,5.0,0.0,0.0,70.0,78.0,-39.0,49.0,-109.0,-29.0,-0.1212,0.1595
75699913,1,0,32,138,0.8679,0.008299999999999974,0.3174,-0.054400000000000004,0.4022,-0.07150000000000001,0.4286,-31.0,-306.0,-10.0,-18.0,-2.0,12.0,0.0,0.0,2.0,16.0,49.0,266.0,-5.0,37.0,9.329999999999998,22.17,19.0,75.0,11.149999999999999,21.71,2.0,21.0,22.0,280.0,14.0,10.0,234.0,144.0,-212.0,136.0,4.0,0.0,25.0,0.0,1.0,3.0,0.0,0.0,269.0,109.0,-72.0,234.0,-341.0,125.0,-0.0885,0.1253
75701419,0,0,33,106,0.631,0.056599999999999984,0.2435,0.0020999999999999908,0.2955,0.07779999999999998,0.2,-55.0,-14.0,-14.0,-11.0,2.0,8.0,-10.0,17.0,4.0,15.0,-9.0,307.0,-1.0,26.0,-8.580000000000002,38.38,-35.0,120.0,-15.460000000000004,41.52,-3.0,4.0,-70.0,75.0,4.0,16.0,-5.0,297.0,-65.0,-222.0,-2.0,3.0,-57.0,79.0,-2.0,2.0,-1.0,1.0,-80.0,121.0,1.0,4.0,81.0,-117.0,-0.0208,0.0795
75701419,1,1,33,106,0.631,0.11499999999999999,0.2546,0.17469999999999997,0.4205,0.15280000000000005,0.375,55.0,14.0,14.0,11.0,4.0,15.0,-10.0,17.0,2.0,8.0,46.0,321.0,13.0,37.0,-2.0799999999999983,21.4,-28.0,77.0,-5.93,22.43,4.0,16.0,-5.0,297.0,-3.0,4.0,-70.0,75.0,65.0,222.0,-1.0,1.0,-15.0,15.0,0.0,3.0,1.0,1.0,-38.0,38.0,49.0,142.0,87.0,104.0,0.871,0.129
75701856,0,1,36,107,0.5879,0.361,0.4246,0.0928,0.5125,0.0938,0.4062,466.0,136.0,6.0,12.0,1.0,13.0,-5.0,7.0,0.0,12.0,419.0,332.0,5.0,41.0,28.1,25.54,305.0,92.0,77.98,22.53,-1.0,14.0,11.0,116.0,-4.0,14.0,-33.0,159.0,44.0,-43.0,0.0,1.0,-4.0,16.0,0.0,4.0,-1.0,2.0,-14.0,48.0,11.0,49.0,25.0,1.0,0.018199999999999994,0.081
75701856,1,0,36,107,0.5879,-0.09469999999999998,0.2506,0.005900000000000016,0.3625,0.05359999999999998,0.375,-466.0,-136.0,-6.0,-12.0,0.0,12.0,-5.0,7.0,1.0,13.0,-47.0,196.0,-1.0,29.0,-3.9099999999999984,16.33,-26.0,48.0,-8.629999999999999,15.52,-4.0,14.0,-33.0,159.0,-1.0,14.0,11.0,116.0,-44.0,43.0,2.0,1.0,7.0,4.0,-2.0,4.0,0.0,0.0,8.0,55.0,-19.0,111.0,-27.0,56.0,0.28009999999999996,0.0603
75706370,0,1,30,123,0.8092,0.15569999999999995,0.6058,0.11360000000000003,0.5341,0.07139999999999996,0.4643,342.0,237.0,14.0,13.0,2.0,13.0,-2.0,3.0,0.0,12.0,370.0,438.0,10.0,47.0,20.18,33.69,83.0,115.0,25.049999999999997,34.5,2.0,12.0,22.0,122.0,4.0,14.0,56.0,141.0,-34.0,-19.0,-1.0,1.0,-10.0,10.0,3.0,2.0,-1.0,1.0,4.0,48.0,-31.0,64.0,-35.0,16.0,-0.021899999999999996,0.0469
75706370,1,0,30,123,0.8092,-0.06220000000000003,0.278,-0.04550000000000004,0.3864,0.0,0.4286,-342.0,-237.0,-14.0,-13.0,0.0,12.0,-2.0,3.0,2.0,13.0,28.0,201.0,-4.0,34.0,2.3299999999999983,16.75,63.0,45.0,17.23,13.41,4.0,14.0,56.0,141.0,2.0,12.0,22.0,122.0,34.0,19.0,1.0,2.0,10.0,7.0,-1.0,3.0,0.0,0.0,95.0,16.0,52.0,93.0,-43.0,77.0,-0.1165,0.1295
75733699,0,1,20,66,0.66,0.14670000000000005,0.3922,0.07469999999999999,0.4565,0.05829999999999996,0.4167,316.0,194.0,9.0,14.0,4.0,15.0,0.0,11.0,0.0,10.0,296.0,404.0,9.0,42.0,9.910000000000004,26.93,32.0,58.0,9.84,16.5,-2.0,11.0,-28.0,195.0,-1.0,9.0,-2.0,162.0,-26.0,33.0,0.0,2.0,-7.0,17.0,-3.0,5.0,-1.0,3.0,52.0,93.0,8.0,46.0,-44.0,-47.0,-0.011700000000000002,0.0859
75733699,1,0,20,66,0.66,-0.057599999999999985,0.2039,-0.0126,0.3043,-0.02779999999999999,0.2778,-316.0,-194.0,-9.0,-14.0,0.0,10.0,0.0,11.0,4.0,15.0,-20.0,210.0,0.0,28.0,-2.0,21.0,22.0,42.0,3.549999999999999,14.49,-1.0,9.0,-2.0,162.0,-2.0,11.0,-28.0,195.0,26.0,-33.0,-2.0,2.0,-35.0,35.0,0.0,4.0,-2.0,2.0,-56.0,97.0,15.0,0.0,71.0,-97.0,0.0030000000000000027,0.1722
75736695,0,0,23,87,0.7565,-0.056900000000000006,0.2727,-0.06359999999999999,0.3553,0.011899999999999966,0.3214,-167.0,-92.0,-16.0,-10.0,-1.0,9.0,-5.0,6.0,2.0,13.0,-18.0,138.0,-6.0,27.0,-0.33000000000000007,15.33,32.0,43.0,10.579999999999998,13.96,-3.0,17.0,-45.0,170.0,-2.0,15.0,-25.0,173.0,-20.0,-3.0,1.0,1.0,9.0,4.0,-2.0,6.0,-1.0,1.0,85.0,44.0,-1.0,54.0,-86.0,10.0,-0.039599999999999996,0.0872
75736695,1,1,23,73,0.6348,0.13860000000000006,0.4618,0.1184,0.4211,0.10709999999999997,0.3929,22.0,154.0,7.0,7.0,3.0,11.0,-4.0,9.0,1.0,8.0,30.0,254.0,9.0,32.0,-2.8000000000000007,23.09,-34.0,86.0,-7.270000000000003,24.26,3.0,11.0,26.0,143.0,2.0,19.0,40.0,150.0,-14.0,-7.0,0.0,0.0,0.0,0.0,3.0,2.0,-1.0,1.0,17.0,30.0,22.0,17.0,5.0,-13.0,-0.24289999999999998,0.3273
75743036,0,0,53,199,0.7481,-0.1261,0.4123,-0.2334,0.5667,-0.16659999999999997,0.4583,-243.0,90.0,-28.0,14.0,-4.0,11.0,0.0,6.0,4.0,7.0,-19.0,254.0,-14.0,34.0,10.48,23.09,1.0,64.0,3.1400000000000006,20.68,-5.0,15.0,-83.0,183.0,1.0,10.0,-11.0,158.0,-72.0,25.0,-2.0,2.0,-21.0,21.0,-3.0,4.0,1.0,0.0,-31.0,107.0,-68.0,108.0,-37.0,1.0,0.025799999999999997,0.0228
75743036,1,1,53,199,0.7481,0.20640000000000003,0.2662,0.2334,0.3333,0.16659999999999997,0.2917,243.0,-90.0,28.0,-14.0,4.0,7.0,0.0,6.0,-4.0,11.0,224.0,164.0,14.0,20.0,11.840000000000003,23.43,76.0,42.0,19.590000000000003,11.37,1.0,10.0,-11.0,158.0,-5.0,15.0,-83.0,183.0,72.0,-25.0,0.0,1.0,-18.0,19.0,-2.0,5.0,1.0,0.0,-55.0,75.0,-29.0,51.0,26.0,-24.0,0.02389999999999999,0.0689
75755341,0,1,37,137,0.7405,0.06699999999999995,0.507,0.13890000000000002,0.5139,0.14279999999999998,0.4643,194.0,127.0,20.0,6.0,4.0,13.0,0.0,4.0,-4.0,11.0,395.0,400.0,10.0,37.0,15.989999999999998,30.77,8.0,162.0,-1.0600000000000023,52.14,-2.0,9.0,-33.0,112.0,0.0,11.0,-33.0,113.0,0.0,-1.0,-1.0,1.0,-7.0,7.0,-3.0,3.0,0.0,0.0,54.0,20.0,18.0,61.0,-36.0,41.0,0.1457,0.1199
75755341,1,0,37,137,0.7405,-0.00379999999999997,0.346,-0.13889999999999997,0.4306,-0.14290000000000003,0.3929,-194.0,-127.0,-20.0,-6.0,-4.0,11.0,0.0,4.0,4.0,13.0,201.0,273.0,-10.0,31.0,42.88999999999999,24.82,58.0,94.0,32.08,25.21,0.0,11.0,-33.0,113.0,-2.0,9.0,-33.0,112.0,0.0,1.0,0.0,0.0,0.0,0.0,2.0,1.0,-1.0,1.0,-51.0,51.0,-73.0,79.0,-22.0,28.0,0.9324,0.0676
75760975,0,0,34,83,0.4911,0.20550000000000002,0.2192,0.047599999999999976,0.3214,0.03570000000000001,0.2857,2.0,-151.0,-11.0,-9.0,1.0,8.0,-7.0,9.0,6.0,11.0,438.0,146.0,4.0,27.0,46.64,18.25,109.0,44.0,30.67,15.94,-3.0,10.0,-60.0,134.0,3.0,15.0,-18.0,254.0,-42.0,-120.0,0.0,1.0,1.0,5.0,-1.0,3.0,-2.0,2.0,9.0,68.0,8.0,58.0,-1.0,-10.0,-0.0695,0.5575
75760975,1,1,34,83,0.4911,0.0872,0.4459,0.1785,0.4286,0.21419999999999995,0.3929,-2.0,151.0,11.0,9.0,6.0,11.0,-7.0,9.0,1.0,8.0,436.0,297.0,15.0,36.0,16.119999999999997,27.0,11.0,143.0,6.020000000000003,39.91,3.0,15.0,-18.0,254.0,-3.0,10.0,-60.0,134.0,42.0,120.0,-1.0,1.0,-8.0,8.0,1.0,4.0,-4.0,4.0,-42.0,50.0,52.0,107.0,94.0,57.0,0.2593,0.0992
75761040,0,0,29,103,0.7007,0.07239999999999999,0.1729,0.012899999999999967,0.2826,-0.02779999999999999,0.2778,216.0,-589.0,2.0,-30.0,-2.0,10.0,-2.0,8.0,0.0,18.0,65.0,236.0,0.0,26.0,14.019999999999996,23.6,39.0,61.0,12.600000000000001,19.29,-3.0,6.0,-71.0,116.0,3.0,5.0,48.0,73.0,-119.0,43.0,1.0,1.0,-4.0,32.0,-2.0,3.0,-1.0,1.0,70.0,35.0,-11.0,35.0,-81.0,0.0,0.1724,0.0325
75761040,1,1,29,103,0.7007,-0.05510000000000004,0.6044,0.0049000000000000155,0.6087,0.0625,0.5,-216.0,589.0,-2.0,30.0,0.0,18.0,-2.0,8.0,-2.0,10.0,-151.0,825.0,-2.0,56.0,-8.39,45.83,-43.0,131.0,-10.170000000000002,35.1,3.0,5.0,48.0,73.0,-3.0,6.0,-71.0,116.0,119.0,-43.0,0.0,1.0,-2.0,15.0,2.0,2.0,0.0,0.0,-37.0,58.0,-22.0,38.0,15.0,-20.0,-0.1536,0.2022
75776353,0,0,30,100,0.6623,-0.15589999999999998,0.3263,-0.07500000000000001,0.375,-0.022399999999999975,0.3438,-348.0,-6.0,-12.0,-6.0,-2.0,11.0,-4.0,7.0,2.0,14.0,-197.0,310.0,-6.0,24.0,-15.62,28.18,-43.0,73.0,-16.869999999999997,26.49,-5.0,21.0,-33.0,139.0,-4.0,11.0,-70.0,177.0,37.0,-38.0,-2.0,3.0,-34.0,38.0,-2.0,5.0,-1.0,1.0,-116.0,141.0,-16.0,70.0,100.0,-71.0,0.1447,0.0139
75776353,1,1,30,100,0.6623,0.3718,0.3326,0.13119999999999998,0.4688,0.13390000000000002,0.4375,348.0,6.0,12.0,6.0,2.0,14.0,-4.0,7.0,-2.0,11.0,151.0,316.0,6.0,30.0,6.620000000000001,22.57,44.0,72.0,12.540000000000003,20.88,-4.0,11.0,-70.0,177.0,-5.0,21.0,-33.0,139.0,-37.0,38.0,2.0,1.0,20.0,11.0,-4.0,6.0,-1.0,1.0,-12.0,64.0,53.0,29.0,65.0,-35.0,0.1415,0.0304
75777398,0,1,21,46,0.4299,0.1882,0.0622,0.25,0.0789,0.2223,0.0833,100.0,33.0,11.0,-2.0,8.0,3.0,-11.0,30.0,3.0,3.0,132.0,45.0,19.0,6.0,1.0899999999999999,15.0,15.0,24.0,0.9199999999999999,10.15,3.0,2.0,83.0,40.0,8.0,5.0,170.0,95.0,-87.0,-55.0,2.0,0.0,20.0,0.0,0.0,0.0,2.0,2.0,49.0,0.0,24.0,0.0,-25.0,0.0,-0.46399999999999997,1.0
75777398,1,0,21,48,0.4486,0.020499999999999997,0.0434,0.10519999999999999,0.1053,0.08339999999999999,0.0833,-180.0,-12.0,-11.0,-1.0,3.0,3.0,-11.0,29.0,8.0,4.0,16.0,32.0,8.0,8.0,-2.67,10.67,7.0,11.0,6.55,0.58,10.0,3.0,190.0,57.0,1.0,2.0,24.0,40.0,166.0,17.0,0.0,0.0,0.0,0.0,3.0,1.0,2.0,0.0,0.0,0.0,115.0,38.0,115.0,38.0,0.0,1.0
75778169,0,0,28,119,0.8322,-0.195,0.5511,-0.07,0.39,-0.0937,0.4375,-269.0,225.0,-14.0,-15.0,-3.0,14.0,0.0,3.0,3.0,15.0,-416.0,609.0,-7.0,39.0,-25.95,43.5,-46.0,95.0,-10.7,24.95,-1.0,5.0,11.0,55.0,22.0,47.0,221.0,627.0,-210.0,-572.0,5.0,1.0,36.0,14.0,1.0,1.0,-1.0,1.0,38.0,153.0,9.0,21.0,-29.0,-132.0,-0.0463,0.0809
75778169,1,1,28,119,0.8322,0.08980000000000005,0.3475,0.06999999999999995,0.54,0.0937,0.4688,269.0,-225.0,14.0,15.0,3.0,15.0,0.0,3.0,-3.0,14.0,-147.0,384.0,7.0,54.0,-12.430000000000001,25.6,-54.0,94.0,-18.47,30.4,22.0,47.0,221.0,627.0,-1.0,5.0,11.0,55.0,210.0,572.0,1.0,0.0,10.0,0.0,2.0,8.0,1.0,0.0,21.0,15.0,178.0,474.0,157.0,459.0,0.1607,0.2736
75778542,0,1,26,50,0.3817,0.1008,0.0988,0.0663,0.2045,0.08330000000000001,0.1667,40.0,-63.0,2.0,3.0,3.0,4.0,-1.0,18.0,2.0,2.0,118.0,77.0,4.0,9.0,8.61,19.25,38.0,25.0,10.34,7.04,2.0,2.0,48.0,8.0,0.0,0.0,0.0,0.0,48.0,8.0,0.0,0.0,0.0,0.0,1.0,0.0,-1.0,2.0,0.0,0.0,32.0,0.0,32.0,0.0,0.0,1.0
75778542,1,0,26,53,0.4046,0.0484,0.1612,0.00940000000000002,0.1364,0.0238,0.0833,-55.0,24.0,-5.0,-3.0,1.0,2.0,-2.0,18.0,5.0,4.0,81.0,128.0,1.0,6.0,5.670000000000002,64.0,62.0,119.0,18.64,77.78,-2.0,2.0,-26.0,26.0,0.0,2.0,24.0,8.0,-50.0,18.0,0.0,0.0,0.0,0.0,0.0,0.0,-2.0,2.0,0.0,0.0,0.0,0.0,0.0,0.0,0.0,1.0
75778962,0,0,23,75,0.6466,0.1089,0.1149,0.0834,0.2083,0.05560000000000001,0.1944,18.0,-32.0,-8.0,-8.0,2.0,7.0,-10.0,20.0,8.0,9.0,74.0,88.0,6.0,15.0,5.43,12.57,26.0,25.0,7.03,6.29,1.0,4.0,12.0,62.0,15.0,21.0,178.0,396.0,-166.0,-334.0,1.0,0.0,16.0,0.0,2.0,1.0,-2.0,2.0,51.0,0.0,0.0,0.0,-51.0,0.0,-0.8815999999999999,1.0
75778962,1,1,23,75,0.6466,0.0864,0.1567,0.1945,0.3194,0.2222,0.25,-18.0,32.0,8.0,8.0,8.0,9.0,-10.0,20.0,2.0,7.0,56.0,120.0,14.0,23.0,-2.9800000000000004,13.33,14.0,37.0,-0.4499999999999993,13.18,15.0,21.0,178.0,396.0,1.0,4.0,12.0,62.0,166.0,334.0,1.0,0.0,4.0,0.0,3.0,0.0,-7.0,9.0,66.0,8.0,354.0,150.0,288.0,142.0,-0.04729999999999998,0.1972
75781174,0,0,38,138,0.7263,-0.054200000000000026,0.4615,0.0131,0.3553,0.0,0.375,-157.0,-111.0,2.0,-22.0,0.0,9.0,0.0,0.0,0.0,15.0,-77.0,666.0,1.0,27.0,-8.560000000000002,74.0,-177.0,340.0,-50.199999999999996,107.63,-7.0,7.0,-71.0,71.0,-3.0,11.0,-52.0,144.0,-19.0,-73.0,2.0,0.0,18.0,0.0,-5.0,5.0,0.0,0.0,32.0,0.0,0.0,0.0,-32.0,0.0,-0.951,1.0
75781174,1,1,38,138,0.7263,0.054200000000000026,0.5385,-0.0131,0.6447,0.0,0.625,157.0,111.0,-2.0,22.0,0.0,15.0,0.0,0.0,0.0,9.0,80.0,777.0,-1.0,49.0,5.330000000000005,51.8,-107.0,250.0,-32.589999999999996,68.71,-3.0,11.0,-52.0,144.0,-7.0,7.0,-71.0,71.0,19.0,73.0,-1.0,1.0,-8.0,8.0,4.0,0.0,0.0,0.0,-71.0,71.0,-84.0,144.0,-13.0,73.0,0.9701,0.0299
75781277,0,0,36,92,0.5055,0.007200000000000012,0.1803,0.09969999999999998,0.1944,0.07139999999999999,0.1786,-363.0,54.0,-16.0,-2.0,1.0,5.0,-11.0,18.0,6.0,5.0,7.0,134.0,6.0,14.0,-3.3000000000000007,26.8,-13.0,50.0,-10.66,19.14,10.0,1.0,98.0,22.0,4.0,1.0,31.0,20.0,67.0,2.0,0.0,0.0,0.0,0.0,2.0,0.0,2.0,0.0,7.0,0.0,44.0,22.0,37.0,22.0,-0.5561,1.0
75781277,1,1,36,92,0.5055,0.4907,0.1077,0.33659999999999995,0.2222,0.27969999999999995,0.1786,363.0,-54.0,16.0,2.0,6.0,5.0,-11.0,18.0,1.0,5.0,370.0,80.0,22.0,16.0,24.909999999999997,16.0,91.0,21.0,29.099999999999998,4.8,4.0,1.0,31.0,20.0,10.0,1.0,98.0,22.0,-67.0,-2.0,1.0,0.0,8.0,0.0,1.0,0.0,1.0,1.0,45.0,0.0,3.0,0.0,-42.0,0.0,-0.8821,1.0
75785726,0,0,24,99,0.8319,-0.12309999999999999,0.3009,-0.013600000000000001,0.2969,-0.03570000000000001,0.25,-254.0,52.0,-3.0,-14.0,-2.0,8.0,-3.0,12.0,1.0,12.0,-107.0,254.0,-2.0,19.0,-7.25,31.75,-22.0,59.0,-8.660000000000002,19.92,2.0,7.0,33.0,79.0,7.0,30.0,-12.0,359.0,45.0,-280.0,0.0,0.0,0.0,0.0,2.0,3.0,0.0,1.0,3.0,55.0,0.0,0.0,-3.0,-55.0,0.0599,0.0452
75785726,1,1,24,99,0.8319,0.18269999999999997,0.2393,0.051100000000000034,0.5156,0.08929999999999999,0.375,254.0,-52.0,3.0,14.0,1.0,12.0,-3.0,12.0,-2.0,8.0,147.0,202.0,1.0,33.0,10.020000000000003,16.83,77.0,36.0,20.36,12.53,7.0,30.0,-12.0,359.0,2.0,7.0,33.0,79.0,-45.0,280.0,1.0,0.0,2.0,0.0,-2.0,4.0,1.0,0.0,31.0,62.0,-19.0,304.0,-50.0,242.0,0.06090000000000001,0.1094
75787078,0,1,42,158,0.7524,0.17200000000000004,0.3881,0.12830000000000003,0.4342,0.10830000000000001,0.4167,361.0,4.0,18.0,2.0,6.0,15.0,0.0,7.0,-2.0,14.0,185.0,449.0,12.0,33.0,0.26000000000000156,29.93,19.0,71.0,2.25,20.5,-1.0,11.0,-110.0,218.0,1.0,5.0,-32.0,105.0,-78.0,113.0,-1.0,2.0,-13.0,25.0,-1.0,7.0,1.0,0.0,-74.0,99.0,-20.0,33.0,54.0,-66.0,-0.19190000000000002,0.2923
75787078,1,0,42,158,0.7524,-0.147,0.3846,-0.09539999999999998,0.4079,-0.08890000000000003,0.3889,-361.0,-4.0,-18.0,-2.0,-2.0,14.0,0.0,7.0,6.0,15.0,-176.0,445.0,-6.0,31.0,-9.369999999999997,31.79,-38.0,78.0,-6.370000000000001,18.37,1.0,5.0,-32.0,105.0,-1.0,11.0,-110.0,218.0,78.0,-113.0,-3.0,3.0,-62.0,62.0,-3.0,4.0,2.0,0.0,-111.0,185.0,30.0,6.0,141.0,-179.0,0.0385,0.0201
75796408,0,1,52,218,0.8385,0.22299999999999998,0.2952,0.19690000000000002,0.4231,0.20830000000000004,0.375,410.0,-355.0,38.0,-12.0,6.0,15.0,-2.0,3.0,-8.0,22.0,152.0,289.0,18.0,44.0,1.7300000000000004,19.27,68.0,48.0,13.11,11.34,39.0,35.0,222.0,544.0,-8.0,10.0,-148.0,197.0,370.0,347.0,-4.0,4.0,-72.0,72.0,0.0,12.0,0.0,0.0,-117.0,139.0,92.0,97.0,209.0,-42.0,-0.04150000000000001,0.0947
75796408,1,0,52,232,0.8923,0.010299999999999976,0.3627,0.013499999999999956,0.3365,-0.06390000000000001,0.425,214.0,-363.0,2.0,-30.0,-4.0,17.0,-2.0,3.0,2.0,20.0,-286.0,540.0,0.0,35.0,-12.220000000000002,31.76,-165.0,222.0,-36.36,50.75,-6.0,10.0,-154.0,216.0,107.0,15.0,1318.0,232.0,-1472.0,-16.0,6.0,2.0,106.0,33.0,-4.0,5.0,0.0,0.0,850.0,82.0,13.0,30.0,-837.0,-52.0,-0.0262,0.0499
75797343,0,1,25,99,0.7795,0.3398,0.3944,0.24529999999999996,0.4333,0.31670000000000004,0.3333,496.0,-103.0,22.0,-1.0,5.0,8.0,-6.0,7.0,-3.0,9.0,182.0,409.0,12.0,26.0,-5.659999999999997,51.12,35.0,83.0,13.290000000000003,22.63,1.0,5.0,21.0,38.0,7.0,4.0,88.0,48.0,-67.0,-10.0,1.0,0.0,30.0,0.0,1.0,3.0,0.0,0.0,100.0,36.0,-16.0,16.0,-116.0,-20.0,-0.09699999999999998,0.4849
75797343,1,0,25,99,0.7795,-0.24770000000000003,0.4937,-0.14640000000000003,0.45,-0.07500000000000001,0.375,-496.0,103.0,-22.0,1.0,-3.0,9.0,-6.0,7.0,5.0,8.0,-314.0,512.0,-10.0,27.0,-23.89,56.89,-39.0,97.0,-15.919999999999998,31.58,7.0,4.0,88.0,48.0,1.0,5.0,21.0,38.0,67.0,10.0,0.0,0.0,0.0,0.0,3.0,2.0,-1.0,1.0,37.0,22.0,0.0,0.0,-37.0,-22.0,-0.06309999999999999,0.0779
75798580,0,0,23,71,0.6121,-0.19210000000000002,0.3657,-0.14740000000000003,0.4474,-0.03470000000000001,0.3125,-274.0,0.0,-23.0,3.0,0.0,10.0,1.0,11.0,3.0,11.0,-206.0,343.0,-10.0,34.0,-20.599999999999998,34.3,-117.0,142.0,-39.589999999999996,46.04,9.0,8.0,108.0,110.0,3.0,6.0,54.0,110.0,54.0,0.0,0.0,2.0,4.0,18.0,6.0,2.0,-2.0,3.0,-35.0,83.0,22.0,18.0,57.0,-65.0,-0.11780000000000002,0.1428
75798580,1,1,23,71,0.6121,0.1552,0.3657,0.14210000000000006,0.4079,0.04510000000000003,0.3438,274.0,0.0,23.0,-3.0,3.0,11.0,1.0,11.0,0.0,10.0,68.0,343.0,13.0,31.0,-1.8200000000000003,31.18,-22.0,100.0,-3.240000000000002,24.05,3.0,6.0,54.0,110.0,9.0,8.0,108.0,110.0,-54.0,0.0,-1.0,1.0,-32.0,32.0,-2.0,4.0,2.0,0.0,128.0,36.0,63.0,27.0,-65.0,-9.0,-0.3393,0.372
75812685,0,0,81,81,0.1623,0.42819999999999997,0.0191,0.3325,0.0147,0.3021,0.0312,10.0,0.0,-16.0,0.0,11.0,1.0,-24.0,30.0,17.0,1.0,610.0,10.0,24.0,1.0,41.67,10.0,121.0,10.0,28.16,0.0,0.0,0.0,0.0,0.0,7.0,0.0,118.0,0.0,-118.0,0.0,0.0,0.0,0.0,0.0,0.0,0.0,0.0,0.0,70.0,0.0,0.0,0.0,-70.0,0.0,-0.944,1.0
75812685,1,1,81,81,0.1623,0.421,0.0191,0.5547,0.0147,0.4688,0.0312,-10.0,0.0,16.0,0.0,17.0,1.0,-24.0,30.0,11.0,1.0,600.0,10.0,40.0,1.0,23.89,10.0,98.0,10.0,28.74,0.0,7.0,0.0,118.0,0.0,0.0,0.0,0.0,0.0,118.0,0.0,0.0,0.0,0.0,0.0,5.0,0.0,0.0,0.0,0.0,0.0,48.0,0.0,48.0,0.0,0.0,1.0
75813241,0,1,96,96,0.1924,0.39840000000000003,0.0123,0.5,0.025,0.4643,0.0357,211.0,0.0,17.0,0.0,13.0,1.0,-21.0,26.0,8.0,1.0,342.0,10.0,40.0,2.0,15.14,10.0,55.0,10.0,20.86,0.0,7.0,0.0,100.0,0.0,8.0,0.0,107.0,0.0,-7.0,0.0,1.0,0.0,11.0,0.0,2.0,0.0,0.0,0.0,16.0,0.0,53.0,0.0,37.0,0.0,-0.9323,1.0
75813241,1,0,100,105,0.2104,0.1486,0.024,0.1875,0.025,0.17859999999999998,0.0357,-247.0,0.0,-33.0,0.0,5.0,1.0,-21.0,26.0,16.0,1.0,141.0,20.0,15.0,2.0,6.829999999999998,20.0,41.0,20.0,21.08,0.0,4.0,0.0,56.0,0.0,10.0,0.0,120.0,0.0,-64.0,0.0,0.0,0.0,0.0,0.0,2.0,0.0,0.0,0.0,39.0,0.0,15.0,0.0,-24.0,0.0,-0.9166,1.0
75815070,0,0,27,102,0.7556,-0.06640000000000001,0.2071,0.0020999999999999908,0.2955,-0.005600000000000022,0.2,-234.0,-179.0,-2.0,-16.0,-1.0,8.0,-4.0,20.0,1.0,12.0,-66.0,226.0,-1.0,26.0,-5.390000000000001,28.25,-16.0,54.0,-6.139999999999999,16.47,-4.0,11.0,-5.0,81.0,-4.0,14.0,-58.0,127.0,53.0,-46.0,0.0,0.0,0.0,0.0,-3.0,4.0,-2.0,3.0,-23.0,60.0,-12.0,12.0,11.0,-48.0,-0.0509,0.116
75815070,1,1,27,78,0.5778,0.009799999999999975,0.3022,0.125,0.3523,0.07499999999999998,0.225,35.0,25.0,17.0,-1.0,3.0,9.0,-3.0,23.0,0.0,8.0,-66.0,398.0,11.0,31.0,-16.549999999999997,44.22,-18.0,96.0,-8.459999999999997,30.24,6.0,8.0,62.0,62.0,-1.0,10.0,-11.0,66.0,73.0,-4.0,0.0,0.0,0.0,0.0,1.0,4.0,4.0,0.0,-22.0,44.0,8.0,6.0,30.0,-38.0,0.17600000000000002,0.0089
75815433,0,1,24,71,0.5917,0.054900000000000004,0.3275,0.1814,0.4615,0.09999999999999998,0.4,101.0,-173.0,22.0,-2.0,4.0,8.0,2.0,2.0,-2.0,10.0,-30.0,225.0,12.0,24.0,-11.870000000000001,28.12,11.0,92.0,-6.579999999999998,34.55,2.0,9.0,15.0,75.0,0.0,1.0,2.0,13.0,13.0,62.0,1.0,0.0,1.0,0.0,-1.0,2.0,1.0,0.0,15.0,0.0,5.0,60.0,-10.0,60.0,-0.6889000000000001,1.0
75815433,1,0,24,77,0.6417,-0.18420000000000003,0.68,-0.125,0.4643,-0.125,0.4167,-344.0,386.0,-15.0,1.0,-3.0,10.0,-1.0,5.0,4.0,9.0,-277.0,629.0,-7.0,26.0,-12.61,62.9,-117.0,227.0,-28.770000000000003,65.06,0.0,0.0,0.0,0.0,3.0,7.0,39.0,55.0,-39.0,-55.0,0.0,0.0,0.0,0.0,0.0,0.0,0.0,0.0,-40.0,40.0,0.0,0.0,40.0,-40.0,0.344,0.0527
75815465,0,0,38,98,0.5185,-0.0811,0.2115,-0.017699999999999994,0.2885,-0.041700000000000015,0.2917,-118.0,29.0,-9.0,0.0,-2.0,7.0,-4.0,11.0,2.0,6.0,-95.0,176.0,-2.0,15.0,-8.940000000000001,25.14,-16.0,44.0,-5.0600000000000005,17.32,0.0,6.0,-24.0,97.0,3.0,4.0,26.0,48.0,-50.0,49.0,1.0,0.0,2.0,0.0,1.0,2.0,-3.0,4.0,-15.0,22.0,0.0,0.0,15.0,-22.0,0.19699999999999995,0.2553
75815465,1,1,38,98,0.5185,0.09709999999999999,0.1767,0.1698,0.2885,0.15000000000000002,0.25,118.0,-29.0,9.0,0.0,2.0,6.0,-4.0,11.0,-2.0,7.0,23.0,147.0,7.0,15.0,-3.25,24.5,18.0,63.0,4.860000000000003,20.74,3.0,4.0,26.0,48.0,0.0,6.0,-24.0,97.0,50.0,-49.0,2.0,1.0,9.0,12.0,-1.0,2.0,0.0,1.0,7.0,34.0,44.0,11.0,37.0,-23.0,0.1795,0.0368
75816639,0,0,34,146,0.8439,-0.027100000000000013,0.4015,-0.05890000000000001,0.4265,-0.041700000000000015,0.4167,-11.0,-158.0,-8.0,-10.0,-1.0,10.0,0.0,0.0,1.0,14.0,-70.0,322.0,-4.0,29.0,-4.200000000000003,32.2,33.0,75.0,9.229999999999997,23.1,-4.0,7.0,-30.0,54.0,1.0,7.0,38.0,80.0,-68.0,-26.0,0.0,1.0,1.0,9.0,0.0,2.0,0.0,0.0,21.0,63.0,-21.0,40.0,-42.0,-23.0,-0.10669999999999999,0.1372
75816639,1,1,34,146,0.8439,0.027100000000000013,0.5985,0.05889999999999995,0.5735,0.04169999999999996,0.5833,11.0,158.0,8.0,10.0,1.0,14.0,0.0,0.0,-1.0,10.0,-59.0,480.0,4.0,39.0,-6.219999999999999,34.29,-32.0,106.0,-7.5,26.94,1.0,7.0,38.0,80.0,-4.0,7.0,-30.0,54.0,68.0,26.0,0.0,0.0,0.0,0.0,-2.0,5.0,0.0,0.0,-9.0,14.0,17.0,17.0,26.0,3.0,0.11480000000000001,0.2963
75818582,0,0,26,84,0.6412,-0.011900000000000022,0.5597,-0.041700000000000015,0.4167,-0.017900000000000027,0.3929,-60.0,109.0,-8.0,-6.0,-2.0,11.0,-4.0,4.0,2.0,13.0,-5.0,286.0,-4.0,25.0,5.219999999999999,26.0,33.0,61.0,15.969999999999999,20.22,1.0,6.0,56.0,36.0,10.0,15.0,125.0,161.0,-69.0,-125.0,2.0,1.0,13.0,6.0,0.0,1.0,-1.0,1.0,35.0,63.0,64.0,13.0,29.0,-50.0,0.07060000000000001,0.0149
75818582,1,1,26,84,0.6412,0.1058,0.3464,0.10829999999999995,0.5167,0.1607,0.4643,60.0,-109.0,8.0,6.0,2.0,13.0,-4.0,4.0,-2.0,11.0,55.0,177.0,4.0,31.0,1.8500000000000014,13.62,11.0,36.0,4.290000000000001,9.84,10.0,15.0,125.0,161.0,1.0,6.0,56.0,36.0,69.0,125.0,0.0,0.0,0.0,0.0,2.0,5.0,-1.0,1.0,-3.0,18.0,102.0,86.0,105.0,68.0,0.24689999999999995,0.0976
75823093,0,0,38,135,0.7143,-0.05679999999999996,0.3459,-0.11959999999999998,0.4457,0.0,0.3611,-67.0,-203.0,-26.0,-4.0,0.0,13.0,-4.0,6.0,4.0,17.0,-133.0,340.0,-11.0,41.0,-10.229999999999999,26.15,-4.0,53.0,-2.49,14.97,2.0,13.0,28.0,202.0,12.0,26.0,326.0,430.0,-298.0,-228.0,5.0,2.0,55.0,27.0,2.0,5.0,0.0,0.0,259.0,119.0,32.0,0.0,-227.0,-119.0,-0.0148,0.0318
75823093,1,1,38,133,0.7037,0.09589999999999999,0.5743,0.10870000000000002,0.5,0.08330000000000004,0.5,39.0,248.0,16.0,6.0,3.0,18.0,-4.0,6.0,1.0,12.0,-70.0,572.0,10.0,46.0,-7.880000000000003,31.78,-34.0,101.0,-8.239999999999998,23.06,18.0,22.0,400.0,325.0,6.0,12.0,71.0,156.0,329.0,169.0,3.0,1.0,41.0,17.0,5.0,6.0,-2.0,2.0,40.0,156.0,99.0,218.0,59.0,62.0,0.001299999999999999,0.0134
75825240,0,1,21,64,0.6038,0.08999999999999997,0.38,0.12810000000000005,0.42,0.10709999999999997,0.3929,59.0,140.0,12.0,9.0,5.0,11.0,-2.0,9.0,1.0,8.0,264.0,331.0,15.0,42.0,7.099999999999998,30.09,38.0,61.0,10.149999999999999,15.91,7.0,4.0,82.0,53.0,1.0,16.0,57.0,195.0,25.0,-142.0,0.0,1.0,-15.0,21.0,3.0,1.0,-1.0,2.0,39.0,72.0,10.0,0.0,-29.0,-72.0,-0.13090000000000002,0.2393
75825240,1,0,21,66,0.6226,-0.07940000000000003,0.3052,-0.03190000000000004,0.33,-0.03570000000000001,0.2857,-287.0,-67.0,-17.0,-14.0,0.0,8.0,-1.0,8.0,5.0,12.0,-19.0,278.0,-2.0,33.0,-2.3699999999999974,34.75,38.0,87.0,12.290000000000003,26.77,1.0,16.0,53.0,179.0,5.0,4.0,41.0,60.0,12.0,119.0,0.0,1.0,0.0,4.0,3.0,2.0,1.0,1.0,30.0,30.0,0.0,92.0,-30.0,62.0,-0.3485,0.478
75825491,0,1,26,97,0.7293,0.13989999999999997,0.4229,0.12450000000000006,0.4891,0.17359999999999998,0.3889,196.0,-33.0,13.0,11.0,4.0,14.0,-5.0,9.0,-3.0,13.0,226.0,307.0,9.0,45.0,7.68,21.93,13.0,75.0,-1.1400000000000006,22.47,-7.0,22.0,-144.0,362.0,-2.0,13.0,-48.0,197.0,-96.0,165.0,-1.0,3.0,24.0,24.0,-3.0,6.0,-1.0,1.0,-36.0,142.0,69.0,68.0,105.0,-74.0,-0.1,0.186
75825491,1,0,26,97,0.7293,-0.0776,0.4683,-0.028700000000000003,0.3696,-0.04859999999999998,0.3611,-196.0,33.0,-13.0,-11.0,-3.0,13.0,-5.0,9.0,4.0,14.0,30.0,340.0,-4.0,34.0,10.850000000000001,26.15,-12.0,94.0,-10.57,31.91,-2.0,13.0,-48.0,197.0,-7.0,22.0,-144.0,362.0,96.0,-165.0,-4.0,5.0,-7.0,32.0,0.0,6.0,-1.0,2.0,-187.0,268.0,-1.0,24.0,186.0,-244.0,0.011099999999999999,0.0344
75826720,0,1,19,67,0.6837,0.15039999999999998,0.4323,0.0796,0.5104,0.066,0.4062,336.0,94.0,19.0,12.0,4.0,13.0,3.0,9.0,-3.0,10.0,74.0,412.0,10.0,49.0,-3.1000000000000014,31.69,11.0,79.0,-2.460000000000001,27.64,3.0,10.0,22.0,139.0,9.0,6.0,109.0,79.0,-87.0,60.0,2.0,1.0,38.0,4.0,0.0,3.0,1.0,0.0,144.0,41.0,57.0,75.0,-87.0,34.0,-0.1528,0.1944
75826720,1,0,19,67,0.6837,-0.2666,0.3337,-0.1054,0.3854,-0.11810000000000001,0.3125,-336.0,-94.0,-19.0,-12.0,-3.0,10.0,3.0,9.0,4.0,13.0,-262.0,318.0,-9.0,37.0,-23.8,31.8,-68.0,84.0,-20.839999999999996,25.24,9.0,6.0,109.0,79.0,3.0,10.0,22.0,139.0,87.0,-60.0,-1.0,3.0,-33.0,49.0,2.0,4.0,0.0,0.0,-39.0,64.0,-35.0,38.0,4.0,-26.0,0.1107,0.0707
75827029,0,0,27,120,0.8824,-0.2404,0.3892,-0.13640000000000002,0.4091,-0.09999999999999998,0.35,-261.0,66.0,-18.0,3.0,-2.0,7.0,-2.0,7.0,4.0,6.0,-182.0,253.0,-6.0,18.0,-21.94,36.14,-32.0,59.0,-11.219999999999999,20.18,0.0,2.0,-20.0,33.0,4.0,3.0,27.0,40.0,-47.0,-7.0,0.0,1.0,-16.0,22.0,0.0,0.0,1.0,0.0,-1.0,40.0,-25.0,33.0,-24.0,-7.0,0.0483,0.0303
75827029,1,1,27,120,0.8824,0.26999999999999996,0.2877,0.27270000000000005,0.3409,0.2,0.3,261.0,-66.0,18.0,-3.0,4.0,6.0,-2.0,7.0,-2.0,7.0,79.0,187.0,12.0,15.0,-4.57,31.17,12.0,72.0,2.6700000000000017,26.58,4.0,3.0,27.0,40.0,0.0,2.0,-20.0,33.0,47.0,7.0,-1.0,1.0,0.0,0.0,1.0,2.0,1.0,0.0,0.0,0.0,5.0,0.0,5.0,0.0,0.0,1.0
75828924,0,1,25,85,0.6746,0.15530000000000005,0.3354,0.09819999999999995,0.5,0.09819999999999995,0.4375,236.0,-196.0,21.0,5.0,1.0,14.0,-1.0,3.0,-4.0,15.0,153.0,270.0,9.0,58.0,8.91,19.29,27.0,58.0,4.52,14.3,-7.0,23.0,-66.0,243.0,7.0,5.0,202.0,50.0,-268.0,193.0,0.0,2.0,32.0,14.0,-4.0,8.0,-1.0,1.0,199.0,18.0,-58.0,129.0,-257.0,111.0,-0.41800000000000004,0.4509
75828924,1,0,25,89,0.7063,-0.19440000000000002,0.4722,-0.1367,0.4224,-0.11609999999999998,0.4375,-320.0,13.0,-31.0,-13.0,-5.0,14.0,-1.0,3.0,2.0,15.0,-249.0,476.0,-17.0,49.0,-8.780000000000001,34.0,-20.0,91.0,-6.010000000000002,29.12,5.0,6.0,145.0,51.0,-6.0,21.0,-64.0,231.0,209.0,-180.0,2.0,0.0,16.0,0.0,1.0,3.0,-1.0,1.0,-28.0,73.0,25.0,28.0,53.0,-45.0,-0.06420000000000001,0.0883
75835292,0,0,28,91,0.65,-0.12739999999999999,0.2704,-0.0605,0.35,-0.04510000000000003,0.3889,-372.0,-368.0,-11.0,-18.0,-3.0,14.0,-3.0,6.0,2.0,16.0,-127.0,292.0,-6.0,28.0,-5.859999999999999,20.86,-20.0,47.0,-8.27,13.69,3.0,18.0,6.0,299.0,2.0,4.0,17.0,56.0,-11.0,243.0,0.0,0.0,0.0,0.0,-1.0,7.0,2.0,0.0,2.0,47.0,84.0,39.0,82.0,-8.0,-0.1481,0.2416
75835292,1,1,28,90,0.6429,0.2778,0.4753,0.06640000000000001,0.5125,0.11449999999999999,0.4167,656.0,82.0,7.0,8.0,2.0,15.0,-3.0,6.0,-3.0,15.0,531.0,442.0,3.0,41.0,27.770000000000003,29.47,140.0,95.0,33.16,24.26,-1.0,6.0,-26.0,71.0,5.0,14.0,74.0,199.0,-100.0,-128.0,-1.0,3.0,4.0,36.0,-1.0,4.0,-1.0,1.0,4.0,135.0,-5.0,5.0,-9.0,-130.0,-0.057499999999999996,0.0838
75836803,0,0,100,128,0.2565,0.24209999999999998,0.0458,0.2187,0.0938,0.1874,0.0938,-209.0,-23.0,-22.0,0.0,6.0,3.0,-24.0,26.0,18.0,3.0,151.0,33.0,14.0,6.0,9.440000000000001,11.0,41.0,19.0,11.719999999999999,7.0,1.0,2.0,-12.0,20.0,4.0,1.0,59.0,3.0,-71.0,17.0,1.0,0.0,6.0,0.0,1.0,0.0,-1.0,1.0,39.0,0.0,0.0,0.0,-39.0,0.0,-0.9251,1.0
75836803,1,1,100,128,0.2565,0.5733,0.0777,0.5624,0.0938,0.5624,0.0938,209.0,23.0,22.0,0.0,18.0,3.0,-24.0,26.0,6.0,3.0,360.0,56.0,36.0,6.0,1.139999999999997,18.67,23.0,22.0,9.959999999999999,3.06,4.0,1.0,59.0,3.0,1.0,2.0,-12.0,20.0,71.0,-17.0,0.0,0.0,0.0,0.0,2.0,0.0,-1.0,1.0,8.0,0.0,23.0,0.0,15.0,0.0,-0.9099,1.0
75837587,0,0,39,143,0.7333,-0.08439999999999998,0.3836,-0.07900000000000001,0.4474,-0.10720000000000002,0.4643,-191.0,-158.0,-16.0,-4.0,-3.0,13.0,-1.0,1.0,4.0,14.0,-104.0,364.0,-6.0,34.0,-2.0,28.0,-14.0,81.0,-2.6900000000000013,25.53,1.0,6.0,29.0,76.0,8.0,10.0,35.0,160.0,-6.0,-84.0,0.0,2.0,-5.0,27.0,1.0,3.0,0.0,0.0,54.0,64.0,-28.0,33.0,-82.0,-31.0,-0.14200000000000002,0.1658
75837587,1,1,39,139,0.7128,0.06410000000000005,0.5659,0.17099999999999993,0.4474,0.14279999999999998,0.4643,-50.0,227.0,18.0,0.0,4.0,13.0,-2.0,2.0,-2.0,13.0,-189.0,618.0,13.0,34.0,-22.3,47.54,-38.0,108.0,-14.420000000000002,33.88,14.0,7.0,148.0,98.0,0.0,7.0,-20.0,117.0,168.0,-19.0,0.0,1.0,12.0,6.0,7.0,2.0,-1.0,1.0,24.0,67.0,56.0,80.0,32.0,13.0,-0.013400000000000009,0.1043
75837588,0,0,21,63,0.6058,-0.05099999999999999,0.1784,-0.011399999999999993,0.25,-0.059,0.2812,-400.0,-144.0,-14.0,-12.0,-1.0,9.0,-2.0,12.0,7.0,11.0,6.0,155.0,0.0,21.0,2.900000000000002,17.22,7.0,54.0,0.46999999999999886,18.94,2.0,9.0,75.0,106.0,-1.0,4.0,-3.0,47.0,78.0,59.0,1.0,0.0,9.0,0.0,2.0,3.0,-2.0,2.0,24.0,19.0,-24.0,54.0,-48.0,35.0,-0.3368,0.3866
75837588,1,1,21,57,0.5481,0.3049,0.1659,0.15690000000000004,0.2976,0.1355,0.2812,365.0,16.0,11.0,5.0,6.0,9.0,-3.0,15.0,1.0,8.0,349.0,111.0,15.0,25.0,18.340000000000003,12.33,50.0,30.0,12.729999999999999,8.49,-3.0,6.0,-34.0,94.0,6.0,7.0,134.0,88.0,-168.0,6.0,-1.0,2.0,-2.0,12.0,1.0,1.0,-4.0,5.0,24.0,16.0,0.0,0.0,-24.0,-16.0,-0.47620000000000007,0.7868
75840329,0,0,28,105,0.75,0.06169999999999999,0.0971,0.04580000000000001,0.1875,0.03570000000000001,0.2143,64.0,-277.0,6.0,-18.0,0.0,6.0,-2.0,10.0,-2.0,12.0,62.0,90.0,2.0,12.0,10.329999999999998,15.0,2.0,43.0,-3.1899999999999995,14.41,-2.0,6.0,-63.0,102.0,0.0,4.0,-3.0,42.0,-60.0,60.0,0.0,0.0,0.0,0.0,-2.0,2.0,-1.0,2.0,11.0,21.0,-4.0,39.0,-15.0,18.0,-0.1749,0.2315
75840329,1,1,28,105,0.75,-0.014499999999999957,0.3959,-0.035499999999999976,0.4688,-0.011899999999999966,0.4286,-64.0,277.0,-6.0,18.0,-2.0,12.0,-2.0,10.0,0.0,6.0,-2.0,367.0,-4.0,30.0,5.920000000000002,30.58,-40.0,108.0,-8.39,28.26,0.0,4.0,-3.0,42.0,-2.0,6.0,-63.0,102.0,60.0,-60.0,-1.0,1.0,-9.0,9.0,1.0,2.0,-2.0,2.0,-32.0,32.0,7.0,0.0,39.0,-32.0,0.9390000000000001,0.061
75840368,0,0,25,76,0.6129,0.022300000000000014,0.2386,-0.07890000000000003,0.3684,0.031299999999999994,0.1875,-94.0,14.0,-17.0,-4.0,1.0,6.0,-5.0,16.0,4.0,10.0,31.0,172.0,-6.0,28.0,0.3299999999999983,28.67,-47.0,95.0,-19.78,35.27,-4.0,9.0,-79.0,141.0,12.0,10.0,200.0,126.0,-279.0,15.0,0.0,1.0,5.0,6.0,-2.0,2.0,-3.0,3.0,59.0,26.0,17.0,45.0,-42.0,19.0,-0.0404,0.0934
75840368,1,1,25,76,0.6129,0.14470000000000002,0.2191,0.1447,0.4211,0.125,0.3125,94.0,-14.0,17.0,4.0,4.0,10.0,-5.0,16.0,1.0,6.0,125.0,158.0,11.0,32.0,4.41,15.8,28.0,42.0,7.15,13.51,12.0,10.0,200.0,126.0,-4.0,9.0,-79.0,141.0,279.0,-15.0,-1.0,1.0,-11.0,11.0,0.0,2.0,-2.0,2.0,-35.0,35.0,167.0,74.0,202.0,39.0,0.6669,0.3331
75845040,0,1,25,83,0.6535,0.11089999999999997,0.2295,0.15000000000000002,0.3833,0.14289999999999997,0.3214,59.0,-63.0,14.0,-3.0,4.0,9.0,-3.0,7.0,-1.0,12.0,47.0,98.0,9.0,23.0,0.2599999999999998,10.89,-4.0,37.0,-2.119999999999999,11.94,24.0,27.0,370.0,287.0,10.0,4.0,203.0,48.0,167.0,239.0,0.0,0.0,0.0,0.0,1.0,6.0,-3.0,3.0,132.0,0.0,333.0,80.0,201.0,80.0,-0.9423,1.0
75845040,1,0,25,84,0.6614,-0.14700000000000002,0.4582,-0.10000000000000003,0.4333,-0.07150000000000001,0.4286,-149.0,133.0,-16.0,3.0,-2.0,12.0,-3.0,7.0,5.0,9.0,-70.0,192.0,-6.0,26.0,-3.8000000000000007,16.0,-25.0,58.0,-4.24,15.49,12.0,4.0,237.0,51.0,23.0,31.0,359.0,332.0,-122.0,-281.0,0.0,5.0,-21.0,64.0,1.0,1.0,0.0,1.0,30.0,175.0,112.0,23.0,82.0,-152.0,0.015399999999999997,0.047
75845161,0,1,17,37,0.4205,0.2978,0.1362,0.22730000000000003,0.1818,0.2188,0.125,183.0,53.0,18.0,2.0,7.0,4.0,-9.0,24.0,2.0,4.0,245.0,87.0,20.0,16.0,8.43,21.75,61.0,30.0,18.490000000000002,5.56,1.0,2.0,19.0,36.0,7.0,9.0,59.0,141.0,-40.0,-105.0,0.0,0.0,0.0,0.0,0.0,0.0,0.0,2.0,41.0,0.0,24.0,0.0,-17.0,0.0,-0.9135,1.0
75845161,1,0,17,37,0.4205,0.0723,0.0532,0.022699999999999998,0.1591,0.0625,0.125,-183.0,-53.0,-18.0,-2.0,2.0,4.0,-9.0,24.0,7.0,4.0,62.0,34.0,2.0,14.0,7.5,8.5,26.0,16.0,10.16,5.74,7.0,9.0,59.0,141.0,1.0,2.0,19.0,36.0,40.0,105.0,0.0,0.0,0.0,0.0,2.0,0.0,4.0,4.0,0.0,0.0,0.0,0.0,0.0,0.0,0.0,1.0
75848499,0,0,28,107,0.7483,-0.0811,0.3195,-0.0993,0.4118,-0.04910000000000003,0.4062,-182.0,-61.0,-13.0,-7.0,-3.0,13.0,-1.0,5.0,0.0,14.0,-99.0,361.0,-8.0,28.0,-1.5700000000000003,27.77,14.0,52.0,7.990000000000002,14.45,3.0,1.0,43.0,14.0,3.0,4.0,40.0,62.0,3.0,-48.0,1.0,0.0,8.0,0.0,1.0,1.0,1.0,0.0,59.0,2.0,0.0,0.0,-59.0,-2.0,-0.4425,0.4709
75848499,1,1,28,100,0.6993,-0.131,0.4855,0.05060000000000009,0.5588,0.031200000000000006,0.4688,-265.0,313.0,5.0,13.0,-1.0,15.0,-1.0,5.0,-2.0,12.0,-224.0,570.0,1.0,38.0,-13.29,38.0,-150.0,190.0,-34.480000000000004,43.56,1.0,7.0,-85.0,161.0,-1.0,6.0,12.0,77.0,-97.0,84.0,1.0,0.0,4.0,0.0,1.0,2.0,-2.0,2.0,-29.0,77.0,-50.0,78.0,-21.0,1.0,0.013000000000000001,0.0217
75850159,0,1,61,76,0.2492,0.4422,0.0136,0.4583,0.0417,0.4167,0.0833,223.0,0.0,20.0,0.0,12.0,2.0,-14.0,20.0,6.0,2.0,362.0,9.0,35.0,3.0,22.0,4.5,58.0,6.0,18.8,2.12,3.0,0.0,57.0,0.0,4.0,0.0,76.0,0.0,-19.0,0.0,0.0,0.0,0.0,0.0,2.0,0.0,1.0,0.0,0.0,0.0,0.0,0.0,0.0,0.0,0.0,1.0
75850159,1,0,61,82,0.2689,0.2439,0.0388,0.3004,0.0417,0.2738,0.0833,-226.0,0.0,-18.0,0.0,8.0,2.0,-18.0,20.0,14.0,2.0,198.0,27.0,23.0,3.0,9.0,13.5,44.0,15.0,15.379999999999999,2.12,10.0,0.0,122.0,0.0,7.0,0.0,117.0,0.0,5.0,0.0,2.0,0.0,30.0,0.0,1.0,0.0,1.0,0.0,90.0,0.0,93.0,0.0,3.0,0.0,-0.9807,1.0
75850258,0,0,24,84,0.6942,-0.0912,0.1439,-0.14470000000000002,0.3421,-0.1,0.25,-231.0,51.0,-22.0,3.0,-4.0,10.0,0.0,19.0,4.0,11.0,-128.0,200.0,-11.0,26.0,-8.0,20.0,-10.0,40.0,-3.49,14.24,5.0,5.0,142.0,124.0,2.0,5.0,16.0,129.0,126.0,-5.0,0.0,0.0,0.0,0.0,2.0,1.0,2.0,4.0,-25.0,25.0,0.0,0.0,25.0,-25.0,0.6647000000000001,0.3353
75850258,1,1,24,84,0.6942,0.07739999999999998,0.1072,0.14480000000000004,0.3026,0.09999999999999998,0.275,231.0,-51.0,22.0,-3.0,4.0,11.0,0.0,19.0,-4.0,10.0,103.0,149.0,11.0,23.0,3.25,13.55,29.0,29.0,6.890000000000001,8.61,2.0,5.0,16.0,129.0,5.0,5.0,142.0,124.0,-126.0,5.0,1.0,1.0,30.0,0.0,-1.0,1.0,3.0,1.0,61.0,28.0,-31.0,73.0,-92.0,45.0,0.0131,0.0619
75851051,0,0,41,174,0.8447,-0.030800000000000022,0.2363,-0.19440000000000002,0.5,-0.1562,0.5,-440.0,-88.0,-25.0,4.0,-3.0,14.0,3.0,4.0,4.0,10.0,105.0,172.0,-12.0,34.0,12.89,12.29,61.0,41.0,18.8,10.68,-5.0,13.0,-57.0,176.0,7.0,17.0,121.0,212.0,-178.0,-36.0,-2.0,5.0,-3.0,39.0,1.0,3.0,0.0,1.0,46.0,126.0,-121.0,127.0,-167.0,1.0,0.014699999999999998,0.0403
75851051,1,1,41,168,0.8155,-0.02510000000000001,0.6237,-0.033499999999999974,0.6029,-0.0938,0.5,-42.0,559.0,-1.0,18.0,-1.0,14.0,3.0,4.0,2.0,10.0,99.0,663.0,0.0,41.0,11.259999999999998,47.36,8.0,329.0,14.959999999999994,84.01,12.0,13.0,155.0,159.0,-10.0,18.0,-114.0,250.0,269.0,-91.0,-1.0,1.0,-20.0,20.0,2.0,1.0,-1.0,1.0,-20.0,142.0,119.0,141.0,139.0,-1.0,0.009800000000000003,0.0498
75851214,0,1,32,125,0.7764,-0.20139999999999997,0.5105,-0.045499999999999985,0.5682,-0.041700000000000015,0.5,-178.0,146.0,-4.0,12.0,-1.0,12.0,0.0,6.0,1.0,6.0,-108.0,244.0,-2.0,25.0,-7.969999999999999,20.33,-12.0,39.0,-3.4300000000000006,10.38,4.0,9.0,31.0,140.0,-4.0,7.0,-68.0,116.0,99.0,24.0,0.0,0.0,0.0,0.0,4.0,1.0,2.0,0.0,-53.0,53.0,-82.0,123.0,-29.0,70.0,0.7998000000000001,0.2002
75851214,1,0,32,131,0.8137,0.05119999999999997,0.335,-0.045399999999999996,0.3409,-0.041700000000000015,0.2917,78.0,-67.0,-4.0,-8.0,-1.0,7.0,0.0,6.0,1.0,11.0,6.0,206.0,-2.0,15.0,5.899999999999999,29.43,20.0,54.0,10.729999999999999,13.06,-1.0,3.0,-14.0,46.0,5.0,10.0,81.0,153.0,-95.0,-107.0,1.0,0.0,10.0,0.0,-1.0,2.0,0.0,0.0,59.0,21.0,21.0,0.0,-38.0,-21.0,-0.21739999999999998,0.2878
75851849,0,0,17,45,0.5114,0.092,0.1078,0.07399999999999998,0.213,0.125,0.1875,-157.0,-64.0,-17.0,-7.0,4.0,6.0,-11.0,18.0,7.0,8.0,100.0,112.0,8.0,23.0,2.5299999999999976,18.67,21.0,30.0,7.139999999999999,10.35,8.0,4.0,138.0,84.0,-1.0,3.0,-13.0,61.0,151.0,23.0,0.0,1.0,-22.0,24.0,5.0,1.0,-3.0,3.0,-12.0,31.0,32.0,0.0,44.0,-31.0,-0.21930000000000005,0.5066
75851849,1,1,17,45,0.5114,0.23870000000000002,0.1694,0.23149999999999998,0.2778,0.2188,0.25,157.0,64.0,17.0,7.0,7.0,8.0,-11.0,18.0,4.0,6.0,257.0,176.0,25.0,30.0,6.870000000000001,22.0,14.0,60.0,2.3900000000000006,19.18,-1.0,3.0,-13.0,61.0,8.0,4.0,138.0,84.0,-151.0,-23.0,3.0,0.0,45.0,0.0,0.0,1.0,-1.0,1.0,174.0,16.0,26.0,3.0,-148.0,-13.0,-0.36419999999999997,0.3987
75852143,0,1,58,128,0.4399,0.17159999999999997,0.5546,0.14040000000000002,0.4792,0.1652,0.4062,67.0,275.0,21.0,1.0,3.0,13.0,-5.0,5.0,-2.0,14.0,6.0,543.0,11.0,46.0,-7.460000000000001,41.77,-11.0,95.0,-2.8599999999999994,29.0,5.0,7.0,72.0,77.0,-10.0,29.0,-198.0,393.0,270.0,-316.0,-1.0,3.0,-20.0,41.0,2.0,6.0,0.0,0.0,-80.0,140.0,-5.0,6.0,75.0,-134.0,0.2069,0.0356
75852143,1,0,58,130,0.4467,-0.022699999999999998,0.2148,-0.1114,0.4375,-0.04459999999999997,0.4375,-163.0,-411.0,-25.0,-7.0,-3.0,14.0,-5.0,5.0,4.0,13.0,-39.0,218.0,-12.0,42.0,0.6999999999999993,15.57,-24.0,71.0,-3.4000000000000004,18.84,-8.0,30.0,-124.0,370.0,5.0,7.0,84.0,65.0,-208.0,305.0,0.0,2.0,3.0,10.0,-4.0,9.0,-1.0,1.0,89.0,59.0,41.0,143.0,-48.0,84.0,-0.007800000000000001,0.0551
75854043,0,1,40,164,0.8119,0.09840000000000004,0.5064,0.019000000000000017,0.5435,0.026800000000000046,0.5357,255.0,113.0,6.0,13.0,3.0,15.0,2.0,3.0,-1.0,10.0,229.0,550.0,4.0,50.0,6.609999999999999,36.67,17.0,93.0,3.210000000000001,27.74,6.0,6.0,103.0,54.0,2.0,3.0,28.0,33.0,75.0,21.0,0.0,0.0,0.0,0.0,2.0,4.0,0.0,0.0,-13.0,20.0,0.0,0.0,13.0,-20.0,0.17960000000000004,0.3401
75854043,1,0,40,170,0.8416,0.024200000000000027,0.2286,-0.024500000000000022,0.337,-0.07140000000000002,0.3214,-185.0,-390.0,-4.0,-25.0,-1.0,9.0,2.0,3.0,3.0,16.0,138.0,206.0,-1.0,31.0,20.11,22.89,66.0,81.0,23.009999999999998,22.82,-4.0,7.0,-27.0,74.0,4.0,6.0,110.0,52.0,-137.0,22.0,0.0,1.0,19.0,21.0,-2.0,3.0,0.0,0.0,100.0,32.0,21.0,19.0,-79.0,-13.0,-0.1419,0.1842
75854976,0,1,32,103,0.6478,0.22229999999999994,0.3456,0.19379999999999997,0.4062,0.16959999999999997,0.4375,340.0,-46.0,21.0,0.0,3.0,14.0,-1.0,6.0,-6.0,12.0,44.0,320.0,10.0,26.0,-1.4499999999999993,22.86,-17.0,100.0,-6.540000000000003,27.35,1.0,5.0,-17.0,89.0,6.0,3.0,54.0,73.0,-71.0,16.0,0.0,1.0,-6.0,8.0,1.0,1.0,-1.0,1.0,72.0,28.0,-51.0,70.0,-123.0,42.0,-0.3282,0.3663
75854976,1,0,32,124,0.7799,-0.2884,0.5402,-0.15000000000000002,0.4333,-0.10720000000000002,0.3929,-465.0,288.0,-20.0,1.0,-3.0,11.0,-1.0,5.0,4.0,12.0,-373.0,544.0,-9.0,26.0,-28.070000000000004,49.45,-83.0,131.0,-25.650000000000002,39.7,-1.0,4.0,-21.0,56.0,-7.0,14.0,-85.0,192.0,64.0,-136.0,0.0,1.0,-8.0,14.0,0.0,2.0,0.0,0.0,-54.0,129.0,-3.0,16.0,51.0,-113.0,0.102,0.0737
75855112,0,1,26,90,0.6977,0.0305,0.1175,0.1856,0.2917,0.1917,0.2083,-3.0,3.0,14.0,-4.0,3.0,5.0,-4.0,12.0,-3.0,7.0,-1.0,96.0,7.0,14.0,-7.3199999999999985,19.2,-9.0,45.0,-3.09,15.39,0.0,6.0,16.0,68.0,-3.0,6.0,-41.0,76.0,57.0,-8.0,-1.0,1.0,-6.0,6.0,-3.0,4.0,2.0,1.0,-29.0,44.0,37.0,0.0,66.0,-44.0,-0.006199999999999997,0.0624
75855112,1,0,26,90,0.6977,0.034199999999999994,0.1138,-0.125,0.375,-0.0917,0.2917,3.0,-3.0,-14.0,4.0,-3.0,7.0,-4.0,12.0,3.0,5.0,2.0,93.0,-7.0,18.0,10.46,13.29,16.0,29.0,7.660000000000002,9.53,-3.0,6.0,-41.0,76.0,0.0,6.0,16.0,68.0,-57.0,8.0,-2.0,3.0,-15.0,22.0,-1.0,2.0,0.0,2.0,-51.0,63.0,-6.0,6.0,45.0,-57.0,0.0376,0.0454
75855494,0,1,100,135,0.2705,0.3014,0.1418,0.3558,0.2115,0.30560000000000004,0.2222,157.0,62.0,30.0,-2.0,11.0,8.0,-12.0,20.0,1.0,8.0,294.0,131.0,37.0,22.0,5.990000000000002,16.38,26.0,46.0,6.16,14.27,8.0,4.0,117.0,88.0,-4.0,7.0,-106.0,136.0,223.0,-48.0,0.0,0.0,0.0,0.0,4.0,0.0,-3.0,4.0,1.0,0.0,76.0,0.0,75.0,0.0,-0.8114,1.0
75855494,1,0,100,135,0.2705,0.1401,0.0747,0.06729999999999997,0.2308,0.02779999999999999,0.2222,-157.0,-62.0,-30.0,2.0,1.0,8.0,-12.0,20.0,11.0,8.0,137.0,69.0,7.0,24.0,14.270000000000001,8.62,78.0,30.0,24.37,9.09,-4.0,7.0,-106.0,136.0,8.0,4.0,117.0,88.0,-223.0,48.0,3.0,0.0,23.0,0.0,1.0,0.0,-4.0,5.0,121.0,0.0,10.0,0.0,-111.0,0.0,-0.913,1.0
75856083,0,1,37,82,0.4409,-0.0042999999999999705,0.3268,0.1723,0.3971,0.125,0.375,-96.0,-85.0,17.0,-2.0,6.0,12.0,-2.0,7.0,0.0,13.0,-13.0,331.0,14.0,27.0,-9.909999999999997,27.58,-46.0,100.0,-11.03,25.97,5.0,3.0,81.0,54.0,5.0,0.0,108.0,0.0,-27.0,54.0,3.0,0.0,32.0,0.0,1.0,2.0,0.0,1.0,75.0,0.0,83.0,0.0,8.0,0.0,-0.8271999999999999,1.0
75856083,1,0,37,83,0.4462,0.11919999999999997,0.3951,-0.01469999999999999,0.3676,-0.031200000000000006,0.375,152.0,45.0,-10.0,-6.0,-1.0,12.0,-3.0,7.0,4.0,13.0,104.0,416.0,-1.0,25.0,12.600000000000001,34.67,52.0,68.0,22.11,15.92,5.0,0.0,108.0,0.0,8.0,2.0,137.0,32.0,-29.0,-32.0,1.0,0.0,3.0,0.0,3.0,0.0,1.0,0.0,69.0,18.0,0.0,0.0,-69.0,-18.0,-0.3573,0.3756
75856289,0,0,33,95,0.5689,-0.2723,0.4077,-0.13640000000000002,0.3864,-0.04999999999999999,0.3,-1003.0,276.0,-28.0,1.0,-3.0,12.0,-6.0,17.0,5.0,11.0,-316.0,528.0,-13.0,34.0,-20.44,44.0,-116.0,173.0,-35.64,54.89,15.0,2.0,212.0,38.0,-4.0,12.0,-61.0,203.0,273.0,-165.0,-1.0,1.0,-9.0,9.0,6.0,1.0,0.0,1.0,-39.0,102.0,75.0,0.0,114.0,-102.0,-0.022199999999999998,0.0518
75856289,1,1,33,95,0.5689,0.405,0.1946,0.19640000000000002,0.375,0.1694,0.275,1003.0,-276.0,28.0,-1.0,5.0,11.0,-6.0,17.0,-3.0,12.0,687.0,252.0,15.0,33.0,35.78,22.91,192.0,51.0,48.33,14.03,-4.0,12.0,-61.0,203.0,15.0,2.0,212.0,38.0,-273.0,165.0,2.0,1.0,8.0,8.0,-1.0,4.0,-2.0,3.0,156.0,15.0,21.0,29.0,-135.0,14.0,-0.0076000000000000095,0.0734
75856880,0,1,26,72,0.5581,0.020499999999999963,0.278,0.05620000000000003,0.35,0.024399999999999977,0.2812,74.0,64.0,5.0,4.0,2.0,9.0,1.0,16.0,1.0,7.0,77.0,263.0,5.0,21.0,1.6900000000000013,29.22,26.0,72.0,2.4599999999999973,22.35,7.0,2.0,106.0,32.0,3.0,2.0,30.0,27.0,76.0,5.0,0.0,0.0,0.0,0.0,0.0,1.0,0.0,0.0,0.0,0.0,114.0,0.0,114.0,0.0,0.0,1.0
75856880,1,0,26,73,0.5659,-0.0763,0.2432,-0.0645,0.2833,-0.024400000000000005,0.2188,-241.0,28.0,-11.0,-4.0,0.0,7.0,1.0,16.0,3.0,9.0,-13.0,216.0,-3.0,17.0,-1.8599999999999994,30.86,8.0,53.0,2.5000000000000018,15.44,3.0,2.0,21.0,27.0,4.0,4.0,63.0,50.0,-42.0,-23.0,-1.0,1.0,-24.0,24.0,1.0,0.0,1.0,2.0,-36.0,36.0,7.0,0.0,43.0,-36.0,0.7839,0.2161
75858039,0,1,35,121,0.6836,0.13039999999999996,0.4114,0.11669999999999997,0.4833,0.0938,0.5,158.0,211.0,13.0,4.0,3.0,16.0,-1.0,6.0,-2.0,10.0,130.0,369.0,7.0,29.0,3.200000000000003,23.06,15.0,67.0,6.270000000000001,15.53,2.0,10.0,-2.0,176.0,1.0,9.0,36.0,150.0,-38.0,26.0,1.0,1.0,-7.0,27.0,-3.0,6.0,1.0,0.0,38.0,99.0,85.0,32.0,47.0,-67.0,0.015299999999999998,0.0183
75858039,1,0,35,121,0.6836,-0.034900000000000014,0.1761,-0.10000000000000003,0.4167,-0.0625,0.3125,-158.0,-211.0,-13.0,-4.0,-2.0,10.0,-1.0,6.0,3.0,16.0,-28.0,158.0,-6.0,25.0,0.4499999999999993,15.8,23.0,30.0,6.23,9.76,1.0,9.0,36.0,150.0,2.0,10.0,-2.0,176.0,38.0,-26.0,-2.0,3.0,-22.0,24.0,1.0,4.0,-1.0,2.0,-110.0,144.0,16.0,11.0,126.0,-133.0,-0.060700000000000004,0.1053
75862477,0,0,40,161,0.801,-0.3451000000000001,0.5138,-0.1607,0.5,-0.1875,0.5,-409.0,15.0,-15.0,0.0,-4.0,14.0,3.0,0.0,5.0,14.0,-155.0,279.0,-7.0,26.0,-7.529999999999999,19.93,-10.0,45.0,-3.17,12.9,5.0,2.0,95.0,23.0,0.0,10.0,-29.0,145.0,124.0,-122.0,-1.0,3.0,-34.0,50.0,6.0,0.0,1.0,0.0,-112.0,142.0,-23.0,23.0,89.0,-119.0,-0.042,0.0698
75862477,1,1,40,160,0.796,0.08539999999999992,0.5229,0.03290000000000004,0.5385,0.026800000000000046,0.5357,242.0,24.0,7.0,4.0,3.0,15.0,3.0,0.0,-2.0,13.0,212.0,274.0,4.0,28.0,8.73,18.27,36.0,98.0,6.940000000000001,23.4,1.0,9.0,-14.0,123.0,1.0,3.0,57.0,37.0,-71.0,86.0,1.0,0.0,10.0,0.0,-2.0,6.0,0.0,0.0,32.0,37.0,27.0,10.0,-5.0,-27.0,0.36619999999999997,0.1269
75862678,0,1,28,113,0.8014,0.11200000000000004,0.4805,0.031200000000000006,0.5938,0.035699999999999954,0.5714,246.0,76.0,6.0,20.0,1.0,16.0,0.0,2.0,-1.0,10.0,198.0,468.0,3.0,57.0,9.93,29.25,73.0,65.0,20.159999999999997,18.78,-1.0,15.0,-14.0,185.0,-4.0,9.0,-36.0,125.0,22.0,60.0,-1.0,2.0,-14.0,31.0,-2.0,5.0,1.0,0.0,-62.0,118.0,-16.0,100.0,46.0,-18.0,0.12040000000000001,0.0605
75862678,1,0,28,113,0.8014,-0.09650000000000003,0.4025,-0.031200000000000006,0.3854,-0.035699999999999954,0.3571,-246.0,-76.0,-6.0,-20.0,-1.0,10.0,0.0,2.0,1.0,16.0,-48.0,392.0,-3.0,37.0,-0.980000000000004,39.2,4.0,77.0,7.32,19.16,-4.0,9.0,-36.0,125.0,-1.0,15.0,-14.0,185.0,-22.0,-60.0,0.0,1.0,-16.0,21.0,-3.0,6.0,0.0,0.0,-2.0,85.0,26.0,7.0,28.0,-78.0,-0.0030999999999999986,0.0515
75864159,0,1,30,116,0.7682,0.1996,0.3519,0.13159999999999994,0.4868,0.13890000000000002,0.4444,449.0,9.0,19.0,4.0,5.0,16.0,-1.0,6.0,-4.0,14.0,347.0,386.0,10.0,37.0,10.779999999999998,24.12,36.0,119.0,4.839999999999996,30.39,-6.0,12.0,-118.0,237.0,-1.0,11.0,-23.0,190.0,-95.0,47.0,1.0,1.0,21.0,10.0,-2.0,6.0,-2.0,2.0,23.0,86.0,-41.0,76.0,-64.0,-10.0,-0.0005000000000000004,0.0317
75864159,1,0,30,116,0.7682,-0.1368,0.3437,-0.11839999999999995,0.4342,-0.11110000000000003,0.3889,-449.0,-9.0,-19.0,-4.0,-4.0,14.0,-1.0,6.0,5.0,16.0,-102.0,377.0,-9.0,33.0,0.5700000000000003,26.93,57.0,86.0,15.509999999999998,26.0,-1.0,11.0,-23.0,190.0,-6.0,12.0,-118.0,237.0,95.0,-47.0,0.0,3.0,2.0,35.0,0.0,4.0,0.0,2.0,-35.0,119.0,-62.0,78.0,-27.0,-41.0,-0.0081,0.0346
75866275,0,0,46,184,0.8,-0.10709999999999999,0.1725,-0.1323,0.3382,-0.1112,0.3056,-256.0,42.0,-18.0,8.0,-4.0,11.0,0.0,18.0,4.0,7.0,-125.0,202.0,-9.0,23.0,-7.359999999999999,18.36,-80.0,95.0,-24.740000000000002,26.98,5.0,6.0,191.0,77.0,-5.0,10.0,-34.0,144.0,225.0,-67.0,-3.0,3.0,-9.0,9.0,0.0,3.0,2.0,0.0,-50.0,50.0,-63.0,63.0,-13.0,13.0,0.9714,0.0286
75866275,1,1,46,182,0.7913,0.0635,0.2111,0.10289999999999999,0.2353,0.05559999999999998,0.2222,203.0,48.0,14.0,-6.0,2.0,8.0,0.0,18.0,-2.0,10.0,62.0,278.0,7.0,16.0,-0.75,34.75,-45.0,123.0,-16.220000000000002,38.13,-7.0,9.0,-82.0,128.0,6.0,5.0,214.0,54.0,-296.0,74.0,0.0,1.0,8.0,17.0,-1.0,2.0,-3.0,3.0,11.0,50.0,-28.0,28.0,-39.0,-22.0,0.013200000000000003,0.0423
75867151,0,0,51,199,0.7773,-0.277,0.4811,-0.1765,0.5294,-0.125,0.4583,-527.0,150.0,-24.0,7.0,-3.0,11.0,0.0,3.0,3.0,10.0,-152.0,343.0,-12.0,36.0,-7.300000000000001,31.18,-31.0,79.0,-7.409999999999998,22.79,1.0,8.0,-2.0,121.0,-11.0,17.0,-152.0,222.0,150.0,-101.0,-2.0,2.0,-26.0,26.0,3.0,2.0,-1.0,1.0,-152.0,182.0,-46.0,50.0,106.0,-132.0,0.0465,0.0273
75867151,1,1,51,199,0.7773,0.3361,0.2707,0.1764,0.4265,0.12499999999999994,0.4167,527.0,-150.0,24.0,-7.0,3.0,10.0,0.0,3.0,-3.0,11.0,375.0,193.0,12.0,29.0,24.389999999999997,19.3,75.0,60.0,21.040000000000003,17.16,-11.0,17.0,-152.0,222.0,1.0,8.0,-2.0,121.0,-150.0,101.0,1.0,1.0,12.0,12.0,-5.0,7.0,1.0,0.0,56.0,59.0,-20.0,40.0,-76.0,-19.0,-0.03900000000000001,0.1116
75870117,0,1,23,97,0.822,0.2691,0.2084,0.14699999999999996,0.4107,0.10830000000000001,0.2917,450.0,-197.0,13.0,7.0,1.0,7.0,-3.0,11.0,-2.0,6.0,174.0,198.0,6.0,23.0,18.21,28.29,130.0,54.0,40.35,18.68,2.0,4.0,17.0,21.0,-2.0,4.0,-51.0,66.0,68.0,-45.0,0.0,1.0,-5.0,13.0,2.0,1.0,-1.0,2.0,-21.0,33.0,3.0,0.0,24.0,-33.0,0.1531,0.0409
75870117,1,0,23,97,0.822,-0.263,0.4158,-0.1126,0.2857,-0.04999999999999999,0.25,-450.0,197.0,-13.0,-7.0,-2.0,6.0,-3.0,11.0,1.0,7.0,-276.0,395.0,-7.0,16.0,-36.08,65.83,-131.0,177.0,-54.290000000000006,69.18,-2.0,4.0,-51.0,66.0,2.0,4.0,17.0,21.0,-68.0,45.0,0.0,0.0,0.0,0.0,-1.0,2.0,-1.0,1.0,8.0,12.0,3.0,0.0,-5.0,-12.0,-0.09680000000000001,0.1223
75872623,0,0,31,105,0.6646,-0.062100000000000044,0.3758,-0.053800000000000014,0.4038,-0.013900000000000023,0.3889,-261.0,-139.0,-13.0,-15.0,-2.0,14.0,-3.0,4.0,1.0,18.0,-36.0,392.0,-7.0,42.0,1.6700000000000017,28.0,-5.0,130.0,-4.380000000000003,36.56,-4.0,8.0,-37.0,78.0,1.0,10.0,26.0,130.0,-63.0,-52.0,1.0,1.0,29.0,4.0,-1.0,1.0,-1.0,1.0,50.0,39.0,-17.0,58.0,-67.0,19.0,0.001899999999999985,0.14
75872623,1,1,31,105,0.6646,0.15700000000000003,0.5091,0.08189999999999997,0.5481,0.0938,0.5,261.0,139.0,13.0,15.0,1.0,18.0,-3.0,4.0,-2.0,14.0,225.0,531.0,6.0,57.0,10.29,29.5,27.0,73.0,2.120000000000001,21.88,1.0,10.0,26.0,130.0,-4.0,8.0,-37.0,78.0,63.0,52.0,0.0,0.0,0.0,0.0,4.0,2.0,0.0,1.0,-4.0,4.0,0.0,61.0,4.0,57.0,0.8653,0.1347
75874543,0,1,29,107,0.7279,0.18059999999999998,0.5235,0.061899999999999955,0.5481,0.08609999999999995,0.525,491.0,80.0,11.0,11.0,1.0,21.0,-1.0,1.0,-4.0,18.0,229.0,756.0,4.0,57.0,8.770000000000003,36.0,-5.0,116.0,0.870000000000001,29.43,-6.0,37.0,-126.0,1000.0,1.0,5.0,67.0,43.0,-193.0,957.0,0.0,0.0,0.0,0.0,-2.0,11.0,0.0,0.0,35.0,20.0,67.0,510.0,32.0,490.0,-0.0553,0.0805
75874543,1,0,29,109,0.7415,-0.23159999999999997,0.4875,-0.09150000000000003,0.4615,-0.08890000000000003,0.45,-516.0,-22.0,-19.0,-7.0,-5.0,18.0,-1.0,1.0,2.0,21.0,-382.0,664.0,-11.0,48.0,-15.2,36.89,-46.0,132.0,-13.149999999999999,36.69,3.0,6.0,49.0,83.0,-9.0,42.0,-242.0,1116.0,291.0,-1033.0,1.0,5.0,32.0,55.0,0.0,2.0,-1.0,1.0,-340.0,577.0,33.0,14.0,373.0,-563.0,-0.03149999999999999,0.0701
75875734,0,1,23,71,0.6017,0.022199999999999998,0.3345,0.18160000000000004,0.3684,0.09440000000000004,0.3056,132.0,87.0,27.0,-2.0,5.0,11.0,2.0,15.0,-3.0,10.0,-87.0,398.0,16.0,28.0,-16.74,36.18,-80.0,132.0,-20.029999999999998,36.83,6.0,3.0,79.0,39.0,11.0,20.0,210.0,194.0,-131.0,-155.0,2.0,1.0,36.0,9.0,-2.0,3.0,2.0,0.0,98.0,50.0,66.0,0.0,-32.0,-50.0,-0.3986,0.4265
75875734,1,0,23,71,0.6017,-0.1558,0.2613,-0.1572,0.3947,-0.1028,0.2778,-132.0,-87.0,-27.0,2.0,-3.0,10.0,2.0,15.0,5.0,11.0,-219.0,311.0,-11.0,30.0,-17.96,31.1,-89.0,126.0,-35.190000000000005,48.31,11.0,20.0,210.0,194.0,6.0,3.0,79.0,39.0,131.0,155.0,-2.0,2.0,-12.0,12.0,2.0,3.0,0.0,2.0,-30.0,39.0,75.0,138.0,105.0,99.0,0.02729999999999999,0.0781
75877534,0,1,49,168,0.6774,0.16720000000000002,0.5434,0.1612,0.4524,0.11310000000000003,0.4583,440.0,86.0,30.0,-8.0,5.0,11.0,2.0,0.0,-3.0,13.0,292.0,538.0,16.0,38.0,2.970000000000006,48.91,24.0,96.0,5.590000000000003,26.86,-2.0,6.0,-7.0,62.0,0.0,10.0,-18.0,100.0,11.0,-38.0,1.0,0.0,6.0,0.0,-2.0,4.0,0.0,0.0,9.0,3.0,18.0,0.0,9.0,-3.0,-0.5563,0.5949
75877534,1,0,49,168,0.6774,-0.19630000000000003,0.4566,-0.184,0.5476,-0.1846,0.5417,-440.0,-86.0,-30.0,8.0,-3.0,13.0,2.0,0.0,5.0,11.0,-148.0,452.0,-14.0,46.0,-4.3700000000000045,34.77,1.0,95.0,1.8500000000000014,26.91,0.0,10.0,-18.0,100.0,-2.0,6.0,-7.0,62.0,-11.0,38.0,-1.0,1.0,-10.0,10.0,2.0,1.0,0.0,0.0,-25.0,62.0,-27.0,97.0,-2.0,35.0,0.1171,0.0344
75878390,0,0,33,115,0.6886,0.029299999999999993,0.4186,-0.13640000000000002,0.5,-0.14290000000000003,0.5,90.0,-170.0,-24.0,2.0,-4.0,14.0,0.0,2.0,4.0,12.0,3.0,581.0,-12.0,44.0,16.9,41.5,-104.0,236.0,-21.490000000000002,66.23,-6.0,11.0,-107.0,166.0,1.0,8.0,-11.0,129.0,-96.0,37.0,0.0,0.0,0.0,0.0,0.0,4.0,0.0,0.0,37.0,11.0,-85.0,93.0,-122.0,82.0,-0.39880000000000004,0.5966
75878390,1,1,33,112,0.6707,0.16880000000000006,0.4396,0.1235,0.4674,0.12949999999999995,0.4062,279.0,30.0,17.0,1.0,2.0,13.0,-5.0,7.0,-1.0,12.0,19.0,691.0,9.0,43.0,-5.82,53.15,64.0,212.0,16.580000000000005,57.07,0.0,8.0,-19.0,129.0,-2.0,11.0,-59.0,177.0,40.0,-48.0,1.0,1.0,-1.0,8.0,2.0,1.0,0.0,0.0,-56.0,87.0,-35.0,112.0,21.0,25.0,-0.006599999999999995,0.1508
75880085,0,1,43,182,0.8465,0.04039999999999999,0.6689,0.03839999999999999,0.6058,0.0,0.5938,-76.0,595.0,-1.0,33.0,0.0,19.0,-3.0,5.0,3.0,8.0,4.0,784.0,4.0,63.0,0.21000000000000085,41.26,30.0,87.0,6.289999999999999,24.5,6.0,12.0,161.0,156.0,-2.0,13.0,103.0,143.0,58.0,13.0,-1.0,3.0,13.0,31.0,5.0,1.0,-1.0,1.0,-28.0,128.0,97.0,94.0,125.0,-34.0,0.17509999999999998,0.0296
75880085,1,0,43,182,0.8465,0.08080000000000001,0.1613,0.04800000000000004,0.2885,0.0938,0.25,76.0,-595.0,1.0,-33.0,3.0,8.0,-3.0,5.0,0.0,19.0,80.0,189.0,5.0,30.0,0.8299999999999983,23.62,0.0,55.0,3.3100000000000005,14.92,-2.0,13.0,103.0,143.0,6.0,12.0,161.0,156.0,-58.0,-13.0,1.0,1.0,-7.0,20.0,-3.0,6.0,0.0,0.0,76.0,50.0,131.0,15.0,55.0,-35.0,-0.1982,0.24
75888085,0,0,31,115,0.7325,0.0801,0.3261,-0.012500000000000011,0.3875,0.031200000000000006,0.3438,-13.0,-86.0,-10.0,-9.0,1.0,11.0,-4.0,5.0,3.0,16.0,53.0,209.0,-1.0,31.0,2.8299999999999983,19.0,35.0,28.0,15.900000000000002,7.36,-6.0,13.0,-37.0,135.0,-5.0,19.0,-76.0,270.0,39.0,-135.0,0.0,1.0,-18.0,21.0,1.0,3.0,-1.0,1.0,-30.0,81.0,-57.0,57.0,-27.0,-24.0,-0.2531,0.2955
75888085,1,1,31,115,0.7325,0.09949999999999998,0.4602,0.11250000000000004,0.5,0.0938,0.5,13.0,86.0,10.0,9.0,3.0,16.0,-4.0,5.0,1.0,11.0,66.0,295.0,9.0,40.0,0.5599999999999987,18.44,16.0,38.0,1.709999999999999,12.82,-5.0,19.0,-76.0,270.0,-6.0,13.0,-37.0,135.0,-39.0,135.0,0.0,2.0,10.0,20.0,-1.0,4.0,-2.0,2.0,35.0,63.0,-19.0,162.0,-54.0,99.0,-0.0003999999999999976,0.0703
75888091,0,1,32,124,0.7799,0.16700000000000004,0.4415,0.17099999999999993,0.4474,0.10710000000000003,0.4643,216.0,1.0,26.0,-4.0,3.0,13.0,0.0,3.0,-3.0,12.0,27.0,332.0,13.0,34.0,-3.099999999999998,25.54,32.0,58.0,6.460000000000001,17.98,1.0,11.0,1.0,172.0,-2.0,11.0,-119.0,228.0,120.0,-56.0,-3.0,4.0,-54.0,56.0,0.0,3.0,0.0,0.0,-51.0,124.0,-38.0,85.0,13.0,-39.0,-0.004899999999999998,0.018
75888091,1,0,32,124,0.7799,-0.19949999999999998,0.4402,-0.17109999999999997,0.5,-0.10719999999999996,0.4286,-216.0,-1.0,-26.0,4.0,-3.0,12.0,0.0,3.0,3.0,13.0,-189.0,331.0,-13.0,38.0,-11.799999999999999,27.58,-16.0,58.0,-8.27,21.02,-2.0,11.0,-119.0,228.0,1.0,11.0,1.0,172.0,-120.0,56.0,3.0,0.0,50.0,0.0,-2.0,6.0,0.0,1.0,39.0,87.0,-40.0,59.0,-79.0,-28.0,0.05349999999999999,0.0263
75888282,0,1,28,94,0.662,0.32349999999999995,0.3401,0.14010000000000006,0.4432,0.10060000000000002,0.3056,452.0,139.0,19.0,4.0,2.0,11.0,-5.0,14.0,-1.0,11.0,329.0,403.0,10.0,39.0,19.67,36.64,111.0,87.0,35.550000000000004,27.29,-1.0,7.0,-6.0,117.0,6.0,7.0,102.0,120.0,-108.0,-3.0,3.0,1.0,35.0,3.0,1.0,2.0,1.0,1.0,117.0,49.0,-58.0,58.0,-175.0,9.0,-0.0484,0.0949
75888282,1,0,28,96,0.6761,-0.08370000000000001,0.1988,-0.07850000000000001,0.3523,-0.02779999999999999,0.2778,-222.0,-297.0,-17.0,-12.0,-2.0,10.0,-5.0,14.0,3.0,12.0,-157.0,269.0,-8.0,31.0,-12.899999999999999,26.9,-14.0,51.0,1.25,12.15,4.0,7.0,66.0,133.0,0.0,5.0,-7.0,92.0,73.0,41.0,1.0,0.0,16.0,0.0,5.0,1.0,0.0,2.0,18.0,4.0,-70.0,86.0,-88.0,82.0,-0.26780000000000004,0.3027
75890927,0,0,26,66,0.5038,-0.1026,0.2934,-0.041200000000000014,0.3269,-0.041700000000000015,0.2917,-225.0,75.0,-11.0,-2.0,0.0,7.0,0.0,11.0,4.0,6.0,-40.0,206.0,-1.0,17.0,-5.719999999999999,29.43,-19.0,67.0,-9.100000000000001,26.59,1.0,3.0,15.0,48.0,0.0,5.0,-22.0,53.0,37.0,-5.0,-1.0,1.0,-3.0,3.0,2.0,1.0,1.0,0.0,-2.0,13.0,-34.0,34.0,-32.0,21.0,-0.06360000000000002,0.2262
75890927,1,1,26,66,0.5038,0.17660000000000003,0.1866,0.15250000000000002,0.3654,0.10709999999999997,0.25,225.0,-75.0,11.0,2.0,4.0,6.0,0.0,11.0,0.0,7.0,185.0,131.0,10.0,19.0,9.770000000000003,21.83,45.0,31.0,11.79,10.5,0.0,5.0,-22.0,53.0,1.0,3.0,15.0,48.0,-37.0,5.0,1.0,0.0,7.0,0.0,1.0,1.0,-2.0,2.0,26.0,14.0,5.0,15.0,-21.0,1.0,0.016,0.072
75890977,0,1,53,219,0.8264,0.0393,0.5265,0.18799999999999994,0.4444,0.23209999999999997,0.375,91.0,111.0,25.0,-5.0,5.0,12.0,-1.0,3.0,-8.0,17.0,198.0,447.0,11.0,32.0,0.6899999999999977,37.25,50.0,72.0,6.34,18.67,-1.0,8.0,-8.0,78.0,-9.0,12.0,-87.0,138.0,79.0,-60.0,0.0,0.0,0.0,0.0,-2.0,5.0,0.0,0.0,5.0,46.0,17.0,18.0,12.0,-28.0,0.031100000000000003,0.1246
75890977,1,0,53,219,0.8264,-0.007199999999999984,0.3958,-0.17570000000000002,0.5139,-0.2098,0.5312,-91.0,-111.0,-25.0,5.0,-8.0,17.0,-1.0,3.0,5.0,12.0,107.0,336.0,-14.0,37.0,29.459999999999997,19.76,-7.0,89.0,5.419999999999998,21.46,-9.0,12.0,-87.0,138.0,-1.0,8.0,-8.0,78.0,-79.0,60.0,0.0,0.0,0.0,0.0,-1.0,4.0,0.0,0.0,-25.0,60.0,-92.0,92.0,-67.0,32.0,0.034,0.0374
75890978,0,0,37,120,0.6486,-0.05209999999999998,0.3447,0.05359999999999998,0.25,0.041700000000000015,0.25,-278.0,123.0,-9.0,-7.0,1.0,6.0,-5.0,11.0,4.0,7.0,-113.0,314.0,3.0,14.0,-23.619999999999997,52.33,-64.0,129.0,-20.680000000000003,41.45,3.0,2.0,27.0,4.0,-1.0,5.0,3.0,27.0,24.0,-23.0,0.0,0.0,0.0,0.0,0.0,1.0,0.0,0.0,7.0,0.0,19.0,0.0,12.0,0.0,-0.7749,1.0
75890978,1,1,37,96,0.5189,0.1432,0.1764,0.1619,0.2667,0.119,0.2143,97.0,-52.0,8.0,2.0,2.0,6.0,-6.0,16.0,0.0,6.0,118.0,169.0,8.0,16.0,7.710000000000001,28.17,30.0,51.0,6.48,16.58,6.0,4.0,-7.0,40.0,2.0,4.0,35.0,42.0,-42.0,-2.0,1.0,0.0,6.0,0.0,-2.0,2.0,1.0,1.0,27.0,18.0,3.0,17.0,-24.0,-1.0,-0.39980000000000004,0.5016
75891081,0,0,23,66,0.5739,0.04879999999999998,0.229,0.03490000000000004,0.3026,0.0,0.25,-141.0,-69.0,-7.0,-11.0,1.0,6.0,0.0,8.0,3.0,10.0,172.0,128.0,4.0,23.0,21.53,21.33,81.0,28.0,30.859999999999996,7.94,0.0,4.0,31.0,16.0,6.0,5.0,87.0,56.0,-56.0,-40.0,0.0,1.0,5.0,6.0,4.0,0.0,-1.0,1.0,26.0,6.0,0.0,0.0,-26.0,-6.0,-0.1355,0.1759
75891081,1,1,23,66,0.5739,0.11980000000000002,0.3524,0.11509999999999998,0.4474,0.047599999999999976,0.4167,141.0,69.0,7.0,11.0,3.0,10.0,0.0,8.0,1.0,6.0,313.0,197.0,11.0,34.0,19.529999999999998,19.7,54.0,40.0,20.53,11.1,6.0,5.0,87.0,56.0,0.0,4.0,31.0,16.0,56.0,40.0,1.0,0.0,20.0,0.0,2.0,1.0,0.0,1.0,47.0,0.0,55.0,34.0,8.0,34.0,-0.8809,1.0
75891671,0,1,39,140,0.7216,0.015100000000000002,0.4356,0.10720000000000007,0.4821,0.10000000000000003,0.45,84.0,17.0,12.0,0.0,2.0,9.0,0.0,2.0,-2.0,9.0,-195.0,538.0,6.0,27.0,-28.6,59.78,-125.0,205.0,-40.720000000000006,66.68,4.0,2.0,50.0,9.0,3.0,4.0,44.0,39.0,6.0,-30.0,0.0,1.0,3.0,17.0,0.0,1.0,0.0,0.0,34.0,39.0,42.0,8.0,8.0,-31.0,-0.2009,0.2476
75891671,1,0,39,141,0.7268,-0.11319999999999997,0.4251,-0.16069999999999995,0.4821,-0.15000000000000002,0.45,-82.0,-17.0,-18.0,0.0,-3.0,9.0,0.0,2.0,3.0,9.0,-320.0,548.0,-9.0,27.0,-22.89,60.89,-100.0,154.0,-22.099999999999998,39.26,3.0,4.0,44.0,39.0,5.0,2.0,53.0,9.0,-9.0,30.0,0.0,0.0,0.0,0.0,1.0,3.0,0.0,0.0,2.0,1.0,0.0,0.0,-2.0,-1.0,0.044399999999999995,0.5061
75891694,0,0,51,182,0.7109,-0.011800000000000005,0.2325,-0.1152,0.3235,-0.05960000000000004,0.4167,-181.0,12.0,-26.0,3.0,0.0,10.0,-1.0,6.0,5.0,8.0,3.0,189.0,-7.0,22.0,0.3000000000000007,18.9,4.0,44.0,-2.6099999999999994,17.93,10.0,8.0,248.0,105.0,3.0,6.0,97.0,60.0,151.0,45.0,1.0,1.0,3.0,2.0,4.0,2.0,-2.0,2.0,3.0,39.0,-7.0,19.0,-10.0,-20.0,-0.029700000000000004,0.0941
75891694,1,1,51,181,0.707,0.023899999999999977,0.2494,0.06459999999999999,0.3382,0.017900000000000027,0.375,-3.0,7.0,5.0,5.0,2.0,9.0,0.0,6.0,2.0,9.0,16.0,219.0,6.0,23.0,-2.969999999999999,24.33,28.0,47.0,6.149999999999999,13.68,6.0,6.0,113.0,60.0,7.0,9.0,219.0,100.0,-106.0,-40.0,4.0,2.0,78.0,25.0,0.0,2.0,3.0,0.0,253.0,66.0,73.0,28.0,-180.0,-38.0,-0.015999999999999997,0.045
75892238,0,0,33,123,0.741,-0.06330000000000002,0.4025,-0.08750000000000002,0.45,-0.0937,0.4375,-318.0,-11.0,-21.0,-1.0,-3.0,14.0,-5.0,5.0,8.0,13.0,19.0,328.0,-7.0,36.0,8.120000000000001,23.43,11.0,51.0,5.029999999999999,13.06,0.0,8.0,9.0,73.0,-10.0,22.0,-153.0,338.0,162.0,-265.0,-2.0,4.0,-53.0,87.0,4.0,1.0,-2.0,2.0,-104.0,234.0,-28.0,38.0,76.0,-196.0,-0.02559999999999999,0.0652
75892238,1,1,33,123,0.741,0.24480000000000007,0.416,0.17499999999999993,0.4625,0.25,0.4062,318.0,11.0,21.0,1.0,8.0,13.0,-5.0,5.0,-3.0,14.0,337.0,339.0,14.0,37.0,6.109999999999999,26.08,65.0,72.0,11.04,20.12,-10.0,22.0,-153.0,338.0,0.0,8.0,9.0,73.0,-162.0,265.0,1.0,1.0,8.0,9.0,-1.0,7.0,-1.0,1.0,50.0,22.0,-30.0,85.0,-80.0,63.0,0.1883,0.2332
75892635,0,1,37,141,0.7581,0.07389999999999997,0.2262,0.10520000000000002,0.3553,0.08330000000000004,0.3056,186.0,12.0,12.0,7.0,3.0,11.0,-1.0,16.0,-2.0,9.0,57.0,295.0,8.0,27.0,-1.6799999999999997,26.82,30.0,50.0,8.850000000000001,17.58,1.0,7.0,-28.0,185.0,-1.0,5.0,-25.0,105.0,-3.0,80.0,0.0,1.0,16.0,10.0,1.0,2.0,3.0,0.0,1.0,67.0,-67.0,82.0,-68.0,15.0,0.2535,0.0222
75892635,1,0,37,141,0.7581,-0.0857,0.217,-0.0527,0.2632,-0.05560000000000001,0.25,-186.0,-12.0,-12.0,-7.0,-2.0,9.0,-1.0,16.0,3.0,11.0,-129.0,283.0,-4.0,20.0,-9.440000000000001,31.44,-27.0,65.0,-11.190000000000001,20.85,-1.0,5.0,-25.0,105.0,1.0,7.0,-28.0,185.0,3.0,-80.0,2.0,1.0,-12.0,60.0,1.0,2.0,0.0,1.0,-24.0,103.0,-12.0,12.0,12.0,-91.0,0.024300000000000002,0.0972
75896280,0,0,33,120,0.7186,-0.004300000000000026,0.3431,0.0,0.3636,-0.08330000000000004,0.4444,-29.0,-267.0,-5.0,-18.0,-3.0,16.0,-3.0,4.0,6.0,16.0,-30.0,363.0,0.0,32.0,2.9299999999999997,22.69,7.0,50.0,-1.5300000000000011,16.76,-6.0,14.0,-89.0,199.0,11.0,7.0,210.0,150.0,-299.0,49.0,2.0,2.0,28.0,38.0,-3.0,6.0,-1.0,1.0,81.0,88.0,-36.0,38.0,-117.0,-50.0,-0.0212,0.0482
75896280,1,1,33,120,0.7186,0.044399999999999995,0.5955,0.05679999999999996,0.5682,0.16669999999999996,0.4444,29.0,267.0,5.0,18.0,6.0,16.0,-3.0,4.0,-3.0,16.0,-1.0,630.0,5.0,50.0,-10.790000000000003,39.38,-13.0,89.0,-8.79,27.66,11.0,7.0,210.0,150.0,-6.0,14.0,-89.0,199.0,299.0,-49.0,0.0,1.0,43.0,8.0,1.0,4.0,0.0,0.0,-17.0,125.0,129.0,62.0,146.0,-63.0,-0.06589999999999999,0.1644
75896918,0,0,39,170,0.8586,-0.16920000000000002,0.4254,-0.11880000000000002,0.4,-0.15000000000000002,0.4,-158.0,11.0,-13.0,-8.0,-2.0,8.0,3.0,2.0,3.0,10.0,-89.0,265.0,-6.0,24.0,-3.789999999999999,33.12,-3.0,58.0,6.620000000000001,15.29,-3.0,6.0,-1.0,31.0,7.0,22.0,31.0,269.0,-32.0,-238.0,-2.0,2.0,-53.0,53.0,-3.0,4.0,0.0,0.0,-79.0,124.0,0.0,0.0,79.0,-124.0,0.2964,0.0326
75896918,1,1,39,145,0.7323,-0.11520000000000002,0.4959,0.06669999999999998,0.5,0.050000000000000044,0.5,-154.0,100.0,8.0,4.0,1.0,10.0,0.0,2.0,-1.0,8.0,13.0,239.0,4.0,30.0,-0.9899999999999984,23.9,-12.0,78.0,-2.2300000000000004,23.92,-1.0,24.0,-55.0,319.0,-11.0,12.0,-71.0,75.0,16.0,244.0,0.0,0.0,0.0,0.0,-2.0,5.0,-1.0,2.0,-29.0,29.0,28.0,161.0,57.0,132.0,0.9094,0.0906
75897382,0,0,62,281,0.8978,0.05869999999999999,0.0729,-0.016699999999999993,0.25,-0.033300000000000024,0.2,1150.0,-1621.0,-4.0,-16.0,0.0,4.0,2.0,8.0,2.0,8.0,-2.0,190.0,0.0,14.0,-0.5,47.5,11.0,89.0,4.259999999999998,34.36,3.0,3.0,28.0,51.0,82.0,0.0,736.0,0.0,-708.0,51.0,1.0,0.0,15.0,0.0,1.0,0.0,1.0,2.0,162.0,0.0,-17.0,17.0,-179.0,17.0,-0.9662,1.0
75897382,1,1,62,277,0.885,-0.4153,0.7407,-0.05600000000000005,0.5893,-0.07500000000000001,0.45,-1638.0,1859.0,-4.0,22.0,0.0,9.0,3.0,8.0,1.0,3.0,-1560.0,1931.0,-1.0,33.0,-173.34,214.56,-199.0,310.0,-12.899999999999999,49.79,77.0,0.0,742.0,0.0,3.0,4.0,32.0,49.0,710.0,-49.0,0.0,0.0,0.0,0.0,4.0,0.0,8.0,0.0,47.0,31.0,335.0,0.0,288.0,-31.0,-0.1201,0.1497
75898362,0,1,33,125,0.7576,0.24020000000000002,0.3071,0.13159999999999994,0.4868,0.1563,0.4062,364.0,-152.0,19.0,2.0,5.0,13.0,-1.0,4.0,-4.0,15.0,300.0,250.0,10.0,37.0,11.329999999999998,19.23,11.0,69.0,6.029999999999998,20.51,-2.0,13.0,14.0,232.0,-8.0,15.0,-122.0,241.0,136.0,-9.0,1.0,1.0,-4.0,17.0,1.0,4.0,-1.0,1.0,48.0,46.0,-8.0,78.0,-56.0,32.0,-0.12309999999999996,0.2699
75898362,1,0,33,134,0.8121,-0.2237,0.4353,-0.07899999999999996,0.4211,-0.031200000000000006,0.375,-409.0,68.0,-13.0,-8.0,-1.0,12.0,-1.0,4.0,2.0,16.0,-148.0,316.0,-6.0,32.0,-11.059999999999999,26.33,-60.0,100.0,-24.14,36.46,-4.0,16.0,-30.0,235.0,-4.0,18.0,-39.0,283.0,9.0,-48.0,-1.0,3.0,-2.0,21.0,0.0,4.0,0.0,0.0,35.0,144.0,-52.0,172.0,-87.0,28.0,-0.013000000000000001,0.0398
75898624,0,0,25,85,0.68,-0.012200000000000044,0.3541,-0.17149999999999999,0.4783,-0.10060000000000002,0.4444,-35.0,-85.0,-35.0,4.0,-5.0,16.0,-5.0,8.0,6.0,12.0,-94.0,307.0,-17.0,44.0,0.16999999999999815,19.19,-17.0,86.0,-4.120000000000001,23.98,6.0,14.0,106.0,208.0,9.0,20.0,25.0,302.0,81.0,-94.0,0.0,2.0,6.0,9.0,5.0,5.0,-4.0,4.0,1.0,124.0,2.0,88.0,1.0,-36.0,-0.0085,0.0287
75898624,1,1,25,84,0.672,0.06590000000000007,0.482,0.1447,0.4348,0.1355,0.3333,-2.0,140.0,22.0,-4.0,3.0,12.0,-4.0,8.0,-3.0,16.0,-105.0,374.0,11.0,40.0,-13.240000000000002,31.17,-41.0,87.0,-17.339999999999996,32.73,10.0,20.0,48.0,306.0,8.0,15.0,144.0,236.0,-96.0,70.0,4.0,0.0,25.0,0.0,4.0,5.0,1.0,0.0,151.0,26.0,-21.0,156.0,-172.0,130.0,0.020199999999999996,0.3681
75899927,0,0,100,256,0.513,0.019899999999999973,0.3073,-0.03749999999999998,0.3625,0.025000000000000022,0.3,-1055.0,-209.0,-8.0,-9.0,1.0,12.0,-2.0,13.0,1.0,15.0,1172.0,334.0,-3.0,29.0,88.02,27.83,222.0,102.0,90.14,25.61,-6.0,7.0,-87.0,87.0,3.0,10.0,58.0,136.0,-145.0,-49.0,-3.0,4.0,-16.0,60.0,-4.0,4.0,-2.0,2.0,29.0,91.0,0.0,0.0,-29.0,-91.0,0.008,0.0249
75899927,1,1,100,251,0.503,0.12759999999999994,0.5228,0.10000000000000003,0.425,0.050000000000000044,0.35,1493.0,250.0,16.0,1.0,2.0,14.0,0.0,13.0,-2.0,13.0,2571.0,459.0,8.0,34.0,156.59,32.79,277.0,75.0,112.58,24.99,-9.0,10.0,-128.0,140.0,-7.0,12.0,-130.0,180.0,2.0,-40.0,-2.0,2.0,-15.0,15.0,-2.0,3.0,-4.0,4.0,-96.0,108.0,0.0,0.0,96.0,-108.0,0.15089999999999998,0.2664
75900177,0,1,40,165,0.825,0.2791,0.4054,0.1542,0.49,0.22560000000000002,0.4688,543.0,-137.0,31.0,-1.0,10.0,15.0,-1.0,1.0,-5.0,16.0,423.0,330.0,18.0,49.0,8.120000000000001,22.0,29.0,65.0,13.989999999999998,17.53,6.0,21.0,218.0,260.0,-4.0,8.0,-75.0,131.0,293.0,129.0,0.0,1.0,-9.0,9.0,1.0,7.0,0.0,0.0,15.0,41.0,241.0,44.0,226.0,3.0,-0.1496,0.1658
75900177,1,0,40,170,0.85,-0.4037,0.6159,-0.16309999999999997,0.49,-0.1632,0.4688,-942.0,215.0,-35.0,-1.0,-4.0,15.0,-1.0,1.0,9.0,16.0,-258.0,526.0,-15.0,49.0,-10.71,35.07,-106.0,145.0,-21.799999999999997,36.08,-3.0,10.0,-35.0,132.0,3.0,22.0,165.0,255.0,-200.0,-123.0,4.0,2.0,102.0,23.0,2.0,1.0,0.0,0.0,23.0,239.0,-33.0,107.0,-56.0,-132.0,0.002100000000000001,0.0276
75900368,0,0,43,149,0.6898,0.0675,0.3488,0.024999999999999967,0.325,0.0,0.2812,16.0,-60.0,0.0,-20.0,0.0,9.0,-4.0,8.0,4.0,15.0,99.0,309.0,2.0,26.0,11.0,34.33,-3.0,87.0,9.02,21.87,1.0,0.0,7.0,0.0,117.0,51.0,1390.0,688.0,-1383.0,-688.0,2.0,4.0,143.0,126.0,0.0,0.0,0.0,0.0,383.0,271.0,7.0,0.0,-376.0,-271.0,-0.1993,0.2222
75900368,1,1,43,149,0.6898,0.04470000000000002,0.4165,0.025000000000000022,0.575,0.125,0.4688,-16.0,60.0,0.0,20.0,4.0,15.0,-4.0,8.0,0.0,9.0,83.0,369.0,2.0,46.0,-0.8100000000000023,24.6,25.0,51.0,5.190000000000001,13.09,117.0,51.0,1390.0,688.0,1.0,0.0,7.0,0.0,1383.0,688.0,0.0,0.0,0.0,0.0,3.0,6.0,-3.0,4.0,0.0,0.0,1100.0,312.0,1100.0,312.0,0.0,1.0
75902962,0,0,31,101,0.6558,-0.21230000000000002,0.343,-0.0655,0.375,-0.029700000000000004,0.3214,-507.0,103.0,-19.0,-5.0,-2.0,9.0,-5.0,9.0,3.0,10.0,-398.0,530.0,-7.0,33.0,-40.03,58.89,-70.0,110.0,-22.64,35.58,1.0,3.0,14.0,52.0,3.0,8.0,64.0,93.0,-50.0,-41.0,1.0,0.0,5.0,0.0,-1.0,2.0,0.0,0.0,22.0,44.0,38.0,20.0,16.0,-24.0,-0.12190000000000001,0.3438
75902962,1,1,31,88,0.5714,0.15399999999999997,0.2932,0.06930000000000003,0.4545,0.10120000000000001,0.3571,195.0,77.0,5.0,12.0,1.0,10.0,-5.0,10.0,0.0,8.0,304.0,373.0,4.0,40.0,24.25,37.3,92.0,88.0,13.840000000000003,31.75,5.0,3.0,52.0,26.0,3.0,2.0,41.0,16.0,11.0,10.0,1.0,0.0,27.0,0.0,3.0,0.0,-2.0,2.0,36.0,16.0,10.0,3.0,-26.0,-13.0,0.0428,0.0477
75905839,0,0,18,30,0.3226,-0.0053999999999999986,0.0212,0.014700000000000001,0.0294,0.027700000000000002,0.0556,-28.0,6.0,-1.0,-1.0,1.0,2.0,-2.0,32.0,1.0,2.0,-4.0,15.0,1.0,2.0,-3.83,7.5,-3.0,9.0,-0.040000000000000036,2.12,4.0,0.0,80.0,0.0,1.0,0.0,15.0,0.0,65.0,0.0,0.0,0.0,0.0,0.0,0.0,0.0,1.0,0.0,0.0,0.0,0.0,0.0,0.0,0.0,0.0,1.0
75905839,1,1,18,30,0.3226,0.034699999999999995,0.0127,0.029399999999999996,0.0441,0.027700000000000002,0.0556,28.0,-6.0,1.0,1.0,1.0,2.0,-2.0,32.0,1.0,2.0,24.0,9.0,2.0,3.0,6.5,4.5,18.0,6.0,9.41,2.12,1.0,0.0,15.0,0.0,4.0,0.0,80.0,0.0,-65.0,0.0,0.0,0.0,0.0,0.0,0.0,0.0,0.0,0.0,0.0,0.0,15.0,0.0,15.0,0.0,0.0,1.0
75907512,0,0,20,54,0.5455,-0.052199999999999996,0.2039,0.07719999999999999,0.1875,0.04169999999999999,0.2083,-151.0,32.0,-4.0,-10.0,2.0,5.0,-2.0,11.0,4.0,8.0,-41.0,137.0,6.0,12.0,-13.689999999999998,27.4,-13.0,40.0,0.629999999999999,9.63,0.0,8.0,4.0,88.0,3.0,7.0,62.0,86.0,-58.0,2.0,3.0,0.0,22.0,0.0,1.0,0.0,-1.0,2.0,97.0,32.0,51.0,0.0,-46.0,-32.0,-0.04999999999999999,0.1697
75907512,1,1,20,54,0.5455,0.1835,0.1562,0.12680000000000002,0.3438,0.0953,0.3333,151.0,-32.0,4.0,10.0,4.0,8.0,-2.0,11.0,2.0,5.0,110.0,105.0,10.0,22.0,4.8000000000000025,13.12,20.0,21.0,8.790000000000001,4.42,3.0,7.0,62.0,86.0,0.0,8.0,4.0,88.0,58.0,-2.0,1.0,0.0,38.0,0.0,2.0,3.0,1.0,1.0,40.0,0.0,13.0,0.0,-27.0,0.0,-0.9164,1.0
75908621,0,1,39,132,0.6701,0.011999999999999955,0.3657,0.033299999999999996,0.4667,0.041700000000000015,0.3333,14.0,146.0,4.0,7.0,1.0,8.0,0.0,8.0,-1.0,8.0,22.0,324.0,2.0,28.0,-2.0600000000000023,40.5,12.0,73.0,2.5,23.71,2.0,2.0,30.0,19.0,0.0,3.0,-26.0,41.0,56.0,-22.0,0.0,0.0,0.0,0.0,2.0,1.0,0.0,0.0,-2.0,16.0,-2.0,2.0,0.0,-14.0,0.1713,0.3418
75908621,1,0,39,139,0.7056,-0.1412,0.304,-0.09999999999999998,0.35,-0.08329999999999999,0.3333,-78.0,-35.0,-12.0,-7.0,-2.0,8.0,0.0,8.0,2.0,8.0,-205.0,325.0,-6.0,21.0,-20.619999999999997,40.62,-18.0,79.0,5.170000000000002,17.58,1.0,3.0,-7.0,41.0,3.0,3.0,53.0,34.0,-60.0,7.0,1.0,0.0,6.0,0.0,-1.0,2.0,0.0,1.0,24.0,34.0,17.0,0.0,-7.0,-34.0,-0.10120000000000001,0.1169
75909283,0,0,55,234,0.854,-0.17959999999999998,0.506,-0.1768,0.4643,-0.1355,0.4167,-385.0,340.0,-29.0,8.0,-6.0,15.0,-1.0,10.0,3.0,11.0,-159.0,506.0,-16.0,39.0,4.830000000000005,33.73,-9.0,90.0,-5.050000000000001,26.75,-4.0,6.0,-25.0,54.0,11.0,27.0,179.0,417.0,-204.0,-363.0,3.0,1.0,98.0,13.0,-2.0,3.0,0.0,0.0,82.0,193.0,-37.0,37.0,-119.0,-156.0,0.0713,0.0254
75909283,1,1,55,234,0.854,0.2028,0.166,0.18100000000000005,0.369,0.13190000000000002,0.3056,385.0,-340.0,29.0,-8.0,3.0,11.0,-1.0,10.0,-6.0,15.0,226.0,166.0,13.0,31.0,12.91,15.09,20.0,86.0,11.68,25.0,11.0,27.0,179.0,417.0,-4.0,6.0,-25.0,54.0,204.0,363.0,-2.0,2.0,-6.0,6.0,-3.0,8.0,-3.0,5.0,12.0,17.0,167.0,129.0,155.0,112.0,-0.2091,0.2898
75909889,0,1,19,72,0.7579,0.11259999999999992,0.406,0.09209999999999996,0.4868,0.13890000000000002,0.2778,197.0,74.0,13.0,13.0,5.0,10.0,-1.0,13.0,-4.0,13.0,-15.0,378.0,7.0,37.0,-13.599999999999998,37.8,36.0,77.0,0.11999999999999744,29.21,4.0,5.0,102.0,88.0,2.0,3.0,-7.0,59.0,109.0,29.0,0.0,0.0,0.0,0.0,1.0,3.0,0.0,0.0,26.0,15.0,54.0,26.0,28.0,11.0,-0.3316,0.3805
75909889,1,0,19,72,0.7579,-0.19510000000000002,0.3265,-0.07900000000000001,0.3158,-0.11109999999999998,0.3611,-197.0,-74.0,-13.0,-13.0,-4.0,13.0,-1.0,13.0,5.0,10.0,-212.0,304.0,-6.0,24.0,-13.159999999999998,23.38,-39.0,65.0,-13.25,21.18,2.0,3.0,-7.0,59.0,4.0,5.0,102.0,88.0,-109.0,-29.0,1.0,2.0,10.0,14.0,2.0,1.0,0.0,0.0,48.0,62.0,-33.0,44.0,-81.0,-18.0,-0.06210000000000001,0.1078
75910559,0,1,29,123,0.8367,0.03689999999999993,0.5896,0.09609999999999996,0.5481,0.07140000000000002,0.5357,130.0,107.0,20.0,10.0,2.0,15.0,0.0,0.0,-2.0,13.0,235.0,352.0,10.0,57.0,11.060000000000002,23.47,-20.0,123.0,-3.620000000000001,30.46,-3.0,11.0,-49.0,120.0,-5.0,12.0,-87.0,184.0,38.0,-64.0,-3.0,3.0,-20.0,20.0,-1.0,4.0,0.0,0.0,-92.0,110.0,27.0,12.0,119.0,-98.0,0.006199999999999997,0.0291
75910559,1,0,29,123,0.8367,-0.03689999999999999,0.4104,-0.09610000000000002,0.4519,-0.07139999999999996,0.4643,-130.0,-107.0,-20.0,-10.0,-2.0,13.0,0.0,0.0,2.0,15.0,105.0,245.0,-10.0,47.0,12.969999999999999,18.85,8.0,57.0,2.2399999999999984,17.25,-5.0,12.0,-87.0,184.0,-3.0,11.0,-49.0,120.0,-38.0,64.0,-2.0,2.0,-35.0,35.0,-3.0,4.0,0.0,0.0,-76.0,108.0,5.0,74.0,81.0,-34.0,0.0007999999999999986,0.0281
75911938,0,1,35,136,0.7771,-0.06739999999999999,0.2874,0.015699999999999992,0.4531,0.0,0.4583,-101.0,-20.0,2.0,10.0,0.0,11.0,0.0,4.0,0.0,9.0,-52.0,219.0,1.0,29.0,-4.73,19.91,-4.0,49.0,-2.9300000000000015,16.94,10.0,10.0,117.0,94.0,-5.0,6.0,-65.0,85.0,182.0,9.0,-2.0,2.0,-31.0,31.0,-1.0,2.0,2.0,1.0,-65.0,85.0,59.0,82.0,124.0,-3.0,-0.0811,0.2
75911938,1,0,35,136,0.7771,0.06580000000000003,0.3136,-0.015699999999999992,0.2969,0.0,0.375,101.0,20.0,-2.0,-10.0,0.0,9.0,0.0,4.0,0.0,11.0,49.0,239.0,-1.0,19.0,5.440000000000001,26.56,60.0,50.0,13.529999999999998,18.66,-5.0,6.0,-65.0,85.0,10.0,10.0,117.0,94.0,-182.0,-9.0,0.0,0.0,0.0,0.0,-4.0,5.0,0.0,0.0,20.0,6.0,0.0,0.0,-20.0,-6.0,0.1531,0.0916
75912766,0,1,31,115,0.7278,0.15980000000000005,0.6384,0.10410000000000008,0.5417,0.09999999999999998,0.55,97.0,163.0,10.0,4.0,2.0,11.0,0.0,0.0,-2.0,9.0,-28.0,376.0,5.0,26.0,-7.41,34.18,4.0,72.0,5.84,17.35,3.0,5.0,-14.0,54.0,-2.0,9.0,-65.0,103.0,51.0,-49.0,0.0,0.0,0.0,0.0,1.0,2.0,0.0,0.0,-84.0,86.0,-11.0,21.0,73.0,-65.0,-0.068,0.1373
75912766,1,0,31,115,0.7278,-0.15979999999999997,0.3616,-0.10409999999999997,0.4583,-0.10000000000000003,0.45,-97.0,-163.0,-10.0,-4.0,-2.0,9.0,0.0,0.0,2.0,11.0,-125.0,213.0,-5.0,22.0,-11.100000000000001,23.67,-49.0,81.0,-12.05,22.21,-2.0,9.0,-65.0,103.0,3.0,5.0,-14.0,54.0,-51.0,49.0,0.0,1.0,-17.0,20.0,-4.0,5.0,0.0,0.0,-3.0,33.0,19.0,17.0,22.0,-16.0,0.081,0.0493
75914931,0,0,68,68,0.1363,0.2469,0.0177,0.27449999999999997,0.0588,0.2797,0.0417,-194.0,0.0,-20.0,0.0,8.0,1.0,-18.0,22.0,14.0,1.0,252.0,10.0,20.0,4.0,19.11,10.0,63.0,10.0,20.84,0.0,3.0,0.0,44.0,0.0,11.0,0.0,194.0,0.0,-150.0,0.0,0.0,0.0,0.0,0.0,3.0,0.0,0.0,0.0,61.0,0.0,0.0,0.0,-61.0,0.0,-0.6584,1.0
75914931,1,1,50,50,0.1002,0.4647,0.0177,0.5106,0.0588,0.4226,0.0417,268.0,0.0,18.0,0.0,12.0,1.0,-14.0,22.0,6.0,1.0,483.0,10.0,37.0,4.0,27.92,10.0,91.0,10.0,30.69,0.0,9.0,0.0,109.0,0.0,6.0,0.0,89.0,0.0,20.0,0.0,1.0,0.0,3.0,0.0,2.0,0.0,2.0,0.0,72.0,0.0,70.0,0.0,-2.0,0.0,-0.962,1.0
75915235,0,0,29,83,0.5646,-0.0761,0.3934,-0.08340000000000003,0.3667,-0.07139999999999996,0.3571,-93.0,1.0,-13.0,-4.0,-2.0,10.0,-3.0,6.0,5.0,12.0,-62.0,240.0,-5.0,22.0,-1.75,24.0,-47.0,139.0,-10.289999999999996,41.73,1.0,9.0,50.0,103.0,5.0,6.0,96.0,66.0,-46.0,37.0,1.0,1.0,7.0,3.0,1.0,2.0,-1.0,2.0,51.0,19.0,7.0,18.0,-44.0,-1.0,-0.2519,0.2827
75915235,1,1,29,83,0.5646,0.08950000000000002,0.3918,0.13339999999999996,0.4333,0.1785,0.4286,93.0,-1.0,13.0,4.0,5.0,12.0,-3.0,6.0,-2.0,10.0,31.0,239.0,8.0,26.0,-4.040000000000001,19.92,16.0,53.0,0.7899999999999991,14.63,5.0,6.0,96.0,66.0,1.0,9.0,50.0,103.0,46.0,-37.0,0.0,2.0,-8.0,23.0,-1.0,3.0,-2.0,2.0,48.0,40.0,81.0,11.0,33.0,-29.0,-0.23170000000000002,0.2469
75918336,0,0,23,79,0.681,-0.03810000000000001,0.129,-0.125,0.3393,-0.03570000000000001,0.25,-124.0,-64.0,-14.0,-2.0,-1.0,7.0,0.0,12.0,1.0,9.0,-27.0,113.0,-7.0,19.0,-1.8100000000000005,16.14,-7.0,41.0,-1.959999999999999,13.36,-5.0,14.0,-13.0,191.0,-3.0,7.0,-60.0,134.0,47.0,57.0,0.0,0.0,0.0,0.0,1.0,3.0,0.0,1.0,-41.0,51.0,-50.0,64.0,-9.0,13.0,0.4054,0.1149
75918336,1,1,23,79,0.681,0.08750000000000002,0.2021,0.125,0.375,0.035699999999999954,0.3214,124.0,64.0,14.0,2.0,1.0,9.0,0.0,12.0,-1.0,7.0,97.0,177.0,7.0,21.0,7.729999999999997,19.67,22.0,37.0,7.020000000000001,12.44,-3.0,7.0,-60.0,134.0,-5.0,14.0,-13.0,191.0,-47.0,-57.0,0.0,1.0,-27.0,30.0,-1.0,2.0,0.0,1.0,35.0,103.0,-4.0,49.0,-39.0,-54.0,0.10360000000000003,0.1951
75920012,0,1,32,100,0.6211,0.11019999999999996,0.5368,0.16369999999999996,0.4474,0.19640000000000002,0.4286,21.0,181.0,16.0,2.0,3.0,12.0,-2.0,3.0,-5.0,13.0,11.0,372.0,10.0,34.0,-5.469999999999999,31.0,-55.0,117.0,-14.38,28.75,4.0,7.0,46.0,91.0,-12.0,19.0,-194.0,296.0,240.0,-205.0,-3.0,3.0,-65.0,65.0,0.0,3.0,0.0,0.0,-145.0,232.0,30.0,68.0,175.0,-164.0,0.0046,0.0298
75920012,1,0,32,100,0.6211,0.030100000000000016,0.2756,-0.06,0.4211,-0.131,0.4643,-21.0,-181.0,-16.0,-2.0,-5.0,13.0,-2.0,3.0,3.0,12.0,-10.0,191.0,-6.0,32.0,7.9300000000000015,14.69,12.0,36.0,1.370000000000001,11.54,-12.0,19.0,-194.0,296.0,4.0,7.0,46.0,91.0,-240.0,205.0,0.0,0.0,0.0,0.0,-5.0,9.0,0.0,0.0,16.0,23.0,-49.0,64.0,-65.0,41.0,-0.10289999999999999,0.1324
75921657,0,0,21,67,0.6442,0.046999999999999986,0.1277,0.001799999999999996,0.2188,0.005600000000000022,0.1944,43.0,-79.0,-13.0,-3.0,1.0,7.0,-3.0,21.0,6.0,8.0,44.0,111.0,1.0,14.0,3.5199999999999996,15.86,-14.0,51.0,-5.999999999999998,17.24,2.0,3.0,27.0,44.0,5.0,5.0,29.0,73.0,-2.0,-29.0,0.0,0.0,0.0,0.0,3.0,1.0,-1.0,1.0,22.0,0.0,18.0,0.0,-4.0,0.0,-0.903,1.0
75921657,1,1,21,67,0.6442,-0.0032999999999999974,0.2186,0.19030000000000002,0.2656,0.12779999999999997,0.2222,-43.0,79.0,13.0,3.0,6.0,8.0,-3.0,21.0,1.0,7.0,1.0,190.0,14.0,17.0,-10.11,23.75,-10.0,44.0,-6.820000000000002,16.85,5.0,5.0,29.0,73.0,2.0,3.0,27.0,44.0,2.0,29.0,2.0,1.0,20.0,6.0,3.0,0.0,0.0,2.0,25.0,28.0,52.0,0.0,27.0,-28.0,-0.3114,0.4193
75921661,0,0,16,59,0.7284,-0.0848,0.1711,-0.1104,0.3472,-0.1028,0.2778,-281.0,-62.0,-17.0,-5.0,-3.0,10.0,1.0,13.0,6.0,13.0,-55.0,142.0,-7.0,25.0,-1.7699999999999996,14.2,-2.0,37.0,-1.7100000000000009,12.72,-3.0,13.0,0.0,212.0,1.0,6.0,31.0,109.0,-31.0,103.0,1.0,1.0,6.0,6.0,-3.0,6.0,3.0,1.0,23.0,31.0,2.0,32.0,-21.0,1.0,0.17869999999999997,0.3328
75921661,1,1,16,44,0.5432,0.1915,0.1213,0.2222,0.25,0.1944,0.1667,167.0,-42.0,15.0,-2.0,7.0,6.0,-9.0,22.0,2.0,8.0,202.0,98.0,16.0,18.0,6.75,16.33,72.0,24.0,20.98,6.98,2.0,3.0,40.0,53.0,7.0,3.0,126.0,42.0,-86.0,11.0,4.0,0.0,38.0,0.0,1.0,0.0,0.0,2.0,87.0,0.0,27.0,23.0,-60.0,23.0,-0.842,1.0
75927019,0,0,34,102,0.5896,0.010599999999999998,0.3819,-0.14609999999999995,0.475,-0.07500000000000001,0.375,-47.0,-25.0,-23.0,5.0,-3.0,9.0,-1.0,4.0,0.0,11.0,106.0,312.0,-13.0,38.0,35.0,34.67,25.0,90.0,9.779999999999998,27.13,-5.0,5.0,-46.0,46.0,8.0,15.0,169.0,133.0,-215.0,-87.0,-3.0,4.0,-35.0,77.0,-2.0,2.0,0.0,0.0,-14.0,130.0,-21.0,21.0,-7.0,-109.0,0.10670000000000002,0.1011
75927019,1,1,34,102,0.5896,0.04760000000000003,0.4125,0.1533,0.4125,0.09170000000000006,0.4583,47.0,25.0,23.0,-5.0,0.0,11.0,-1.0,4.0,-3.0,9.0,153.0,337.0,10.0,33.0,13.909999999999997,30.64,104.0,78.0,32.370000000000005,22.55,8.0,15.0,169.0,133.0,-5.0,5.0,-46.0,46.0,215.0,87.0,-1.0,1.0,-6.0,6.0,1.0,4.0,2.0,0.0,-25.0,25.0,87.0,3.0,112.0,-22.0,0.9235,0.0765
75927660,0,1,31,115,0.7325,0.14800000000000002,0.3392,0.10659999999999997,0.4559,0.12949999999999995,0.4062,87.0,36.0,7.0,7.0,2.0,13.0,-6.0,10.0,0.0,9.0,-2.0,307.0,5.0,31.0,-3.2900000000000027,23.62,29.0,49.0,6.529999999999999,15.31,6.0,12.0,52.0,180.0,1.0,4.0,20.0,48.0,32.0,132.0,0.0,0.0,0.0,0.0,3.0,2.0,0.0,3.0,11.0,16.0,-7.0,70.0,-18.0,54.0,0.2226,0.1847
75927660,1,0,31,115,0.7325,-0.008699999999999986,0.2994,-0.009099999999999997,0.3529,0.040200000000000014,0.2812,-87.0,-36.0,-7.0,-7.0,0.0,9.0,-6.0,10.0,2.0,13.0,-89.0,271.0,-2.0,24.0,-9.89,30.11,-37.0,68.0,-8.92,15.77,1.0,4.0,20.0,48.0,6.0,12.0,52.0,180.0,-32.0,-132.0,2.0,1.0,20.0,27.0,2.0,1.0,-1.0,2.0,38.0,56.0,27.0,0.0,-11.0,-56.0,-0.0976,0.1292
75927875,0,1,40,112,0.56,0.1416,0.3559,0.11819999999999997,0.4688,0.0938,0.4062,299.0,-79.0,19.0,7.0,1.0,13.0,-3.0,9.0,-2.0,10.0,-51.0,452.0,9.0,45.0,-6.130000000000003,34.77,3.0,90.0,1.0700000000000003,28.71,5.0,19.0,-2.0,267.0,18.0,6.0,312.0,90.0,-314.0,177.0,2.0,0.0,77.0,0.0,-1.0,3.0,-1.0,3.0,170.0,0.0,-77.0,177.0,-247.0,177.0,-0.7701,1.0
75927875,1,0,40,112,0.56,-0.19350000000000003,0.4181,-0.09149999999999997,0.3958,-0.02679999999999999,0.3125,-299.0,79.0,-19.0,-7.0,-2.0,10.0,-3.0,9.0,1.0,13.0,-350.0,531.0,-10.0,38.0,-30.48,53.1,-83.0,171.0,-26.380000000000003,54.46,18.0,6.0,312.0,90.0,5.0,19.0,-2.0,267.0,314.0,-177.0,0.0,1.0,12.0,12.0,4.0,0.0,1.0,0.0,34.0,74.0,122.0,90.0,88.0,16.0,-0.014499999999999999,0.0368
75928517,0,1,30,102,0.6755,0.05219999999999997,0.2786,0.07240000000000002,0.375,0.041700000000000015,0.3333,56.0,63.0,8.0,6.0,0.0,12.0,-4.0,15.0,0.0,9.0,74.0,275.0,4.0,30.0,6.159999999999997,22.92,31.0,54.0,1.1600000000000001,18.38,0.0,9.0,57.0,155.0,3.0,12.0,124.0,164.0,-67.0,-9.0,-1.0,2.0,12.0,10.0,-1.0,3.0,-1.0,2.0,11.0,131.0,49.0,90.0,38.0,-41.0,0.0611,0.0402
75928517,1,0,30,102,0.6755,0.0032000000000000084,0.2148,-0.0368,0.3,0.031200000000000006,0.25,-56.0,-63.0,-8.0,-6.0,0.0,9.0,-4.0,15.0,0.0,12.0,18.0,212.0,-4.0,24.0,2.0,23.56,-9.0,62.0,-1.1799999999999997,18.87,3.0,12.0,124.0,164.0,0.0,9.0,57.0,155.0,67.0,9.0,-1.0,1.0,-7.0,7.0,0.0,6.0,-1.0,2.0,12.0,40.0,111.0,13.0,99.0,-27.0,-0.3689,0.395
75929958,0,1,32,109,0.677,0.1612,0.4416,0.09890000000000004,0.4844,0.13330000000000003,0.45,51.0,101.0,6.0,6.0,3.0,18.0,-6.0,8.0,-1.0,14.0,-45.0,344.0,4.0,31.0,-4.869999999999999,19.11,-5.0,39.0,-1.7500000000000009,8.88,7.0,14.0,127.0,259.0,-3.0,19.0,-50.0,337.0,177.0,-78.0,-2.0,5.0,-62.0,106.0,2.0,5.0,-2.0,2.0,-120.0,267.0,75.0,75.0,195.0,-192.0,0.1014,0.0168
75929958,1,0,32,112,0.6957,0.06690000000000002,0.1752,-0.03949999999999998,0.4062,-0.041700000000000015,0.375,-28.0,-231.0,-9.0,-5.0,-3.0,15.0,-5.0,7.0,4.0,18.0,39.0,106.0,-4.0,26.0,5.01,7.07,4.0,24.0,2.130000000000001,6.84,-3.0,18.0,-45.0,308.0,7.0,12.0,146.0,191.0,-191.0,117.0,-3.0,5.0,3.0,13.0,-2.0,10.0,-3.0,4.0,-4.0,151.0,89.0,28.0,93.0,-123.0,-0.0692,0.0928
75930440,0,1,37,135,0.7297,0.09709999999999996,0.4072,0.1184,0.4342,0.08329999999999999,0.4167,101.0,59.0,18.0,-1.0,2.0,10.0,0.0,5.0,-2.0,9.0,265.0,204.0,9.0,33.0,18.68,20.4,44.0,45.0,14.05,15.0,-7.0,14.0,-107.0,213.0,-1.0,7.0,0.0,95.0,-107.0,118.0,-1.0,1.0,-16.0,16.0,-3.0,3.0,-1.0,2.0,-54.0,54.0,0.0,96.0,54.0,42.0,0.935,0.065
75930440,1,0,37,135,0.7297,0.042899999999999994,0.2894,-0.1185,0.4474,-0.08329999999999999,0.375,-101.0,-59.0,-18.0,1.0,-2.0,9.0,0.0,5.0,2.0,10.0,164.0,145.0,-9.0,34.0,28.03,16.11,37.0,50.0,9.700000000000001,13.42,-1.0,7.0,0.0,95.0,-7.0,14.0,-107.0,213.0,107.0,-118.0,-2.0,2.0,-31.0,31.0,-2.0,2.0,1.0,0.0,-75.0,75.0,36.0,41.0,111.0,-34.0,0.9742999999999999,0.0257
75930516,0,1,38,147,0.7617,0.05269999999999997,0.6641,0.0736,0.5588,0.10719999999999996,0.5714,302.0,347.0,10.0,8.0,3.0,16.0,0.0,0.0,-3.0,12.0,371.0,702.0,5.0,38.0,12.589999999999996,43.88,-197.0,367.0,-46.17,86.59,-4.0,9.0,-46.0,117.0,-2.0,11.0,-57.0,183.0,11.0,-66.0,-4.0,4.0,-60.0,60.0,-3.0,5.0,0.0,0.0,-85.0,123.0,2.0,15.0,87.0,-108.0,-0.06470000000000001,0.1228
75930516,1,0,38,147,0.7617,-0.05269999999999997,0.3359,-0.0736,0.4412,-0.10719999999999996,0.4286,-302.0,-347.0,-10.0,-8.0,-3.0,12.0,0.0,0.0,3.0,16.0,69.0,355.0,-5.0,30.0,17.53,29.58,71.0,82.0,39.28,19.93,-2.0,11.0,-57.0,183.0,-4.0,9.0,-46.0,117.0,-11.0,66.0,-1.0,1.0,-15.0,15.0,-3.0,5.0,0.0,0.0,-48.0,102.0,28.0,60.0,76.0,-42.0,0.010799999999999997,0.0204
75930627,0,1,35,120,0.6818,0.052700000000000025,0.3953,0.10000000000000003,0.425,0.15000000000000002,0.4,31.0,112.0,7.0,5.0,3.0,8.0,-1.0,7.0,-2.0,5.0,68.0,255.0,4.0,17.0,-2.5199999999999996,31.88,-5.0,59.0,-2.8200000000000003,19.75,-3.0,6.0,-30.0,54.0,-4.0,4.0,-50.0,50.0,20.0,4.0,0.0,0.0,0.0,0.0,-2.0,2.0,1.0,0.0,-11.0,11.0,-13.0,26.0,-2.0,15.0,0.8983,0.1017
75930627,1,0,35,143,0.8125,0.07690000000000002,0.1261,-0.024999999999999994,0.25,0.0,0.2,-101.0,-191.0,-6.0,-10.0,0.0,4.0,-2.0,6.0,2.0,10.0,78.0,69.0,-1.0,10.0,19.5,17.25,23.0,26.0,3.74,6.5,-2.0,3.0,-33.0,44.0,0.0,3.0,19.0,28.0,-52.0,16.0,-1.0,1.0,-11.0,11.0,-2.0,2.0,0.0,0.0,20.0,27.0,11.0,0.0,-9.0,-27.0,-0.2701,0.379
75930684,0,1,52,214,0.8137,-0.03380000000000005,0.6781,0.1191000000000001,0.5125,0.1528,0.4722,-566.0,910.0,11.0,15.0,3.0,17.0,-5.0,7.0,-2.0,12.0,-733.0,1260.0,7.0,41.0,-47.77,74.12,-71.0,184.0,-23.769999999999996,47.73,118.0,0.0,1921.0,0.0,-5.0,13.0,-148.0,274.0,2069.0,-274.0,-2.0,2.0,-43.0,43.0,9.0,0.0,1.0,0.0,-123.0,196.0,1040.0,0.0,1163.0,-196.0,0.014799999999999997,0.0183
75930684,1,0,52,214,0.8137,0.0353,0.1884,-0.03550000000000003,0.325,-0.020799999999999985,0.3333,566.0,-910.0,-11.0,-15.0,-2.0,12.0,-5.0,7.0,3.0,17.0,-167.0,350.0,-4.0,26.0,-10.870000000000001,29.17,-21.0,69.0,-0.4800000000000004,19.14,-5.0,13.0,-148.0,274.0,118.0,0.0,1921.0,0.0,-2069.0,274.0,9.0,0.0,174.0,0.0,-2.0,7.0,0.0,1.0,849.0,0.0,-28.0,50.0,-877.0,50.0,-0.9819,1.0
75936669,0,1,39,156,0.8,0.2229,0.529,-0.006199999999999983,0.6,0.05359999999999998,0.5714,447.0,54.0,2.0,12.0,4.0,16.0,2.0,0.0,-2.0,12.0,208.0,492.0,2.0,36.0,4.25,30.75,36.0,61.0,9.73,18.24,-2.0,12.0,-3.0,120.0,-1.0,7.0,-65.0,105.0,62.0,15.0,-1.0,1.0,-35.0,35.0,1.0,5.0,1.0,0.0,-54.0,94.0,-36.0,66.0,18.0,-28.0,-0.0373,0.1211
75936669,1,0,39,161,0.8256,-0.25239999999999996,0.3989,0.027100000000000013,0.3167,0.02679999999999999,0.2857,-421.0,-152.0,3.0,-22.0,2.0,8.0,1.0,0.0,1.0,20.0,-178.0,300.0,3.0,19.0,-25.3,37.5,-27.0,65.0,-5.280000000000001,16.19,-1.0,10.0,-22.0,115.0,-1.0,12.0,13.0,127.0,-35.0,-12.0,4.0,0.0,25.0,0.0,-5.0,8.0,0.0,0.0,50.0,56.0,35.0,0.0,-15.0,-56.0,-0.06740000000000002,0.1768
75937738,0,0,40,170,0.8374,-0.020899999999999974,0.2884,-0.023799999999999988,0.3438,-0.06109999999999999,0.3611,-168.0,-167.0,-8.0,-23.0,-1.0,13.0,1.0,3.0,4.0,20.0,-7.0,263.0,-1.0,33.0,1.0999999999999979,20.23,-31.0,82.0,-3.3599999999999994,21.58,6.0,15.0,34.0,336.0,9.0,33.0,379.0,589.0,-345.0,-253.0,3.0,2.0,68.0,9.0,1.0,7.0,-2.0,2.0,178.0,67.0,130.0,25.0,-48.0,-42.0,-0.0015000000000000013,0.0212
75937738,1,1,40,168,0.8276,0.13730000000000003,0.445,0.05919999999999992,0.5208,0.07499999999999996,0.5,167.0,113.0,10.0,11.0,5.0,18.0,1.0,3.0,-2.0,15.0,116.0,429.0,8.0,50.0,-0.129999999999999,23.83,17.0,67.0,0.009999999999999787,15.89,8.0,32.0,291.0,559.0,7.0,15.0,-58.0,354.0,349.0,205.0,-3.0,3.0,-68.0,68.0,2.0,6.0,3.0,1.0,-80.0,231.0,417.0,138.0,497.0,-93.0,-0.1066,0.1752
75938056,0,0,19,76,0.7755,-0.05130000000000001,0.2807,-0.041700000000000015,0.3125,-0.05559999999999998,0.3056,-135.0,122.0,-8.0,-10.0,-2.0,11.0,0.0,14.0,2.0,11.0,-43.0,297.0,-4.0,30.0,1.2199999999999989,27.0,3.0,97.0,4.370000000000001,26.2,-8.0,12.0,-139.0,213.0,7.0,12.0,132.0,159.0,-271.0,54.0,2.0,0.0,18.0,0.0,-2.0,4.0,0.0,1.0,109.0,14.0,-34.0,62.0,-143.0,48.0,0.017400000000000002,0.0185
75938056,1,1,19,76,0.7755,0.0758,0.1654,0.04159999999999997,0.4167,0.055499999999999994,0.3056,135.0,-122.0,8.0,10.0,2.0,11.0,0.0,14.0,-2.0,11.0,92.0,175.0,4.0,40.0,4.629999999999999,15.91,21.0,33.0,1.0299999999999994,10.97,7.0,12.0,132.0,159.0,-8.0,12.0,-139.0,213.0,271.0,-54.0,-3.0,3.0,-49.0,49.0,3.0,2.0,-1.0,3.0,-95.0,133.0,50.0,80.0,145.0,-53.0,0.18330000000000002,0.0376
75938189,0,0,28,96,0.6906,-0.11530000000000001,0.5392,-0.06790000000000002,0.4375,-0.04510000000000003,0.3889,-389.0,305.0,-21.0,-3.0,-3.0,14.0,-6.0,6.0,5.0,16.0,-337.0,571.0,-8.0,42.0,-19.52,40.79,-21.0,85.0,0.870000000000001,20.98,8.0,17.0,98.0,257.0,12.0,30.0,169.0,422.0,-71.0,-165.0,1.0,3.0,-62.0,89.0,3.0,4.0,-1.0,1.0,46.0,120.0,93.0,0.0,47.0,-120.0,-0.046700000000000005,0.0637
75938189,1,1,28,96,0.6906,0.32489999999999997,0.2512,0.16159999999999997,0.4688,0.2118,0.4444,389.0,-305.0,21.0,3.0,5.0,16.0,-6.0,6.0,-3.0,14.0,52.0,266.0,13.0,45.0,-1.4800000000000004,16.62,-17.0,59.0,-3.8400000000000016,16.35,12.0,30.0,169.0,422.0,8.0,17.0,98.0,257.0,71.0,165.0,-2.0,3.0,-47.0,48.0,2.0,5.0,-2.0,2.0,80.0,182.0,182.0,243.0,102.0,61.0,-0.0266,0.0579
75939046,0,1,29,119,0.8207,0.08360000000000001,0.269,0.033399999999999985,0.5333,0.05559999999999998,0.4444,4.0,-23.0,-3.0,15.0,2.0,16.0,-5.0,9.0,3.0,11.0,-7.0,117.0,2.0,32.0,-1.1999999999999993,7.31,-7.0,25.0,-1.1600000000000001,5.8,142.0,153.0,1564.0,2467.0,-8.0,14.0,-119.0,240.0,1683.0,2227.0,1.0,0.0,3.0,0.0,2.0,8.0,-4.0,5.0,-88.0,98.0,414.0,357.0,502.0,259.0,0.2323,0.0553
75939046,1,0,29,123,0.8483,0.05660000000000004,0.3575,0.06669999999999998,0.2833,0.055499999999999994,0.3056,-31.0,53.0,1.0,-15.0,2.0,11.0,-5.0,9.0,3.0,16.0,-25.0,148.0,4.0,17.0,-3.9899999999999984,13.45,5.0,31.0,0.5700000000000003,8.89,-4.0,10.0,-16.0,153.0,124.0,179.0,1284.0,2821.0,-1300.0,-2668.0,2.0,8.0,21.0,89.0,-3.0,4.0,1.0,0.0,988.0,1785.0,13.0,81.0,-975.0,-1704.0,-9.99999999999994e-05,0.0141
75940913,0,1,24,81,0.6585,0.03260000000000002,0.205,0.0973,0.3194,0.06240000000000001,0.2188,120.0,-7.0,14.0,-1.0,2.0,7.0,0.0,17.0,-2.0,8.0,5.0,196.0,7.0,23.0,-5.670000000000002,28.0,-36.0,92.0,-15.55,33.68,-4.0,19.0,-19.0,265.0,-1.0,9.0,-33.0,177.0,14.0,88.0,0.0,1.0,8.0,5.0,-1.0,5.0,-2.0,3.0,6.0,55.0,-9.0,100.0,-15.0,45.0,0.013899999999999996,0.0976
75940913,1,0,24,85,0.6911,-0.0007999999999999952,0.1442,-0.08659999999999998,0.2778,-0.040199999999999986,0.2188,-15.0,-30.0,-14.0,-7.0,-2.0,7.0,-4.0,17.0,2.0,8.0,-2.0,119.0,-7.0,20.0,6.399999999999999,17.0,3.0,47.0,8.549999999999999,13.72,-5.0,10.0,-108.0,193.0,0.0,20.0,67.0,284.0,-175.0,-91.0,-3.0,5.0,-51.0,58.0,0.0,2.0,-3.0,4.0,13.0,83.0,-4.0,23.0,-17.0,-60.0,-0.28669999999999995,0.3364
75941873,0,0,22,82,0.7257,-0.0998,0.3452,-0.1659,0.4306,-0.029700000000000004,0.3214,-206.0,126.0,-28.0,6.0,-2.0,9.0,-6.0,12.0,4.0,7.0,-207.0,339.0,-13.0,31.0,-18.810000000000002,37.67,-34.0,65.0,-7.78,15.58,0.0,9.0,-57.0,169.0,3.0,5.0,49.0,79.0,-106.0,90.0,1.0,0.0,18.0,0.0,3.0,1.0,-2.0,3.0,-8.0,79.0,-76.0,91.0,-68.0,12.0,-0.2201,0.2481
75941873,1,1,22,82,0.7257,0.1772,0.2169,0.24099999999999994,0.3472,0.20829999999999999,0.25,206.0,-126.0,28.0,-6.0,4.0,7.0,-6.0,12.0,-2.0,9.0,-1.0,213.0,15.0,25.0,-11.16,30.43,-5.0,50.0,-0.02999999999999936,13.33,3.0,5.0,49.0,79.0,0.0,9.0,-57.0,169.0,106.0,-90.0,1.0,0.0,4.0,0.0,0.0,4.0,0.0,0.0,59.0,19.0,57.0,0.0,-2.0,-19.0,-0.2419,0.3496
75942176,0,1,29,97,0.6644,0.30489999999999995,0.1831,0.1194,0.4118,0.1518,0.3125,246.0,19.0,11.0,7.0,3.0,10.0,-5.0,13.0,-2.0,9.0,200.0,106.0,6.0,28.0,12.94,10.6,29.0,41.0,6.02,12.39,-1.0,11.0,-51.0,194.0,4.0,12.0,25.0,174.0,-76.0,20.0,-1.0,3.0,7.0,19.0,1.0,2.0,-2.0,4.0,11.0,59.0,-15.0,66.0,-26.0,7.0,-0.015100000000000002,0.1771
75942176,1,0,29,112,0.7671,-0.02500000000000001,0.1426,-0.0781,0.3281,-0.07140000000000002,0.3214,-141.0,-166.0,-11.0,-8.0,-2.0,9.0,-1.0,8.0,3.0,11.0,-4.0,89.0,-5.0,21.0,2.25,9.89,-2.0,30.0,-2.469999999999999,10.87,-10.0,16.0,-224.0,277.0,4.0,6.0,45.0,109.0,-269.0,168.0,1.0,1.0,-19.0,30.0,-1.0,5.0,-1.0,2.0,-15.0,82.0,-141.0,141.0,-126.0,59.0,0.1055,0.0843
75942366,0,1,41,122,0.598,0.3867,0.286,0.19870000000000004,0.3846,0.2667,0.3333,277.0,-50.0,10.0,0.0,4.0,8.0,-8.0,9.0,0.0,7.0,178.0,159.0,8.0,20.0,8.2,19.88,19.0,41.0,6.880000000000001,13.38,-3.0,13.0,-38.0,121.0,4.0,5.0,40.0,51.0,-78.0,70.0,1.0,1.0,-9.0,17.0,0.0,2.0,-2.0,2.0,65.0,26.0,34.0,18.0,-31.0,-8.0,-0.20610000000000003,0.34
75942366,1,0,41,130,0.6373,-0.10569999999999996,0.4114,-0.10420000000000001,0.4167,0.0,0.35,-142.0,32.0,-13.0,-3.0,0.0,7.0,-2.0,3.0,2.0,10.0,-73.0,202.0,-5.0,20.0,-10.43,28.86,-40.0,86.0,-14.71,28.85,1.0,7.0,-17.0,79.0,1.0,13.0,-9.0,137.0,-8.0,-58.0,0.0,1.0,-12.0,20.0,1.0,3.0,0.0,0.0,-42.0,84.0,0.0,0.0,42.0,-84.0,0.02769999999999999,0.1042
75943167,0,0,43,168,0.785,0.1214,0.084,-0.017100000000000004,0.3088,-0.04999999999999999,0.3,750.0,-908.0,-2.0,-12.0,0.0,6.0,3.0,5.0,1.0,9.0,71.0,120.0,0.0,21.0,11.829999999999998,20.0,15.0,53.0,7.91,17.12,-4.0,8.0,-52.0,80.0,53.0,1.0,549.0,5.0,-601.0,75.0,4.0,0.0,79.0,0.0,-2.0,3.0,-1.0,1.0,302.0,0.0,-18.0,34.0,-320.0,34.0,-0.8896,1.0
75943167,1,1,43,157,0.7336,-0.22149999999999997,0.6949,-0.027000000000000024,0.4853,-0.07500000000000001,0.45,-403.0,764.0,0.0,12.0,0.0,9.0,4.0,5.0,0.0,6.0,-291.0,861.0,0.0,33.0,-32.34,95.67,-50.0,201.0,-31.17000000000001,74.04,22.0,2.0,209.0,31.0,-1.0,7.0,-12.0,62.0,221.0,-31.0,0.0,0.0,0.0,0.0,3.0,2.0,4.0,0.0,-30.0,40.0,48.0,0.0,78.0,-40.0,0.07039999999999999,0.1383
75943919,0,0,30,123,0.8039,-0.1124,0.3873,-0.059599999999999986,0.4286,-0.041700000000000015,0.4167,-354.0,-121.0,-10.0,-12.0,-1.0,10.0,0.0,0.0,1.0,14.0,82.0,208.0,-5.0,36.0,11.419999999999998,20.8,16.0,48.0,4.130000000000001,15.69,2.0,6.0,12.0,76.0,1.0,9.0,1.0,97.0,11.0,-21.0,-1.0,1.0,-4.0,4.0,0.0,5.0,0.0,0.0,9.0,61.0,20.0,2.0,11.0,-59.0,0.0458,0.054
75943919,1,1,30,122,0.7974,0.2232,0.4563,0.08329999999999993,0.5238,0.04160000000000008,0.5417,400.0,-55.0,14.0,4.0,1.0,13.0,0.0,0.0,-1.0,11.0,366.0,287.0,7.0,44.0,24.560000000000002,22.08,59.0,60.0,18.55,19.31,2.0,10.0,20.0,100.0,6.0,2.0,73.0,15.0,-53.0,85.0,-1.0,1.0,0.0,0.0,2.0,4.0,0.0,0.0,53.0,13.0,16.0,38.0,-37.0,25.0,-0.4677,0.5214
75955697,0,1,19,64,0.6598,0.027400000000000008,0.1003,0.1136,0.1364,0.06669999999999998,0.1,12.0,24.0,1.0,4.0,2.0,2.0,1.0,16.0,1.0,2.0,23.0,79.0,6.0,6.0,-14.0,39.5,15.0,56.0,7.930000000000003,23.33,2.0,0.0,24.0,0.0,1.0,0.0,10.0,0.0,14.0,0.0,0.0,0.0,0.0,0.0,0.0,0.0,0.0,0.0,10.0,0.0,24.0,0.0,14.0,0.0,-0.14780000000000004,1.0
75955697,1,0,19,64,0.6598,0.012800000000000006,0.0698,0.10030000000000001,0.0455,0.024999999999999994,0.1,-12.0,-24.0,-1.0,-4.0,1.0,2.0,1.0,16.0,2.0,2.0,11.0,55.0,5.0,2.0,-5.5,27.5,4.0,28.0,11.079999999999998,0.71,1.0,0.0,10.0,0.0,2.0,0.0,24.0,0.0,-14.0,0.0,0.0,0.0,0.0,0.0,1.0,0.0,0.0,0.0,0.0,0.0,0.0,0.0,0.0,0.0,0.0,1.0
75956569,0,0,30,30,0.0601,0.029500000000000005,0.0101,0.1023,0.0341,0.0938,0.0312,-78.0,0.0,-8.0,0.0,3.0,1.0,-9.0,30.0,6.0,1.0,29.0,10.0,9.0,3.0,-0.25,10.0,5.0,10.0,4.11,0.0,4.0,0.0,78.0,0.0,4.0,0.0,74.0,0.0,4.0,0.0,0.0,0.0,0.0,0.0,0.0,0.0,3.0,0.0,0.0,0.0,0.0,0.0,0.0,0.0,0.0,1.0
75956569,1,1,30,30,0.0601,0.1086,0.0101,0.1932,0.0341,0.1876,0.0312,78.0,0.0,8.0,0.0,6.0,1.0,-9.0,30.0,3.0,1.0,107.0,10.0,17.0,3.0,6.710000000000001,10.0,27.0,10.0,12.87,0.0,4.0,0.0,74.0,0.0,4.0,0.0,78.0,0.0,-4.0,0.0,0.0,0.0,0.0,0.0,0.0,0.0,4.0,0.0,0.0,0.0,0.0,0.0,0.0,0.0,0.0,1.0
75957995,0,0,22,66,0.5893,0.02149999999999999,0.2227,0.015100000000000002,0.2885,0.0,0.25,-157.0,8.0,-12.0,-3.0,1.0,6.0,-4.0,11.0,7.0,7.0,33.0,104.0,2.0,15.0,2.240000000000002,17.33,-1.0,50.0,0.8000000000000007,18.58,7.0,3.0,56.0,53.0,5.0,1.0,78.0,13.0,-22.0,40.0,1.0,0.0,2.0,0.0,5.0,0.0,-1.0,3.0,7.0,0.0,0.0,0.0,-7.0,0.0,-0.37570000000000003,1.0
75957995,1,1,22,66,0.5893,0.3042,0.2056,0.2252,0.3462,0.20829999999999999,0.2917,157.0,-8.0,12.0,3.0,7.0,7.0,-4.0,11.0,1.0,6.0,190.0,96.0,14.0,18.0,6.719999999999999,13.71,51.0,30.0,13.12,10.08,5.0,1.0,78.0,13.0,7.0,3.0,56.0,53.0,22.0,-40.0,3.0,0.0,13.0,0.0,1.0,0.0,1.0,1.0,80.0,0.0,34.0,0.0,-46.0,0.0,-0.8731,1.0
75959127,0,1,60,148,0.4884,0.08250000000000002,0.6542,0.08829999999999993,0.5441,0.17860000000000004,0.4643,374.0,295.0,9.0,10.0,5.0,13.0,-3.0,4.0,-2.0,11.0,540.0,473.0,6.0,37.0,19.9,36.38,39.0,118.0,11.469999999999999,32.51,-1.0,4.0,-15.0,57.0,-1.0,27.0,42.0,252.0,-57.0,-195.0,-2.0,3.0,-35.0,39.0,-2.0,4.0,0.0,0.0,-10.0,99.0,18.0,0.0,28.0,-99.0,-0.027,0.0368
75959127,1,0,60,158,0.5215,-0.07400000000000001,0.2452,-0.192,0.4559,-0.17410000000000003,0.3929,-510.0,-316.0,-26.0,-3.0,-4.0,11.0,2.0,3.0,6.0,14.0,49.0,178.0,-12.0,31.0,16.25,16.18,3.0,60.0,3.9599999999999973,16.6,-3.0,30.0,-71.0,380.0,-1.0,5.0,2.0,64.0,-73.0,316.0,-1.0,1.0,-3.0,3.0,-3.0,7.0,1.0,1.0,14.0,52.0,44.0,135.0,30.0,83.0,-0.0306,0.0499
75963975,0,1,19,19,0.1022,0.0973,0.0318,0.1731,0.0769,0.15000000000000002,0.05,-46.0,0.0,7.0,0.0,3.0,1.0,-4.0,18.0,1.0,1.0,41.0,10.0,9.0,4.0,2.75,10.0,15.0,10.0,10.28,0.0,2.0,0.0,32.0,0.0,0.0,0.0,0.0,0.0,32.0,0.0,0.0,0.0,0.0,0.0,0.0,0.0,2.0,0.0,0.0,0.0,0.0,0.0,0.0,0.0,0.0,1.0
75963975,1,0,19,19,0.1022,0.21380000000000002,0.0318,0.038500000000000006,0.0769,0.05,0.05,46.0,0.0,-7.0,0.0,1.0,1.0,-4.0,18.0,3.0,1.0,87.0,10.0,2.0,4.0,38.5,10.0,68.0,10.0,41.72,0.0,0.0,0.0,0.0,0.0,2.0,0.0,32.0,0.0,-32.0,0.0,0.0,0.0,0.0,0.0,0.0,0.0,0.0,0.0,0.0,0.0,0.0,0.0,0.0,0.0,0.0,1.0
75964932,0,1,35,50,0.2825,0.12739999999999999,0.0279,0.46,0.0208,0.24170000000000003,0.05,-12.0,0.0,15.0,0.0,6.0,1.0,-5.0,18.0,3.0,1.0,71.0,13.0,24.0,1.0,-1.0,13.0,28.0,13.0,13.6,0.0,9.0,2.0,148.0,8.0,1.0,2.0,29.0,14.0,119.0,-6.0,1.0,0.0,5.0,0.0,0.0,0.0,1.0,2.0,43.0,0.0,78.0,0.0,35.0,0.0,-0.8844,1.0
75964932,1,0,35,50,0.2825,0.1495,0.0279,0.17149999999999999,0.0208,0.11669999999999998,0.05,12.0,0.0,-15.0,0.0,3.0,1.0,-5.0,18.0,6.0,1.0,83.0,13.0,9.0,1.0,11.0,13.0,22.0,13.0,9.42,0.0,1.0,2.0,29.0,14.0,9.0,2.0,148.0,8.0,-119.0,6.0,0.0,0.0,0.0,0.0,2.0,0.0,-2.0,2.0,0.0,0.0,0.0,0.0,0.0,0.0,0.0,1.0
75969960,0,0,81,81,0.1623,0.3555,0.016,0.3404,0.0119,0.3222,0.0278,-161.0,0.0,-25.0,0.0,13.0,1.0,-33.0,34.0,24.0,1.0,243.0,10.0,30.0,1.0,8.07,10.0,83.0,10.0,24.42,0.0,29.0,0.0,323.0,0.0,24.0,0.0,438.0,0.0,-115.0,0.0,5.0,0.0,32.0,0.0,9.0,0.0,1.0,0.0,153.0,0.0,201.0,0.0,48.0,0.0,-0.9201,1.0
75969960,1,1,81,81,0.1623,0.5919,0.016,0.6244999999999999,0.0119,0.5972,0.0278,161.0,0.0,25.0,0.0,24.0,1.0,-33.0,34.0,13.0,1.0,404.0,10.0,55.0,1.0,6.559999999999999,10.0,67.0,10.0,16.67,0.0,24.0,0.0,438.0,0.0,29.0,0.0,323.0,0.0,115.0,0.0,2.0,0.0,12.0,0.0,7.0,0.0,0.0,0.0,104.0,0.0,285.0,0.0,181.0,0.0,-0.9326,1.0
75970255,0,1,30,118,0.7919,0.04410000000000003,0.4229,0.07900000000000001,0.4342,0.05560000000000004,0.3611,89.0,158.0,12.0,2.0,2.0,13.0,0.0,12.0,-2.0,11.0,55.0,433.0,6.0,33.0,-0.7800000000000011,33.31,75.0,98.0,21.090000000000003,30.65,6.0,5.0,99.0,122.0,1.0,9.0,3.0,207.0,96.0,-85.0,0.0,3.0,15.0,38.0,3.0,1.0,0.0,3.0,69.0,111.0,33.0,24.0,-36.0,-87.0,0.247,0.0674
75970255,1,0,30,121,0.8121,-0.2433,0.3797,-0.15789999999999998,0.3947,-0.1112,0.3056,-446.0,58.0,-24.0,-4.0,-4.0,11.0,0.0,12.0,4.0,13.0,-275.0,407.0,-12.0,30.0,-18.14,37.0,-23.0,70.0,-5.16,20.09,6.0,5.0,115.0,107.0,2.0,6.0,33.0,135.0,82.0,-28.0,2.0,0.0,17.0,0.0,5.0,1.0,-1.0,3.0,-25.0,61.0,0.0,0.0,25.0,-61.0,-0.22059999999999996,0.4754
75970330,0,1,31,125,0.8013,0.1493,0.5177,0.05260000000000009,0.5921,0.04169999999999996,0.625,315.0,29.0,8.0,14.0,1.0,15.0,0.0,0.0,-1.0,9.0,262.0,425.0,4.0,45.0,14.61,28.33,58.0,75.0,20.900000000000002,17.98,-10.0,26.0,-9.0,229.0,-2.0,6.0,-36.0,62.0,27.0,167.0,1.0,0.0,4.0,0.0,1.0,6.0,0.0,0.0,6.0,17.0,21.0,34.0,15.0,17.0,-0.030100000000000016,0.5787
75970330,1,0,31,128,0.8205,-0.1526,0.4884,-0.09210000000000002,0.4474,-0.08340000000000003,0.4167,-290.0,-21.0,-14.0,-8.0,-2.0,10.0,0.0,0.0,2.0,14.0,-124.0,442.0,-7.0,34.0,-4.450000000000003,44.2,-15.0,96.0,-4.669999999999998,28.33,-2.0,5.0,-9.0,24.0,-3.0,20.0,61.0,190.0,-70.0,-166.0,0.0,3.0,-13.0,81.0,0.0,1.0,0.0,0.0,18.0,190.0,-5.0,14.0,-23.0,-176.0,-0.009499999999999998,0.026
75972657,0,1,30,93,0.6118,0.21429999999999993,0.4777,0.1652,0.4737,0.16069999999999995,0.375,225.0,234.0,15.0,12.0,3.0,12.0,-7.0,11.0,0.0,9.0,137.0,481.0,10.0,36.0,1.1200000000000045,40.08,108.0,79.0,25.799999999999997,16.53,3.0,2.0,19.0,45.0,-5.0,29.0,-35.0,445.0,54.0,-400.0,4.0,0.0,67.0,0.0,1.0,2.0,0.0,0.0,223.0,17.0,0.0,0.0,-223.0,-17.0,-0.5777,0.612
75972657,1,0,30,93,0.6118,-0.06719999999999998,0.2453,-0.0519,0.3158,0.040200000000000014,0.2812,-225.0,-234.0,-15.0,-12.0,0.0,9.0,-7.0,11.0,3.0,12.0,-88.0,247.0,-5.0,24.0,-9.77,27.44,-25.0,83.0,-10.579999999999998,28.22,-5.0,29.0,-35.0,445.0,3.0,2.0,19.0,45.0,-54.0,400.0,0.0,1.0,-6.0,8.0,7.0,2.0,-3.0,3.0,19.0,45.0,-193.0,363.0,-212.0,318.0,-0.06359999999999999,0.1924
75972841,0,0,30,84,0.5563,-0.04209999999999997,0.3253,0.003599999999999992,0.3214,0.040200000000000014,0.2812,-346.0,112.0,-16.0,-5.0,0.0,9.0,-10.0,13.0,6.0,10.0,-53.0,322.0,-1.0,27.0,-5.890000000000001,35.78,-4.0,66.0,-1.5,21.26,7.0,1.0,61.0,24.0,1.0,6.0,41.0,92.0,20.0,-68.0,0.0,1.0,6.0,12.0,3.0,0.0,-1.0,1.0,46.0,21.0,46.0,0.0,0.0,-21.0,-0.2243,0.2995
75972841,1,1,30,84,0.5563,0.31739999999999996,0.2121,0.20650000000000002,0.381,0.2589,0.3125,346.0,-112.0,16.0,5.0,6.0,10.0,-10.0,13.0,0.0,9.0,293.0,210.0,15.0,32.0,10.440000000000001,21.0,-11.0,81.0,1.6499999999999986,23.87,1.0,6.0,41.0,92.0,7.0,1.0,61.0,24.0,-20.0,68.0,0.0,0.0,0.0,0.0,2.0,1.0,-4.0,4.0,39.0,0.0,59.0,7.0,20.0,7.0,-0.911,1.0
75976337,0,0,43,155,0.711,-0.26789999999999997,0.5486,-0.0711,0.4211,-0.017900000000000027,0.375,-369.0,88.0,-10.0,-11.0,1.0,9.0,2.0,1.0,1.0,14.0,-167.0,384.0,-4.0,32.0,-20.970000000000002,42.67,-24.0,110.0,-13.120000000000001,37.85,-2.0,12.0,-44.0,109.0,-1.0,28.0,22.0,272.0,-66.0,-163.0,3.0,1.0,45.0,12.0,-4.0,5.0,1.0,0.0,23.0,124.0,-6.0,62.0,-29.0,-62.0,-0.031099999999999996,0.043
75976337,1,1,43,155,0.711,0.2213,0.4229,0.046700000000000075,0.5658,-0.04760000000000009,0.5833,369.0,-88.0,10.0,11.0,1.0,14.0,2.0,1.0,1.0,9.0,202.0,296.0,6.0,43.0,12.060000000000002,21.14,169.0,57.0,42.54,14.37,-1.0,28.0,22.0,272.0,-2.0,12.0,-44.0,109.0,66.0,163.0,0.0,0.0,0.0,0.0,0.0,6.0,0.0,1.0,-43.0,47.0,0.0,141.0,43.0,94.0,0.6884,0.0571
75979513,0,0,25,64,0.5079,0.109,0.0861,0.06670000000000001,0.1833,0.1,0.15,-159.0,-108.0,-14.0,-5.0,3.0,3.0,-6.0,13.0,7.0,4.0,118.0,73.0,5.0,11.0,7.5,24.33,48.0,51.0,12.990000000000002,24.79,0.0,5.0,-17.0,60.0,-1.0,2.0,-14.0,26.0,-3.0,34.0,0.0,0.0,0.0,0.0,1.0,0.0,-4.0,4.0,0.0,0.0,31.0,0.0,31.0,0.0,0.0,1.0
75979513,1,1,25,64,0.5079,0.25439999999999996,0.2134,0.28020000000000006,0.2667,0.2583,0.2,159.0,108.0,14.0,5.0,7.0,4.0,-6.0,13.0,3.0,3.0,277.0,181.0,19.0,16.0,-3.6099999999999994,45.25,12.0,94.0,-4.710000000000001,36.25,-1.0,2.0,-14.0,26.0,0.0,5.0,-17.0,60.0,3.0,-34.0,0.0,0.0,0.0,0.0,0.0,0.0,-2.0,2.0,12.0,0.0,12.0,0.0,0.0,0.0,-0.7066,1.0
75984949,0,1,38,143,0.7487,0.047699999999999965,0.4504,0.07409999999999994,0.5278,0.0938,0.5,84.0,-20.0,15.0,9.0,3.0,16.0,-1.0,2.0,-2.0,14.0,328.0,463.0,8.0,57.0,12.690000000000001,28.94,92.0,81.0,18.04,24.9,9.0,26.0,277.0,434.0,8.0,20.0,74.0,280.0,203.0,154.0,2.0,1.0,24.0,6.0,4.0,7.0,1.0,0.0,82.0,73.0,156.0,122.0,74.0,49.0,-0.03689999999999999,0.1775
75984949,1,0,38,144,0.7539,0.0388,0.4248,-0.07400000000000001,0.4444,-0.0937,0.4375,33.0,-65.0,-17.0,-9.0,-3.0,14.0,-1.0,2.0,4.0,16.0,234.0,415.0,-8.0,48.0,29.36,29.64,171.0,163.0,59.309999999999995,45.35,4.0,23.0,-19.0,346.0,12.0,26.0,300.0,461.0,-319.0,-115.0,2.0,5.0,-12.0,57.0,3.0,5.0,-1.0,1.0,69.0,339.0,-130.0,255.0,-199.0,-84.0,0.0092,0.0214
75995342,0,0,42,121,0.5681,0.13240000000000002,0.2496,-0.042300000000000004,0.3981,-0.044399999999999995,0.35,223.0,-444.0,-14.0,-14.0,-3.0,14.0,-2.0,4.0,1.0,22.0,170.0,311.0,-6.0,43.0,21.519999999999996,22.21,30.0,67.0,14.580000000000002,16.47,-4.0,24.0,-223.0,508.0,4.0,8.0,81.0,147.0,-304.0,361.0,-1.0,1.0,-16.0,16.0,0.0,7.0,0.0,0.0,-71.0,83.0,-145.0,196.0,-74.0,113.0,0.0432,0.0451
75995342,1,1,42,121,0.5681,-0.04830000000000001,0.6059,0.09719999999999995,0.5278,0.08889999999999998,0.55,-223.0,444.0,14.0,14.0,1.0,22.0,-2.0,4.0,-3.0,14.0,-53.0,755.0,8.0,57.0,-3.8000000000000007,34.32,-9.0,132.0,-6.609999999999999,39.97,4.0,8.0,81.0,147.0,-4.0,24.0,-223.0,508.0,304.0,-361.0,2.0,3.0,28.0,60.0,-3.0,4.0,-1.0,1.0,-78.0,312.0,188.0,28.0,266.0,-284.0,0.004400000000000001,0.0208
75997234,0,0,28,116,0.8169,-0.12760000000000002,0.327,-0.11959999999999998,0.4239,-0.10720000000000002,0.3929,-191.0,-248.0,-22.0,-7.0,-3.0,11.0,0.0,3.0,3.0,14.0,-162.0,347.0,-11.0,39.0,-8.43,31.55,-72.0,113.0,-16.35,28.79,-3.0,11.0,-59.0,160.0,-2.0,8.0,-22.0,94.0,-37.0,66.0,0.0,1.0,-1.0,17.0,4.0,3.0,0.0,0.0,-10.0,63.0,-93.0,110.0,-83.0,47.0,0.11149999999999999,0.0347
75997234,1,1,28,106,0.7465,0.029000000000000026,0.4261,0.08649999999999997,0.4896,0.10260000000000002,0.4688,4.0,6.0,13.0,8.0,1.0,15.0,-3.0,6.0,-2.0,11.0,27.0,525.0,6.0,47.0,-0.5,35.0,-3.0,101.0,-1.7099999999999973,29.24,-2.0,8.0,-46.0,113.0,-3.0,9.0,-16.0,98.0,-30.0,15.0,0.0,1.0,21.0,16.0,3.0,2.0,-2.0,2.0,-4.0,52.0,-8.0,11.0,-4.0,-41.0,-0.15239999999999998,0.43
75998277,0,0,25,67,0.5234,-0.0703,0.2142,-0.06440000000000001,0.3438,-0.02779999999999999,0.25,-231.0,-5.0,-19.0,-1.0,0.0,8.0,-5.0,12.0,9.0,12.0,-36.0,133.0,-3.0,22.0,-4.500000000000002,16.62,-8.0,50.0,-5.810000000000002,19.35,19.0,9.0,178.0,79.0,6.0,10.0,153.0,145.0,25.0,-66.0,0.0,1.0,-8.0,10.0,4.0,2.0,2.0,1.0,25.0,75.0,75.0,51.0,50.0,-24.0,0.027999999999999997,0.0886
75998277,1,1,25,57,0.4453,0.3381,0.1166,0.2629,0.2812,0.27780000000000005,0.25,247.0,-5.0,15.0,3.0,11.0,8.0,-10.0,19.0,3.0,5.0,227.0,69.0,19.0,18.0,6.960000000000001,8.62,18.0,12.0,6.7299999999999995,3.29,3.0,12.0,-33.0,230.0,29.0,4.0,261.0,72.0,-294.0,158.0,3.0,0.0,42.0,0.0,2.0,2.0,-4.0,4.0,149.0,24.0,28.0,55.0,-121.0,31.0,-0.4326,0.469
75999774,0,1,18,39,0.4333,0.24,0.1047,0.22730000000000003,0.2045,0.17849999999999996,0.1786,-6.0,-43.0,11.0,4.0,5.0,5.0,-8.0,20.0,3.0,3.0,287.0,58.0,20.0,18.0,22.9,11.6,75.0,25.0,23.42,9.5,1.0,2.0,5.0,20.0,-1.0,2.0,-11.0,22.0,16.0,-2.0,0.0,0.0,0.0,0.0,2.0,0.0,0.0,0.0,0.0,0.0,-19.0,20.0,-19.0,20.0,0.0,1.0
75999774,1,0,18,65,0.7222,-0.042800000000000005,0.2912,0.06519999999999998,0.25,0.031200000000000006,0.25,35.0,-317.0,2.0,-28.0,2.0,7.0,-1.0,7.0,3.0,14.0,-81.0,318.0,7.0,22.0,-19.1,45.43,-24.0,89.0,-6.399999999999999,28.63,5.0,2.0,84.0,24.0,5.0,2.0,79.0,28.0,5.0,-4.0,0.0,0.0,0.0,0.0,3.0,1.0,-1.0,1.0,27.0,0.0,46.0,0.0,19.0,0.0,-0.953,1.0
76012428,0,0,32,89,0.5597,-0.05510000000000004,0.3057,-0.0797,0.3833,-0.020799999999999985,0.3333,-223.0,26.0,-17.0,2.0,-2.0,12.0,-7.0,14.0,5.0,10.0,-38.0,240.0,-6.0,23.0,0.1999999999999993,20.0,15.0,70.0,5.809999999999999,19.5,6.0,7.0,130.0,131.0,-1.0,9.0,1.0,128.0,129.0,3.0,0.0,0.0,0.0,0.0,3.0,2.0,3.0,0.0,6.0,0.0,32.0,31.0,26.0,31.0,-0.8434,1.0
76012428,1,1,32,89,0.5597,0.2224,0.2726,0.22140000000000004,0.35,0.191,0.2778,223.0,-26.0,17.0,-2.0,5.0,10.0,-7.0,14.0,-2.0,12.0,185.0,214.0,11.0,21.0,5.200000000000003,21.4,56.0,38.0,12.23,11.29,-1.0,9.0,1.0,128.0,6.0,7.0,130.0,131.0,-129.0,-3.0,0.0,1.0,-23.0,36.0,1.0,0.0,-1.0,1.0,-2.0,100.0,54.0,69.0,56.0,-31.0,-0.0466,0.0719
76020372,0,0,34,81,0.4682,0.06250000000000001,0.0828,0.10420000000000001,0.25,0.0625,0.25,-766.0,-309.0,-6.0,-17.0,3.0,7.0,-4.0,9.0,5.0,12.0,185.0,49.0,11.0,23.0,16.4,7.0,124.0,12.0,36.9,4.47,3.0,9.0,42.0,126.0,-3.0,5.0,-43.0,77.0,85.0,49.0,1.0,0.0,6.0,0.0,1.0,0.0,-2.0,2.0,8.0,19.0,77.0,82.0,69.0,63.0,0.2082,0.3302
76020372,1,1,34,81,0.4682,0.20829999999999993,0.6047,0.15899999999999997,0.4348,0.10260000000000002,0.4286,766.0,309.0,6.0,17.0,5.0,12.0,-4.0,9.0,3.0,7.0,951.0,358.0,17.0,40.0,47.17,29.83,66.0,68.0,12.300000000000004,21.54,-3.0,5.0,-43.0,77.0,3.0,9.0,42.0,126.0,-85.0,-49.0,0.0,0.0,0.0,0.0,0.0,1.0,-2.0,3.0,9.0,0.0,0.0,0.0,-9.0,0.0,-0.2923,1.0
76022872,0,0,37,122,0.6559,-0.1255,0.5048,-0.1094,0.4375,-0.10719999999999996,0.4286,-256.0,95.0,-14.0,-4.0,-3.0,12.0,0.0,2.0,3.0,14.0,-87.0,475.0,-7.0,28.0,3.530000000000001,39.58,-10.0,109.0,4.650000000000002,30.38,6.0,7.0,54.0,119.0,2.0,10.0,69.0,111.0,-15.0,8.0,-2.0,2.0,-14.0,14.0,1.0,3.0,1.0,1.0,-41.0,78.0,-7.0,43.0,34.0,-35.0,0.07250000000000001,0.0221
76022872,1,1,37,122,0.6559,0.13289999999999996,0.4038,0.10940000000000005,0.5,0.10709999999999997,0.5,256.0,-95.0,14.0,4.0,3.0,14.0,0.0,2.0,-3.0,12.0,169.0,380.0,7.0,32.0,5.149999999999999,27.14,-18.0,135.0,-5.329999999999998,35.97,2.0,10.0,69.0,111.0,6.0,7.0,54.0,119.0,15.0,-8.0,-1.0,2.0,-15.0,18.0,-3.0,5.0,-1.0,1.0,30.0,57.0,131.0,12.0,101.0,-45.0,-0.22,0.242
76023273,0,0,21,77,0.7404,0.0121,0.0925,0.020800000000000013,0.2188,0.0,0.1667,-78.0,-124.0,-5.0,-13.0,0.0,6.0,-3.0,21.0,3.0,9.0,13.0,103.0,2.0,21.0,2.1599999999999966,17.17,13.0,32.0,1.9600000000000009,12.5,-2.0,7.0,-40.0,110.0,2.0,5.0,33.0,89.0,-73.0,21.0,1.0,0.0,23.0,0.0,2.0,1.0,-2.0,3.0,-6.0,38.0,0.0,0.0,6.0,-38.0,-0.0597,0.2676
76023273,1,1,21,77,0.7404,0.0829,0.2038,0.07289999999999996,0.3542,0.08329999999999999,0.25,78.0,124.0,5.0,13.0,3.0,9.0,-3.0,21.0,0.0,6.0,91.0,227.0,7.0,34.0,1.2800000000000011,25.22,0.0,45.0,-1.1099999999999994,14.29,2.0,5.0,33.0,89.0,-2.0,7.0,-40.0,110.0,73.0,-21.0,1.0,0.0,9.0,0.0,0.0,2.0,1.0,1.0,23.0,24.0,9.0,30.0,-14.0,6.0,0.1779,0.0383
76032608,0,1,4,4,0.0471,0.0107,0.0134,0.0455,0.0568,0.0357,0.0357,3.0,0.0,4.0,0.0,1.0,1.0,-1.0,26.0,0.0,1.0,8.0,10.0,4.0,5.0,-1.0,10.0,6.0,10.0,9.9,0.0,0.0,0.0,0.0,0.0,1.0,0.0,27.0,0.0,-27.0,0.0,0.0,0.0,0.0,0.0,0.0,0.0,0.0,0.0,0.0,0.0,0.0,0.0,0.0,0.0,0.0,1.0
76032608,1,0,4,4,0.0471,0.006699999999999999,0.0134,0.0,0.0568,0.0,0.0357,-3.0,0.0,-4.0,0.0,0.0,1.0,-1.0,26.0,1.0,1.0,5.0,10.0,0.0,5.0,5.0,10.0,5.0,10.0,0.0,0.0,1.0,0.0,27.0,0.0,0.0,0.0,0.0,0.0,27.0,0.0,0.0,0.0,0.0,0.0,0.0,0.0,1.0,0.0,0.0,0.0,0.0,0.0,0.0,0.0,0.0,1.0
76042700,0,0,28,110,0.7746,0.0917,0.3066,-0.08000000000000002,0.43,-0.035699999999999954,0.4286,78.0,-289.0,-16.0,-14.0,-1.0,12.0,0.0,0.0,1.0,16.0,184.0,229.0,-8.0,43.0,18.47,19.08,56.0,64.0,14.620000000000001,21.19,-4.0,14.0,-86.0,255.0,1.0,11.0,-57.0,163.0,-29.0,92.0,1.0,0.0,14.0,0.0,-1.0,7.0,0.0,0.0,-12.0,49.0,1.0,54.0,13.0,5.0,0.018800000000000004,0.0355
76042700,1,1,28,110,0.7746,-0.0917,0.6934,0.08000000000000007,0.57,0.035699999999999954,0.5714,-78.0,289.0,16.0,14.0,1.0,16.0,0.0,0.0,-1.0,12.0,106.0,518.0,8.0,57.0,4.329999999999998,32.38,-9.0,142.0,-4.299999999999997,36.55,1.0,11.0,-57.0,163.0,-4.0,14.0,-86.0,255.0,29.0,-92.0,-1.0,4.0,-23.0,58.0,2.0,2.0,0.0,0.0,-87.0,201.0,-45.0,114.0,42.0,-87.0,0.0024000000000000063,0.0452
76042942,0,0,28,104,0.7376,-0.10069999999999998,0.2825,-0.11700000000000002,0.3462,-0.04169999999999999,0.25,-242.0,69.0,-14.0,0.0,-2.0,7.0,-4.0,14.0,2.0,7.0,-93.0,263.0,-7.0,18.0,-3.5700000000000003,37.57,-5.0,56.0,-4.770000000000001,17.69,-1.0,2.0,-18.0,30.0,-3.0,6.0,-42.0,72.0,24.0,-42.0,0.0,0.0,0.0,0.0,0.0,0.0,-1.0,1.0,-14.0,44.0,-6.0,18.0,8.0,-26.0,-0.037200000000000004,0.0693
76042942,1,1,28,92,0.6525,0.22060000000000002,0.2086,0.17460000000000003,0.3462,0.125,0.25,377.0,-85.0,14.0,0.0,2.0,7.0,-4.0,14.0,-2.0,7.0,194.0,200.0,7.0,18.0,15.21,28.57,50.0,57.0,11.399999999999999,17.51,-5.0,6.0,-57.0,72.0,0.0,2.0,-1.0,21.0,-56.0,51.0,0.0,0.0,0.0,0.0,-3.0,3.0,-2.0,2.0,12.0,0.0,15.0,0.0,3.0,0.0,-0.7058,1.0
76045205,0,1,41,130,0.6341,0.022700000000000053,0.5365,0.12500000000000006,0.3977,0.07150000000000001,0.3571,-38.0,535.0,18.0,0.0,2.0,10.0,-1.0,8.0,-1.0,10.0,-210.0,918.0,11.0,35.0,-32.8,91.8,-33.0,193.0,-11.14,60.35,3.0,13.0,3.0,168.0,9.0,15.0,166.0,161.0,-163.0,7.0,2.0,0.0,11.0,0.0,0.0,6.0,0.0,0.0,72.0,47.0,40.0,49.0,-32.0,2.0,0.0114,0.0349
76045205,1,0,41,130,0.6341,-0.05710000000000001,0.2238,-0.07950000000000002,0.3977,-0.035699999999999954,0.3571,38.0,-535.0,-18.0,0.0,-1.0,10.0,-1.0,8.0,2.0,10.0,-172.0,383.0,-7.0,35.0,-14.859999999999996,38.3,-11.0,81.0,-3.5,25.62,9.0,15.0,166.0,161.0,3.0,13.0,3.0,168.0,163.0,-7.0,-1.0,2.0,-22.0,26.0,2.0,3.0,0.0,2.0,-37.0,119.0,102.0,88.0,139.0,-31.0,0.0006999999999999992,0.0475
76045306,0,1,28,67,0.4752,0.17529999999999998,0.0176,0.2803,0.1364,0.15,0.1,51.0,-9.0,4.0,3.0,4.0,2.0,-5.0,16.0,5.0,2.0,149.0,13.0,14.0,6.0,20.5,6.5,50.0,10.0,13.810000000000002,4.95,0.0,2.0,4.0,16.0,1.0,2.0,24.0,24.0,-20.0,-8.0,-2.0,2.0,-13.0,13.0,0.0,1.0,-1.0,1.0,-24.0,24.0,4.0,0.0,28.0,-24.0,0.6209,0.3791
76045306,1,0,28,71,0.5035,0.06930000000000001,0.0823,0.089,0.1818,0.14170000000000002,0.15,-159.0,50.0,-11.0,2.0,4.0,3.0,-5.0,15.0,5.0,2.0,79.0,62.0,5.0,8.0,-0.5300000000000011,20.67,18.0,23.0,10.940000000000001,3.21,4.0,0.0,68.0,0.0,-2.0,3.0,-12.0,28.0,80.0,-28.0,0.0,0.0,0.0,0.0,1.0,0.0,0.0,0.0,12.0,4.0,55.0,0.0,43.0,-4.0,-0.5966,0.6114
76050389,0,1,24,77,0.6471,0.0691,0.4519,0.11849999999999994,0.4868,0.16670000000000001,0.4583,38.0,135.0,15.0,8.0,4.0,11.0,-3.0,6.0,-1.0,7.0,196.0,362.0,9.0,37.0,4.290000000000006,32.91,28.0,56.0,7.200000000000001,14.1,3.0,8.0,17.0,107.0,8.0,10.0,57.0,128.0,-40.0,-21.0,0.0,1.0,11.0,6.0,-2.0,4.0,1.0,0.0,29.0,46.0,-9.0,23.0,-38.0,-23.0,-0.2076,0.2606
76050389,1,0,24,77,0.6471,0.0761,0.2834,-0.07900000000000001,0.3816,-0.041700000000000015,0.2917,-38.0,-135.0,-15.0,-8.0,-1.0,7.0,-3.0,6.0,4.0,11.0,158.0,227.0,-6.0,29.0,31.740000000000002,32.43,76.0,66.0,35.9,20.65,8.0,10.0,57.0,128.0,3.0,8.0,17.0,107.0,40.0,21.0,0.0,2.0,-16.0,56.0,1.0,3.0,2.0,0.0,12.0,84.0,-16.0,82.0,-28.0,-2.0,-0.0218,0.0327
76056759,0,1,34,83,0.4854,0.07,0.4228,0.14709999999999995,0.4853,0.2,0.45,-37.0,30.0,10.0,8.0,4.0,9.0,-4.0,4.0,0.0,7.0,101.0,137.0,10.0,33.0,3.089999999999998,15.22,35.0,35.0,7.98,11.34,26.0,22.0,216.0,142.0,-16.0,22.0,-156.0,240.0,372.0,-98.0,-1.0,1.0,-13.0,13.0,2.0,4.0,-3.0,3.0,-66.0,124.0,142.0,56.0,208.0,-68.0,0.011,0.0161
76056759,1,0,34,83,0.4854,0.177,0.3302,0.0,0.3676,0.0,0.35,37.0,-30.0,-10.0,-8.0,0.0,7.0,-4.0,4.0,4.0,9.0,138.0,107.0,0.0,25.0,19.71,15.29,33.0,31.0,8.12,8.92,-16.0,22.0,-156.0,240.0,26.0,22.0,216.0,142.0,-372.0,98.0,1.0,0.0,25.0,0.0,-2.0,3.0,-1.0,1.0,102.0,58.0,-77.0,103.0,-179.0,45.0,-0.19419999999999998,0.4626
76057451,0,1,91,395,0.8624,-0.03170000000000006,0.5954,0.09089999999999998,0.5455,0.10719999999999996,0.5714,-13.0,133.0,16.0,8.0,3.0,16.0,0.0,0.0,-3.0,12.0,116.0,415.0,8.0,48.0,2.009999999999998,25.94,76.0,64.0,20.189999999999998,16.96,5.0,8.0,43.0,100.0,-97.0,102.0,-1217.0,1295.0,1260.0,-1195.0,-10.0,11.0,-243.0,262.0,3.0,2.0,0.0,0.0,-839.0,914.0,16.0,56.0,855.0,-858.0,0.0402,0.022
76057451,1,0,91,395,0.8624,0.031700000000000006,0.4046,-0.09090000000000004,0.4545,-0.10719999999999996,0.4286,13.0,-133.0,-16.0,-8.0,-3.0,12.0,0.0,0.0,3.0,16.0,129.0,282.0,-8.0,40.0,22.17,23.5,106.0,52.0,41.82,13.87,-97.0,102.0,-1217.0,1295.0,5.0,8.0,43.0,100.0,-1260.0,1195.0,3.0,0.0,46.0,0.0,-12.0,15.0,0.0,0.0,27.0,44.0,-378.0,381.0,-405.0,337.0,-0.0313,0.0621
76057722,0,1,39,114,0.5787,0.11549999999999999,0.1205,0.12119999999999997,0.3871,0.1194,0.325,106.0,-126.0,26.0,2.0,3.0,13.0,-4.0,16.0,-3.0,11.0,185.0,169.0,13.0,48.0,9.120000000000001,13.0,22.0,48.0,8.89,14.75,20.0,38.0,473.0,677.0,-2.0,8.0,-65.0,155.0,538.0,522.0,-2.0,2.0,-8.0,8.0,4.0,4.0,-2.0,7.0,-49.0,60.0,228.0,397.0,277.0,337.0,0.3231,0.0226
76057722,1,0,39,114,0.5787,0.03889999999999999,0.2104,-0.09599999999999997,0.371,-0.052800000000000014,0.275,-106.0,126.0,-26.0,-2.0,-3.0,11.0,-4.0,16.0,3.0,13.0,79.0,295.0,-13.0,46.0,19.93,26.82,89.0,52.0,32.85,12.62,-2.0,8.0,-65.0,155.0,20.0,38.0,473.0,677.0,-538.0,-522.0,3.0,1.0,39.0,25.0,-2.0,3.0,2.0,1.0,208.0,126.0,-37.0,69.0,-245.0,-57.0,-0.0484,0.0717
76064593,0,1,25,91,0.7222,0.2324,0.2688,0.17149999999999993,0.4167,0.15000000000000002,0.25,325.0,-97.0,20.0,-1.0,2.0,6.0,-4.0,11.0,-2.0,7.0,145.0,275.0,10.0,30.0,6.670000000000002,45.83,35.0,95.0,14.46,35.58,1.0,5.0,21.0,41.0,2.0,3.0,21.0,40.0,0.0,1.0,-1.0,1.0,-5.0,5.0,0.0,3.0,0.0,0.0,-30.0,40.0,2.0,19.0,32.0,-21.0,0.2423,0.101
76064593,1,0,25,91,0.7222,-0.13449999999999998,0.3636,-0.12179999999999996,0.4306,-0.041700000000000015,0.2917,-325.0,97.0,-20.0,1.0,-2.0,7.0,-4.0,11.0,2.0,6.0,-180.0,372.0,-10.0,31.0,-14.740000000000002,53.14,-30.0,130.0,0.6099999999999994,37.21,2.0,3.0,21.0,40.0,1.0,5.0,21.0,41.0,0.0,-1.0,1.0,0.0,15.0,0.0,-1.0,2.0,1.0,0.0,19.0,22.0,26.0,0.0,7.0,-22.0,-0.008899999999999991,0.0768
76071073,0,0,25,84,0.6667,-0.0012000000000000066,0.1804,0.014600000000000002,0.2632,0.041700000000000015,0.25,-24.0,-106.0,-3.0,-11.0,0.0,7.0,-4.0,10.0,0.0,11.0,-26.0,140.0,0.0,20.0,-3.710000000000001,20.0,-7.0,44.0,1.9000000000000004,12.74,-1.0,19.0,-18.0,252.0,1.0,12.0,-29.0,193.0,11.0,59.0,0.0,2.0,-22.0,33.0,4.0,4.0,-4.0,4.0,1.0,88.0,15.0,45.0,14.0,-43.0,-0.0046,0.0385
76071073,1,1,25,81,0.6429,-0.04770000000000002,0.3548,0.0504,0.4079,0.06539999999999996,0.3929,-116.0,124.0,1.0,11.0,0.0,11.0,-4.0,10.0,0.0,7.0,-110.0,325.0,2.0,31.0,-10.0,29.55,-36.0,108.0,-16.78,37.57,5.0,10.0,28.0,150.0,-3.0,20.0,-23.0,266.0,51.0,-116.0,1.0,3.0,9.0,22.0,1.0,2.0,1.0,0.0,-38.0,206.0,1.0,91.0,39.0,-115.0,0.0276,0.0542
76079057,0,1,36,135,0.7418,-0.01539999999999997,0.4951,0.04349999999999998,0.5652,0.035699999999999954,0.5,-56.0,209.0,7.0,17.0,1.0,14.0,-1.0,5.0,0.0,9.0,-254.0,857.0,4.0,52.0,-21.009999999999998,61.21,-62.0,147.0,-23.71,49.74,5.0,13.0,3.0,234.0,-3.0,6.0,-18.0,61.0,21.0,173.0,-1.0,1.0,-14.0,14.0,-1.0,4.0,1.0,1.0,4.0,39.0,-21.0,117.0,-25.0,78.0,0.0068000000000000005,0.048
76079057,1,0,36,145,0.7967,-0.08840000000000003,0.4908,-0.05429999999999996,0.3913,-0.07139999999999996,0.3571,-187.0,197.0,-11.0,-15.0,-2.0,10.0,-1.0,5.0,3.0,13.0,-373.0,773.0,-5.0,36.0,-27.299999999999997,77.3,-71.0,181.0,-16.260000000000005,53.81,-2.0,7.0,-13.0,68.0,-1.0,25.0,-48.0,343.0,35.0,-275.0,2.0,0.0,37.0,0.0,-3.0,4.0,-1.0,1.0,51.0,113.0,33.0,0.0,-18.0,-113.0,0.0404,0.0423
76089271,0,0,29,112,0.7568,-0.06479999999999997,0.4053,-0.1119,0.4333,-0.017900000000000027,0.3929,-91.0,1.0,-17.0,-1.0,-2.0,11.0,-5.0,7.0,3.0,10.0,-161.0,383.0,-8.0,26.0,-10.149999999999999,34.82,3.0,108.0,0.28000000000000114,32.96,3.0,6.0,35.0,60.0,1.0,15.0,-39.0,234.0,74.0,-174.0,3.0,1.0,35.0,6.0,2.0,3.0,0.0,0.0,53.0,66.0,-9.0,9.0,-62.0,-57.0,-0.05900000000000001,0.0826
76089271,1,1,29,111,0.75,0.0267,0.4094,0.12140000000000001,0.45,0.10120000000000001,0.3571,55.0,2.0,10.0,1.0,1.0,10.0,-4.0,7.0,-1.0,11.0,-119.0,402.0,5.0,27.0,-14.470000000000002,40.2,-65.0,125.0,-19.549999999999997,37.62,5.0,13.0,26.0,200.0,4.0,5.0,29.0,50.0,-3.0,150.0,2.0,1.0,32.0,2.0,2.0,4.0,-3.0,3.0,42.0,37.0,-20.0,105.0,-62.0,68.0,-0.35109999999999997,0.4059
76093064,0,0,27,95,0.7037,-0.34269999999999995,0.6939,-0.07419999999999999,0.4432,-0.07290000000000002,0.4167,-491.0,247.0,-17.0,-5.0,-4.0,15.0,-5.0,5.0,5.0,16.0,-111.0,399.0,-8.0,39.0,-0.4200000000000017,26.6,40.0,49.0,11.949999999999998,14.13,-1.0,16.0,-4.0,198.0,-1.0,21.0,-12.0,372.0,8.0,-174.0,-1.0,5.0,-36.0,109.0,2.0,5.0,-3.0,3.0,-5.0,312.0,18.0,1.0,23.0,-311.0,-0.006200000000000001,0.0251
76093064,1,1,27,92,0.6815,0.2107,0.4426,0.119,0.5,0.18059999999999998,0.4444,243.0,-13.0,11.0,9.0,4.0,16.0,-7.0,7.0,-1.0,13.0,143.0,347.0,8.0,44.0,2.8099999999999987,21.69,0.0,65.0,1.7800000000000011,17.11,8.0,14.0,149.0,265.0,-6.0,20.0,-78.0,264.0,227.0,1.0,0.0,2.0,36.0,28.0,-1.0,8.0,-1.0,1.0,4.0,163.0,25.0,86.0,21.0,-77.0,0.005099999999999997,0.0273
76100756,0,1,39,171,0.8814,-0.18890000000000007,0.6175,-0.027599999999999958,0.6071,-0.04169999999999996,0.5417,-166.0,190.0,-2.0,21.0,1.0,13.0,2.0,3.0,1.0,8.0,-93.0,318.0,0.0,51.0,-8.39,24.46,-5.0,55.0,-5.990000000000002,20.01,11.0,11.0,125.0,125.0,-2.0,9.0,-2.0,101.0,127.0,24.0,2.0,0.0,12.0,0.0,3.0,1.0,0.0,1.0,-3.0,45.0,114.0,77.0,117.0,32.0,-0.0422,0.0838
76100756,1,0,39,173,0.8918,-0.1562,0.4376,-0.06440000000000001,0.4167,-0.08929999999999999,0.375,-274.0,0.0,-10.0,-11.0,-1.0,9.0,2.0,3.0,3.0,12.0,-2.0,242.0,-4.0,35.0,3.1099999999999994,26.89,2.0,76.0,0.9499999999999993,22.67,0.0,7.0,28.0,77.0,4.0,16.0,92.0,146.0,-64.0,-69.0,-2.0,2.0,-23.0,23.0,1.0,2.0,-1.0,1.0,12.0,54.0,9.0,54.0,-3.0,0.0,-0.0992,0.177
76101203,0,1,16,18,0.2278,0.06989999999999999,0.0181,0.23529999999999998,0.0441,0.16660000000000003,0.0417,-48.0,0.0,11.0,0.0,4.0,1.0,-5.0,22.0,1.0,1.0,31.0,7.0,16.0,3.0,0.5999999999999996,7.0,13.0,7.0,8.85,0.0,-1.0,1.0,-20.0,20.0,-1.0,1.0,-23.0,23.0,3.0,-3.0,0.0,0.0,0.0,0.0,0.0,0.0,-1.0,1.0,0.0,0.0,0.0,0.0,0.0,0.0,0.0,1.0
76101203,1,0,16,18,0.2278,0.181,0.0181,0.0735,0.0441,0.0416,0.0417,48.0,0.0,-11.0,0.0,1.0,1.0,-5.0,22.0,4.0,1.0,79.0,7.0,5.0,3.0,36.0,7.0,48.0,7.0,16.97,0.0,-1.0,1.0,-23.0,23.0,-1.0,1.0,-20.0,20.0,-3.0,3.0,0.0,0.0,0.0,0.0,0.0,0.0,-1.0,1.0,0.0,0.0,0.0,0.0,0.0,0.0,0.0,1.0
76106874,0,1,30,110,0.7237,-0.005599999999999994,0.3644,0.03399999999999992,0.5441,-0.040200000000000014,0.4688,-3.0,49.0,4.0,14.0,-3.0,15.0,0.0,8.0,-1.0,9.0,-30.0,340.0,0.0,37.0,3.1599999999999966,22.67,-29.0,94.0,-8.610000000000003,26.35,-5.0,13.0,-105.0,245.0,-3.0,8.0,-61.0,137.0,-44.0,108.0,0.0,1.0,-15.0,24.0,-1.0,5.0,-5.0,6.0,-46.0,70.0,19.0,29.0,65.0,-41.0,0.159,0.0321
76106874,1,0,30,110,0.7237,-0.006300000000000028,0.3119,-0.0413,0.3382,0.004500000000000004,0.2812,3.0,-49.0,-4.0,-14.0,-1.0,9.0,0.0,8.0,-3.0,15.0,-27.0,291.0,-4.0,23.0,0.6700000000000017,32.33,-8.0,61.0,-1.4700000000000006,17.14,-3.0,8.0,-61.0,137.0,-5.0,13.0,-105.0,245.0,44.0,-108.0,2.0,0.0,30.0,0.0,0.0,2.0,-2.0,3.0,22.0,57.0,42.0,0.0,20.0,-57.0,0.005499999999999991,0.0873
76109496,0,0,73,306,0.8361,-0.19599999999999998,0.3545,-0.10720000000000002,0.4524,-0.10719999999999996,0.4286,-668.0,-119.0,-19.0,-3.0,-3.0,12.0,-1.0,3.0,4.0,13.0,-124.0,335.0,-9.0,38.0,-4.48,27.92,-26.0,80.0,-4.920000000000002,21.94,0.0,11.0,-47.0,173.0,7.0,14.0,222.0,223.0,-269.0,-50.0,3.0,3.0,36.0,46.0,2.0,4.0,-1.0,1.0,190.0,164.0,24.0,27.0,-166.0,-137.0,-0.0465,0.0615
76109496,1,1,73,301,0.8224,0.0937,0.5991,0.07140000000000002,0.5119,0.07140000000000002,0.5,191.0,373.0,11.0,7.0,2.0,14.0,-1.0,3.0,-1.0,11.0,138.0,656.0,6.0,43.0,2.759999999999998,46.86,88.0,109.0,16.85,31.79,16.0,7.0,290.0,115.0,1.0,14.0,-18.0,199.0,308.0,-84.0,-2.0,2.0,-38.0,38.0,5.0,3.0,2.0,0.0,-70.0,157.0,-4.0,25.0,66.0,-132.0,0.07109999999999998,0.0956
76115985,0,1,24,82,0.6721,0.18359999999999999,0.391,0.1985,0.4265,0.20829999999999999,0.2917,115.0,216.0,16.0,4.0,3.0,7.0,-6.0,10.0,-1.0,7.0,238.0,305.0,11.0,29.0,10.729999999999997,43.57,40.0,70.0,15.579999999999998,25.65,1.0,7.0,31.0,62.0,-4.0,8.0,-49.0,76.0,80.0,-14.0,0.0,0.0,0.0,0.0,-1.0,2.0,1.0,1.0,-2.0,13.0,-2.0,32.0,0.0,19.0,-0.009800000000000003,0.0596
76115985,1,0,24,82,0.6721,0.1102,0.1141,-0.05509999999999998,0.3676,0.008299999999999974,0.2917,-115.0,-216.0,-16.0,-4.0,-1.0,7.0,-6.0,10.0,3.0,7.0,123.0,89.0,-5.0,25.0,22.619999999999997,12.71,73.0,32.0,29.32,11.6,-4.0,8.0,-49.0,76.0,1.0,7.0,31.0,62.0,-80.0,14.0,1.0,0.0,5.0,0.0,2.0,1.0,-2.0,2.0,-5.0,18.0,-27.0,43.0,-22.0,25.0,0.1738,0.0613
76126973,0,1,33,98,0.5904,0.20439999999999997,0.3239,0.21670000000000006,0.3333,0.22560000000000002,0.3056,146.0,41.0,22.0,-4.0,6.0,11.0,-7.0,10.0,-3.0,15.0,167.0,262.0,16.0,28.0,1.4199999999999982,23.82,39.0,63.0,13.56,15.94,2.0,12.0,48.0,156.0,3.0,14.0,50.0,222.0,-2.0,-66.0,2.0,2.0,-5.0,31.0,0.0,4.0,-1.0,2.0,119.0,43.0,72.0,24.0,-47.0,-19.0,-0.3212,0.3529
76126973,1,0,33,98,0.5904,0.02479999999999999,0.2732,-0.055999999999999994,0.381,-0.041700000000000015,0.4167,-146.0,-41.0,-22.0,4.0,-3.0,15.0,-7.0,10.0,6.0,11.0,21.0,221.0,-6.0,32.0,5.440000000000001,14.73,34.0,43.0,10.329999999999998,11.05,3.0,14.0,50.0,222.0,2.0,12.0,48.0,156.0,2.0,66.0,-1.0,3.0,2.0,18.0,4.0,3.0,-3.0,4.0,-13.0,103.0,-15.0,109.0,-2.0,6.0,0.282,0.0861
76126987,0,1,29,99,0.6689,0.07979999999999998,0.5223,0.175,0.45,0.22499999999999998,0.375,-45.0,263.0,16.0,1.0,3.0,9.0,-4.0,7.0,-3.0,8.0,1.0,409.0,8.0,27.0,-11.269999999999996,45.44,-10.0,116.0,-7.149999999999999,39.76,2.0,4.0,40.0,31.0,1.0,8.0,19.0,88.0,21.0,-57.0,0.0,1.0,-15.0,16.0,1.0,1.0,0.0,1.0,32.0,73.0,1.0,18.0,-31.0,-55.0,-0.030400000000000003,0.083
76126987,1,0,29,99,0.6689,0.09539999999999998,0.1865,-0.1119,0.4333,-0.08329999999999999,0.3333,45.0,-263.0,-16.0,-1.0,-3.0,8.0,-4.0,7.0,3.0,9.0,46.0,146.0,-8.0,26.0,20.15,18.25,6.0,74.0,5.900000000000002,23.97,1.0,8.0,19.0,88.0,2.0,4.0,40.0,31.0,-21.0,57.0,1.0,0.0,13.0,0.0,-1.0,6.0,0.0,0.0,17.0,8.0,-13.0,15.0,-30.0,7.0,-0.1861,0.3922
76135954,0,0,27,98,0.7313,-0.125,0.38,-0.12179999999999996,0.4306,-0.0953,0.4286,-290.0,16.0,-23.0,0.0,-4.0,12.0,-4.0,7.0,4.0,9.0,-170.0,350.0,-10.0,31.0,-6.670000000000002,29.17,-53.0,113.0,-12.080000000000002,30.67,0.0,9.0,18.0,89.0,4.0,7.0,20.0,107.0,-2.0,-18.0,-3.0,3.0,-20.0,20.0,1.0,4.0,-1.0,1.0,-65.0,88.0,-3.0,25.0,62.0,-63.0,-0.0011999999999999997,0.06
76135954,1,1,27,95,0.709,0.201,0.4129,0.2279,0.375,0.25599999999999995,0.2857,207.0,62.0,25.0,-8.0,5.0,8.0,-4.0,7.0,-5.0,13.0,116.0,415.0,14.0,27.0,-11.030000000000001,51.88,-97.0,180.0,-32.86,55.22,2.0,6.0,-11.0,106.0,1.0,6.0,-6.0,73.0,-5.0,33.0,1.0,0.0,14.0,0.0,0.0,3.0,0.0,0.0,6.0,60.0,-3.0,51.0,-9.0,-9.0,-0.10609999999999999,0.1362
76139036,0,0,28,84,0.6,-0.0925,0.3084,-0.12240000000000001,0.425,-0.09999999999999998,0.35,-168.0,-101.0,-22.0,-2.0,-5.0,14.0,-4.0,10.0,5.0,16.0,-140.0,354.0,-11.0,34.0,-1.509999999999998,25.29,-18.0,63.0,-1.58,15.07,0.0,12.0,41.0,193.0,4.0,8.0,72.0,154.0,-31.0,39.0,-1.0,2.0,-44.0,61.0,-1.0,7.0,1.0,2.0,-67.0,103.0,14.0,24.0,81.0,-79.0,-0.1028,0.1217
76139036,1,1,28,72,0.5143,-0.003500000000000003,0.4015,0.15200000000000002,0.4605,0.10830000000000001,0.4167,-14.0,154.0,23.0,2.0,6.0,15.0,-1.0,8.0,-1.0,13.0,-100.0,426.0,14.0,35.0,-12.879999999999999,28.4,-38.0,74.0,-9.569999999999999,19.95,4.0,4.0,135.0,56.0,3.0,7.0,13.0,170.0,122.0,-114.0,3.0,1.0,28.0,3.0,2.0,1.0,-1.0,1.0,64.0,118.0,45.0,18.0,-19.0,-100.0,-0.06720000000000001,0.1048
76151155,0,0,36,88,0.4835,-0.10319999999999999,0.249,-0.03270000000000001,0.3452,0.040200000000000014,0.2812,-509.0,-74.0,-27.0,-3.0,0.0,9.0,-12.0,12.0,8.0,11.0,-68.0,188.0,-4.0,29.0,-7.5600000000000005,20.89,-10.0,60.0,0.10999999999999943,17.44,5.0,11.0,-22.0,231.0,2.0,3.0,25.0,42.0,-47.0,189.0,3.0,0.0,9.0,0.0,2.0,1.0,-3.0,3.0,67.0,0.0,6.0,120.0,-61.0,120.0,-0.9031,1.0
76151155,1,1,36,84,0.4615,0.30549999999999994,0.3472,0.2375,0.3875,0.25,0.3929,189.0,102.0,17.0,3.0,7.0,11.0,-9.0,9.0,2.0,8.0,405.0,217.0,19.0,31.0,14.830000000000002,19.73,-5.0,74.0,-2.349999999999998,20.02,3.0,3.0,38.0,38.0,1.0,11.0,-75.0,227.0,113.0,-189.0,0.0,1.0,5.0,8.0,3.0,1.0,-1.0,1.0,2.0,46.0,-17.0,17.0,-19.0,-29.0,-0.0496,0.078
76155798,0,1,29,103,0.7103,0.2213,0.3474,0.1531,0.4659,0.13829999999999998,0.4688,241.0,27.0,17.0,9.0,2.0,15.0,-5.0,7.0,-1.0,10.0,12.0,427.0,11.0,41.0,-2.6499999999999986,28.47,90.0,52.0,16.87,14.77,1.0,13.0,-59.0,243.0,2.0,13.0,65.0,209.0,-124.0,34.0,0.0,2.0,-5.0,29.0,0.0,3.0,1.0,0.0,54.0,67.0,-111.0,200.0,-165.0,133.0,0.022700000000000012,0.0691
76155798,1,0,29,103,0.7103,-0.10400000000000001,0.3255,-0.05409999999999998,0.3636,0.008900000000000019,0.3125,-241.0,-27.0,-17.0,-9.0,-1.0,10.0,-5.0,7.0,2.0,15.0,-229.0,400.0,-6.0,32.0,-21.0,40.0,-85.0,123.0,-20.949999999999996,32.3,2.0,13.0,65.0,209.0,1.0,13.0,-59.0,243.0,124.0,-34.0,0.0,1.0,-4.0,18.0,0.0,4.0,-2.0,3.0,28.0,43.0,34.0,87.0,6.0,44.0,-0.06169999999999999,0.0885
76162286,0,0,33,138,0.8263,0.005899999999999989,0.1247,0.0,0.1719,0.031299999999999994,0.1875,-55.0,-101.0,-2.0,-14.0,1.0,6.0,-2.0,16.0,1.0,10.0,11.0,135.0,0.0,11.0,-1.6400000000000006,22.5,2.0,38.0,1.0500000000000007,12.68,-2.0,5.0,-28.0,70.0,0.0,5.0,-12.0,116.0,-16.0,-46.0,1.0,0.0,4.0,0.0,0.0,2.0,-1.0,2.0,32.0,31.0,0.0,0.0,-32.0,-31.0,-0.47789999999999994,0.5226
76162286,1,1,33,138,0.8263,0.052199999999999996,0.2179,0.031299999999999994,0.3906,0.031299999999999994,0.3125,55.0,101.0,2.0,14.0,1.0,10.0,-2.0,16.0,1.0,6.0,66.0,236.0,2.0,25.0,3.849999999999998,23.6,23.0,71.0,5.969999999999999,21.18,0.0,5.0,-12.0,116.0,-2.0,5.0,-28.0,70.0,16.0,46.0,0.0,1.0,0.0,0.0,2.0,1.0,-2.0,3.0,7.0,23.0,27.0,0.0,20.0,-23.0,-0.17250000000000001,0.3134
76166997,0,1,23,29,0.2522,0.0476,0.0289,0.1719,0.0469,0.125,0.0312,14.0,0.0,5.0,0.0,4.0,1.0,-6.0,30.0,2.0,1.0,41.0,28.0,11.0,3.0,-14.2,28.0,0.0,28.0,11.5,0.0,4.0,0.0,78.0,0.0,14.0,0.0,222.0,0.0,-144.0,0.0,1.0,0.0,4.0,0.0,0.0,0.0,3.0,0.0,27.0,0.0,0.0,0.0,-27.0,0.0,-0.6604,1.0
76166997,1,0,23,59,0.513,-0.0059999999999999915,0.0687,-0.008200000000000013,0.1406,-0.010499999999999995,0.0938,-141.0,-78.0,-4.0,-12.0,0.0,3.0,2.0,21.0,2.0,8.0,11.0,64.0,0.0,9.0,3.6700000000000017,21.33,-7.0,51.0,-9.169999999999998,25.81,-8.0,14.0,-132.0,246.0,2.0,2.0,64.0,36.0,-196.0,210.0,0.0,0.0,0.0,0.0,1.0,1.0,-1.0,4.0,0.0,0.0,-98.0,98.0,-98.0,98.0,0.0,1.0
76168171,0,1,20,28,0.2828,0.022500000000000003,0.0132,0.075,0.0125,0.0555,0.0278,7.0,7.0,4.0,0.0,2.0,1.0,-4.0,34.0,2.0,1.0,16.0,10.0,6.0,1.0,-1.33,10.0,6.0,10.0,7.51,0.0,-1.0,1.0,-32.0,32.0,0.0,1.0,-2.0,35.0,-30.0,-3.0,0.0,0.0,0.0,0.0,0.0,0.0,-1.0,1.0,0.0,0.0,0.0,0.0,0.0,0.0,0.0,1.0
76168171,1,0,20,28,0.2828,0.0125,0.004,0.024999999999999998,0.0125,0.0555,0.0278,-7.0,-7.0,-4.0,0.0,2.0,1.0,-4.0,34.0,2.0,1.0,9.0,3.0,2.0,1.0,1.0,3.0,2.0,3.0,1.73,0.0,0.0,1.0,-2.0,35.0,-1.0,1.0,-32.0,32.0,30.0,3.0,0.0,0.0,0.0,0.0,0.0,0.0,0.0,1.0,0.0,0.0,0.0,0.0,0.0,0.0,0.0,1.0
76169387,0,0,34,91,0.5291,-0.0534,0.3666,0.046499999999999986,0.2917,0.006900000000000017,0.3056,-300.0,-122.0,-8.0,-9.0,-1.0,11.0,-8.0,9.0,5.0,16.0,-76.0,470.0,2.0,21.0,-3.3299999999999983,42.73,-125.0,216.0,-42.849999999999994,65.77,8.0,7.0,159.0,104.0,4.0,4.0,20.0,101.0,139.0,3.0,1.0,0.0,23.0,0.0,3.0,0.0,-1.0,2.0,97.0,24.0,129.0,60.0,32.0,36.0,-0.0172,0.0267
76169387,1,1,34,88,0.5116,0.16520000000000007,0.4039,0.1977,0.3611,0.17709999999999998,0.4167,211.0,-1.0,8.0,5.0,4.0,15.0,-9.0,10.0,1.0,11.0,107.0,519.0,12.0,26.0,-1.6499999999999986,34.6,-32.0,154.0,-7.640000000000004,38.13,5.0,5.0,50.0,110.0,11.0,4.0,161.0,76.0,-111.0,34.0,0.0,0.0,0.0,0.0,2.0,2.0,-3.0,3.0,41.0,8.0,27.0,0.0,-14.0,-8.0,-0.4301,0.4693
76176665,0,1,29,74,0.5068,0.18059999999999998,0.1225,0.128,0.3068,0.08929999999999999,0.2857,229.0,-212.0,15.0,-1.0,4.0,8.0,-2.0,11.0,2.0,9.0,189.0,118.0,13.0,27.0,10.829999999999998,14.75,24.0,55.0,7.140000000000001,16.72,0.0,16.0,-22.0,245.0,6.0,5.0,100.0,92.0,-122.0,153.0,-1.0,2.0,-19.0,25.0,3.0,5.0,-1.0,2.0,0.0,44.0,-3.0,44.0,-3.0,0.0,0.0814,0.2296
76176665,1,0,29,75,0.5137,-0.1094,0.3676,-0.07909999999999998,0.3182,-0.008900000000000019,0.3214,-315.0,231.0,-20.0,-2.0,1.0,9.0,-1.0,10.0,4.0,9.0,-91.0,358.0,-6.0,28.0,-13.080000000000002,39.78,27.0,111.0,9.469999999999999,31.07,5.0,5.0,70.0,92.0,-2.0,19.0,-41.0,280.0,111.0,-188.0,-2.0,4.0,-50.0,75.0,1.0,3.0,-1.0,2.0,-61.0,172.0,65.0,0.0,126.0,-172.0,-0.020000000000000004,0.0413
76201225,0,1,37,122,0.6595,0.3278,0.2329,0.33749999999999997,0.3625,0.32139999999999996,0.2857,591.0,-144.0,54.0,-16.0,9.0,8.0,0.0,5.0,-9.0,15.0,399.0,201.0,27.0,29.0,10.169999999999998,25.12,68.0,52.0,16.4,13.91,-7.0,25.0,-57.0,353.0,-7.0,17.0,-256.0,362.0,199.0,-9.0,-1.0,1.0,-22.0,22.0,-4.0,7.0,0.0,2.0,24.0,25.0,-15.0,99.0,-39.0,74.0,-0.6183,0.6642
76201225,1,0,37,122,0.6595,-0.25680000000000003,0.3998,-0.3375,0.5625,-0.32139999999999996,0.5357,-591.0,144.0,-54.0,16.0,-9.0,15.0,0.0,5.0,9.0,8.0,-192.0,345.0,-27.0,45.0,2.5,23.0,-10.0,60.0,-3.3000000000000007,21.52,-7.0,17.0,-256.0,362.0,-7.0,25.0,-57.0,353.0,-199.0,9.0,0.0,2.0,4.0,25.0,2.0,1.0,0.0,3.0,-49.0,205.0,-219.0,250.0,-170.0,45.0,0.0466,0.0382
76202954,0,0,23,55,0.4661,0.06129999999999999,0.0733,0.045899999999999996,0.1932,0.038199999999999984,0.1562,21.0,-52.0,-11.0,-8.0,2.0,5.0,-2.0,21.0,4.0,6.0,75.0,65.0,5.0,17.0,7.0,13.0,31.0,35.0,11.17,13.51,2.0,5.0,31.0,108.0,3.0,6.0,54.0,122.0,-23.0,-14.0,-2.0,2.0,-10.0,10.0,2.0,0.0,-2.0,3.0,-9.0,36.0,55.0,16.0,64.0,-20.0,-0.03749999999999998,0.2888
76202954,1,1,23,55,0.4661,0.0325,0.1319,0.16159999999999997,0.2841,0.09029999999999999,0.1875,-21.0,52.0,11.0,8.0,4.0,6.0,-2.0,21.0,2.0,5.0,54.0,117.0,16.0,25.0,-2.3999999999999986,19.5,24.0,36.0,8.94,11.17,3.0,6.0,54.0,122.0,2.0,5.0,31.0,108.0,23.0,14.0,2.0,0.0,8.0,0.0,-1.0,2.0,0.0,4.0,48.0,0.0,58.0,0.0,10.0,0.0,-0.5557000000000001,1.0
76216437,0,0,30,58,0.3841,0.13929999999999998,0.281,0.12130000000000002,0.1875,0.05830000000000002,0.15,-56.0,156.0,-15.0,-1.0,2.0,3.0,-7.0,13.0,9.0,4.0,148.0,195.0,9.0,12.0,3.5999999999999943,65.0,69.0,81.0,50.69,17.69,8.0,1.0,75.0,12.0,-3.0,9.0,-23.0,99.0,98.0,-87.0,0.0,0.0,0.0,0.0,3.0,0.0,0.0,1.0,0.0,0.0,29.0,0.0,29.0,0.0,0.0,1.0
76216437,1,1,30,58,0.3841,0.2416,0.0562,0.341,0.2031,0.34169999999999995,0.2,56.0,-156.0,15.0,1.0,9.0,4.0,-7.0,13.0,2.0,3.0,204.0,39.0,24.0,13.0,8.940000000000001,9.75,38.0,12.0,15.43,1.71,-3.0,9.0,-23.0,99.0,8.0,1.0,75.0,12.0,-98.0,87.0,0.0,0.0,0.0,0.0,0.0,0.0,-2.0,2.0,38.0,0.0,18.0,58.0,-20.0,58.0,-0.9588,1.0
76227451,0,1,47,188,0.7932,0.21719999999999995,0.5079,0.12,0.5,0.11109999999999998,0.5,452.0,139.0,24.0,4.0,4.0,18.0,0.0,2.0,-4.0,16.0,329.0,420.0,12.0,50.0,10.719999999999999,23.33,50.0,52.0,15.069999999999999,13.24,-4.0,34.0,186.0,559.0,-27.0,53.0,-436.0,864.0,622.0,-305.0,-4.0,8.0,-54.0,122.0,-2.0,10.0,-1.0,2.0,-259.0,523.0,64.0,173.0,323.0,-350.0,-0.0287,0.0484
76227451,1,0,47,188,0.7932,-0.1868,0.3398,-0.12,0.46,-0.11110000000000003,0.4444,-452.0,-139.0,-24.0,-4.0,-4.0,16.0,0.0,2.0,4.0,18.0,-123.0,281.0,-12.0,46.0,-4.389999999999999,17.56,-18.0,85.0,-2.2799999999999976,21.38,-27.0,53.0,-436.0,864.0,-4.0,34.0,186.0,559.0,-622.0,305.0,-1.0,7.0,59.0,51.0,-2.0,12.0,0.0,0.0,164.0,316.0,-177.0,341.0,-341.0,25.0,-0.0506,0.0765
76242405,0,1,31,99,0.6346,0.23400000000000004,0.4503,0.0686,0.5109,0.059,0.4722,318.0,90.0,7.0,12.0,0.0,17.0,-3.0,6.0,-1.0,13.0,217.0,353.0,4.0,47.0,12.77,20.76,44.0,52.0,10.870000000000001,15.57,3.0,12.0,54.0,148.0,4.0,21.0,105.0,236.0,-51.0,-88.0,1.0,2.0,27.0,6.0,5.0,4.0,0.0,0.0,4.0,164.0,-40.0,99.0,-44.0,-65.0,-0.0038000000000000013,0.0264
76242405,1,0,31,106,0.6795,-0.1306,0.2782,-0.0736,0.3804,-0.07640000000000002,0.3889,-256.0,-264.0,-17.0,-12.0,-4.0,14.0,-3.0,6.0,3.0,16.0,-141.0,271.0,-8.0,35.0,-6.359999999999999,19.36,-13.0,43.0,-3.9299999999999997,13.53,11.0,22.0,197.0,306.0,4.0,11.0,-18.0,171.0,215.0,135.0,0.0,2.0,-6.0,17.0,4.0,7.0,-2.0,2.0,18.0,111.0,104.0,116.0,86.0,5.0,-0.0383,0.0491
76243092,0,1,40,138,0.6832,0.1624,0.2178,0.15000000000000002,0.3667,0.0938,0.375,274.0,-131.0,12.0,1.0,3.0,12.0,-2.0,7.0,-1.0,13.0,104.0,223.0,9.0,22.0,3.2200000000000024,18.58,38.0,44.0,8.329999999999998,13.21,1.0,7.0,47.0,76.0,5.0,4.0,89.0,83.0,-42.0,-7.0,1.0,2.0,8.0,25.0,0.0,3.0,-2.0,2.0,49.0,83.0,83.0,5.0,34.0,-78.0,0.13670000000000002,0.0107
76243092,1,0,40,138,0.6832,-0.1317,0.3457,-0.04999999999999999,0.35,-0.031200000000000006,0.4062,-274.0,131.0,-12.0,-1.0,-1.0,13.0,-2.0,7.0,3.0,12.0,-170.0,354.0,-3.0,21.0,-11.9,27.23,-18.0,59.0,-0.040000000000000924,12.99,5.0,4.0,89.0,83.0,1.0,7.0,47.0,76.0,42.0,7.0,0.0,0.0,0.0,0.0,1.0,4.0,0.0,0.0,-6.0,41.0,40.0,0.0,46.0,-41.0,0.2153,0.0428
76249460,0,0,37,138,0.75,-0.2397,0.3589,-0.1478,0.4773,-0.11110000000000003,0.4167,-649.0,-83.0,-30.0,5.0,-4.0,15.0,-3.0,5.0,7.0,16.0,-160.0,285.0,-13.0,42.0,-7.640000000000001,19.0,-22.0,51.0,-4.9399999999999995,14.78,8.0,22.0,49.0,455.0,-9.0,21.0,-128.0,408.0,177.0,47.0,-1.0,3.0,-1.0,31.0,-3.0,9.0,1.0,0.0,12.0,185.0,121.0,134.0,109.0,-51.0,-0.014299999999999997,0.0326
76249460,1,1,37,135,0.7337,0.23740000000000006,0.5398,0.06820000000000004,0.5,0.11109999999999998,0.5,474.0,215.0,8.0,9.0,4.0,18.0,-3.0,5.0,-1.0,13.0,370.0,502.0,6.0,44.0,11.75,27.89,42.0,92.0,12.549999999999997,19.71,-4.0,11.0,-38.0,222.0,5.0,22.0,63.0,435.0,-101.0,-213.0,-3.0,5.0,-57.0,76.0,-1.0,5.0,-4.0,4.0,-105.0,287.0,33.0,13.0,138.0,-274.0,0.1247,0.0361
76255902,0,0,33,129,0.7771,-0.030700000000000005,0.2788,-0.02779999999999999,0.3472,-0.08330000000000004,0.3889,46.0,-108.0,-5.0,-12.0,-3.0,14.0,-1.0,10.0,4.0,12.0,-78.0,208.0,-2.0,25.0,-3.039999999999999,14.86,-32.0,60.0,-6.369999999999999,15.78,-15.0,23.0,-195.0,341.0,33.0,34.0,340.0,386.0,-535.0,-45.0,2.0,1.0,24.0,2.0,-3.0,6.0,-3.0,4.0,33.0,53.0,-2.0,74.0,-35.0,21.0,0.053500000000000006,0.0247
76255902,1,1,33,125,0.753,-0.0676,0.3759,0.06950000000000006,0.4583,0.11110000000000003,0.3056,-68.0,45.0,9.0,4.0,4.0,11.0,-1.0,10.0,-3.0,15.0,-87.0,268.0,5.0,33.0,-12.29,24.36,-26.0,62.0,-7.01,19.34,25.0,45.0,380.0,462.0,-20.0,25.0,-289.0,393.0,669.0,69.0,0.0,0.0,0.0,0.0,-1.0,7.0,3.0,0.0,-81.0,81.0,281.0,344.0,362.0,263.0,0.9535,0.0465
76258762,0,0,30,97,0.6467,0.1492,0.1042,0.13570000000000002,0.15,0.13690000000000002,0.0714,53.0,-201.0,0.0,-20.0,3.0,2.0,-10.0,14.0,3.0,12.0,45.0,105.0,7.0,9.0,-22.5,52.5,-17.0,70.0,-10.36,24.75,3.0,6.0,46.0,71.0,10.0,6.0,111.0,75.0,-65.0,-4.0,1.0,0.0,26.0,0.0,-1.0,3.0,-1.0,2.0,136.0,19.0,47.0,9.0,-89.0,-10.0,-0.25079999999999997,0.3898
76258762,1,1,30,97,0.6467,0.19979999999999998,0.3036,0.15960000000000002,0.4833,0.19640000000000002,0.4286,-53.0,201.0,0.0,20.0,3.0,12.0,-10.0,14.0,3.0,2.0,-8.0,306.0,7.0,29.0,-5.629999999999999,25.5,-9.0,61.0,0.03999999999999915,16.23,10.0,6.0,111.0,75.0,3.0,6.0,46.0,71.0,65.0,4.0,2.0,0.0,18.0,0.0,3.0,1.0,-2.0,2.0,8.0,44.0,5.0,26.0,-3.0,-18.0,-0.0171,0.0412
76259847,0,1,41,158,0.7745,-0.050999999999999934,0.6103,0.10119999999999996,0.5312,0.07219999999999993,0.5278,-29.0,171.0,17.0,4.0,5.0,19.0,3.0,0.0,-4.0,17.0,-157.0,473.0,9.0,34.0,-11.72,24.89,-35.0,81.0,-11.16,20.3,-1.0,33.0,-36.0,657.0,-10.0,17.0,-284.0,391.0,248.0,266.0,3.0,0.0,40.0,0.0,-2.0,8.0,0.0,0.0,-26.0,108.0,107.0,329.0,133.0,221.0,-0.0823,0.0991
76259847,1,0,41,158,0.7745,-0.0817,0.3897,-0.14529999999999998,0.4688,-0.1472,0.4722,29.0,-171.0,-17.0,-4.0,-4.0,17.0,3.0,0.0,5.0,19.0,-128.0,302.0,-8.0,30.0,-4.380000000000001,17.76,-2.0,68.0,-2.3900000000000006,20.42,-10.0,17.0,-284.0,391.0,-1.0,33.0,-36.0,657.0,-248.0,-266.0,1.0,5.0,4.0,62.0,-2.0,5.0,0.0,0.0,-143.0,328.0,-258.0,283.0,-115.0,-45.0,-0.022,0.0308
76275892,0,1,28,95,0.6738,0.17910000000000004,0.2815,0.19860000000000005,0.3696,0.19790000000000002,0.3333,362.0,-140.0,28.0,-7.0,5.0,12.0,-5.0,11.0,-4.0,13.0,120.0,353.0,16.0,34.0,-1.6000000000000014,29.42,1.0,78.0,-2.280000000000001,25.01,-7.0,20.0,-132.0,369.0,7.0,5.0,93.0,74.0,-225.0,295.0,2.0,0.0,60.0,0.0,-3.0,6.0,-3.0,3.0,116.0,23.0,55.0,136.0,-61.0,113.0,0.042300000000000004,0.1089
76275892,1,0,28,95,0.6738,-0.1487,0.3931,-0.11619999999999997,0.4457,-0.07989999999999997,0.3611,-362.0,140.0,-28.0,7.0,-4.0,13.0,-5.0,11.0,5.0,12.0,-242.0,493.0,-12.0,41.0,-10.030000000000001,37.92,-62.0,107.0,-16.53,29.32,7.0,5.0,93.0,74.0,-7.0,20.0,-132.0,369.0,225.0,-295.0,-2.0,3.0,-54.0,59.0,5.0,2.0,1.0,0.0,-133.0,179.0,-51.0,51.0,82.0,-128.0,0.041499999999999995,0.0736
76312376,0,0,24,86,0.7049,-0.022199999999999998,0.3534,-0.05409999999999998,0.3636,0.01050000000000001,0.3333,-60.0,64.0,-12.0,-9.0,-1.0,12.0,-3.0,8.0,0.0,16.0,-78.0,499.0,-6.0,32.0,-3.309999999999995,41.58,35.0,76.0,14.5,18.17,0.0,6.0,-69.0,145.0,14.0,18.0,236.0,311.0,-305.0,-166.0,3.0,1.0,13.0,38.0,-1.0,4.0,-1.0,1.0,120.0,135.0,-16.0,29.0,-136.0,-106.0,0.006499999999999999,0.0159
76312376,1,1,24,84,0.6885,-0.024400000000000033,0.3163,0.1396,0.4318,0.05209999999999998,0.4167,75.0,-97.0,20.0,3.0,0.0,15.0,-3.0,8.0,-1.0,13.0,-176.0,495.0,10.0,38.0,-11.73,33.0,-75.0,116.0,-19.89,30.15,18.0,16.0,306.0,244.0,2.0,5.0,-59.0,126.0,365.0,118.0,-2.0,2.0,-19.0,19.0,3.0,6.0,2.0,0.0,-57.0,81.0,131.0,135.0,188.0,54.0,0.1156,0.0624
76319914,0,1,23,56,0.4786,0.1669,0.1013,0.3773,0.19,0.2605,0.1562,-86.0,-3.0,23.0,4.0,10.0,5.0,-10.0,23.0,4.0,4.0,196.0,87.0,40.0,19.0,1.4700000000000024,17.4,29.0,41.0,4.280000000000001,14.84,11.0,5.0,158.0,116.0,4.0,4.0,73.0,60.0,85.0,56.0,2.0,0.0,18.0,0.0,1.0,0.0,-2.0,2.0,26.0,0.0,185.0,84.0,159.0,84.0,-0.8978,1.0
76319914,1,0,23,56,0.4786,0.24780000000000002,0.1048,0.15769999999999998,0.15,0.09720000000000001,0.125,86.0,3.0,-23.0,-4.0,4.0,4.0,-10.0,23.0,10.0,5.0,282.0,90.0,17.0,15.0,24.0,22.5,92.0,37.0,22.29,12.87,4.0,4.0,73.0,60.0,11.0,5.0,158.0,116.0,-85.0,-56.0,0.0,0.0,0.0,0.0,2.0,0.0,-1.0,3.0,5.0,0.0,55.0,0.0,50.0,0.0,-0.4828,1.0
76324976,0,1,31,94,0.6104,-0.0043999999999999595,0.357,0.033299999999999996,0.4167,0.020799999999999985,0.4167,-4.0,281.0,5.0,11.0,-1.0,15.0,-1.0,11.0,-2.0,10.0,-24.0,518.0,1.0,35.0,0.759999999999998,34.53,-5.0,83.0,-3.789999999999999,24.09,6.0,3.0,168.0,48.0,1.0,5.0,-17.0,116.0,185.0,-68.0,-1.0,1.0,-17.0,17.0,1.0,1.0,1.0,1.0,21.0,48.0,18.0,20.0,-3.0,-28.0,0.046700000000000005,0.0686
76324976,1,0,31,94,0.6104,-0.00839999999999999,0.1633,-0.03570000000000001,0.2857,-0.02779999999999999,0.2778,4.0,-281.0,-5.0,-11.0,-2.0,10.0,-1.0,11.0,-1.0,15.0,-20.0,237.0,-4.0,24.0,3.4200000000000017,23.7,8.0,48.0,0.2799999999999976,16.85,1.0,5.0,-17.0,116.0,6.0,3.0,168.0,48.0,-185.0,68.0,2.0,0.0,22.0,0.0,1.0,2.0,-3.0,3.0,102.0,16.0,30.0,0.0,-72.0,-16.0,-0.41800000000000004,0.4485
76338445,0,1,56,123,0.4393,0.24039999999999995,0.3416,0.16699999999999998,0.4239,0.19640000000000002,0.375,310.0,-163.0,19.0,-1.0,4.0,12.0,-3.0,5.0,-5.0,15.0,41.0,346.0,13.0,39.0,-4.639999999999997,28.83,-31.0,68.0,-8.859999999999998,18.33,-4.0,12.0,-33.0,135.0,-1.0,6.0,19.0,58.0,-52.0,77.0,2.0,0.0,21.0,0.0,4.0,1.0,-1.0,1.0,34.0,41.0,-89.0,93.0,-123.0,52.0,-0.0081,0.0256
76338445,1,0,56,124,0.4429,-0.2914,0.5724,-0.13789999999999997,0.4674,-0.14290000000000003,0.5,-621.0,300.0,-36.0,7.0,-6.0,16.0,-4.0,5.0,6.0,11.0,-339.0,561.0,-14.0,43.0,-12.860000000000003,35.06,-24.0,70.0,-7.359999999999998,20.74,-1.0,5.0,4.0,55.0,-9.0,15.0,-114.0,195.0,118.0,-140.0,2.0,0.0,25.0,0.0,1.0,2.0,0.0,0.0,21.0,39.0,-17.0,24.0,-38.0,-15.0,-0.03799999999999999,0.071
76341498,0,1,37,105,0.5707,0.5827,0.1874,0.27609999999999996,0.3906,0.32499999999999996,0.375,631.0,-215.0,24.0,-4.0,5.0,9.0,-6.0,6.0,-3.0,9.0,462.0,131.0,15.0,25.0,27.799999999999997,14.56,66.0,31.0,22.770000000000003,8.65,-8.0,13.0,-62.0,106.0,5.0,7.0,51.0,52.0,-113.0,54.0,-1.0,1.0,-9.0,9.0,-2.0,4.0,0.0,0.0,-16.0,23.0,-8.0,38.0,8.0,15.0,-0.06739999999999999,0.2929
76341498,1,0,37,105,0.5707,-0.2651,0.495,-0.11980000000000002,0.4531,-0.07500000000000001,0.375,-631.0,215.0,-24.0,4.0,-3.0,9.0,-6.0,6.0,5.0,9.0,-169.0,346.0,-9.0,29.0,-8.939999999999998,38.44,30.0,57.0,16.96,11.6,5.0,7.0,51.0,52.0,-8.0,13.0,-62.0,106.0,113.0,-54.0,-1.0,1.0,-28.0,28.0,-2.0,3.0,0.0,0.0,-54.0,68.0,67.0,29.0,121.0,-39.0,0.0523,0.0246
76344335,0,0,43,125,0.5814,-0.2326,0.4395,-0.04999999999999999,0.3875,-0.031299999999999994,0.3125,-634.0,70.0,-12.0,-8.0,-1.0,10.0,-2.0,7.0,3.0,15.0,-198.0,443.0,-4.0,31.0,-17.08,44.3,-40.0,98.0,-12.399999999999999,29.84,7.0,9.0,60.0,145.0,-1.0,9.0,-42.0,141.0,102.0,4.0,-1.0,1.0,-21.0,21.0,5.0,1.0,-1.0,2.0,-40.0,102.0,39.0,48.0,79.0,-54.0,-0.117,0.1932
76344335,1,1,43,122,0.5674,0.3224,0.3581,0.11009999999999998,0.4524,0.059,0.4722,653.0,-88.0,10.0,6.0,0.0,17.0,-3.0,8.0,-1.0,11.0,410.0,410.0,7.0,38.0,24.12,24.12,62.0,65.0,11.730000000000004,21.83,1.0,9.0,-27.0,184.0,12.0,6.0,134.0,133.0,-161.0,51.0,0.0,0.0,0.0,0.0,3.0,2.0,-1.0,2.0,76.0,28.0,-58.0,69.0,-134.0,41.0,0.06180000000000002,0.4029
76353192,0,1,41,127,0.6135,0.20520000000000005,0.476,0.08330000000000004,0.5417,0.2,0.45,231.0,-32.0,12.0,6.0,4.0,9.0,0.0,0.0,-4.0,11.0,56.0,318.0,6.0,39.0,-6.559999999999999,35.33,63.0,70.0,13.419999999999998,24.19,22.0,21.0,158.0,156.0,3.0,34.0,124.0,241.0,34.0,-85.0,2.0,2.0,29.0,12.0,-1.0,6.0,0.0,0.0,153.0,143.0,127.0,97.0,-26.0,-46.0,0.006500000000000006,0.0401
76353192,1,0,41,127,0.6135,-0.20520000000000005,0.524,-0.08329999999999999,0.4583,-0.20000000000000007,0.55,-231.0,32.0,-12.0,-6.0,-4.0,11.0,0.0,0.0,4.0,9.0,-175.0,350.0,-6.0,33.0,-6.82,31.82,-37.0,75.0,-9.760000000000002,19.26,3.0,34.0,124.0,241.0,22.0,21.0,158.0,156.0,-34.0,85.0,-1.0,1.0,-10.0,10.0,2.0,7.0,0.0,0.0,31.0,59.0,-29.0,98.0,-60.0,39.0,0.002799999999999997,0.0567
76354266,0,1,41,127,0.6195,0.2938,0.1493,0.10570000000000007,0.4412,0.17500000000000004,0.375,282.0,-145.0,11.0,2.0,2.0,9.0,-3.0,6.0,-3.0,9.0,207.0,112.0,5.0,30.0,16.560000000000002,12.44,27.0,27.0,8.39,7.89,-4.0,12.0,-79.0,146.0,0.0,10.0,-18.0,141.0,-61.0,5.0,-2.0,3.0,-38.0,42.0,-2.0,4.0,-1.0,1.0,-38.0,100.0,-36.0,78.0,2.0,-22.0,-0.023499999999999993,0.1377
76354266,1,0,41,130,0.6341,-0.13720000000000002,0.3643,-0.125,0.3906,-0.15000000000000002,0.4,-256.0,23.0,-16.0,-7.0,-3.0,8.0,0.0,3.0,3.0,9.0,-75.0,263.0,-8.0,25.0,4.719999999999999,32.88,-20.0,75.0,-4.57,21.03,-1.0,12.0,-12.0,149.0,-1.0,10.0,-48.0,124.0,36.0,25.0,-1.0,1.0,-13.0,13.0,-1.0,4.0,1.0,0.0,-34.0,53.0,-13.0,60.0,21.0,7.0,0.4375,0.0648
76360514,0,0,31,95,0.6169,-0.1386,0.3891,-0.09050000000000002,0.4405,-0.07290000000000002,0.4167,-417.0,-35.0,-19.0,-4.0,-4.0,15.0,-3.0,4.0,3.0,17.0,-17.0,256.0,-9.0,37.0,4.66,17.07,39.0,34.0,9.799999999999999,9.88,6.0,18.0,205.0,187.0,-4.0,12.0,-93.0,172.0,298.0,15.0,1.0,0.0,13.0,0.0,-1.0,7.0,-1.0,2.0,21.0,32.0,193.0,39.0,172.0,7.0,-0.1495,0.1797
76360514,1,1,31,93,0.6039,0.31139999999999995,0.3675,0.16129999999999994,0.4762,0.18059999999999998,0.4444,495.0,-100.0,20.0,3.0,4.0,16.0,-4.0,5.0,-4.0,15.0,403.0,301.0,11.0,40.0,16.390000000000004,18.81,59.0,60.0,13.09,15.2,-6.0,12.0,-138.0,215.0,11.0,12.0,240.0,130.0,-378.0,85.0,1.0,2.0,17.0,26.0,1.0,3.0,-3.0,3.0,115.0,73.0,-13.0,45.0,-128.0,-28.0,-0.0291,0.0611
76364693,0,0,37,88,0.4731,0.19310000000000005,0.2714,0.00830000000000003,0.3571,0.016699999999999993,0.3333,31.0,-66.0,-8.0,-6.0,-1.0,8.0,-6.0,6.0,3.0,10.0,83.0,146.0,-1.0,20.0,14.46,18.25,56.0,28.0,21.139999999999997,6.69,3.0,3.0,13.0,39.0,6.0,9.0,-2.0,113.0,15.0,-74.0,1.0,0.0,8.0,0.0,0.0,2.0,-1.0,1.0,25.0,0.0,34.0,0.0,9.0,0.0,-0.9805,1.0
76364693,1,1,37,80,0.4301,0.1945,0.2052,0.2994,0.3077,0.18330000000000002,0.4,-114.0,41.0,14.0,1.0,6.0,8.0,-2.0,5.0,0.0,7.0,143.0,110.0,18.0,16.0,4.32,13.75,29.0,38.0,6.42,13.33,10.0,5.0,33.0,68.0,1.0,3.0,-5.0,39.0,38.0,29.0,0.0,0.0,0.0,0.0,2.0,0.0,-2.0,2.0,2.0,0.0,42.0,36.0,40.0,36.0,-0.7836,1.0
76369073,0,1,44,187,0.8462,0.24089999999999995,0.2846,0.25,0.2841,0.1945,0.2222,432.0,1.0,38.0,-16.0,7.0,8.0,-2.0,10.0,-5.0,18.0,273.0,284.0,22.0,25.0,1.6300000000000026,35.5,17.0,63.0,2.139999999999997,19.94,1.0,5.0,45.0,74.0,0.0,22.0,-55.0,423.0,100.0,-349.0,-1.0,2.0,-6.0,23.0,0.0,3.0,0.0,0.0,-62.0,127.0,19.0,7.0,81.0,-120.0,-0.1595,0.1807
76369073,1,0,44,187,0.8462,-0.16660000000000003,0.2836,-0.18179999999999996,0.4659,-0.13890000000000002,0.5,-432.0,-1.0,-38.0,16.0,-5.0,18.0,-2.0,10.0,7.0,8.0,-159.0,283.0,-16.0,41.0,-6.1800000000000015,15.72,-15.0,43.0,-4.859999999999999,13.43,0.0,22.0,-55.0,423.0,1.0,5.0,45.0,74.0,-100.0,349.0,0.0,1.0,-35.0,43.0,-1.0,5.0,-2.0,4.0,26.0,67.0,9.0,214.0,-17.0,147.0,-0.0706,0.0849
76369368,0,1,40,136,0.6766,0.1583,0.4236,0.14699999999999996,0.4118,0.12499999999999994,0.4167,213.0,189.0,18.0,1.0,3.0,10.0,-1.0,6.0,-2.0,8.0,202.0,338.0,10.0,28.0,7.740000000000002,33.8,69.0,58.0,12.620000000000001,17.97,2.0,7.0,3.0,108.0,-12.0,35.0,-249.0,419.0,252.0,-311.0,-1.0,2.0,-12.0,49.0,0.0,2.0,-1.0,2.0,-56.0,163.0,27.0,18.0,83.0,-145.0,0.001400000000000002,0.0311
76369368,1,0,40,136,0.6766,-0.038000000000000006,0.1867,-0.11770000000000003,0.3971,-0.08329999999999999,0.3333,-213.0,-189.0,-18.0,-1.0,-2.0,8.0,-1.0,6.0,3.0,10.0,-11.0,149.0,-8.0,27.0,4.379999999999999,18.62,17.0,61.0,4.759999999999998,23.76,-12.0,35.0,-249.0,419.0,2.0,7.0,3.0,108.0,-252.0,311.0,0.0,1.0,-6.0,9.0,0.0,6.0,-2.0,2.0,8.0,53.0,-128.0,191.0,-136.0,138.0,0.0058,0.0323
76397269,0,0,57,199,0.6982,0.006900000000000003,0.1181,-0.11530000000000001,0.4038,-0.09999999999999998,0.3,-190.0,-142.0,-16.0,3.0,-2.0,6.0,-1.0,7.0,3.0,7.0,23.0,84.0,-6.0,21.0,12.75,14.0,32.0,24.0,12.56,10.35,-18.0,26.0,-187.0,285.0,2.0,3.0,13.0,47.0,-200.0,238.0,-1.0,1.0,0.0,0.0,-2.0,5.0,0.0,1.0,11.0,19.0,-110.0,141.0,-121.0,122.0,0.01849999999999999,0.0772
76397269,1,1,57,199,0.6982,0.195,0.3179,0.19229999999999997,0.3462,0.15000000000000002,0.35,190.0,142.0,16.0,-3.0,3.0,7.0,-1.0,7.0,-2.0,6.0,213.0,226.0,10.0,18.0,11.61,32.29,14.0,65.0,4.330000000000002,21.04,2.0,3.0,13.0,47.0,-18.0,26.0,-187.0,285.0,200.0,-238.0,-1.0,2.0,-10.0,16.0,1.0,1.0,1.0,0.0,-77.0,132.0,-12.0,28.0,65.0,-104.0,0.0552,0.0691
76408494,0,0,21,65,0.6075,0.1386,0.2541,-0.0887,0.3804,-0.013299999999999979,0.3571,-2.0,27.0,-33.0,3.0,1.0,10.0,-3.0,9.0,6.0,9.0,187.0,188.0,-7.0,35.0,15.290000000000003,18.8,45.0,46.0,14.18,14.77,3.0,4.0,68.0,48.0,20.0,9.0,204.0,143.0,-136.0,-95.0,0.0,2.0,10.0,12.0,4.0,0.0,-3.0,3.0,35.0,40.0,-16.0,16.0,-51.0,-24.0,-0.42210000000000003,0.5207
76408494,1,1,21,64,0.5981,0.21259999999999998,0.2317,0.16080000000000005,0.3913,0.08040000000000003,0.3571,63.0,25.0,8.0,12.0,4.0,10.0,-5.0,11.0,5.0,7.0,392.0,174.0,17.0,36.0,23.03,17.4,236.0,29.0,58.8,9.42,17.0,8.0,166.0,139.0,-1.0,7.0,-8.0,102.0,174.0,37.0,0.0,0.0,0.0,0.0,2.0,1.0,-1.0,4.0,47.0,16.0,109.0,33.0,62.0,17.0,-0.026100000000000005,0.0655
76421250,0,0,43,158,0.7315,-0.06820000000000004,0.5208,-0.060199999999999976,0.4352,-0.08040000000000003,0.3929,-122.0,45.0,-14.0,-14.0,-1.0,11.0,0.0,0.0,5.0,17.0,-195.0,563.0,-5.0,47.0,-14.380000000000003,51.18,-206.0,323.0,-59.980000000000004,92.37,-5.0,35.0,-117.0,368.0,16.0,41.0,207.0,571.0,-324.0,-203.0,2.0,3.0,6.0,98.0,1.0,11.0,0.0,0.0,32.0,310.0,-78.0,185.0,-110.0,-125.0,0.0355,0.0245
76421250,1,1,43,158,0.7315,0.06819999999999998,0.4792,0.06020000000000003,0.5648,0.08040000000000003,0.6071,122.0,-45.0,14.0,14.0,5.0,17.0,0.0,0.0,-1.0,11.0,-73.0,518.0,9.0,61.0,-10.239999999999998,30.47,-30.0,81.0,-12.379999999999999,24.88,16.0,41.0,207.0,571.0,-5.0,35.0,-117.0,368.0,324.0,203.0,-2.0,3.0,-20.0,21.0,-1.0,9.0,0.0,0.0,-39.0,183.0,175.0,261.0,214.0,78.0,0.007099999999999995,0.0459
76448561,0,0,42,130,0.619,-0.1111,0.266,0.011300000000000032,0.3182,0.0,0.3333,-758.0,-240.0,0.0,-26.0,0.0,12.0,-2.0,5.0,2.0,19.0,32.0,212.0,1.0,28.0,2.6599999999999966,17.67,-11.0,49.0,-1.2799999999999994,12.51,-6.0,10.0,-78.0,133.0,-12.0,17.0,-82.0,178.0,4.0,-45.0,1.0,0.0,8.0,0.0,-3.0,5.0,0.0,0.0,74.0,22.0,21.0,0.0,-53.0,-22.0,0.0119,0.0349
76448561,1,1,42,129,0.6143,0.29710000000000003,0.4464,0.05679999999999996,0.5341,0.11119999999999997,0.4444,800.0,54.0,8.0,12.0,4.0,16.0,-2.0,5.0,-2.0,15.0,839.0,329.0,5.0,47.0,37.84,20.56,135.0,32.0,34.59,7.76,-9.0,17.0,-9.0,153.0,-6.0,9.0,-78.0,116.0,69.0,37.0,-2.0,2.0,-27.0,27.0,2.0,4.0,0.0,0.0,-63.0,80.0,-99.0,122.0,-36.0,42.0,0.0315,0.2049
76451682,0,1,24,104,0.8455,0.06669999999999998,0.3956,0.0474,0.5208,0.07739999999999997,0.4643,31.0,133.0,0.0,12.0,0.0,13.0,-4.0,8.0,0.0,7.0,-62.0,430.0,0.0,25.0,-4.77,33.08,11.0,63.0,-0.2699999999999996,20.63,3.0,7.0,39.0,74.0,-1.0,3.0,12.0,19.0,27.0,55.0,1.0,1.0,5.0,8.0,1.0,3.0,-2.0,2.0,15.0,16.0,44.0,16.0,29.0,0.0,-0.17279999999999998,0.2297
76451682,1,0,24,104,0.8455,-0.016900000000000026,0.2732,0.0247,0.2708,0.041700000000000015,0.25,-31.0,-133.0,0.0,-12.0,0.0,7.0,-4.0,8.0,0.0,13.0,-93.0,297.0,0.0,13.0,-13.29,42.43,-49.0,120.0,-20.820000000000004,45.06,-1.0,3.0,12.0,19.0,3.0,7.0,39.0,74.0,-27.0,-55.0,-2.0,2.0,-20.0,20.0,0.0,2.0,0.0,0.0,15.0,38.0,-3.0,3.0,-18.0,-35.0,-0.0881,0.1074
76453508,0,0,27,101,0.7372,-0.08310000000000001,0.4783,-0.1079,0.4167,-0.044399999999999995,0.35,-260.0,144.0,-18.0,-5.0,-3.0,14.0,-4.0,7.0,3.0,19.0,9.0,419.0,-9.0,30.0,8.979999999999997,29.93,88.0,107.0,17.58,38.09,-9.0,21.0,-146.0,310.0,9.0,41.0,108.0,871.0,-254.0,-561.0,1.0,6.0,128.0,52.0,-8.0,9.0,-2.0,3.0,285.0,483.0,60.0,49.0,-225.0,-434.0,-0.005500000000000001,0.031
76453508,1,1,27,94,0.6861,-0.07439999999999997,0.5498,0.046499999999999986,0.5417,0.03059999999999996,0.525,-219.0,279.0,2.0,13.0,-1.0,21.0,-4.0,7.0,1.0,12.0,-42.0,535.0,1.0,39.0,-0.8300000000000018,25.48,-15.0,71.0,-2.91,20.18,23.0,22.0,397.0,451.0,-5.0,20.0,-105.0,315.0,502.0,136.0,-3.0,3.0,-47.0,47.0,6.0,4.0,0.0,2.0,-122.0,143.0,-114.0,167.0,8.0,24.0,0.0076999999999999985,0.0327
76481945,0,1,22,50,0.4425,0.22300000000000003,0.0873,0.29389999999999994,0.1957,0.2276,0.1786,206.0,-91.0,16.0,3.0,8.0,5.0,-8.0,19.0,4.0,4.0,156.0,87.0,29.0,18.0,1.2900000000000027,17.4,31.0,45.0,5.890000000000001,15.57,10.0,6.0,158.0,128.0,11.0,1.0,161.0,13.0,-3.0,115.0,0.0,1.0,-7.0,13.0,3.0,0.0,1.0,3.0,32.0,13.0,7.0,62.0,-25.0,49.0,-0.016399999999999998,0.0586
76481945,1,0,22,50,0.4425,-0.015199999999999991,0.1787,0.1287,0.163,0.1071,0.1429,-206.0,91.0,-16.0,-3.0,4.0,4.0,-8.0,19.0,8.0,5.0,-50.0,178.0,13.0,15.0,-28.5,44.5,-42.0,65.0,-8.85,13.92,11.0,1.0,161.0,13.0,10.0,6.0,158.0,128.0,3.0,-115.0,2.0,0.0,28.0,0.0,1.0,1.0,3.0,0.0,89.0,0.0,32.0,0.0,-57.0,0.0,-0.9273,1.0
76501532,0,1,38,123,0.6373,0.17729999999999999,0.2241,0.0938,0.375,0.08340000000000003,0.3333,341.0,16.0,11.0,2.0,3.0,12.0,-1.0,13.0,-2.0,11.0,226.0,244.0,6.0,24.0,11.0,20.33,105.0,44.0,25.189999999999998,11.53,-1.0,16.0,-43.0,361.0,0.0,12.0,1.0,245.0,-44.0,116.0,0.0,0.0,0.0,0.0,-2.0,5.0,1.0,2.0,28.0,40.0,78.0,79.0,50.0,39.0,0.04089999999999999,0.2028
76501532,1,0,38,123,0.6373,-0.1129,0.2094,-0.07819999999999999,0.3438,-0.05559999999999998,0.3056,-341.0,-16.0,-11.0,-2.0,-2.0,11.0,-1.0,13.0,3.0,12.0,-115.0,228.0,-5.0,22.0,-8.17,20.73,-43.0,79.0,-10.049999999999999,21.49,0.0,12.0,1.0,245.0,-1.0,16.0,-43.0,361.0,44.0,-116.0,1.0,2.0,-11.0,31.0,2.0,1.0,3.0,4.0,-125.0,188.0,-82.0,100.0,43.0,-88.0,0.2096,0.0169
76509046,0,0,43,132,0.6111,0.11760000000000001,0.223,0.0,0.1923,0.0,0.2,108.0,36.0,-4.0,-10.0,0.0,4.0,-2.0,10.0,2.0,6.0,97.0,169.0,0.0,10.0,24.25,42.25,-5.0,86.0,-16.799999999999997,30.52,-2.0,4.0,-10.0,36.0,7.0,8.0,73.0,110.0,-83.0,-74.0,0.0,0.0,0.0,0.0,1.0,0.0,-2.0,2.0,39.0,45.0,5.0,8.0,-34.0,-37.0,0.3899,0.0844
76509046,1,1,43,132,0.6111,-0.019299999999999984,0.1755,0.07690000000000002,0.3846,0.10000000000000003,0.3,-108.0,-36.0,4.0,10.0,2.0,6.0,-2.0,10.0,0.0,4.0,-11.0,133.0,4.0,20.0,-6.920000000000002,22.17,1.0,55.0,-2.5100000000000016,22.23,7.0,8.0,73.0,110.0,-2.0,4.0,-10.0,36.0,83.0,74.0,0.0,0.0,0.0,0.0,1.0,2.0,-2.0,3.0,13.0,0.0,22.0,22.0,9.0,22.0,-0.9484,1.0
76527854,0,0,30,81,0.5436,0.1977,0.2252,0.003200000000000036,0.3182,0.0,0.25,138.0,-57.0,-16.0,-6.0,-1.0,9.0,-9.0,17.0,6.0,10.0,224.0,182.0,-1.0,28.0,30.53,20.22,132.0,61.0,49.949999999999996,16.43,5.0,13.0,185.0,207.0,14.0,5.0,297.0,112.0,-112.0,95.0,0.0,1.0,-9.0,14.0,1.0,5.0,-3.0,4.0,168.0,40.0,220.0,8.0,52.0,-32.0,-0.4158,0.4402
76527854,1,1,30,81,0.5436,0.042700000000000016,0.2958,0.19690000000000002,0.3864,0.2222,0.2778,-138.0,57.0,16.0,6.0,6.0,10.0,-9.0,17.0,-1.0,9.0,86.0,239.0,15.0,34.0,-3.59,23.9,-8.0,100.0,-5.109999999999999,30.15,14.0,5.0,297.0,112.0,5.0,13.0,185.0,207.0,112.0,-95.0,0.0,3.0,-25.0,32.0,4.0,1.0,-2.0,2.0,22.0,110.0,170.0,31.0,148.0,-79.0,-0.053099999999999994,0.1197
76528949,0,0,25,91,0.7339,-0.1739,0.3241,-0.06320000000000003,0.3587,-0.10770000000000002,0.3889,-420.0,-22.0,-10.0,-10.0,-5.0,14.0,0.0,8.0,1.0,14.0,-242.0,433.0,-7.0,33.0,-9.71,30.93,-23.0,64.0,-7.640000000000001,18.18,5.0,5.0,103.0,73.0,-1.0,6.0,14.0,84.0,89.0,-11.0,1.0,0.0,4.0,0.0,1.0,3.0,2.0,0.0,-2.0,32.0,14.0,12.0,16.0,-20.0,-0.27870000000000006,0.5177
76528949,1,1,25,91,0.7339,0.15699999999999997,0.3406,0.05530000000000007,0.4674,0.07989999999999997,0.3889,420.0,22.0,10.0,10.0,1.0,14.0,0.0,8.0,-5.0,14.0,178.0,455.0,3.0,43.0,9.700000000000003,32.5,13.0,74.0,1.259999999999998,23.07,-1.0,6.0,14.0,84.0,5.0,5.0,103.0,73.0,-89.0,11.0,0.0,1.0,14.0,11.0,0.0,2.0,1.0,0.0,54.0,61.0,-28.0,52.0,-82.0,-9.0,-0.20929999999999999,0.2853
76559251,0,0,58,218,0.7517,-0.1512,0.4591,-0.08579999999999999,0.44,-0.06940000000000002,0.4444,-333.0,-105.0,-18.0,-10.0,-4.0,16.0,-2.0,2.0,2.0,18.0,-272.0,623.0,-10.0,44.0,-9.689999999999998,38.94,-34.0,83.0,-10.31,21.96,-4.0,12.0,-105.0,190.0,3.0,9.0,16.0,142.0,-121.0,48.0,1.0,0.0,9.0,0.0,-2.0,5.0,-1.0,1.0,16.0,20.0,-12.0,28.0,-28.0,8.0,0.0693,0.0115
76559251,1,1,58,215,0.7414,0.1099,0.5345,0.11419999999999997,0.49,0.12159999999999999,0.4722,201.0,88.0,19.0,1.0,2.0,17.0,-3.0,3.0,-3.0,16.0,33.0,612.0,9.0,49.0,-2.049999999999997,36.0,3.0,110.0,-5.75,33.08,0.0,11.0,-22.0,190.0,-8.0,15.0,-125.0,205.0,103.0,-15.0,-1.0,2.0,-43.0,46.0,2.0,2.0,-1.0,1.0,-104.0,168.0,-40.0,131.0,64.0,-37.0,-0.005500000000000001,0.0357
76601546,0,1,22,80,0.7207,0.1843,0.1741,0.13330000000000003,0.4167,0.10719999999999996,0.3214,186.0,51.0,11.0,9.0,3.0,9.0,-3.0,13.0,0.0,6.0,229.0,148.0,8.0,25.0,14.98,16.44,56.0,25.0,16.47,6.73,6.0,5.0,95.0,73.0,1.0,5.0,25.0,77.0,70.0,-4.0,-2.0,2.0,-15.0,15.0,-1.0,3.0,2.0,1.0,-20.0,60.0,97.0,0.0,117.0,-60.0,0.1279,0.3061
76601546,1,0,22,80,0.7207,0.019000000000000003,0.1141,-0.04999999999999999,0.2667,0.0,0.2143,-186.0,-51.0,-11.0,-9.0,0.0,6.0,-3.0,13.0,3.0,9.0,43.0,97.0,-3.0,16.0,7.159999999999997,16.17,8.0,30.0,5.539999999999999,8.21,1.0,5.0,25.0,77.0,6.0,5.0,95.0,73.0,-70.0,4.0,0.0,1.0,-4.0,17.0,-1.0,3.0,1.0,1.0,-23.0,50.0,22.0,0.0,45.0,-50.0,0.07490000000000001,0.0924
76670723,0,1,27,88,0.6377,0.09820000000000001,0.3084,0.13319999999999993,0.3824,0.16670000000000001,0.3333,78.0,72.0,14.0,0.0,2.0,8.0,-4.0,8.0,-2.0,8.0,25.0,293.0,7.0,26.0,-4.819999999999997,36.62,-6.0,87.0,-2.1700000000000017,27.51,2.0,4.0,30.0,47.0,1.0,4.0,4.0,52.0,26.0,-5.0,0.0,0.0,0.0,0.0,-1.0,3.0,1.0,0.0,49.0,0.0,23.0,9.0,-26.0,9.0,-0.8943,1.0
76670723,1,0,27,101,0.7319,-0.11880000000000002,0.3103,-0.13240000000000002,0.3824,-0.08329999999999999,0.3333,-241.0,57.0,-20.0,0.0,-3.0,8.0,-4.0,8.0,3.0,8.0,-161.0,310.0,-10.0,26.0,-8.95,38.75,-45.0,87.0,-15.069999999999999,23.54,0.0,2.0,-6.0,24.0,1.0,5.0,9.0,70.0,-15.0,-46.0,0.0,0.0,0.0,0.0,2.0,0.0,0.0,0.0,-31.0,59.0,-24.0,24.0,7.0,-35.0,0.19790000000000002,0.0498
