episode_id,omega,n_planets,n_orbital,n_static,orbital_share,prod_total,prod_mean,prod_std,n_neutral_start,neutral_prod_share,mean_inter_dist,min_inter_dist,max_inter_dist,std_inter_dist,sun_blockage_share,home_to_nearest_neutral_median,home_to_home_median,n_home,size_bucket,has_orbital,map_type,kmeans_cluster
75571862,0.041486254608585,24,0,24,0.0,60.0,2.5,1.2583057392117916,24,1.0,63.26112771436696,12.097777348198502,124.33782129026196,27.4820016035443,0.1159420289855072,0.0,0.0,0,small,0,small_static,1
75608555,0.0482090390076648,28,4,24,0.1428571428571428,72.0,2.5714285714285716,1.2936264483053452,28,1.0,58.716983363009696,10.944999929443886,104.070875054253,25.84129439846212,0.1322751322751322,0.0,0.0,0,medium,1,medium_orbital,3
75610004,0.0363190370041877,28,4,24,0.1428571428571428,72.0,2.5714285714285716,1.5907898179514348,28,1.0,57.476226218778976,12.771903381225924,117.86129920683554,24.81493375063504,0.1005291005291005,0.0,0.0,0,medium,1,medium_orbital,2
75614274,0.0448620197014397,28,0,28,0.0,72.0,2.5714285714285716,1.4982983545287878,28,1.0,60.808305975746144,11.063942160229768,117.5787250497982,26.682644164307305,0.1322751322751322,0.0,0.0,0,medium,0,medium_static,4
75618884,0.0352908417118713,24,0,24,0.0,84.0,3.5,0.7637626158259734,24,1.0,61.437799135184385,12.026693726903025,113.99580120386013,26.14102065651323,0.1159420289855072,0.0,0.0,0,small,0,small_static,1
75624437,0.0284581025528988,36,4,32,0.1111111111111111,100.0,2.7777777777777777,1.314684396244359,36,1.0,60.85846973056868,10.405063417766408,119.56616569293942,27.433204438849742,0.1555555555555555,0.0,0.0,0,large,1,large_orbital,2
75632972,0.0306592729609211,24,0,24,0.0,64.0,2.6666666666666665,1.3743685418725535,24,1.0,63.53690803229878,12.31745796298995,121.79028582976628,27.69592249835415,0.1594202898550724,0.0,0.0,0,small,0,small_static,0
75641715,0.0363772603913976,28,0,28,0.0,68.0,2.4285714285714284,1.2936264483053457,28,1.0,61.9487277555529,12.436969440088632,115.1935551678668,26.546286240485692,0.1005291005291005,0.0,0.0,0,medium,0,medium_static,1
75641802,0.0374873228692517,24,4,20,0.1666666666666666,68.0,2.8333333333333335,1.863389981249825,24,1.0,60.87601037538681,11.640748785169066,113.43251516915458,26.08717148390735,0.1304347826086956,0.0,0.0,0,small,1,small_orbital,2
75642437,0.0473948301468752,32,0,32,0.0,76.0,2.375,1.5761900266148114,32,1.0,59.1473904059872,9.85795080177139,122.0898395825343,26.890584697370148,0.1774193548387097,0.0,0.0,0,medium,0,medium_static,3
75645971,0.0293831100838152,36,4,32,0.1111111111111111,64.0,1.7777777777777777,1.227262335243029,36,1.0,59.06601780040192,9.432991329776762,122.19869048708404,26.314467544146325,0.1301587301587301,0.0,0.0,0,large,1,large_orbital,2
75648312,0.0453611987366005,36,4,32,0.1111111111111111,96.0,2.6666666666666665,1.4907119849998596,36,1.0,56.64953932812983,9.570650267695516,116.63416575342578,25.28576556949325,0.1555555555555555,0.0,0.0,0,large,1,large_orbital,3
75648785,0.0269590829079438,24,0,24,0.0,52.0,2.1666666666666665,1.4624940645653537,24,1.0,60.774518976040675,13.196990193323169,103.74984741559447,26.28134294361913,0.1014492753623188,0.0,0.0,0,small,0,small_static,1
75649223,0.0425077520814712,36,4,32,0.1111111111111111,88.0,2.4444444444444446,1.3425606637327303,36,1.0,58.21886693548037,10.742487138432285,119.64115087699685,25.812259269410752,0.1428571428571428,0.0,0.0,0,large,1,large_orbital,3
75649677,0.0331380656269447,32,0,32,0.0,64.0,2.0,1.224744871391589,32,1.0,58.4914808402541,10.319954971036845,115.4339051265081,26.231955877614503,0.1612903225806451,0.0,0.0,0,medium,0,medium_static,4
75653592,0.0304702723868658,36,4,32,0.1111111111111111,88.0,2.4444444444444446,1.4989708403591155,36,1.0,56.87981407268158,9.987611085180117,110.366238039034,25.247839739305498,0.1428571428571428,0.0,0.0,0,large,1,large_orbital,2
75653796,0.0259058175746907,32,0,32,0.0,76.0,2.375,1.1110243021644486,32,1.0,62.03235382731923,10.81551997099154,131.27519780902094,27.68398142653734,0.1209677419354838,0.0,0.0,0,medium,0,medium_static,4
75665474,0.0470677204148472,32,0,32,0.0,56.0,1.75,1.3919410907075054,32,1.0,60.00239923624648,9.292864496079174,134.1257942851959,27.26499935985335,0.1612903225806451,0.0,0.0,0,medium,0,medium_static,4
75665680,0.0291828026352035,20,0,20,0.0,52.0,2.6,0.8,20,1.0,60.318514695930496,12.837834754522694,108.3810566027946,25.51376598419662,0.1368421052631579,0.0,0.0,0,small,0,small_static,1
75672648,0.0429947279279205,20,0,20,0.0,52.0,2.6,1.6248076809271923,20,1.0,60.46221928825582,14.007498173909635,106.31116058238182,24.98441308313748,0.1157894736842105,0.0,0.0,0,small,0,small_static,1
75674654,0.0311555107223721,32,4,28,0.125,88.0,2.75,1.5612494995995996,32,1.0,56.44684087610012,10.495922159717107,114.16238828218894,25.08788053549017,0.1612903225806451,0.0,0.0,0,medium,1,medium_orbital,2
75678738,0.0366704749139486,24,0,24,0.0,60.0,2.5,1.384437310486346,24,1.0,60.79425333924987,11.667261142196695,112.5549945378836,26.12043375967839,0.144927536231884,0.0,0.0,0,small,0,small_static,0
75678884,0.0403358914264185,32,0,32,0.0,64.0,2.0,1.118033988749895,32,1.0,61.03158073972453,9.292058150208158,118.50324814909747,27.3928715600266,0.1693548387096774,0.0,0.0,0,medium,0,medium_static,4
75681966,0.0283680142943649,32,4,28,0.125,80.0,2.5,0.5,32,1.0,55.8946000210985,10.428956811727303,104.89323906088694,24.37480951196106,0.1290322580645161,0.0,0.0,0,medium,1,medium_orbital,2
75682275,0.0475896114603342,24,4,20,0.1666666666666666,76.0,3.1666666666666665,1.2133516482134197,24,1.0,62.48795709578374,10.8717616846915,127.06142286614516,26.95631426912184,0.1304347826086956,0.0,0.0,0,small,1,small_orbital,3
75682823,0.048431641262247,24,4,20,0.1666666666666666,60.0,2.5,0.7637626158259734,24,1.0,59.96085503435076,11.178104476911562,108.26141596393003,25.43762951999983,0.1304347826086956,0.0,0.0,0,small,1,small_orbital,3
75684015,0.0351914113723832,28,0,28,0.0,88.0,3.142857142857143,1.245399698154478,28,1.0,60.77612380794046,11.872309651173,112.04532404680376,26.33305150576395,0.1005291005291005,0.0,0.0,0,medium,0,medium_static,1
75692201,0.0405671152893692,32,0,32,0.0,80.0,2.5,1.0,32,1.0,59.4334853033428,11.15846389992753,110.3991495788872,25.854149443696755,0.1048387096774193,0.0,0.0,0,medium,0,medium_static,4
75693268,0.0391782378735615,28,4,24,0.1428571428571428,88.0,3.142857142857143,1.124858267715973,28,1.0,58.52480918136734,11.314117056170469,119.5851856882313,25.61142036332921,0.1534391534391534,0.0,0.0,0,medium,1,medium_orbital,3
75693368,0.0353914600828465,32,0,32,0.0,80.0,2.5,1.118033988749895,32,1.0,60.063909115739385,9.70205748901495,114.81926801625512,27.03061942626241,0.1290322580645161,0.0,0.0,0,medium,0,medium_static,4
75696094,0.0296341521077854,24,4,20,0.1666666666666666,64.0,2.6666666666666665,1.247219128924647,24,1.0,57.77697012793255,11.362620395641812,111.3163321349322,25.35379204651943,0.144927536231884,0.0,0.0,0,small,1,small_orbital,2
75696709,0.049841863838995,32,4,28,0.125,104.0,3.25,1.6393596310755,32,1.0,59.68447301296628,10.476812161487151,117.72913374490962,26.301314093775215,0.1370967741935483,0.0,0.0,0,medium,1,medium_orbital,3
75697081,0.0433535329126315,32,0,32,0.0,60.0,1.875,0.7806247497997998,32,1.0,60.89249479855931,10.19954694831442,114.28039124178322,26.841437758891747,0.1209677419354838,0.0,0.0,0,medium,0,medium_static,4
75697366,0.0263850021086543,36,8,28,0.2222222222222222,88.0,2.4444444444444446,1.4989708403591155,36,1.0,55.48498373315819,9.457726937541551,110.35091665871752,24.85798283127685,0.1619047619047619,0.0,0.0,0,large,1,large_orbital,2
75697432,0.0277437916106232,28,4,24,0.1428571428571428,56.0,2.0,1.0690449676496976,28,1.0,61.29683537360996,9.959996636103323,113.69209030036762,27.156705878801773,0.164021164021164,0.0,0.0,0,medium,1,medium_orbital,2
75698121,0.0287476287431732,32,0,32,0.0,76.0,2.375,1.3169567191065925,32,1.0,60.471516560805775,10.170683505101549,116.9198314607968,27.274259254724896,0.1532258064516129,0.0,0.0,0,medium,0,medium_static,4
75699482,0.0488571827239252,32,4,28,0.125,64.0,2.0,1.224744871391589,32,1.0,56.05786663320426,10.22937958607914,106.36456354020429,24.71574582916731,0.1612903225806451,0.0,0.0,0,medium,1,medium_orbital,3
75699913,0.0339335809577478,28,4,24,0.1428571428571428,92.0,3.2857142857142856,1.27775312999988,28,1.0,58.01172358429737,10.969381108225129,115.2625777132554,25.225817174261927,0.1428571428571428,0.0,0.0,0,medium,1,medium_orbital,2
75700277,0.0413839134750689,28,4,24,0.1428571428571428,100.0,3.5714285714285716,1.178030178747903,28,1.0,58.03747102276767,10.931198858072737,110.52429514503126,25.60705436975126,0.164021164021164,0.0,0.0,0,medium,1,medium_orbital,3
75701419,0.0359919615840943,36,0,36,0.0,84.0,2.3333333333333335,1.2472191289246473,36,1.0,61.5389210600167,10.757952537783693,124.53440052130335,27.572452587734578,0.1365079365079365,0.0,0.0,0,large,0,large_static,4
75701856,0.0406815337561462,28,0,28,0.0,76.0,2.7142857142857144,1.2777531299998797,28,1.0,60.14948742287435,10.380563692878736,109.58682427586288,26.445908730545767,0.1322751322751322,0.0,0.0,0,medium,0,medium_static,4
75706370,0.0331456636682347,28,0,28,0.0,88.0,3.142857142857143,1.884415136896131,28,1.0,62.70286567973943,10.106565171654934,110.85973245696248,27.400688365605944,0.1111111111111111,0.0,0.0,0,medium,0,medium_static,4
75709643,0.0286926404948545,28,4,24,0.1428571428571428,92.0,3.2857142857142856,1.27775312999988,28,1.0,58.655978746854615,12.071206030521338,111.30985944380431,25.578978736440497,0.1322751322751322,0.0,0.0,0,medium,1,medium_orbital,2
75710307,0.0311878859375056,24,0,24,0.0,100.0,4.166666666666667,0.6871842709362769,24,1.0,60.30056585023805,13.417197899133312,103.45801040030432,25.663781903668912,0.0869565217391304,0.0,0.0,0,small,0,small_static,1
75714286,0.0295733354148955,28,0,28,0.0,40.0,1.4285714285714286,0.7284313590846836,28,1.0,60.19266040621829,10.627991541080709,113.5242894885531,25.721691078794606,0.0899470899470899,0.0,0.0,0,medium,0,medium_static,4
75716279,0.0311157280571892,28,4,24,0.1428571428571428,64.0,2.2857142857142856,0.880630571852711,28,1.0,61.460411761798845,10.214187758260229,124.76328057645438,27.043710234337304,0.1322751322751322,0.0,0.0,0,medium,1,medium_orbital,2
75717722,0.0468550064433895,28,4,24,0.1428571428571428,60.0,2.142857142857143,1.4568627181693672,28,1.0,59.139621072524434,9.463587011674084,115.00968835080371,25.98322884590714,0.1428571428571428,0.0,0.0,0,medium,1,medium_orbital,3
75731565,0.0284488409208236,24,4,20,0.1666666666666666,52.0,2.1666666666666665,0.8975274678557507,24,1.0,59.48225762715229,11.818583542200097,114.9093888295849,25.77859814378672,0.144927536231884,0.0,0.0,0,small,1,small_orbital,2
75733699,0.0349812788747021,36,4,32,0.1111111111111111,92.0,2.5555555555555554,1.2570787221094175,36,1.0,59.92939722520992,10.140919385571976,120.53647814445291,26.58435939841468,0.1174603174603174,0.0,0.0,0,large,1,large_orbital,2
75736695,0.0461359868777612,24,4,20,0.1666666666666666,72.0,3.0,1.4142135623730951,24,1.0,58.28069264439033,10.387550631754673,102.02619168977968,24.730960543953948,0.1159420289855072,0.0,0.0,0,small,1,small_orbital,3
75738228,0.0409559090516589,36,4,32,0.1111111111111111,72.0,2.0,1.0540925533894598,36,1.0,60.36406984322712,10.562559867063811,118.9982430382942,27.00739097989468,0.1301587301587301,0.0,0.0,0,large,1,large_orbital,3
75743036,0.030107797803914,24,0,24,0.0,60.0,2.5,1.8027756377319943,24,1.0,62.896314945785136,12.807377702869449,119.42558763910748,27.01800622727126,0.1014492753623188,0.0,0.0,0,small,0,small_static,1
75749145,0.047010785260064,28,4,24,0.1428571428571428,88.0,3.142857142857143,0.63887656499994,28,1.0,60.631455559713366,11.906513208873983,121.41707826170868,27.416498203166153,0.1851851851851851,0.0,0.0,0,medium,1,medium_orbital,3
75755341,0.0481538363235143,28,0,28,0.0,72.0,2.5714285714285716,1.3997084244475304,28,1.0,60.94362255038192,10.3783231255607,119.9372242906328,27.321897990489255,0.1746031746031746,0.0,0.0,0,medium,0,medium_static,0
75760975,0.033484704317697,28,4,24,0.1428571428571428,84.0,3.0,1.0690449676496976,28,1.0,59.80787095762561,11.714041619808455,114.95478315205985,26.057787703082106,0.1322751322751322,0.0,0.0,0,medium,1,medium_orbital,2
75761040,0.0374812231614292,32,4,28,0.125,88.0,2.75,1.479019945774904,32,1.0,60.0921609753637,10.298306275899892,114.52259941740512,26.465380043362657,0.1370967741935483,0.0,0.0,0,medium,1,medium_orbital,3
75773401,0.0490157169197161,28,0,28,0.0,80.0,2.857142857142857,1.5518257844571737,28,1.0,60.23794634617126,10.316005641469344,123.57597240051768,26.659805283563177,0.1428571428571428,0.0,0.0,0,medium,0,medium_static,0
75776178,0.0321177331927059,32,0,32,0.0,96.0,3.0,1.5811388300841898,32,1.0,61.00974272621586,10.547976763013752,118.1979844254396,27.229894989712257,0.1451612903225806,0.0,0.0,0,medium,0,medium_static,4
75776353,0.0292852052682485,28,0,28,0.0,60.0,2.142857142857143,1.5518257844571737,28,1.0,59.860741293816616,10.21554053340677,120.35391952142932,26.42293015013131,0.1534391534391534,0.0,0.0,0,medium,0,medium_static,4
75777084,0.0388924465525815,36,4,32,0.1111111111111111,96.0,2.6666666666666665,1.4907119849998598,36,1.0,56.65091158706826,9.050689031013455,109.11818405962228,25.092066773889755,0.1492063492063492,0.0,0.0,0,large,1,large_orbital,3
75777398,0.0348349580217551,36,4,32,0.1111111111111111,76.0,2.111111111111111,1.286204100310025,36,1.0,58.25145330947602,10.17439856275132,111.18974025237256,25.986843168978076,0.1492063492063492,0.0,0.0,0,large,1,large_orbital,2
75778169,0.0277202768289523,32,4,28,0.125,100.0,3.125,1.6153559979150107,32,1.0,58.93991874542288,11.819453736546045,120.59207999145828,25.970634531384444,0.1451612903225806,0.0,0.0,0,medium,1,medium_orbital,2
75778542,0.0257266439635184,24,4,20,0.1666666666666666,44.0,1.8333333333333333,1.462494064565354,24,1.0,55.8235671185044,11.973186402132873,104.01105160962568,23.62622190173819,0.1304347826086956,0.0,0.0,0,small,1,small_orbital,2
75778962,0.0396134866334699,32,4,28,0.125,68.0,2.125,0.927024810886958,32,1.0,59.22950455708771,10.566079268766384,113.11383839822588,26.324881982954903,0.1612903225806451,0.0,0.0,0,medium,1,medium_orbital,3
75781174,0.0371518405834003,24,4,20,0.1666666666666666,76.0,3.1666666666666665,0.6871842709362768,24,1.0,65.65893635169003,11.817035192966108,125.58225060200348,28.18924204780211,0.1304347826086956,0.0,0.0,0,small,1,small_orbital,1
75781277,0.0364810968006051,24,0,24,0.0,68.0,2.8333333333333335,1.5723301886761003,24,1.0,59.76519763412514,11.478041629363227,104.64887317076918,25.57398531903952,0.1304347826086956,0.0,0.0,0,small,0,small_static,0
75783574,0.0499487444154899,32,0,32,0.0,80.0,2.5,1.5811388300841898,32,1.0,61.56226797787734,10.749461301571818,122.92026896129852,27.018997166197543,0.1209677419354838,0.0,0.0,0,medium,0,medium_static,4
75783641,0.0279792295252568,36,4,32,0.1111111111111111,116.0,3.2222222222222223,0.7856742013183862,36,1.0,57.00618428957675,10.979028043721591,108.86884511462895,25.23666466313403,0.1301587301587301,0.0,0.0,0,large,1,large_orbital,2
75784201,0.0294226708874802,32,0,32,0.0,84.0,2.625,1.653594569415369,32,1.0,59.57559920191588,11.151802980537251,115.93575952642038,26.463222158908337,0.1290322580645161,0.0,0.0,0,medium,0,medium_static,4
75785726,0.0378658139635284,28,0,28,0.0,60.0,2.142857142857143,1.124858267715973,28,1.0,59.93928093889775,10.24764228845609,114.00633375137718,26.318336046457784,0.1216931216931216,0.0,0.0,0,medium,0,medium_static,4
75787078,0.0470745408684221,36,4,32,0.1111111111111111,76.0,2.111111111111111,1.1967032904743342,36,1.0,60.10959104377701,10.433886357937467,113.17003585107608,26.769165528107045,0.1301587301587301,0.0,0.0,0,large,1,large_orbital,3
75789044,0.0378409528127399,36,4,32,0.1111111111111111,84.0,2.3333333333333335,1.1547005383792517,36,1.0,59.678502485080514,9.104621736753506,120.6421349558962,26.88198948969367,0.1428571428571428,0.0,0.0,0,large,1,large_orbital,3
75791936,0.0282592714088129,24,0,24,0.0,60.0,2.5,1.2583057392117916,24,1.0,59.29467724856399,12.163565080595657,102.3790503268844,25.270282133426477,0.1304347826086956,0.0,0.0,0,small,0,small_static,1
75792704,0.0285521495590592,28,4,24,0.1428571428571428,104.0,3.7142857142857144,1.749635530559413,28,1.0,57.214555421406665,12.652567424869432,104.73328498783336,24.528291804027848,0.1111111111111111,0.0,0.0,0,medium,1,medium_orbital,2
75794847,0.0426299516525143,28,4,24,0.1428571428571428,76.0,2.7142857142857144,1.385051387833237,28,1.0,56.74653104866251,10.141772692914362,106.72721985606417,25.015914042963185,0.164021164021164,0.0,0.0,0,medium,1,medium_orbital,3
75796408,0.0336940541588649,36,4,32,0.1111111111111111,100.0,2.7777777777777777,1.617802197617893,36,1.0,58.51498148389458,9.711646526182095,118.5404237816666,25.7366141392168,0.1111111111111111,0.0,0.0,0,large,1,large_orbital,2
75797343,0.0437921308713731,20,0,20,0.0,56.0,2.8,0.9797958971132712,20,1.0,64.20162118073219,14.343432605472628,111.50401438529012,26.86338440126561,0.0947368421052631,0.0,0.0,0,small,0,small_static,1
75798580,0.030245496102715,32,4,28,0.125,76.0,2.375,1.4086784586980805,32,1.0,56.689027005641144,9.27154243545454,111.98491439419728,25.467689611371767,0.1774193548387097,0.0,0.0,0,medium,1,medium_orbital,2
75798980,0.027005421184116,28,0,28,0.0,76.0,2.7142857142857144,1.749635530559413,28,1.0,63.709983555315574,9.207530023855426,117.98653851832562,29.268474479325857,0.164021164021164,0.0,0.0,0,medium,0,medium_static,0
75800164,0.0306257962565086,24,4,20,0.1666666666666666,60.0,2.5,0.7637626158259734,24,1.0,59.264244335968755,12.757938982865095,109.09040840107076,25.395851030921225,0.144927536231884,0.0,0.0,0,small,1,small_orbital,2
75811302,0.0446502853183066,20,4,16,0.2,56.0,2.8,1.16619037896906,20,1.0,58.306472398590344,12.280136767393484,111.56760493644973,24.337589980745378,0.1578947368421052,0.0,0.0,0,small,1,small_orbital,3
75811319,0.0316897615044206,28,4,24,0.1428571428571428,84.0,3.0,1.3093073414159542,28,1.0,60.66968908967231,10.569922347488902,133.1779281345173,27.04300152145916,0.164021164021164,0.0,0.0,0,medium,1,medium_orbital,2
75811544,0.040686614173725,28,4,24,0.1428571428571428,68.0,2.4285714285714284,1.178030178747903,28,1.0,61.29645578028804,11.11802520533212,127.1510654667392,27.235254820144004,0.164021164021164,0.0,0.0,0,medium,1,medium_orbital,3
75811657,0.0393065968060751,36,0,36,0.0,88.0,2.4444444444444446,1.3425606637327303,36,1.0,58.350553779218146,10.672057079086343,113.28614052237886,26.028671770256985,0.1301587301587301,0.0,0.0,0,large,0,large_static,4
75811794,0.0451071491038821,20,0,20,0.0,52.0,2.6,1.019803902718557,20,1.0,58.14561285957006,11.52810149944411,100.21667177466978,24.494409801359,0.1368421052631579,0.0,0.0,0,small,0,small_static,0
75812685,0.0279010743917945,32,4,28,0.125,68.0,2.125,1.4523687548277813,32,1.0,56.77291025150114,9.227271356081417,110.74827686151056,25.01865611269594,0.1451612903225806,0.0,0.0,0,medium,1,medium_orbital,2
75813131,0.0360874451731186,28,4,24,0.1428571428571428,80.0,2.857142857142857,1.4568627181693672,28,1.0,56.97438154750014,10.85756329242408,114.37794303199269,25.090850626670544,0.1746031746031746,0.0,0.0,0,medium,1,medium_orbital,2
75813241,0.0489734536790423,28,4,24,0.1428571428571428,80.0,2.857142857142857,1.456862718169367,28,1.0,60.870867029740985,10.559564876927814,112.94684715789718,26.21984541798812,0.1322751322751322,0.0,0.0,0,medium,1,medium_orbital,3
75815070,0.0323570721924145,36,4,32,0.1111111111111111,84.0,2.3333333333333335,1.6329931618554518,36,1.0,58.34297932565375,9.090178536884428,115.77517908698832,25.913462666974983,0.1428571428571428,0.0,0.0,0,large,1,large_orbital,2
75815433,0.0398944891993498,20,0,20,0.0,52.0,2.6,1.9595917942265424,20,1.0,61.97061907210467,12.285959342411326,121.91553032327094,27.053230563132217,0.1789473684210526,0.0,0.0,0,small,0,small_static,0
75815465,0.0306502816880286,20,4,16,0.2,48.0,2.4,1.4966629547095769,20,1.0,60.73999115853227,10.5724586401233,110.28218547330016,25.58304974576327,0.1578947368421052,0.0,0.0,0,small,1,small_orbital,2
75816344,0.0298266259554974,32,4,28,0.125,76.0,2.375,1.4086784586980805,32,1.0,55.16519148032173,9.518208597121408,104.74709022447172,24.06966393439009,0.1370967741935483,0.0,0.0,0,medium,1,medium_orbital,2
75816639,0.0336354122870771,24,4,20,0.1666666666666666,68.0,2.8333333333333335,1.0671873729054748,24,1.0,60.075389542293806,12.13916325172558,117.87293093027306,26.564408370637025,0.1739130434782608,0.0,0.0,0,small,1,small_orbital,2
75818582,0.0401557042711368,24,0,24,0.0,56.0,2.3333333333333335,0.7453559924999298,24,1.0,58.53038885843762,11.4145481019472,113.2792787903904,25.667766592119044,0.1594202898550724,0.0,0.0,0,small,0,small_static,0
75820022,0.0491742353196579,36,4,32,0.1111111111111111,100.0,2.7777777777777777,1.0304020550550783,36,1.0,57.93564748610819,9.952498348489224,116.1023105266668,25.622482161650737,0.1301587301587301,0.0,0.0,0,large,1,large_orbital,3
75820420,0.0384187779189285,28,0,28,0.0,68.0,2.4285714285714284,1.4982983545287878,28,1.0,64.24372173580966,10.296303104144895,132.00399983404603,28.540012481575097,0.1428571428571428,0.0,0.0,0,medium,0,medium_static,0
75822007,0.0344659755731857,28,0,28,0.0,88.0,3.142857142857143,0.9897433186107868,28,1.0,60.07814088661448,11.530592149742183,123.89736767185154,26.65844861079912,0.1428571428571428,0.0,0.0,0,medium,0,medium_static,4
75822068,0.0364956562866822,32,4,28,0.125,80.0,2.5,1.118033988749895,32,1.0,58.91418212660849,10.140647504279126,117.69147562600024,26.23381677156721,0.1370967741935483,0.0,0.0,0,medium,1,medium_orbital,2
75823093,0.0414234088195837,36,4,32,0.1111111111111111,92.0,2.5555555555555554,1.6405358955814886,36,1.0,58.671858983023675,10.27743433712802,111.85246494195758,25.954385330584024,0.1365079365079365,0.0,0.0,0,large,1,large_orbital,3
75825240,0.0441102261302742,28,4,24,0.1428571428571428,100.0,3.5714285714285716,1.498298354528788,28,1.0,58.782114671499386,12.408676858502524,115.99268853131632,25.465979090769174,0.1322751322751322,0.0,0.0,0,medium,1,medium_orbital,3
75825491,0.0427193126073511,32,4,28,0.125,88.0,2.75,1.3919410907075054,32,1.0,60.8865946987752,9.806262440763758,114.50309244641876,27.075034927699615,0.1370967741935483,0.0,0.0,0,medium,1,medium_orbital,3
75826365,0.0378308181330272,32,4,28,0.125,88.0,2.75,1.7853571071357126,32,1.0,57.37668040749885,9.680871933861738,112.9780251193566,25.493514877487083,0.1532258064516129,0.0,0.0,0,medium,1,medium_orbital,3
75826720,0.0449795280178803,32,4,28,0.125,96.0,3.0,1.4142135623730951,32,1.0,58.39078495511258,10.948018739164434,114.19528563822746,25.585311040747538,0.1290322580645161,0.0,0.0,0,medium,1,medium_orbital,3
75827029,0.0469225490915093,20,0,20,0.0,44.0,2.2,1.16619037896906,20,1.0,63.319933080615414,14.271321186839971,118.56312437333874,26.33003556738465,0.0947368421052631,0.0,0.0,0,small,0,small_static,1
75827649,0.0322070920798445,32,4,28,0.125,76.0,2.375,1.5761900266148114,32,1.0,57.25966524704691,10.306278776985666,117.57684052301276,25.593191922922767,0.1693548387096774,0.0,0.0,0,medium,1,medium_orbital,2
75828924,0.0257977066764325,28,0,28,0.0,112.0,4.0,1.3093073414159542,28,1.0,60.92623677811896,11.134437793733712,117.25107808293912,26.916981497749227,0.1534391534391534,0.0,0.0,0,medium,0,medium_static,4
75829171,0.0441143088027947,28,4,24,0.1428571428571428,68.0,2.4285714285714284,1.049781318335648,28,1.0,58.38108221050732,12.197011168344131,108.94932984558376,24.98789530498893,0.1216931216931216,0.0,0.0,0,medium,1,medium_orbital,3
75835292,0.0306786134925842,32,4,28,0.125,76.0,2.375,1.653594569415369,32,1.0,58.73288296888859,9.190558734025032,115.1686946119051,26.026939891241895,0.1370967741935483,0.0,0.0,0,medium,1,medium_orbital,2
75836803,0.0341132564729496,32,4,28,0.125,64.0,2.0,0.8660254037844386,32,1.0,55.70098655668184,9.78410022791378,115.31888153501956,24.98843563622745,0.1693548387096774,0.0,0.0,0,medium,1,medium_orbital,2
75837587,0.0289877510574105,28,4,24,0.1428571428571428,76.0,2.7142857142857144,1.4846149779161804,28,1.0,54.57651035336675,10.602428985336765,110.43834500640112,23.798723517601164,0.164021164021164,0.0,0.0,0,medium,1,medium_orbital,2
75837588,0.0453777347781928,32,4,28,0.125,84.0,2.625,1.3169567191065925,32,1.0,57.381699152083534,9.816606339396854,107.8407016133728,25.52323603188185,0.1532258064516129,0.0,0.0,0,medium,1,medium_orbital,3
75838010,0.0254359381311397,24,4,20,0.1666666666666666,72.0,3.0,1.7320508075688772,24,1.0,59.42311649126264,11.690328661715563,102.61145582341948,25.30741099375576,0.1304347826086956,0.0,0.0,0,small,1,small_orbital,2
75840329,0.0489903229181722,24,0,24,0.0,60.0,2.5,1.2583057392117916,24,1.0,61.926916105658584,11.46654181285942,118.20378714955714,26.58492746866834,0.144927536231884,0.0,0.0,0,small,0,small_static,0
75840368,0.0373428577542149,28,0,28,0.0,72.0,2.5714285714285716,1.840585532389304,28,1.0,63.69526555701741,11.39188958734334,121.817464466973,27.909630305332943,0.1005291005291005,0.0,0.0,0,medium,0,medium_static,1
75843788,0.0496481966171956,32,0,32,0.0,108.0,3.375,1.4947825928876748,32,1.0,60.19355938138959,10.78308106450888,117.60329205218292,26.79249861690258,0.1290322580645161,0.0,0.0,0,medium,0,medium_static,4
75843963,0.0499036147975828,36,4,32,0.1111111111111111,120.0,3.3333333333333335,1.7638342073763935,36,1.0,60.75492530404756,10.780722769946808,128.28747149144678,27.084660211661458,0.1492063492063492,0.0,0.0,0,large,1,large_orbital,3
75845040,0.0269192050567462,24,0,24,0.0,56.0,2.3333333333333335,1.3743685418725535,24,1.0,65.6859214930654,11.503985890051142,131.14574949522074,28.26923045976306,0.1304347826086956,0.0,0.0,0,small,0,small_static,1
75845161,0.0303850437502604,32,4,28,0.125,88.0,2.75,1.1989578808281798,32,1.0,62.486964224044534,10.575412079323302,125.13609497936258,27.8165990273844,0.1370967741935483,0.0,0.0,0,medium,1,medium_orbital,2
75845337,0.0274772944990098,32,4,28,0.125,68.0,2.125,1.2686114456365274,32,1.0,58.725717176987864,10.597085637806066,116.11519611239817,25.99357910685853,0.1451612903225806,0.0,0.0,0,medium,1,medium_orbital,2
75845704,0.0372546238390535,36,4,32,0.1111111111111111,64.0,1.7777777777777777,1.030402055055078,36,1.0,60.28097368854696,9.838474538049836,120.07457942455922,26.86468243327944,0.1301587301587301,0.0,0.0,0,large,1,large_orbital,3
75847145,0.0338667689836126,36,4,32,0.1111111111111111,96.0,2.6666666666666665,1.414213562373095,36,1.0,56.84589223404468,9.546429321996175,113.34104781056976,25.67869539712416,0.1555555555555555,0.0,0.0,0,large,1,large_orbital,2
75848499,0.0368110919602702,28,4,24,0.1428571428571428,64.0,2.2857142857142856,1.2777531299998797,28,1.0,59.5560396224413,11.387165414716922,116.45054974817636,26.029256001013337,0.1322751322751322,0.0,0.0,0,medium,1,medium_orbital,2
75850159,0.0293731914610375,24,0,24,0.0,72.0,3.0,1.2909944487358056,24,1.0,62.271175358211096,10.324200603306986,117.02819717122055,27.468442821960505,0.1159420289855072,0.0,0.0,0,small,0,small_static,4
75850258,0.0316928696239543,36,4,32,0.1111111111111111,72.0,2.0,1.247219128924647,36,1.0,59.44534687862176,9.935631537172576,113.95564509391866,26.42604914251834,0.1301587301587301,0.0,0.0,0,large,1,large_orbital,2
75850508,0.0330844787640145,24,0,24,0.0,92.0,3.8333333333333335,0.8975274678557507,24,1.0,59.35601976066441,12.272310822874488,101.99386499390812,25.20911850776313,0.1159420289855072,0.0,0.0,0,small,0,small_static,1
75851051,0.0307691305103951,28,0,28,0.0,68.0,2.4285714285714284,1.2936264483053452,28,1.0,61.21403845368628,9.703278056039585,117.73131408028118,26.640022498968385,0.1216931216931216,0.0,0.0,0,medium,0,medium_static,4
75851214,0.0251567180259111,24,0,24,0.0,44.0,1.8333333333333333,0.6871842709362769,24,1.0,63.54980026534732,11.251638111623809,114.07416708705144,27.258230536727613,0.1014492753623188,0.0,0.0,0,small,0,small_static,1
75851849,0.0447651098906689,32,4,28,0.125,108.0,3.375,1.2183492931011204,32,1.0,60.93500265720219,11.493697141252897,129.34198556291236,27.18828218191813,0.1290322580645161,0.0,0.0,0,medium,1,medium_orbital,3
75852143,0.0369013187516028,28,4,24,0.1428571428571428,92.0,3.2857142857142856,1.5779087167410373,28,1.0,56.5519967557382,12.912730549698402,108.70174102638792,24.545540716804815,0.1322751322751322,0.0,0.0,0,medium,1,medium_orbital,2
75852471,0.0441982719948603,24,0,24,0.0,80.0,3.3333333333333335,1.4907119849998598,24,1.0,60.68556909044516,11.366742772424374,118.45883035162666,26.317564975635428,0.1159420289855072,0.0,0.0,0,small,0,small_static,1
75853717,0.0472341594047029,28,4,24,0.1428571428571428,76.0,2.7142857142857144,1.2777531299998797,28,1.0,60.320901021679646,11.563916092933058,120.7564877735641,26.738974808285366,0.1534391534391534,0.0,0.0,0,medium,1,medium_orbital,3
75853843,0.0491931969459141,28,4,24,0.1428571428571428,80.0,2.857142857142857,1.2453996981544784,28,1.0,57.63018382203064,11.0887652484139,106.15132742475198,24.91444053480176,0.1322751322751322,0.0,0.0,0,medium,1,medium_orbital,3
75854043,0.0303430316231553,28,4,24,0.1428571428571428,92.0,3.2857142857142856,1.7496355305594131,28,1.0,59.40766007376491,9.909402791299271,110.16639819812156,26.27097812610521,0.164021164021164,0.0,0.0,0,medium,1,medium_orbital,2
75854436,0.0458050750946945,20,4,16,0.2,64.0,3.2,0.7483314773547882,20,1.0,58.12355792151159,11.77147649446959,107.54433118692458,24.05542528331512,0.1157894736842105,0.0,0.0,0,small,1,small_orbital,3
75854766,0.0355222130298273,32,0,32,0.0,88.0,2.75,1.0897247358851685,32,1.0,61.150363927978894,10.59234106846332,126.01427698308056,27.200380829935085,0.1048387096774193,0.0,0.0,0,medium,0,medium_static,4
75854976,0.0264428053112726,28,4,24,0.1428571428571428,60.0,2.142857142857143,0.9897433186107872,28,1.0,55.42276413844191,10.831751562235286,108.33249617668632,24.574373275658814,0.1746031746031746,0.0,0.0,0,medium,1,medium_orbital,2
75855112,0.0396466554973669,20,4,16,0.2,44.0,2.2,0.7483314773547883,20,1.0,58.81866134828323,11.667978856434472,108.09525942665428,24.568712296273834,0.1578947368421052,0.0,0.0,0,small,1,small_orbital,3
75855494,0.0461258110398343,36,4,32,0.1111111111111111,104.0,2.888888888888889,1.5234788000891208,36,1.0,59.760386819474256,10.417966712056636,121.92475673968416,27.147812924930545,0.1746031746031746,0.0,0.0,0,large,1,large_orbital,3
75856083,0.0331346790408681,32,0,32,0.0,68.0,2.125,0.927024810886958,32,1.0,61.68747192922387,9.800951740481588,120.28427291244468,27.896888391897765,0.1370967741935483,0.0,0.0,0,medium,0,medium_static,4
75856289,0.0389432580413569,36,4,32,0.1111111111111111,84.0,2.3333333333333335,1.1547005383792517,36,1.0,58.705983127943064,10.829572863525764,119.44173985480998,26.196308634646392,0.1111111111111111,0.0,0.0,0,large,1,large_orbital,3
75856880,0.0434209185744049,32,4,28,0.125,60.0,1.875,0.927024810886958,32,1.0,58.16249314310773,11.45030975886087,113.44178331566576,25.772704623910137,0.1451612903225806,0.0,0.0,0,medium,1,medium_orbital,3
75858039,0.0343569124490554,32,0,32,0.0,60.0,1.875,1.2686114456365274,32,1.0,61.728856201245975,9.706976879022854,118.18984819607668,27.245272207388943,0.1290322580645161,0.0,0.0,0,medium,0,medium_static,4
75859612,0.0367290034102334,20,0,20,0.0,56.0,2.8,1.16619037896906,20,1.0,64.13239630786843,14.789686429757696,111.46223999364408,26.377357919309848,0.0736842105263157,0.0,0.0,0,small,0,small_static,1
75862353,0.0408442197304073,24,0,24,0.0,68.0,2.8333333333333335,1.3437096247164249,24,1.0,61.48767283916997,11.170076065731893,114.0524309499169,26.725652399380195,0.1304347826086956,0.0,0.0,0,small,0,small_static,0
75862477,0.026935090662785,28,4,24,0.1428571428571428,52.0,1.8571428571428572,0.989743318610787,28,1.0,58.730041817310095,10.075363463234083,109.85443409034517,26.007337245135385,0.164021164021164,0.0,0.0,0,medium,1,medium_orbital,2
75862678,0.0423989903238068,28,0,28,0.0,96.0,3.4285714285714284,1.3997084244475304,28,1.0,61.526223777354616,12.51859446171649,112.78466180993604,26.566503337428475,0.1111111111111111,0.0,0.0,0,medium,0,medium_static,1
75863121,0.0481378949800432,32,4,28,0.125,100.0,3.125,1.5360257159305637,32,1.0,58.606725104261265,11.996755276096936,112.14415952733616,25.58823308270089,0.1290322580645161,0.0,0.0,0,medium,1,medium_orbital,3
75863142,0.0256505453465774,20,0,20,0.0,64.0,3.2,1.32664991614216,20,1.0,62.58878933021297,11.289200853659857,114.30321375222944,26.381867015561113,0.1368421052631579,0.0,0.0,0,small,0,small_static,0
75864159,0.0459690020069399,36,4,32,0.1111111111111111,76.0,2.111111111111111,1.594744454934147,36,1.0,60.82196765252724,9.999266307401529,130.04774226750837,27.57114603481321,0.1619047619047619,0.0,0.0,0,large,1,large_orbital,3
75864891,0.0325046492087925,24,0,24,0.0,76.0,3.1666666666666665,1.3437096247164249,24,1.0,61.300010432356274,10.529581614803972,111.4813440090367,26.43917003276964,0.1159420289855072,0.0,0.0,0,small,0,small_static,4
75864911,0.0347368114121071,24,4,20,0.1666666666666666,60.0,2.5,1.5,24,1.0,63.97498585302034,12.83039189468576,121.2490184099394,27.2695841580029,0.1159420289855072,0.0,0.0,0,small,1,small_orbital,1
75865456,0.033871186349782,32,4,28,0.125,68.0,2.125,1.2686114456365274,32,1.0,59.12009301032109,9.771227515063558,119.35992004515415,26.50090462381784,0.1693548387096774,0.0,0.0,0,medium,1,medium_orbital,2
75866275,0.0352674589920755,36,0,36,0.0,68.0,1.8888888888888888,1.2862041003100253,36,1.0,57.80698547540965,9.140041082068205,122.10164580569352,26.189249794961952,0.1428571428571428,0.0,0.0,0,large,0,large_static,4
75867151,0.0268632548793595,24,0,24,0.0,68.0,2.8333333333333335,1.3437096247164249,24,1.0,58.28240755202713,13.15142676476463,98.52512278855608,24.73784684536526,0.1014492753623188,0.0,0.0,0,small,0,small_static,1
75870117,0.0267439745794227,20,0,20,0.0,52.0,2.6,1.3564659966250538,20,1.0,59.53242358723605,11.077643484410013,104.1793098132385,26.06621350152216,0.1789473684210526,0.0,0.0,0,small,0,small_static,0
75872623,0.0250942223686483,32,4,28,0.125,100.0,3.125,1.5360257159305637,32,1.0,59.52068993285585,12.244518291367882,119.79987541826765,26.07824255088727,0.1290322580645161,0.0,0.0,0,medium,1,medium_orbital,2
75874543,0.0349146429437651,36,4,32,0.1111111111111111,100.0,2.7777777777777777,1.0304020550550783,36,1.0,59.84567183293912,10.581140364842229,122.2429973682069,27.146324176519727,0.1492063492063492,0.0,0.0,0,large,1,large_orbital,2
75875734,0.0440549954172591,36,4,32,0.1111111111111111,76.0,2.111111111111111,1.4487116456005888,36,1.0,62.42129454940272,9.02792801060254,123.09871223349283,28.306032359295333,0.1682539682539682,0.0,0.0,0,large,1,large_orbital,3
75877534,0.0396512215769466,24,0,24,0.0,84.0,3.5,1.5,24,1.0,59.896532942958785,11.871995831240088,102.8357271442466,25.53839284746929,0.1159420289855072,0.0,0.0,0,small,0,small_static,1
75878390,0.0259309625406193,28,0,28,0.0,88.0,3.142857142857143,1.355261854357877,28,1.0,59.50321482489636,11.215516774562207,113.83188614441676,26.236599174017197,0.1428571428571428,0.0,0.0,0,medium,0,medium_static,4
75880085,0.0252570433082692,32,4,28,0.125,104.0,3.25,1.5612494995995996,32,1.0,60.85171216476853,11.866826345355795,124.75557069699948,27.037675060046716,0.1451612903225806,0.0,0.0,0,medium,1,medium_orbital,2
75882192,0.0472412528375227,28,4,24,0.1428571428571428,80.0,2.857142857142857,1.6413036132965797,28,1.0,58.310268317349795,10.204992504616014,115.77990512129108,26.07616700223206,0.1851851851851851,0.0,0.0,0,medium,1,medium_orbital,3
75886361,0.0279723576233046,24,0,24,0.0,104.0,4.333333333333333,1.4907119849998596,24,1.0,60.03230053965831,12.359989769598096,113.80759145451935,25.824679266565536,0.1304347826086956,0.0,0.0,0,small,0,small_static,1
75888085,0.0449419106857129,32,0,32,0.0,80.0,2.5,1.224744871391589,32,1.0,61.118811403216846,10.217248185453546,121.4178474530322,27.2933872240879,0.1370967741935483,0.0,0.0,0,medium,0,medium_static,4
75888091,0.0266744255850406,28,4,24,0.1428571428571428,76.0,2.7142857142857144,1.4846149779161804,28,1.0,58.84175484802399,10.703821693377376,114.7782867578449,25.30252786316845,0.1216931216931216,0.0,0.0,0,medium,1,medium_orbital,2
75888282,0.030093883188953,32,4,28,0.125,84.0,2.625,1.4947825928876748,32,1.0,57.909037974909936,9.342748388406172,112.7166795468446,25.844075739869783,0.1532258064516129,0.0,0.0,0,medium,1,medium_orbital,2
75890927,0.0394139877012132,24,0,24,0.0,52.0,2.1666666666666665,1.4624940645653537,24,1.0,57.92393978997529,11.335927146119708,104.36380962967743,25.312656145831134,0.1594202898550724,0.0,0.0,0,small,0,small_static,0
75890977,0.0416223080121204,28,4,24,0.1428571428571428,68.0,2.4285714285714284,1.0497813183356477,28,1.0,58.43910898350526,9.899804718403985,119.8855933085799,26.12358806847348,0.1746031746031746,0.0,0.0,0,medium,1,medium_orbital,3
75890978,0.0282386168102138,24,0,24,0.0,56.0,2.3333333333333335,1.4907119849998598,24,1.0,61.82926259797616,10.685467868116842,111.65275639566217,27.042888920957065,0.1304347826086956,0.0,0.0,0,small,0,small_static,4
75891081,0.028615663175445,24,0,24,0.0,76.0,3.1666666666666665,1.674979270186815,24,1.0,60.241868017749795,10.104484031540212,108.46791141634766,26.15000085257374,0.1304347826086956,0.0,0.0,0,small,0,small_static,4
75891671,0.0402358168123233,20,4,16,0.2,56.0,2.8,1.6,20,1.0,62.234322360135295,14.705935715975338,120.98154811205023,26.17411541239401,0.1368421052631579,0.0,0.0,0,small,1,small_orbital,1
75891694,0.0291798732147483,24,0,24,0.0,68.0,2.8333333333333335,1.5723301886761003,24,1.0,60.77055792700591,11.666652102589932,109.3620954083464,25.747310734840152,0.1159420289855072,0.0,0.0,0,small,0,small_static,1
75892238,0.0270162334185308,32,4,28,0.125,80.0,2.5,1.0,32,1.0,59.98719229138213,9.595147471082267,117.88012435820372,27.086957961777,0.1532258064516129,0.0,0.0,0,medium,1,medium_orbital,2
75892635,0.0358660764799994,36,0,36,0.0,76.0,2.111111111111111,1.3698697784375504,36,1.0,61.4336579502062,9.669414814102868,121.85649867435288,28.09585632104057,0.1428571428571428,0.0,0.0,0,large,0,large_static,4
75895003,0.0441109637269172,32,0,32,0.0,64.0,2.0,1.0,32,1.0,58.98306466778188,9.799389059652611,121.55228797104164,26.5531805642704,0.1451612903225806,0.0,0.0,0,medium,0,medium_static,4
75896280,0.0298974482108284,36,0,36,0.0,88.0,2.4444444444444446,1.571348402636772,36,1.0,62.33843291414835,10.068162477671663,122.22486229488968,28.331442740741984,0.1492063492063492,0.0,0.0,0,large,0,large_static,4
75896918,0.0409731500756238,20,0,20,0.0,60.0,3.0,1.2649110640673518,20,1.0,66.2937702148396,12.89762596182435,118.19511302132388,28.116267831076627,0.1157894736842105,0.0,0.0,0,small,0,small_static,1
75897382,0.0458766465373177,20,0,20,0.0,56.0,2.8,1.32664991614216,20,1.0,66.33794755546631,13.84250255878809,121.8868960552844,27.82673847083849,0.1157894736842105,0.0,0.0,0,small,0,small_static,1
75898362,0.0371812836295423,32,4,28,0.125,76.0,2.375,1.3169567191065925,32,1.0,59.24267938920322,10.635271405678466,116.6235789934265,26.35751741317577,0.1451612903225806,0.0,0.0,0,medium,1,medium_orbital,3
75898624,0.0373953669533781,32,0,32,0.0,88.0,2.75,1.6393596310755,32,1.0,58.96508321200908,9.283238553820883,110.45908843024728,26.73965981207769,0.1612903225806451,0.0,0.0,0,medium,0,medium_static,4
75899584,0.0306211272535295,20,0,20,0.0,40.0,2.0,1.5491933384829668,20,1.0,62.53747342119468,11.23906738171757,101.22054555145762,26.12779539682481,0.1157894736842105,0.0,0.0,0,small,0,small_static,1
75899927,0.0305558090669628,36,4,32,0.1111111111111111,76.0,2.111111111111111,1.286204100310025,36,1.0,57.66517281853213,9.383173427377256,106.2384031667698,25.98859074243392,0.1492063492063492,0.0,0.0,0,large,1,large_orbital,2
75900177,0.0404458095744687,32,0,32,0.0,100.0,3.125,1.6153559979150107,32,1.0,60.54153468922301,10.427453606855057,123.19297733568504,27.19342615373695,0.1451612903225806,0.0,0.0,0,medium,0,medium_static,4
75900368,0.0406473033620439,32,0,32,0.0,80.0,2.5,1.4142135623730951,32,1.0,59.6108199304481,9.826970735284316,118.97671234861164,26.324872601301298,0.1209677419354838,0.0,0.0,0,medium,0,medium_static,4
75902356,0.02973041057032,24,0,24,0.0,60.0,2.5,1.118033988749895,24,1.0,62.90662152684949,10.392618353304648,120.10039024165803,27.284583139008785,0.144927536231884,0.0,0.0,0,small,0,small_static,0
75902962,0.0326315206426844,24,0,24,0.0,84.0,3.5,1.384437310486346,24,1.0,64.73729676222275,11.712502131358022,119.56683194279374,29.110022898105463,0.1594202898550724,0.0,0.0,0,small,0,small_static,0
75904310,0.0255718086864884,32,0,32,0.0,56.0,1.75,1.299038105676658,32,1.0,61.83664520758263,10.20544456959286,121.4670978772936,27.351757849752858,0.1290322580645161,0.0,0.0,0,medium,0,medium_static,4
75905571,0.0441616951394894,20,0,20,0.0,52.0,2.6,1.6248076809271923,20,1.0,60.51965040233975,17.56399225015662,113.67307755018844,24.9165616727286,0.0947368421052631,0.0,0.0,0,small,0,small_static,1
75905839,0.0380784624454178,36,4,32,0.1111111111111111,68.0,1.8888888888888888,1.1967032904743342,36,1.0,61.726758502016075,9.089380189309315,123.34256576292066,28.484688653635505,0.1746031746031746,0.0,0.0,0,large,1,large_orbital,3
75907512,0.0486116114461903,24,0,24,0.0,64.0,2.6666666666666665,1.3743685418725535,24,1.0,60.307391519147856,11.47121953544382,124.22265621028608,26.72081894042,0.1594202898550724,0.0,0.0,0,small,0,small_static,0
75908481,0.0419129504483462,28,0,28,0.0,76.0,2.7142857142857144,1.749635530559413,28,1.0,59.06094492666301,10.90896182455039,117.14275199553138,25.49730737733545,0.1111111111111111,0.0,0.0,0,medium,0,medium_static,4
75908621,0.0263798593354167,24,0,24,0.0,60.0,2.5,1.5,24,1.0,61.85735463202779,11.592120733335214,116.81235019679248,26.688868224133525,0.1304347826086956,0.0,0.0,0,small,0,small_static,1
75909283,0.0431531556878485,32,0,32,0.0,80.0,2.5,1.6583123951777,32,1.0,61.47955749860253,9.503157496427486,126.10253133811018,27.36717789491563,0.1370967741935483,0.0,0.0,0,medium,0,medium_static,4
75909571,0.0265621335509747,36,0,36,0.0,104.0,2.888888888888889,1.1967032904743342,36,1.0,59.764661669864466,10.52402864114678,112.46813769049812,26.34460701055942,0.1174603174603174,0.0,0.0,0,large,0,large_static,4
75909889,0.0436408243034362,32,0,32,0.0,72.0,2.25,1.6393596310755,32,1.0,60.609815519691466,9.289163577137757,120.3684034253762,26.79354184674775,0.1290322580645161,0.0,0.0,0,medium,0,medium_static,4
75910069,0.039867011535515,20,0,20,0.0,60.0,3.0,1.4142135623730951,20,1.0,63.89851952177805,11.67656432122772,112.99621067553385,26.91876238052414,0.1368421052631579,0.0,0.0,0,small,0,small_static,0
75910097,0.0410724493095511,24,0,24,0.0,56.0,2.3333333333333335,1.1055415967851334,24,1.0,62.91229210934785,11.281016659161462,118.3333037549486,27.13834462991077,0.1159420289855072,0.0,0.0,0,small,0,small_static,1
75910559,0.0471509615715238,28,0,28,0.0,104.0,3.7142857142857144,1.577908716741037,28,1.0,62.036833249582045,11.6295535605226,119.82791693098298,27.20697515819047,0.1322751322751322,0.0,0.0,0,medium,0,medium_static,0
75911154,0.0448980362280005,32,4,28,0.125,112.0,3.5,1.5811388300841898,32,1.0,60.57306936121368,10.624821816823324,127.92767173206144,27.15077600839364,0.1612903225806451,0.0,0.0,0,medium,1,medium_orbital,3
75911542,0.0330097797354251,28,4,24,0.1428571428571428,56.0,2.0,1.0690449676496976,28,1.0,59.724023627702806,11.121017708695032,119.73912750628554,26.407319204092172,0.1428571428571428,0.0,0.0,0,medium,1,medium_orbital,2
75911938,0.0461424722054716,24,0,24,0.0,64.0,2.6666666666666665,1.3743685418725535,24,1.0,58.89480991420539,11.571178800166816,110.44086486772328,25.167660554568144,0.1304347826086956,0.0,0.0,0,small,0,small_static,0
75912766,0.0322617468793758,20,0,20,0.0,48.0,2.4,0.4898979485566356,20,1.0,65.70776490734353,11.059726468225977,115.2296501037693,27.667573996536515,0.1368421052631579,0.0,0.0,0,small,0,small_static,0
75914931,0.0487398380846198,24,0,24,0.0,68.0,2.8333333333333335,1.4624940645653537,24,1.0,61.722437878927096,12.620730613856958,113.14385012652912,26.21266815284828,0.1014492753623188,0.0,0.0,0,small,0,small_static,1
75915235,0.0389251940782451,24,4,20,0.1666666666666666,56.0,2.3333333333333335,1.3743685418725535,24,1.0,56.99636449913511,10.4521665467348,109.41995484272086,24.676459972472635,0.1739130434782608,0.0,0.0,0,small,1,small_orbital,3
75918336,0.0288521793084558,24,0,24,0.0,52.0,2.1666666666666665,1.0671873729054748,24,1.0,63.367087178685,9.780735039640728,114.04862538652846,27.713661292312388,0.1739130434782608,0.0,0.0,0,small,0,small_static,0
75920012,0.039045119645693,24,0,24,0.0,72.0,3.0,1.0,24,1.0,60.05626686036719,11.991951291617772,104.80653584826186,25.396209852480332,0.1159420289855072,0.0,0.0,0,small,0,small_static,1
75920471,0.0405281398995636,32,4,28,0.125,72.0,2.25,1.299038105676658,32,1.0,60.177567445870615,11.457382200246752,119.95782912036118,26.8558014742788,0.1532258064516129,0.0,0.0,0,medium,1,medium_orbital,3
75921008,0.0332895390405456,24,4,20,0.1666666666666666,88.0,3.6666666666666665,1.247219128924647,24,1.0,60.070494628127456,11.88374720000867,107.8279519443472,25.455496723633516,0.1304347826086956,0.0,0.0,0,small,1,small_orbital,2
75921657,0.0340101124196496,36,4,32,0.1111111111111111,64.0,1.7777777777777777,0.9162456945817022,36,1.0,57.64514887696328,9.82226459315106,105.47341846187732,25.564246335024148,0.1492063492063492,0.0,0.0,0,large,1,large_orbital,2
75921661,0.0400731714216605,36,4,32,0.1111111111111111,72.0,2.0,1.4142135623730951,36,1.0,58.25103867482085,10.52567310798033,126.2971358612833,26.542025147452865,0.1428571428571428,0.0,0.0,0,large,1,large_orbital,3
75921861,0.0335671687993737,32,4,28,0.125,92.0,2.875,1.3635890143294642,32,1.0,58.55656088037095,9.905242753357507,116.6980807127436,25.793351707290437,0.1451612903225806,0.0,0.0,0,medium,1,medium_orbital,2
75923421,0.0277337490721046,32,0,32,0.0,72.0,2.25,1.479019945774904,32,1.0,58.210232272808135,9.80821153734739,115.17241886037024,26.15094111174723,0.1451612903225806,0.0,0.0,0,medium,0,medium_static,4
75923998,0.0278212918078186,28,4,24,0.1428571428571428,68.0,2.4285714285714284,1.1780301787479028,28,1.0,59.784925610642254,12.030592764604265,116.02033327000882,25.999222085876657,0.1322751322751322,0.0,0.0,0,medium,1,medium_orbital,2
75924157,0.0356768462868514,24,0,24,0.0,60.0,2.5,1.384437310486346,24,1.0,63.52105122317234,10.209717193301165,118.37343398702184,27.820810400915946,0.144927536231884,0.0,0.0,0,small,0,small_static,0
75924167,0.0399893431570071,24,0,24,0.0,60.0,2.5,1.6072751268321592,24,1.0,58.523215278910534,11.256577271179838,112.69486851110702,25.68661163593208,0.1304347826086956,0.0,0.0,0,small,0,small_static,4
75924823,0.0368670350458929,28,4,24,0.1428571428571428,96.0,3.4285714285714284,1.3997084244475304,28,1.0,56.65960010050269,11.109020586362684,107.00695079954085,24.42813395107861,0.1322751322751322,0.0,0.0,0,medium,1,medium_orbital,2
75925168,0.0388904390869052,28,4,24,0.1428571428571428,64.0,2.2857142857142856,1.577908716741037,28,1.0,59.65532131510507,11.279198962893751,105.37983743428556,26.199384931395407,0.1216931216931216,0.0,0.0,0,medium,1,medium_orbital,3
75926154,0.0355613643096997,32,0,32,0.0,100.0,3.125,1.6153559979150107,32,1.0,62.63176647922474,10.188847930044698,127.71890026233704,28.32065402310985,0.1612903225806451,0.0,0.0,0,medium,0,medium_static,4
75927019,0.0423139108507115,20,4,16,0.2,76.0,3.8,1.1661903789690602,20,1.0,62.797140645803005,13.13656234518254,116.84000416321462,26.516018130337763,0.1578947368421052,0.0,0.0,0,small,1,small_orbital,0
75927245,0.0404160817792253,24,0,24,0.0,64.0,2.6666666666666665,1.699673171197595,24,1.0,65.41673568663654,9.049476165685295,117.67995874261622,28.716214983709552,0.1304347826086956,0.0,0.0,0,small,0,small_static,0
75927335,0.0344577105617076,40,4,36,0.1,108.0,2.7,1.3453624047073711,40,1.0,60.17153534000103,10.597420119669248,130.62910717067462,27.143115451775685,0.1538461538461538,0.0,0.0,0,large,1,large_orbital,2
75927373,0.0268284271781636,28,4,24,0.1428571428571428,84.0,3.0,1.5118578920369088,28,1.0,58.15750023935426,10.7908163749064,112.7661880184576,25.90101350239501,0.1746031746031746,0.0,0.0,0,medium,1,medium_orbital,2
75927389,0.0340758916387015,28,4,24,0.1428571428571428,68.0,2.4285714285714284,1.178030178747903,28,1.0,60.420927750455625,10.994096096242052,105.14634981371836,26.042707754663983,0.1322751322751322,0.0,0.0,0,medium,1,medium_orbital,2
75927660,0.0371130669498612,28,0,28,0.0,64.0,2.2857142857142856,1.0301575072754257,28,1.0,58.33146343015935,12.48921554037968,109.5109393965252,25.284374622737253,0.1111111111111111,0.0,0.0,0,medium,0,medium_static,1
75927875,0.0421564464344065,28,0,28,0.0,92.0,3.2857142857142856,1.9794866372215745,28,1.0,62.03680120241812,11.370191654880118,120.58464887963848,27.241367159946684,0.1428571428571428,0.0,0.0,0,medium,0,medium_static,0
75928348,0.0390476324743457,40,0,40,0.0,88.0,2.2,1.5362291495737217,40,1.0,62.766789455634495,9.799912601022768,128.0331132747781,28.151611130002586,0.1076923076923077,0.0,0.0,0,large,0,large_static,4
75928517,0.0413753828459514,32,4,28,0.125,76.0,2.375,1.4086784586980805,32,1.0,56.175892133916285,10.591768492107382,107.22889545070365,24.558897751988574,0.1209677419354838,0.0,0.0,0,medium,1,medium_orbital,3
75928760,0.0270070222894447,32,4,28,0.125,72.0,2.25,1.3919410907075054,32,1.0,61.38321127119139,10.3183860491445,121.13718112886384,27.238955996175985,0.1209677419354838,0.0,0.0,0,medium,1,medium_orbital,2
75929958,0.0372978544982766,36,4,32,0.1111111111111111,60.0,1.6666666666666667,0.6666666666666666,36,1.0,60.47624869834993,10.045467667750303,116.31142109006603,26.94177467022423,0.1301587301587301,0.0,0.0,0,large,1,large_orbital,3
75930440,0.0437720098281646,24,0,24,0.0,76.0,3.1666666666666665,1.4624940645653537,24,1.0,63.616377015033095,11.556904702698963,125.020499986043,28.103172984168314,0.1594202898550724,0.0,0.0,0,small,0,small_static,0
75930516,0.0328239814027433,28,4,24,0.1428571428571428,68.0,2.4285714285714284,1.4982983545287878,28,1.0,64.12655022622718,10.10911848535052,126.52292181204938,28.157387632120468,0.1216931216931216,0.0,0.0,0,medium,1,medium_orbital,4
75930627,0.0353842204899436,20,0,20,0.0,40.0,2.0,1.095445115010332,20,1.0,66.02698559107681,10.59649595527477,112.05832150955092,29.208428420720697,0.1789473684210526,0.0,0.0,0,small,0,small_static,0
75930684,0.0424435534891841,32,4,28,0.125,76.0,2.375,0.9921567416492216,32,1.0,57.93687003627886,11.075340075765784,104.9133561118325,25.045098535248098,0.1129032258064516,0.0,0.0,0,medium,1,medium_orbital,3
75934343,0.0385673793217031,36,4,32,0.1111111111111111,56.0,1.5555555555555556,0.955813918560292,36,1.0,60.583212349991435,9.100461031350871,120.04249935337168,27.71655213414814,0.1746031746031746,0.0,0.0,0,large,1,large_orbital,3
75935643,0.0254786252520435,20,0,20,0.0,52.0,2.6,1.624807680927192,20,1.0,63.437082622945105,14.745400006414023,103.6242579683508,26.39885750394239,0.0947368421052631,0.0,0.0,0,small,0,small_static,1
75936669,0.0288006054782746,28,4,24,0.1428571428571428,60.0,2.142857142857143,1.124858267715973,28,1.0,58.46170894840599,9.439988693269374,108.52692086882897,25.767126728990675,0.1322751322751322,0.0,0.0,0,medium,1,medium_orbital,2
75937328,0.0265433223318608,32,0,32,0.0,116.0,3.625,1.5761900266148114,32,1.0,58.446305103373035,11.448270867634864,109.04458685404008,25.37171880902606,0.1209677419354838,0.0,0.0,0,medium,0,medium_static,4
75937738,0.0390025174190928,36,4,32,0.1111111111111111,96.0,2.6666666666666665,1.05409255338946,36,1.0,59.37175696147675,10.400307528602244,119.10987116443404,26.923341731352338,0.1555555555555555,0.0,0.0,0,large,1,large_orbital,3
75938056,0.0454759225573749,32,4,28,0.125,92.0,2.875,1.3635890143294642,32,1.0,60.041638694387885,10.897239535632648,115.8493595925337,26.99425060197667,0.1612903225806451,0.0,0.0,0,medium,1,medium_orbital,3
75938189,0.0419002558523131,32,0,32,0.0,92.0,2.875,1.6153559979150107,32,1.0,62.74104649201565,9.461694396424926,120.13562530577408,27.86787357240768,0.1370967741935483,0.0,0.0,0,medium,0,medium_static,4
75939046,0.0280399835964473,36,8,28,0.2222222222222222,60.0,1.6666666666666667,1.247219128924647,36,1.0,55.05116165596763,9.214848616116967,104.2629012067992,24.364915926889715,0.1365079365079365,0.0,0.0,0,large,1,large_orbital,2
75940913,0.0273703592371663,28,4,24,0.1428571428571428,68.0,2.4285714285714284,1.4982983545287878,28,1.0,59.7282578843453,10.692611755117287,113.71373099775968,26.217969283911778,0.1322751322751322,0.0,0.0,0,medium,1,medium_orbital,2
75941101,0.0255965228695431,28,0,28,0.0,68.0,2.4285714285714284,1.0497813183356477,28,1.0,63.877404423524766,9.863681965602725,121.54497313984346,27.789674744196898,0.1216931216931216,0.0,0.0,0,medium,0,medium_static,4
75941873,0.037563201092535,24,0,24,0.0,68.0,2.8333333333333335,1.4624940645653537,24,1.0,60.44397236672357,10.086764585981284,115.48838408694183,26.199239383060444,0.144927536231884,0.0,0.0,0,small,0,small_static,0
75942176,0.0350022748667962,28,4,24,0.1428571428571428,64.0,2.2857142857142856,1.4846149779161806,28,1.0,55.834804043740846,11.032263156947897,108.52537498999772,24.503430624265366,0.1428571428571428,0.0,0.0,0,medium,1,medium_orbital,2
75942366,0.0299404782476145,20,0,20,0.0,48.0,2.4,1.3564659966250538,20,1.0,62.53455039500546,13.229633696816746,121.8264825637268,26.239558258290803,0.1157894736842105,0.0,0.0,0,small,0,small_static,1
75943024,0.0472767518365036,32,4,28,0.125,96.0,3.0,1.7320508075688772,32,1.0,56.29948620030473,9.34604678444433,117.16685836218603,25.12348523382085,0.1693548387096774,0.0,0.0,0,medium,1,medium_orbital,3
75943167,0.0298744403902,20,0,20,0.0,68.0,3.4,1.019803902718557,20,1.0,67.81884663689623,11.43990332294398,128.94191497267124,28.72830997475956,0.1157894736842105,0.0,0.0,0,small,0,small_static,1
75943919,0.0469085127506507,24,0,24,0.0,84.0,3.5,1.118033988749895,24,1.0,62.49967414357947,12.627944915071156,114.74869960341636,26.725085154805484,0.1014492753623188,0.0,0.0,0,small,0,small_static,1
75947221,0.0271789665817259,24,0,24,0.0,72.0,3.0,1.7320508075688772,24,1.0,63.593414140771294,10.672747940095164,115.7846588119394,28.077213233974444,0.1594202898550724,0.0,0.0,0,small,0,small_static,0
75947997,0.0396562807067273,24,0,24,0.0,44.0,1.8333333333333333,0.8975274678557508,24,1.0,60.4777437094197,9.397305401375847,114.26941720059436,26.10016313876832,0.1304347826086956,0.0,0.0,0,small,0,small_static,4
75951597,0.0320886667288856,36,4,32,0.1111111111111111,68.0,1.8888888888888888,0.7370277311900888,36,1.0,58.611196615621154,10.618667476089946,112.91384636670072,25.79211062293178,0.1174603174603174,0.0,0.0,0,large,1,large_orbital,2
75952877,0.0472017297905938,24,0,24,0.0,56.0,2.3333333333333335,1.5986105077709063,24,1.0,62.642304691069974,10.4258318209122,118.16183671066864,27.23478467096612,0.144927536231884,0.0,0.0,0,small,0,small_static,0
75953448,0.0466850571160151,20,0,20,0.0,36.0,1.8,0.7483314773547883,20,1.0,63.767361035883255,10.487720983757487,107.05650093610272,27.508432128015553,0.1368421052631579,0.0,0.0,0,small,0,small_static,0
75953848,0.0266047191878301,32,4,28,0.125,76.0,2.375,1.1110243021644486,32,1.0,56.584452492775846,11.165267354498017,103.37780057778788,25.07498169110844,0.1290322580645161,0.0,0.0,0,medium,1,medium_orbital,2
75955697,0.030197706188415,20,0,20,0.0,44.0,2.2,1.6,20,1.0,60.51855714666469,15.98494961983502,106.83213714963316,24.985205886299585,0.0736842105263157,0.0,0.0,0,small,0,small_static,1
75955828,0.0406790750253403,32,0,32,0.0,68.0,2.125,1.2686114456365274,32,1.0,57.15352808370212,9.313711632830552,109.33687648457474,25.454670288710272,0.1370967741935483,0.0,0.0,0,medium,0,medium_static,4
75956569,0.0462272860514177,32,4,28,0.125,88.0,2.75,1.1989578808281798,32,1.0,61.478505400398774,10.911998741053434,121.62937561593654,27.478570293776254,0.1612903225806451,0.0,0.0,0,medium,1,medium_orbital,3
75957576,0.0383869546025089,24,0,24,0.0,68.0,2.8333333333333335,0.6871842709362768,24,1.0,61.11863735645875,11.437537332314028,113.7854492258402,26.093330279912283,0.1304347826086956,0.0,0.0,0,small,0,small_static,0
75957597,0.0471505874615506,24,0,24,0.0,68.0,2.8333333333333335,1.0671873729054748,24,1.0,60.47466824240951,12.038909572406189,108.05952054409316,26.156701486091453,0.1159420289855072,0.0,0.0,0,small,0,small_static,1
75957995,0.0373403905841925,24,0,24,0.0,52.0,2.1666666666666665,0.8975274678557507,24,1.0,61.50226550820266,9.632795437749056,106.26526717207535,26.68530738016867,0.1594202898550724,0.0,0.0,0,small,0,small_static,0
75958272,0.0329276854047904,24,0,24,0.0,52.0,2.1666666666666665,0.3726779962499649,24,1.0,61.93060905077353,10.58325884125133,112.22605969707767,27.11718419493939,0.144927536231884,0.0,0.0,0,small,0,small_static,0
75959127,0.0472157914582533,28,0,28,0.0,68.0,2.4285714285714284,1.4982983545287878,28,1.0,62.152268854060026,9.559045913226717,110.77453347191788,26.860879664547618,0.1111111111111111,0.0,0.0,0,medium,0,medium_static,4
75959329,0.0400154674025314,36,4,32,0.1111111111111111,100.0,2.7777777777777777,1.4740554623801778,36,1.0,57.65140558058258,10.537981996346808,112.2335258759138,25.607850692281698,0.1555555555555555,0.0,0.0,0,large,1,large_orbital,3
75959429,0.0255797546733424,28,4,24,0.1428571428571428,84.0,3.0,1.0690449676496976,28,1.0,62.9983052425674,11.670695286025197,119.98988329377364,27.378589021135856,0.1322751322751322,0.0,0.0,0,medium,1,medium_orbital,2
75963673,0.0496599813304511,32,4,28,0.125,92.0,2.875,1.5360257159305637,32,1.0,57.633699462774885,10.796127229331647,106.4855958719437,25.18793763962221,0.1370967741935483,0.0,0.0,0,medium,1,medium_orbital,3
75963835,0.0399596296311506,32,4,28,0.125,64.0,2.0,1.0,32,1.0,59.50628485776655,11.433747489573632,116.92931171419193,26.016392361417005,0.1370967741935483,0.0,0.0,0,medium,1,medium_orbital,3
75963839,0.0255902646569485,28,4,24,0.1428571428571428,72.0,2.5714285714285716,1.3997084244475302,28,1.0,55.88796075254293,13.301953505662889,99.67699051544167,23.86434888510475,0.1111111111111111,0.0,0.0,0,medium,1,medium_orbital,2
75963975,0.044213915133027,20,0,20,0.0,52.0,2.6,1.2000000000000002,20,1.0,62.38472424763294,13.57670897844978,127.22655385242358,26.4209392114423,0.1368421052631579,0.0,0.0,0,small,0,small_static,1
75964397,0.0497696344329646,32,4,28,0.125,96.0,3.0,1.3228756555322954,32,1.0,60.17366339158912,10.6462350830532,115.8217098671464,26.26289479901221,0.1209677419354838,0.0,0.0,0,medium,1,medium_orbital,3
75964594,0.0426227648851752,32,4,28,0.125,84.0,2.625,1.3169567191065925,32,1.0,59.838254188985175,9.72185438901328,112.62831636500688,26.55826964586101,0.1532258064516129,0.0,0.0,0,medium,1,medium_orbital,3
75964932,0.0253243402604868,20,0,20,0.0,48.0,2.4,1.3564659966250538,20,1.0,60.06398166280698,11.012051933889174,109.3580123482267,25.18190695954089,0.1157894736842105,0.0,0.0,0,small,0,small_static,1
75967247,0.0370396881616804,32,4,28,0.125,100.0,3.125,1.5360257159305637,32,1.0,61.38913265787038,10.61017617365023,123.02624371072912,26.990913796073755,0.1370967741935483,0.0,0.0,0,medium,1,medium_orbital,3
75969960,0.0283131810238323,36,4,32,0.1111111111111111,84.0,2.3333333333333335,1.49071198499986,36,1.0,58.24472285433416,10.483306174681989,118.486996247054,25.87895411040783,0.1301587301587301,0.0,0.0,0,large,1,large_orbital,2
75970255,0.0404703902671161,36,4,32,0.1111111111111111,76.0,2.111111111111111,1.2862041003100253,36,1.0,61.75600248040975,10.256864000543665,120.52342297238047,27.562364889275205,0.1301587301587301,0.0,0.0,0,large,1,large_orbital,3
75970330,0.0270043794370406,24,4,20,0.1666666666666666,76.0,3.1666666666666665,1.3437096247164249,24,1.0,60.31228789197785,11.799745901110835,114.63421758677572,26.777074698746432,0.1739130434782608,0.0,0.0,0,small,1,small_orbital,2
75970563,0.0329567799930188,40,4,36,0.1,92.0,2.3,1.3453624047073711,40,1.0,58.40559110030703,9.205145970315431,117.7885945830384,26.10540593043608,0.1487179487179487,0.0,0.0,0,large,1,large_orbital,2
75972657,0.0420919606273279,28,0,28,0.0,72.0,2.5714285714285716,1.178030178747903,28,1.0,61.48116444200168,10.17713786794861,109.7675813601926,26.61435608634485,0.1216931216931216,0.0,0.0,0,medium,0,medium_static,4
75972841,0.0254025709810384,28,4,24,0.1428571428571428,80.0,2.857142857142857,1.355261854357877,28,1.0,58.76311189944486,11.330811680581933,118.65011483677452,26.08080899551723,0.1851851851851851,0.0,0.0,0,medium,1,medium_orbital,2
75974716,0.0315601984656013,28,0,28,0.0,68.0,2.4285714285714284,1.498298354528788,28,1.0,62.994038183012854,10.428635011673409,120.11924348616802,27.42232439610267,0.1322751322751322,0.0,0.0,0,medium,0,medium_static,4
75976337,0.0431511349988922,24,0,24,0.0,76.0,3.1666666666666665,1.6749792701868151,24,1.0,61.37622968311596,12.090598371263004,114.42807420467584,26.55079570601666,0.1304347826086956,0.0,0.0,0,small,0,small_static,1
75979513,0.0481362489178579,20,0,20,0.0,60.0,3.0,1.4142135623730951,20,1.0,66.56584521485591,12.381930220784882,115.91493252357247,27.835320638527783,0.1157894736842105,0.0,0.0,0,small,0,small_static,1
75984949,0.0330187899835294,32,4,28,0.125,108.0,3.375,1.4947825928876748,32,1.0,61.077367834573415,11.347932852879095,122.20305923774733,26.945886892816773,0.1290322580645161,0.0,0.0,0,medium,1,medium_orbital,2
75991087,0.0440859869383174,20,0,20,0.0,56.0,2.8,1.469693845669907,20,1.0,60.868205453745006,13.309482092303424,112.0393190817409,25.38325925086977,0.1157894736842105,0.0,0.0,0,small,0,small_static,1
75994516,0.041257709443572,32,0,32,0.0,80.0,2.5,0.7071067811865476,32,1.0,60.90722690369644,11.335460616545436,117.38288782495692,26.618976164817557,0.1209677419354838,0.0,0.0,0,medium,0,medium_static,4
75995072,0.0325876953572108,32,0,32,0.0,80.0,2.5,1.4142135623730951,32,1.0,60.46031444105504,9.436213296027653,120.97061174811,27.32042450932369,0.1532258064516129,0.0,0.0,0,medium,0,medium_static,4
75995342,0.0423868093389253,36,0,36,0.0,104.0,2.888888888888889,1.6629588385661962,36,1.0,62.47529927712197,10.597346811035491,131.83723572879575,27.79008967090759,0.1174603174603174,0.0,0.0,0,large,0,large_static,4
75995655,0.0444582747349559,28,0,28,0.0,100.0,3.5714285714285716,1.6781914463529617,28,1.0,59.46901297614142,11.973498721181494,115.07845373015036,26.10806034791028,0.1428571428571428,0.0,0.0,0,medium,0,medium_static,0
75996990,0.0405365864786835,24,0,24,0.0,76.0,3.1666666666666665,1.3437096247164249,24,1.0,59.4339327130574,12.05310785828876,100.9470867653799,25.09649421897139,0.1159420289855072,0.0,0.0,0,small,0,small_static,1
75997234,0.0422533075503541,28,0,28,0.0,92.0,3.2857142857142856,1.385051387833237,28,1.0,63.05591365920405,10.447477311165263,123.86113074042368,27.54235399958695,0.1216931216931216,0.0,0.0,0,medium,0,medium_static,4
75997519,0.0407934974507146,20,0,20,0.0,48.0,2.4,1.2000000000000002,20,1.0,61.72551221386388,10.546355961922036,114.95561758103251,25.988569768200527,0.1368421052631579,0.0,0.0,0,small,0,small_static,0
75998277,0.0431117650988901,32,4,28,0.125,64.0,2.0,1.224744871391589,32,1.0,56.38148895421586,9.557366827233816,116.855432858803,24.945640044194462,0.1532258064516129,0.0,0.0,0,medium,1,medium_orbital,3
75998641,0.0438760941600885,28,4,24,0.1428571428571428,80.0,2.857142857142857,1.124858267715973,28,1.0,57.31597181242676,11.614497029268469,106.91511863721529,24.50165069979187,0.1111111111111111,0.0,0.0,0,medium,1,medium_orbital,3
75998767,0.0489223075260586,32,4,28,0.125,80.0,2.5,1.3228756555322954,32,1.0,59.31245147477976,9.832834647417444,113.57366856942652,26.009190656589933,0.1290322580645161,0.0,0.0,0,medium,1,medium_orbital,3
75999774,0.0309989943603274,28,4,24,0.1428571428571428,88.0,3.142857142857143,1.4568627181693672,28,1.0,58.833836880342936,10.472246751591957,111.31093982821784,25.667217805533472,0.1322751322751322,0.0,0.0,0,medium,1,medium_orbital,2
76003630,0.0394138209659434,28,0,28,0.0,96.0,3.4285714285714284,1.3997084244475304,28,1.0,60.633489347031485,11.446183372862253,112.18022281224486,26.534165987643828,0.1322751322751322,0.0,0.0,0,medium,0,medium_static,4
76004820,0.0385715762226679,32,4,28,0.125,64.0,2.0,0.8660254037844386,32,1.0,58.01033267123628,10.852710262274654,113.62395559012258,25.14760565780787,0.1290322580645161,0.0,0.0,0,medium,1,medium_orbital,3
76011170,0.0385380157009639,20,0,20,0.0,32.0,1.6,0.7999999999999999,20,1.0,66.4596699269914,10.598228953164805,117.1643575833672,28.841871091698035,0.1157894736842105,0.0,0.0,0,small,0,small_static,1
76012428,0.0403489725566292,32,0,32,0.0,56.0,1.75,0.9682458365518544,32,1.0,59.72165969428885,9.869021971351897,119.14730866286432,26.86466839823277,0.1532258064516129,0.0,0.0,0,medium,0,medium_static,4
76020372,0.0469180988078047,28,4,24,0.1428571428571428,92.0,3.2857142857142856,1.385051387833237,28,1.0,62.406524048016415,11.349122953359272,113.4569309435702,27.0280856708124,0.1216931216931216,0.0,0.0,0,medium,1,medium_orbital,3
76022872,0.0357205767945093,28,0,28,0.0,64.0,2.2857142857142856,0.6998542122237651,28,1.0,59.83868576165218,10.250870231865376,112.84194363825338,26.429062281320597,0.1428571428571428,0.0,0.0,0,medium,0,medium_static,4
76023273,0.034066098701175,32,4,28,0.125,92.0,2.875,1.2686114456365274,32,1.0,60.06297535269374,11.94789589105049,116.2930205015566,26.21295929877227,0.1209677419354838,0.0,0.0,0,medium,1,medium_orbital,2
76032198,0.045707356400047,24,0,24,0.0,72.0,3.0,1.0,24,1.0,61.74254148836996,12.958687023518571,109.79567928646716,26.31309875905131,0.1014492753623188,0.0,0.0,0,small,0,small_static,1
76032608,0.0446619631932707,28,4,24,0.1428571428571428,88.0,3.142857142857143,1.5518257844571737,28,1.0,60.54484316312587,10.698218324005255,125.89694988878205,27.15952497861128,0.1534391534391534,0.0,0.0,0,medium,1,medium_orbital,3
76039927,0.0401800018027313,28,4,24,0.1428571428571428,96.0,3.4285714285714284,1.4982983545287878,28,1.0,58.15097733110935,10.272847587854711,114.15228395173288,26.04378216296294,0.164021164021164,0.0,0.0,0,medium,1,medium_orbital,3
76041054,0.029677933793712,28,0,28,0.0,100.0,3.5714285714285716,1.498298354528788,28,1.0,57.80666169148593,10.866976036173291,105.31352866009044,25.06083021304305,0.1111111111111111,0.0,0.0,0,medium,0,medium_static,4
76042700,0.0294834027215685,28,0,28,0.0,100.0,3.5714285714285716,1.293626448305345,28,1.0,63.874945363539254,10.98270678096143,124.23757036178364,28.17153196962016,0.1428571428571428,0.0,0.0,0,medium,0,medium_static,0
76042942,0.039302672150312,24,4,20,0.1666666666666666,48.0,2.0,1.1547005383792517,24,1.0,60.900215328884954,11.7491165738219,116.59192407668748,25.836052888533462,0.1304347826086956,0.0,0.0,0,small,1,small_orbital,3
76044105,0.0477616911312473,32,0,32,0.0,76.0,2.375,1.653594569415369,32,1.0,62.57481733650049,10.164264015327763,119.29256011084786,28.41082527213731,0.1532258064516129,0.0,0.0,0,medium,0,medium_static,0
76045205,0.0490719955833783,28,4,24,0.1428571428571428,88.0,3.142857142857143,1.2453996981544782,28,1.0,56.45975695193912,11.24386265793487,106.49412608012312,24.26051848145927,0.1216931216931216,0.0,0.0,0,medium,1,medium_orbital,3
76045306,0.0400384145128496,20,0,20,0.0,44.0,2.2,1.469693845669907,20,1.0,65.22102467900287,10.35752382231554,125.02131961886911,28.574990967405345,0.1789473684210526,0.0,0.0,0,small,0,small_static,0
76048458,0.0394031071521434,20,0,20,0.0,52.0,2.6,1.3564659966250538,20,1.0,66.67145903798668,9.772738501900786,118.37788541997352,28.789479242768305,0.1578947368421052,0.0,0.0,0,small,0,small_static,0
76050389,0.0394315157409112,20,4,16,0.2,72.0,3.6,1.4966629547095769,20,1.0,60.83270943474261,12.288110609875826,125.8628398450704,26.450046497602905,0.1789473684210526,0.0,0.0,0,small,1,small_orbital,0
76056672,0.0300068941635008,32,0,32,0.0,84.0,2.625,0.9921567416492216,32,1.0,59.88529075875909,9.82888818640433,109.5230181689659,26.07558961086763,0.1129032258064516,0.0,0.0,0,medium,0,medium_static,4
76056759,0.0287549324924566,20,0,20,0.0,68.0,3.4,1.2000000000000002,20,1.0,59.873703488588255,12.81678549093861,114.56386361670086,25.345805672991577,0.1578947368421052,0.0,0.0,0,small,0,small_static,0
76057451,0.0421480030409192,28,0,28,0.0,88.0,3.142857142857143,1.5518257844571737,28,1.0,61.06604727493326,10.456797697760996,126.61014442022493,27.26699366817566,0.1322751322751322,0.0,0.0,0,medium,0,medium_static,4
76057722,0.0323278878762717,36,4,32,0.1111111111111111,120.0,3.3333333333333335,1.4142135623730951,36,1.0,60.16427193325588,11.272208098518156,119.9246715683083,26.468560541729467,0.1174603174603174,0.0,0.0,0,large,1,large_orbital,2
76059391,0.0380477920330451,28,4,24,0.1428571428571428,80.0,2.857142857142857,1.7261494247992246,28,1.0,57.0794544715269,10.839616898464914,114.51994677321514,25.37766947993404,0.164021164021164,0.0,0.0,0,medium,1,medium_orbital,3
76063562,0.0470805512013082,36,4,32,0.1111111111111111,104.0,2.888888888888889,1.594744454934147,36,1.0,59.57925717997873,10.7603095315305,125.41168966201708,26.705529220622992,0.1428571428571428,0.0,0.0,0,large,1,large_orbital,3
76063621,0.0481471863257613,28,0,28,0.0,88.0,3.142857142857143,1.2453996981544784,28,1.0,60.61857505591324,12.886598933602455,109.76780248606654,26.07128402170716,0.0793650793650793,0.0,0.0,0,medium,0,medium_static,1
76064593,0.0454349889861222,20,0,20,0.0,68.0,3.4,1.9595917942265424,20,1.0,65.83665839688906,11.823761814551274,115.32888936784478,27.591104612970103,0.1157894736842105,0.0,0.0,0,small,0,small_static,1
76066636,0.0410491616295381,36,4,32,0.1111111111111111,84.0,2.3333333333333335,1.563471919941143,36,1.0,60.81028503908444,10.474466299487156,123.10009030223004,26.999234946635767,0.1301587301587301,0.0,0.0,0,large,1,large_orbital,3
76067195,0.0359184271507282,28,0,28,0.0,88.0,3.142857142857143,1.2453996981544782,28,1.0,59.33753434647786,10.467111902874022,107.29260851941427,25.383122231883977,0.0899470899470899,0.0,0.0,0,medium,0,medium_static,4
76069664,0.04261157820413,28,0,28,0.0,96.0,3.4285714285714284,1.590789817951435,28,1.0,58.58270511266131,11.34484642093723,112.16862198614498,25.45418544636633,0.1216931216931216,0.0,0.0,0,medium,0,medium_static,4
76071073,0.0253619977003921,24,4,20,0.1666666666666666,72.0,3.0,1.1547005383792517,24,1.0,58.3914676431803,11.49648425951741,101.93587692737862,24.993909565019692,0.1159420289855072,0.0,0.0,0,small,1,small_orbital,2
76071285,0.0260070811469735,28,0,28,0.0,72.0,2.5714285714285716,1.3997084244475304,28,1.0,61.023677913552994,9.408496703570464,125.1408251704681,27.68538997081765,0.1534391534391534,0.0,0.0,0,medium,0,medium_static,4
76076198,0.0359419254921947,28,4,24,0.1428571428571428,68.0,2.4285714285714284,1.498298354528788,28,1.0,60.11924457533483,13.42306952843142,116.53852825541466,25.78166737935889,0.1111111111111111,0.0,0.0,0,medium,1,medium_orbital,1
76079057,0.0304690115865427,28,4,24,0.1428571428571428,92.0,3.2857142857142856,1.4846149779161804,28,1.0,58.58551700937937,10.489751930756013,109.54601822940016,25.337747519582127,0.1111111111111111,0.0,0.0,0,medium,1,medium_orbital,2
76083186,0.0441265672888034,28,0,28,0.0,52.0,1.8571428571428572,0.832993127835043,28,1.0,60.84759945992608,9.532077201190589,104.44371131150274,26.45008074927602,0.1216931216931216,0.0,0.0,0,medium,0,medium_static,4
76086202,0.0455513056196534,28,4,24,0.1428571428571428,68.0,2.4285714285714284,1.0497813183356477,28,1.0,55.34960590920296,10.194906624923595,106.33034912158492,24.11101267044974,0.1428571428571428,0.0,0.0,0,medium,1,medium_orbital,3
76089271,0.0412851873115492,24,4,20,0.1666666666666666,56.0,2.3333333333333335,1.3743685418725535,24,1.0,56.8326568336925,10.92278933313054,105.08603767829516,24.940424709345912,0.1884057971014492,0.0,0.0,0,small,1,small_orbital,3
76090421,0.0261584868060765,36,4,32,0.1111111111111111,76.0,2.111111111111111,1.4487116456005886,36,1.0,56.79039671888366,9.126619206698384,108.1419656550663,25.17890210449484,0.1365079365079365,0.0,0.0,0,large,1,large_orbital,2
76093064,0.0412240478986486,32,4,28,0.125,84.0,2.625,1.2183492931011204,32,1.0,56.723884192842355,9.867580384482912,114.30078820416232,25.283452324162745,0.1532258064516129,0.0,0.0,0,medium,1,medium_orbital,3
76093236,0.0273517572090723,32,0,32,0.0,76.0,2.375,1.3169567191065925,32,1.0,59.8477618367575,9.940613035912856,117.32555653031024,26.523872312703325,0.1370967741935483,0.0,0.0,0,medium,0,medium_static,4
76094449,0.0455222175527338,24,0,24,0.0,60.0,2.5,1.2583057392117916,24,1.0,59.31426961975232,10.481598975711355,106.66893131622176,25.238634366394713,0.1159420289855072,0.0,0.0,0,small,0,small_static,4
76094900,0.03555266816491,24,4,20,0.1666666666666666,88.0,3.6666666666666665,1.1055415967851334,24,1.0,57.80825073594827,13.067282159436113,109.611867629346,24.698590113426945,0.1304347826086956,0.0,0.0,0,small,1,small_orbital,2
76096057,0.0391176050997108,36,4,32,0.1111111111111111,76.0,2.111111111111111,1.1967032904743342,36,1.0,62.44527886433199,10.60594268861897,118.92855737522945,28.28562760513415,0.1365079365079365,0.0,0.0,0,large,1,large_orbital,3
76100053,0.0489756042507705,28,4,24,0.1428571428571428,52.0,1.8571428571428572,0.8329931278350429,28,1.0,60.40667808376853,11.448769212484953,121.28553187864154,26.56283645553927,0.1322751322751322,0.0,0.0,0,medium,1,medium_orbital,3
76100756,0.0289544902226127,24,4,20,0.1666666666666666,84.0,3.5,1.5,24,1.0,58.8219644416076,11.36686074083634,110.04464021866212,25.434240891221854,0.1304347826086956,0.0,0.0,0,small,1,small_orbital,2
76101203,0.0447016904152446,24,0,24,0.0,68.0,2.8333333333333335,1.2133516482134197,24,1.0,62.931710366883976,11.738383149822056,118.46949306360531,27.33743856993367,0.144927536231884,0.0,0.0,0,small,0,small_static,0
76101936,0.0321708580988821,28,0,28,0.0,80.0,2.857142857142857,1.6413036132965797,28,1.0,64.76930011993807,9.0211878873972,122.02164684615316,28.728354074301933,0.1216931216931216,0.0,0.0,0,medium,0,medium_static,4
76106874,0.0371912714571913,28,4,24,0.1428571428571428,64.0,2.2857142857142856,1.27775312999988,28,1.0,63.34841096731593,9.990619876817703,123.33878477313124,28.204927061775308,0.1428571428571428,0.0,0.0,0,medium,1,medium_orbital,3
76108868,0.042379175041924,20,0,20,0.0,48.0,2.4,1.4966629547095769,20,1.0,60.89569754888757,13.258953191100622,108.45907306772548,25.795075604755084,0.1368421052631579,0.0,0.0,0,small,0,small_static,1
76109496,0.0457822176064129,28,4,24,0.1428571428571428,84.0,3.0,1.1952286093343936,28,1.0,60.85559483123127,12.504046907513336,111.49851950002316,26.620481131521476,0.1216931216931216,0.0,0.0,0,medium,1,medium_orbital,3
76110823,0.0372316601302759,24,4,20,0.1666666666666666,64.0,2.6666666666666665,1.3743685418725535,24,1.0,63.75738111750078,12.620370119408651,129.86699558415987,27.46251761536475,0.1304347826086956,0.0,0.0,0,small,1,small_orbital,1
76114066,0.0375990315598925,28,4,24,0.1428571428571428,56.0,2.0,0.9258200997725514,28,1.0,60.069767784621696,12.676935920740863,109.02895141465862,26.173250901656548,0.1216931216931216,0.0,0.0,0,medium,1,medium_orbital,2
76115985,0.0467874881833687,20,0,20,0.0,64.0,3.2,1.833030277982336,20,1.0,61.08108911546437,12.099380755412088,104.14798720879097,26.000567746405636,0.1157894736842105,0.0,0.0,0,small,0,small_static,1
76116994,0.0401742913799743,32,0,32,0.0,84.0,2.625,1.4947825928876748,32,1.0,59.93344671453271,9.781058267418164,112.58756635066815,26.714054681459405,0.1370967741935483,0.0,0.0,0,medium,0,medium_static,4
76117280,0.046473639641721,32,4,28,0.125,100.0,3.125,1.4523687548277813,32,1.0,59.866595426638135,12.760996707786914,124.0400569488815,26.608098184452704,0.1532258064516129,0.0,0.0,0,medium,1,medium_orbital,3
76121210,0.0289621350331078,20,4,16,0.2,48.0,2.4,1.019803902718557,20,1.0,63.7562569177815,14.02658176218624,118.02467881498887,26.844601872014984,0.1368421052631579,0.0,0.0,0,small,1,small_orbital,1
76123767,0.0451000232262721,32,0,32,0.0,52.0,1.625,0.6959705453537527,32,1.0,61.03055236334659,9.735013839247618,119.07624637003472,27.631095220788445,0.1693548387096774,0.0,0.0,0,medium,0,medium_static,0
76124992,0.0445130384204489,28,0,28,0.0,100.0,3.5714285714285716,1.761261143705422,28,1.0,58.770942796063125,10.715045407732736,108.48916977731014,25.585849774705544,0.1322751322751322,0.0,0.0,0,medium,0,medium_static,4
76126715,0.044220026671234,28,0,28,0.0,52.0,1.8571428571428572,0.6388765649999399,28,1.0,61.86553216904633,9.734028247708842,126.88015405458596,27.543139526007625,0.1322751322751322,0.0,0.0,0,medium,0,medium_static,4
76126728,0.0310185710502484,24,0,24,0.0,52.0,2.1666666666666665,1.2133516482134197,24,1.0,63.50959116645868,11.053712854998992,119.03337756138995,27.345631216456297,0.1014492753623188,0.0,0.0,0,small,0,small_static,1
76126831,0.0262429056062094,32,0,32,0.0,84.0,2.625,1.2183492931011204,32,1.0,61.11794190357095,9.531645954680991,121.28730546653478,26.964977054058338,0.1209677419354838,0.0,0.0,0,medium,0,medium_static,4
76126973,0.0347061817309591,32,4,28,0.125,80.0,2.5,1.118033988749895,32,1.0,58.08846123096511,9.961242562990211,111.98515738423671,25.973812264890107,0.1612903225806451,0.0,0.0,0,medium,1,medium_orbital,2
76126987,0.0292970374112251,20,0,20,0.0,56.0,2.8,1.6,20,1.0,60.732942899677035,11.373492956848285,106.9578209389482,25.37032891727678,0.1157894736842105,0.0,0.0,0,small,0,small_static,1
76128697,0.0435203203473528,24,4,20,0.1666666666666666,104.0,4.333333333333333,0.74535599249993,24,1.0,56.55789171081889,12.925096057154397,104.9007570627832,24.522121201544767,0.144927536231884,0.0,0.0,0,small,1,small_orbital,3
76132264,0.0382258990307949,28,0,28,0.0,76.0,2.7142857142857144,1.1605769149479943,28,1.0,61.48935081873978,12.494679214492368,119.74409227270512,26.681233158435553,0.1005291005291005,0.0,0.0,0,medium,0,medium_static,1
76134185,0.0386542434493777,32,4,28,0.125,132.0,4.125,1.0532687216470449,32,1.0,59.26512051941306,12.320217153039414,112.75846563528664,26.013728421706904,0.1209677419354838,0.0,0.0,0,medium,1,medium_orbital,3
76135954,0.0457813661658451,24,0,24,0.0,68.0,2.8333333333333335,1.3437096247164249,24,1.0,59.55114436964514,10.649729429999477,110.53165287363514,25.55489657841546,0.1304347826086956,0.0,0.0,0,small,0,small_static,0
76139036,0.0396093110130109,36,4,32,0.1111111111111111,76.0,2.111111111111111,1.0999438818457408,36,1.0,60.67835343646231,9.44437069278434,121.98599958958424,27.623865795909605,0.1873015873015873,0.0,0.0,0,large,1,large_orbital,3
76140744,0.0324807335074707,32,4,28,0.125,88.0,2.75,1.3919410907075054,32,1.0,59.79531504981741,9.194324423303827,126.6315790220708,27.03920328149058,0.1612903225806451,0.0,0.0,0,medium,1,medium_orbital,2
76147844,0.0474827428536979,24,0,24,0.0,76.0,3.1666666666666665,1.3437096247164249,24,1.0,58.62007508789405,10.834548656460344,98.62143638480936,25.010734684612206,0.1159420289855072,0.0,0.0,0,small,0,small_static,4
76151155,0.0487573907665768,28,4,24,0.1428571428571428,80.0,2.857142857142857,1.124858267715973,28,1.0,57.19162178628603,11.354066073845155,108.12594680560048,24.74646945578849,0.1322751322751322,0.0,0.0,0,medium,1,medium_orbital,3
76151331,0.028862212881512,24,4,20,0.1666666666666666,68.0,2.8333333333333335,1.0671873729054748,24,1.0,59.87593787899989,10.932001518861926,112.1039715597858,25.36058047060534,0.1159420289855072,0.0,0.0,0,small,1,small_orbital,2
76155798,0.0372263193335607,28,4,24,0.1428571428571428,84.0,3.0,0.9258200997725514,28,1.0,57.31970565246661,12.917049280044289,109.31403955943372,24.592795512558155,0.1216931216931216,0.0,0.0,0,medium,1,medium_orbital,2
76156832,0.0434592864666241,36,0,36,0.0,100.0,2.7777777777777777,1.7497795275581802,36,1.0,60.97082951756119,9.429510486490951,129.60407429486895,27.718330919510976,0.1428571428571428,0.0,0.0,0,large,0,large_static,4
76157049,0.0292808041883048,24,0,24,0.0,52.0,2.1666666666666665,0.6871842709362768,24,1.0,64.86113747234168,9.738668903609229,115.7516532626902,27.891455607383417,0.1159420289855072,0.0,0.0,0,small,0,small_static,4
76161698,0.0410524532158236,20,4,16,0.2,48.0,2.4,1.743559577416269,20,1.0,58.45777173393496,12.360675763455797,108.8300211416512,24.300034122133766,0.1368421052631579,0.0,0.0,0,small,1,small_orbital,3
76162286,0.0457567152014084,32,0,32,0.0,64.0,2.0,1.5,32,1.0,61.656778258014654,10.592639361234497,114.75675623089386,27.106060633480123,0.1129032258064516,0.0,0.0,0,medium,0,medium_static,4
76164392,0.039410032124,32,0,32,0.0,76.0,2.375,0.9921567416492216,32,1.0,58.24766740201249,9.749750104835677,123.24795742159408,26.600556257336475,0.1774193548387097,0.0,0.0,0,medium,0,medium_static,4
76166997,0.0442468326986672,32,4,28,0.125,64.0,2.0,1.0,32,1.0,59.15134830053331,9.03290475463092,114.4301906481572,26.757171706095512,0.1693548387096774,0.0,0.0,0,medium,1,medium_orbital,3
76168171,0.0471892067752577,36,4,32,0.1111111111111111,80.0,2.2222222222222223,1.617802197617893,36,1.0,57.973960187154475,10.978679785688572,123.88904004191356,25.863485693105932,0.1301587301587301,0.0,0.0,0,large,1,large_orbital,3
76169387,0.0382870627828177,32,0,32,0.0,68.0,2.125,1.4523687548277813,32,1.0,59.76111212060184,9.539313925254708,123.86491464714508,26.776555451324924,0.1370967741935483,0.0,0.0,0,medium,0,medium_static,4
76176665,0.0465853190983659,28,4,24,0.1428571428571428,88.0,3.142857142857143,1.4568627181693672,28,1.0,61.331529633310765,11.895548925481362,118.1039469120992,26.86578549572632,0.1428571428571428,0.0,0.0,0,medium,1,medium_orbital,3
76177556,0.0483312142494168,36,4,32,0.1111111111111111,68.0,1.8888888888888888,0.8748897637790901,36,1.0,60.02682688730135,10.200658530920496,131.82422132146854,27.439107416938143,0.1682539682539682,0.0,0.0,0,large,1,large_orbital,3
76177692,0.0358451747978022,28,4,24,0.1428571428571428,88.0,3.142857142857143,1.7261494247992242,28,1.0,60.57817259310952,11.336613794019344,112.34729606817606,26.369110720325633,0.1216931216931216,0.0,0.0,0,medium,1,medium_orbital,2
76185100,0.0411918937743339,32,4,28,0.125,80.0,2.5,1.4142135623730951,32,1.0,56.69501729083034,10.457157447879457,108.0409306450722,24.918174448985177,0.1370967741935483,0.0,0.0,0,medium,1,medium_orbital,3
76193676,0.0267753992854535,32,4,28,0.125,60.0,1.875,1.165922381636102,32,1.0,58.81832144713684,10.628156504694951,116.86202506419332,26.311316530264925,0.1451612903225806,0.0,0.0,0,medium,1,medium_orbital,2
76194670,0.0340530744459825,28,4,24,0.1428571428571428,56.0,2.0,0.5345224838248488,28,1.0,60.59701521576995,10.901552796172052,117.27318401377296,26.739879974070146,0.1322751322751322,0.0,0.0,0,medium,1,medium_orbital,2
76195833,0.0420996564605509,24,0,24,0.0,92.0,3.8333333333333335,1.3437096247164249,24,1.0,61.5337932917724,11.407831175188337,118.17998243902008,26.621741832114807,0.144927536231884,0.0,0.0,0,small,0,small_static,0
76198561,0.0276937829669815,32,0,32,0.0,88.0,2.75,1.6393596310755,32,1.0,61.207517097804015,9.736621921350991,108.38973993042092,26.67418158248872,0.1129032258064516,0.0,0.0,0,medium,0,medium_static,4
76198576,0.0429061121004651,20,0,20,0.0,40.0,2.0,1.5491933384829668,20,1.0,67.01824933793523,11.54142111903221,115.54295283358417,28.278189381684538,0.1157894736842105,0.0,0.0,0,small,0,small_static,1
76201225,0.0285928257538285,28,4,24,0.1428571428571428,80.0,2.857142857142857,1.6413036132965797,28,1.0,58.883910317536106,11.36936708670336,111.26705785925331,25.57350695935683,0.1322751322751322,0.0,0.0,0,medium,1,medium_orbital,2
76202954,0.043933949038971,32,4,28,0.125,88.0,2.75,1.3919410907075054,32,1.0,59.29075191442824,10.0103381495917,106.65487534059557,25.889038740535025,0.1451612903225806,0.0,0.0,0,medium,1,medium_orbital,3
76205493,0.0320824914986888,28,0,28,0.0,80.0,2.857142857142857,1.2453996981544784,28,1.0,63.77088115931343,9.248859339793276,122.79762064267892,28.00918827277622,0.1322751322751322,0.0,0.0,0,medium,0,medium_static,4
76207317,0.0417049712532106,24,0,24,0.0,56.0,2.3333333333333335,1.247219128924647,24,1.0,61.05262877682581,14.592111756359817,107.75337647567564,25.812340854042628,0.1014492753623188,0.0,0.0,0,small,0,small_static,1
76216031,0.0352618474246854,24,4,20,0.1666666666666666,76.0,3.1666666666666665,1.5723301886761003,24,1.0,63.584870685548225,9.664289509162003,112.66605533356405,27.243878723003004,0.1014492753623188,0.0,0.0,0,small,1,small_orbital,4
76216437,0.043420435170478,20,0,20,0.0,64.0,3.2,1.32664991614216,20,1.0,63.80150024170442,14.461078980895865,107.98217984797633,26.366715221856207,0.0736842105263157,0.0,0.0,0,small,0,small_static,1
76224773,0.0464980816324402,32,4,28,0.125,52.0,1.625,0.9921567416492216,32,1.0,55.61067054368276,9.054303644513114,107.44402146682695,25.046841143772788,0.1774193548387097,0.0,0.0,0,medium,1,medium_orbital,3
76227451,0.0346667482354841,36,4,32,0.1111111111111111,100.0,2.7777777777777777,1.617802197617893,36,1.0,57.73594219633812,10.028217860513422,114.1668492144032,25.592243164345817,0.1174603174603174,0.0,0.0,0,large,1,large_orbital,2
76227620,0.0268294598023538,28,4,24,0.1428571428571428,92.0,3.2857142857142856,1.27775312999988,28,1.0,58.85176492529221,12.251262993908712,120.32384275842178,25.94356999739565,0.1534391534391534,0.0,0.0,0,medium,1,medium_orbital,2
76229337,0.0261658606026499,20,0,20,0.0,64.0,3.2,1.32664991614216,20,1.0,62.76613196386001,16.328077866285057,113.67149028376404,26.41635671821443,0.1157894736842105,0.0,0.0,0,small,0,small_static,1
76232310,0.044686816668445,24,4,20,0.1666666666666666,48.0,2.0,1.4142135623730951,24,1.0,58.093443597735586,12.297714930379692,107.39903531502095,25.51009398785359,0.1594202898550724,0.0,0.0,0,small,1,small_orbital,3
76238738,0.0370112855969752,32,0,32,0.0,96.0,3.0,1.6583123951777,32,1.0,60.2239024477386,11.038818595163455,117.13281883111615,26.470786592658776,0.1129032258064516,0.0,0.0,0,medium,0,medium_static,4
76240663,0.0410769547317861,24,0,24,0.0,60.0,2.5,1.5,24,1.0,62.68342955191975,10.773078089494222,123.55658727883004,27.692973310046003,0.1739130434782608,0.0,0.0,0,small,0,small_static,0
76240675,0.0256609185080636,36,4,32,0.1111111111111111,88.0,2.4444444444444446,1.1653431646335015,36,1.0,57.50520463488687,10.675829537743946,114.5820615627576,25.273409145934576,0.1174603174603174,0.0,0.0,0,large,1,large_orbital,2
76241304,0.0381321135764776,40,4,36,0.1,80.0,2.0,1.095445115010332,40,1.0,59.861772001212785,9.7863016403771,119.28475432553836,26.83990661013284,0.1384615384615384,0.0,0.0,0,large,1,large_orbital,3
76242405,0.0409496280007204,32,4,28,0.125,88.0,2.75,1.6393596310755,32,1.0,60.84744861652256,10.471234632614872,120.14699669262347,27.00140300154141,0.1451612903225806,0.0,0.0,0,medium,1,medium_orbital,3
76243092,0.0464632430104181,32,4,28,0.125,60.0,1.875,1.0532687216470449,32,1.0,58.969996752579334,9.018489955540222,112.01965441193852,26.549052623232665,0.1693548387096774,0.0,0.0,0,medium,1,medium_orbital,3
76247232,0.028319803032702,24,4,20,0.1666666666666666,76.0,3.1666666666666665,1.3437096247164249,24,1.0,61.74426883948484,11.9506479399426,116.30687973283712,26.864781177447348,0.1739130434782608,0.0,0.0,0,small,1,small_orbital,2
76247605,0.0323434190027986,32,4,28,0.125,72.0,2.25,0.82915619758885,32,1.0,61.1412869025724,11.47265704723741,130.79608790060064,27.338293635081687,0.1451612903225806,0.0,0.0,0,medium,1,medium_orbital,2
76249460,0.0373360428418985,36,4,32,0.1111111111111111,88.0,2.4444444444444446,1.2570787221094175,36,1.0,59.11839545963735,10.58910134048597,117.27155641335057,26.438783361898285,0.1492063492063492,0.0,0.0,0,large,1,large_orbital,3
76255902,0.0333534071024317,36,0,36,0.0,72.0,2.0,1.4142135623730951,36,1.0,60.4375435707257,9.71606943275697,115.42286141294974,26.694809941071668,0.1111111111111111,0.0,0.0,0,large,0,large_static,4
76257210,0.0271209039052119,32,4,28,0.125,88.0,2.75,1.0897247358851685,32,1.0,60.95704309345634,10.491142840787465,119.81018700545934,27.313469225477274,0.1451612903225806,0.0,0.0,0,medium,1,medium_orbital,2
76257789,0.0392957209681018,20,0,20,0.0,60.0,3.0,1.4142135623730951,20,1.0,63.691724057722794,12.241959452282124,105.48489196991456,26.6777950184921,0.0947368421052631,0.0,0.0,0,small,0,small_static,1
76258762,0.0375061288045353,24,0,24,0.0,56.0,2.3333333333333335,1.5986105077709063,24,1.0,63.29376710412043,9.25365153821248,113.5522096313026,28.505746853027276,0.1884057971014492,0.0,0.0,0,small,0,small_static,0
76259847,0.047185602637798,36,4,32,0.1111111111111111,64.0,1.7777777777777777,0.6285393610547089,36,1.0,60.423262142577755,9.739376136824726,120.05971697296316,27.139869236533077,0.1619047619047619,0.0,0.0,0,large,1,large_orbital,3
76263558,0.0498559764459446,24,0,24,0.0,80.0,3.3333333333333335,1.4907119849998596,24,1.0,60.55837612631138,12.020603758424054,115.05900146983068,26.514991699470364,0.1594202898550724,0.0,0.0,0,small,0,small_static,0
76271980,0.026571689127587,32,4,28,0.125,76.0,2.375,1.2183492931011204,32,1.0,59.80154299715618,10.471090633778548,120.3820033801726,26.855669580313673,0.1290322580645161,0.0,0.0,0,medium,1,medium_orbital,2
76275892,0.0358743315235296,32,0,32,0.0,88.0,2.75,1.5612494995995996,32,1.0,60.80051736268957,11.223624226019105,119.6616184279112,26.74989016298932,0.1209677419354838,0.0,0.0,0,medium,0,medium_static,4
76276130,0.0303536777199693,28,4,24,0.1428571428571428,72.0,2.5714285714285716,1.498298354528788,28,1.0,57.01988799585609,11.870985849471865,104.46416704585614,24.708545979082523,0.1428571428571428,0.0,0.0,0,medium,1,medium_orbital,2
76279421,0.0446747660727464,40,4,36,0.1,52.0,1.3,0.6403124237432849,40,1.0,58.53550550963573,9.076558567955962,119.25076844267782,26.643170614008092,0.1487179487179487,0.0,0.0,0,large,1,large_orbital,3
76281340,0.0314628979473799,28,0,28,0.0,84.0,3.0,1.5118578920369088,28,1.0,61.736220682840965,9.929835444588727,110.90811108412504,26.592097928696827,0.0793650793650793,0.0,0.0,0,medium,0,medium_static,4
76282382,0.0474658728356831,28,4,24,0.1428571428571428,84.0,3.0,1.3093073414159542,28,1.0,57.75551510317024,10.290598566030916,110.94351349893432,25.07081929194395,0.1428571428571428,0.0,0.0,0,medium,1,medium_orbital,3
76287943,0.0348462327126916,36,4,32,0.1111111111111111,80.0,2.2222222222222223,1.0304020550550783,36,1.0,58.40832415552002,9.46030794527928,117.32835947256788,25.816130249077823,0.1238095238095238,0.0,0.0,0,large,1,large_orbital,2
76292858,0.0321831372333954,28,0,28,0.0,76.0,2.7142857142857144,1.385051387833237,28,1.0,61.296955322630495,10.995227794429743,121.07222324920848,27.167838455599615,0.1534391534391534,0.0,0.0,0,medium,0,medium_static,0
76293330,0.030871905827419,24,0,24,0.0,76.0,3.1666666666666665,1.4624940645653537,24,1.0,61.64122803274598,10.97716137708302,114.3340752885037,26.4156954348531,0.1159420289855072,0.0,0.0,0,small,0,small_static,4
76296024,0.030271247413368,28,4,24,0.1428571428571428,80.0,2.857142857142857,1.6413036132965797,28,1.0,56.875074808189225,9.240576372431638,110.79776317227632,24.91234609970934,0.1428571428571428,0.0,0.0,0,medium,1,medium_orbital,2
76301352,0.0327557788319482,36,4,32,0.1111111111111111,80.0,2.2222222222222223,1.227262335243029,36,1.0,59.474001691066896,10.42970020459714,127.14758373902863,26.862756311743556,0.1619047619047619,0.0,0.0,0,large,1,large_orbital,2
76303822,0.0360333243818616,20,0,20,0.0,40.0,2.0,1.095445115010332,20,1.0,62.95920197673014,12.72364330868569,107.02565927906775,25.8853815881782,0.0736842105263157,0.0,0.0,0,small,0,small_static,1
76312376,0.0303203062198574,32,4,28,0.125,84.0,2.625,0.9921567416492216,32,1.0,60.951365668651235,10.207095079913351,114.99035267691482,27.02748925034987,0.1370967741935483,0.0,0.0,0,medium,1,medium_orbital,2
76317443,0.0318978998409866,36,4,32,0.1111111111111111,84.0,2.3333333333333335,1.3333333333333333,36,1.0,59.01252142349378,9.769494696199216,119.1515011658572,26.05849298450897,0.1301587301587301,0.0,0.0,0,large,1,large_orbital,2
76319914,0.0272473067855797,32,4,28,0.125,100.0,3.125,1.6909686573085854,32,1.0,59.66647233684388,11.065254775526052,120.72590219194636,26.3815078306726,0.1370967741935483,0.0,0.0,0,medium,1,medium_orbital,2
76324744,0.0416764841416944,32,0,32,0.0,72.0,2.25,1.479019945774904,32,1.0,60.462379265148186,9.709603570723177,120.1875550624942,27.19156949416773,0.1451612903225806,0.0,0.0,0,medium,0,medium_static,4
76324976,0.0372792594276482,32,0,32,0.0,80.0,2.5,1.0,32,1.0,59.88760575781239,11.83452169064235,119.67166314927044,26.331163407501055,0.0967741935483871,0.0,0.0,0,medium,0,medium_static,4
76334869,0.0408018958215568,20,0,20,0.0,60.0,3.0,1.2649110640673518,20,1.0,66.59360827459254,13.377735093597211,119.63857931740633,28.604709818427015,0.1368421052631579,0.0,0.0,0,small,0,small_static,1
76336072,0.0300680096496306,28,4,24,0.1428571428571428,72.0,2.5714285714285716,1.178030178747903,28,1.0,58.98181069085391,11.382371787710404,117.07149108473372,26.13295640996916,0.1746031746031746,0.0,0.0,0,medium,1,medium_orbital,2
76338140,0.0454065837034205,20,0,20,0.0,64.0,3.2,1.32664991614216,20,1.0,59.85429304491555,13.719020475186028,101.6772048885576,25.767981949377685,0.1368421052631579,0.0,0.0,0,small,0,small_static,1
76338445,0.0443183944522389,28,0,28,0.0,88.0,3.142857142857143,1.2453996981544782,28,1.0,64.12700597591956,10.586637304483451,120.68657956383248,29.18845420302989,0.1746031746031746,0.0,0.0,0,medium,0,medium_static,0
76341498,0.042743224247937,20,0,20,0.0,60.0,3.0,1.2649110640673518,20,1.0,65.82955415417946,11.898262920275922,120.50641036399112,28.691685795414188,0.1578947368421052,0.0,0.0,0,small,0,small_static,0
76344335,0.0393599751304344,32,0,32,0.0,80.0,2.5,1.224744871391589,32,1.0,61.82322538490275,10.460637849300154,119.33160658763524,27.58569567183499,0.1451612903225806,0.0,0.0,0,medium,0,medium_static,4
76345723,0.0482988090767706,32,4,28,0.125,80.0,2.5,1.118033988749895,32,1.0,57.74115438577756,10.220464331204925,112.92337110422191,25.51946372571844,0.1370967741935483,0.0,0.0,0,medium,1,medium_orbital,3
76353192,0.0455847288038109,20,0,20,0.0,72.0,3.6,1.743559577416269,20,1.0,60.256263306166474,11.71074873885089,105.65873962241903,25.35165118103317,0.1368421052631579,0.0,0.0,0,small,0,small_static,0
76354266,0.0390965842682176,20,0,20,0.0,64.0,3.2,0.9797958971132712,20,1.0,63.04895240693349,12.06291197374848,121.89574313166592,26.687854039757543,0.1368421052631579,0.0,0.0,0,small,0,small_static,0
76358451,0.0377569720193482,28,0,28,0.0,96.0,3.4285714285714284,1.178030178747903,28,1.0,61.96961339219959,11.941015617619616,118.54456257179068,27.01229783686002,0.1216931216931216,0.0,0.0,0,medium,0,medium_static,1
76359751,0.0478779770271855,24,0,24,0.0,52.0,2.1666666666666665,1.4624940645653537,24,1.0,62.02275613988532,12.647683251160831,111.33463875849132,26.371192202754564,0.1014492753623188,0.0,0.0,0,small,0,small_static,1
76360514,0.0276982660419823,32,4,28,0.125,80.0,2.5,1.224744871391589,32,1.0,57.79823049352341,10.153718009608516,113.3968258212456,25.704301164976663,0.1693548387096774,0.0,0.0,0,medium,1,medium_orbital,2
76364693,0.046799746057799,20,0,20,0.0,52.0,2.6,1.9595917942265424,20,1.0,60.74455149177662,14.54358325647022,105.7678492017113,25.810672739458788,0.1157894736842105,0.0,0.0,0,small,0,small_static,1
76369073,0.0266346043871816,36,4,32,0.1111111111111111,88.0,2.4444444444444446,1.0657403385139377,36,1.0,59.626141231363874,9.72341414153974,119.14637949517652,26.79274311849875,0.1619047619047619,0.0,0.0,0,large,1,large_orbital,2
76369368,0.0338168948614767,24,0,24,0.0,68.0,2.8333333333333335,1.0671873729054748,24,1.0,59.71305612318632,10.879465735694096,105.37770771022596,25.736018035246364,0.144927536231884,0.0,0.0,0,small,0,small_static,0
76379566,0.0324102306336703,20,0,20,0.0,32.0,1.6,0.7999999999999999,20,1.0,63.52947579092944,15.5964471433044,105.71451252221009,26.212692212356465,0.0947368421052631,0.0,0.0,0,small,0,small_static,1
76395944,0.0423176118205062,32,4,28,0.125,100.0,3.125,1.5360257159305637,32,1.0,56.85251410967188,10.656366597082238,105.8955054712154,25.272065084476345,0.1532258064516129,0.0,0.0,0,medium,1,medium_orbital,3
76397269,0.0486532179026256,20,0,20,0.0,52.0,2.6,1.3564659966250538,20,1.0,64.01300483582146,12.482737420008966,109.501815655068,26.7966727272255,0.1157894736842105,0.0,0.0,0,small,0,small_static,1
76404318,0.0331837312439599,28,4,24,0.1428571428571428,108.0,3.857142857142857,0.832993127835043,28,1.0,57.32019479487166,11.80690134533932,111.96203758530255,24.59195489429786,0.1005291005291005,0.0,0.0,0,medium,1,medium_orbital,2
76404703,0.0419568757143303,32,4,28,0.125,92.0,2.875,1.3635890143294642,32,1.0,59.14550925017104,9.735045571947044,121.7308091256647,26.179583068227924,0.1451612903225806,0.0,0.0,0,medium,1,medium_orbital,3
76405377,0.0406769269200701,36,0,36,0.0,96.0,2.6666666666666665,1.4142135623730951,36,1.0,61.61109947791348,10.289881499346896,121.16720852664928,27.649235084734997,0.1238095238095238,0.0,0.0,0,large,0,large_static,4
76408494,0.0393918354405945,28,0,28,0.0,92.0,3.2857142857142856,1.385051387833237,28,1.0,62.86876155435255,10.82133012576218,123.39037229031486,27.756142247240973,0.1322751322751322,0.0,0.0,0,medium,0,medium_static,4
76416544,0.0419317791490216,20,0,20,0.0,32.0,1.6,0.7999999999999999,20,1.0,64.83149985687574,10.818038323615164,110.34180496364796,27.369301890169663,0.1157894736842105,0.0,0.0,0,small,0,small_static,1
76417215,0.0294083186103532,32,4,28,0.125,68.0,2.125,1.165922381636102,32,1.0,57.69634118928002,9.328843528800489,119.609159046177,25.802748391069404,0.1612903225806451,0.0,0.0,0,medium,1,medium_orbital,2
76421250,0.0420232648702993,28,4,24,0.1428571428571428,108.0,3.857142857142857,1.2453996981544782,28,1.0,57.82409531859551,10.431104925609414,111.64457715784752,25.061851167397645,0.1428571428571428,0.0,0.0,0,medium,1,medium_orbital,3
76432784,0.0338395606957803,28,0,28,0.0,64.0,2.2857142857142856,1.385051387833237,28,1.0,62.38872811129947,12.05929847195589,120.26673909907028,27.09620913286751,0.1111111111111111,0.0,0.0,0,medium,0,medium_static,1
76435455,0.0473917068208894,20,0,20,0.0,80.0,4.0,0.8944271909999159,20,1.0,60.36309692936813,12.75770099216667,107.58326407828508,25.561135544144108,0.1368421052631579,0.0,0.0,0,small,0,small_static,1
76443885,0.0453709625174126,32,0,32,0.0,56.0,1.75,0.6614378277661477,32,1.0,60.88052137206654,9.134509658521022,119.57155233186468,27.20419474067044,0.1451612903225806,0.0,0.0,0,medium,0,medium_static,4
76448561,0.0498509068502975,36,0,36,0.0,88.0,2.4444444444444446,1.2570787221094175,36,1.0,62.539642177215576,9.99560079167838,130.84445134521258,27.97826777145948,0.1174603174603174,0.0,0.0,0,large,0,large_static,4
76451682,0.0304794500743012,24,4,20,0.1666666666666666,44.0,1.8333333333333333,0.3726779962499649,24,1.0,59.402645214568295,10.28316675466301,114.53445862133611,26.003877484896016,0.1739130434782608,0.0,0.0,0,small,1,small_orbital,2
76453508,0.0391836820080294,36,0,36,0.0,68.0,1.8888888888888888,1.3698697784375504,36,1.0,60.36664929470513,10.42351098800526,117.07078681257168,26.539940948612337,0.1174603174603174,0.0,0.0,0,large,0,large_static,4
76475049,0.0435340563069554,20,0,20,0.0,40.0,2.0,1.5491933384829668,20,1.0,62.33254010905161,9.723539514691833,120.67543983195245,27.142659593805035,0.1368421052631579,0.0,0.0,0,small,0,small_static,0
76475658,0.0301763897280071,28,0,28,0.0,92.0,3.2857142857142856,1.1605769149479943,28,1.0,62.01352328964003,11.786824027969152,117.9726912187077,26.98880027727985,0.0899470899470899,0.0,0.0,0,medium,0,medium_static,1
76476141,0.0420615472029205,28,4,24,0.1428571428571428,84.0,3.0,1.772810520855837,28,1.0,59.657117319449235,10.164112346704629,119.19817802651696,27.06385156803682,0.164021164021164,0.0,0.0,0,medium,1,medium_orbital,3
76480194,0.0323971513442314,24,0,24,0.0,84.0,3.5,1.2583057392117916,24,1.0,58.179751802577094,10.62736941107268,97.8712359737614,24.59003388559208,0.1014492753623188,0.0,0.0,0,small,0,small_static,4
76480597,0.0260843584310165,20,0,20,0.0,72.0,3.6,1.3564659966250538,20,1.0,65.14239417035571,12.654790421807158,119.45193657612272,27.39594971084859,0.1157894736842105,0.0,0.0,0,small,0,small_static,1
76481945,0.0361462297251181,28,0,28,0.0,92.0,3.2857142857142856,1.1605769149479943,28,1.0,59.58385282143829,11.880187384466844,109.74113956199471,26.10772698396882,0.1534391534391534,0.0,0.0,0,medium,0,medium_static,0
76483783,0.0393217942917079,24,0,24,0.0,68.0,2.8333333333333335,1.4624940645653537,24,1.0,60.507181442035936,13.870104576206758,112.1353533656474,25.617208988952022,0.1014492753623188,0.0,0.0,0,small,0,small_static,1
76489368,0.0326658602299599,36,4,32,0.1111111111111111,84.0,2.3333333333333335,1.563471919941143,36,1.0,59.73400141877913,9.92080607617113,121.3419036558967,26.598691501118687,0.1365079365079365,0.0,0.0,0,large,1,large_orbital,2
76501130,0.0401712163230429,32,4,28,0.125,60.0,1.875,0.927024810886958,32,1.0,57.49342227080296,9.634382260670444,107.5073926933478,25.191573703000365,0.1290322580645161,0.0,0.0,0,medium,1,medium_orbital,3
76501532,0.0401297907426115,36,4,32,0.1111111111111111,64.0,1.7777777777777777,0.6285393610547089,36,1.0,62.67682469161144,9.891917799321666,130.68772002830625,28.247561747533982,0.1428571428571428,0.0,0.0,0,large,1,large_orbital,3
76509046,0.0439021888841094,20,0,20,0.0,52.0,2.6,1.3564659966250536,20,1.0,70.07346313425641,10.444044946826638,129.67639442549694,31.190288988097983,0.1789473684210526,0.0,0.0,0,small,0,small_static,0
76510627,0.0428829433906376,20,0,20,0.0,68.0,3.4,1.3564659966250534,20,1.0,62.758729703196515,12.142221999486027,122.8142407847549,26.646961155592223,0.1157894736842105,0.0,0.0,0,small,0,small_static,1
76516585,0.0385378660173899,20,0,20,0.0,48.0,2.4,1.4966629547095769,20,1.0,64.24566963182012,12.592061839760197,103.078885747715,27.522315891658067,0.0947368421052631,0.0,0.0,0,small,0,small_static,1
76527854,0.0271526963332273,32,4,28,0.125,84.0,2.625,1.5761900266148114,32,1.0,59.13501838858716,10.481417937679636,113.87600467629308,25.933583720019143,0.1451612903225806,0.0,0.0,0,medium,1,medium_orbital,2
76528949,0.0329339796399268,32,4,28,0.125,88.0,2.75,1.0897247358851685,32,1.0,56.81690026887039,10.177570739057348,109.74449874662648,25.14672221607475,0.1451612903225806,0.0,0.0,0,medium,1,medium_orbital,2
76538468,0.0456083682765698,32,4,28,0.125,80.0,2.5,1.5811388300841898,32,1.0,59.06138123754309,9.65209924116711,117.10522401014802,26.685439724085057,0.1693548387096774,0.0,0.0,0,medium,1,medium_orbital,3
76538658,0.0389619592832809,28,0,28,0.0,80.0,2.857142857142857,0.8329931278350429,28,1.0,62.441459551564144,11.339817797326033,120.5150079709326,27.47683058503196,0.1534391534391534,0.0,0.0,0,medium,0,medium_static,0
76546430,0.0383437586982641,20,0,20,0.0,40.0,2.0,1.5491933384829668,20,1.0,58.80326460779601,10.132269819781698,106.18048603730615,25.53353300952411,0.1578947368421052,0.0,0.0,0,small,0,small_static,0
76559251,0.0401156922828291,32,4,28,0.125,96.0,3.0,1.3228756555322954,32,1.0,58.65862708558741,10.635369438060538,111.41211407525353,25.41546548179179,0.1129032258064516,0.0,0.0,0,medium,1,medium_orbital,3
76593975,0.028348893010727,32,4,28,0.125,80.0,2.5,1.5,32,1.0,56.1841562582351,10.244623874988266,120.32320300440772,24.94466955738124,0.1451612903225806,0.0,0.0,0,medium,1,medium_orbital,2
76601546,0.0447967760599412,24,4,20,0.1666666666666666,56.0,2.3333333333333335,1.247219128924647,24,1.0,56.500171190907565,11.412701388590053,109.03833730470518,24.560323242193064,0.144927536231884,0.0,0.0,0,small,1,small_orbital,3
76615970,0.0467801451621449,20,0,20,0.0,64.0,3.2,0.7483314773547882,20,1.0,63.12310572403862,11.470384509277244,123.25136406638065,27.190237626376444,0.1789473684210526,0.0,0.0,0,small,0,small_static,0
76623067,0.044328868176878,24,0,24,0.0,60.0,2.5,1.118033988749895,24,1.0,66.31445457530474,11.565126340654912,132.0551668154874,29.127660652247084,0.144927536231884,0.0,0.0,0,small,0,small_static,0
76632857,0.0457143097374209,32,4,28,0.125,68.0,2.125,1.165922381636102,32,1.0,60.03342551594241,10.208157759750357,112.00494749993496,26.236178648120625,0.1290322580645161,0.0,0.0,0,medium,1,medium_orbital,3
76638881,0.0376701949003515,36,8,28,0.2222222222222222,76.0,2.111111111111111,1.3698697784375504,36,1.0,58.28520133077166,9.83088907208594,124.181065863325,26.21657062382505,0.1428571428571428,0.0,0.0,0,large,1,large_orbital,3
76645729,0.0253192458962421,32,4,28,0.125,72.0,2.25,1.479019945774904,32,1.0,60.71675780649957,9.092349286892484,120.42739364516568,27.03590043228837,0.1209677419354838,0.0,0.0,0,medium,1,medium_orbital,2
76657754,0.0483093551191829,28,0,28,0.0,88.0,3.142857142857143,1.6413036132965797,28,1.0,61.425091411874845,12.119017947720826,115.46201998668307,27.03625251157267,0.1322751322751322,0.0,0.0,0,medium,0,medium_static,0
76670723,0.0323446198270081,20,0,20,0.0,64.0,3.2,0.3999999999999999,20,1.0,61.413567355561945,13.50395900887936,127.50394327342474,26.130406567455985,0.1368421052631579,0.0,0.0,0,small,0,small_static,1
76674529,0.036425443391951,24,0,24,0.0,60.0,2.5,1.2583057392117916,24,1.0,60.21085526700907,11.530012819536545,108.42116847424911,25.88291386530993,0.1304347826086956,0.0,0.0,0,small,0,small_static,0
76682997,0.0441438251793703,20,0,20,0.0,60.0,3.0,1.6733200530681511,20,1.0,64.39621835934486,14.84431871514495,113.07930636963602,26.636614384089587,0.0736842105263157,0.0,0.0,0,small,0,small_static,1
76686494,0.035130021397522,24,4,20,0.1666666666666666,64.0,2.6666666666666665,1.1055415967851334,24,1.0,61.09820114991519,11.1433043552378,117.6193965670874,26.046037767332308,0.1304347826086956,0.0,0.0,0,small,1,small_orbital,2
76697550,0.0360701864913889,28,0,28,0.0,76.0,2.7142857142857144,1.577908716741037,28,1.0,58.1887640636303,10.09496578214615,104.21224834534216,25.12510246612866,0.1216931216931216,0.0,0.0,0,medium,0,medium_static,4
76744055,0.0336030962831972,32,4,28,0.125,92.0,2.875,1.5360257159305637,32,1.0,57.7678301081956,10.539956128645011,107.68765795546892,25.348707285354102,0.1290322580645161,0.0,0.0,0,medium,1,medium_orbital,2
