Rank,TeamId,TeamName,LastSubmissionDate,Score,SubmissionCount,TeamMemberUserNames
1,15654628,"Isaiah @ Tufa Labs","2026-06-23 23:16:05",1627.8,2,pressman1
2,15649057,"Jake Will","2026-06-23 08:17:54",1537.1,2,jakewwill
3,15719716,TonyK,"2026-06-23 14:59:19",1528.7,2,tonyk98
4,15660477,"Hober Malloc","2026-06-23 14:19:23",1509.1,2,simjeg
5,15827519,"Felix M Neumann","2026-06-23 09:10:23",1505.5,2,felixmneumann
6,15635910,flg,"2026-06-23 09:49:26",1496.4,2,ferdinandlimburg
7,15708412,"Audun Ljone Henriksen","2026-06-23 23:45:55",1495.9,2,"audunljonehenriksen,eiriktorp"
8,15733507,Boey,"2026-06-23 22:31:00",1486.2,2,boeychenjun
9,15821351,Ender,"2026-06-23 15:03:58",1477.8,2,sinkingpoint
10,15654258,Luca,"2026-06-23 23:35:58",1462.1,2,yijiey
11,15653847,"Xiangyu Liu","2026-06-23 12:53:34",1455.8,2,xiangyuliu007
12,15730576,"One Man Wrecking Machine","2026-06-23 23:47:33",1448.8,2,flynnfei
13,15634651,"M & J & M.ver2","2026-06-23 23:37:24",1446.8,2,"jackvd,marisyn,wscmisx"
14,15635790,"Vadasz & Ascalon","2026-06-23 23:56:43",1431.2,2,"ascalon,vadasz"
15,15680068,"Azat Akhtyamov","2026-06-23 23:52:34",1427.3,2,azakhtyamov
16,15917496,"Gregor Lied","2026-06-23 22:19:47",1426.5,2,gregorlied
17,15637898,moriiiiiiiiim,"2026-06-23 17:05:41",1424.7,2,"morimo,msd0110,piiiiiiiii,qistripute"
18,15633678,"dragon warrior","2026-06-23 11:29:56",1415.4,2,loonypenguin
19,15636758,213tubo,"2026-06-23 14:27:52",1409.8,2,tubotubo
20,15887510,"Orbit Goblins","2026-06-23 23:40:25",1408.2,2,"maciejsypetkowski,nataliajakowska"
21,15665575,"Slawek Biel","2026-06-23 22:04:37",1405.0,2,slawekbiel
22,16239102,Scool,"2026-06-22 14:07:48",1400.0,2,brahimdriss
23,16098523,"Yuki Okumura","2026-06-23 08:53:01",1396.3,2,yukiokumura1
24,16210528,"Luke Li","2026-06-23 23:41:46",1394.8,2,lukeqll
25,15633688,Artem,"2026-06-23 23:45:08",1394.3,2,veshkinartem
26,16375667,LuckyXC&me,"2026-06-23 05:05:44",1390.2,2,"luckyxc,wangyijia"
27,15640911,Sheeesh---,"2026-06-23 23:57:54",1389.8,2,hamzaaitmohamed
28,15633381,"Roche Overflow","2026-06-23 20:04:34",1388.1,2,"markorupnik,woosungyoon"
29,15648364,bowwowforeach,"2026-06-23 23:01:34",1386.6,2,bowwowforeach
30,16272370,"jonathan breitgand","2026-06-23 02:25:27",1385.4,2,jonathanbreitgand
31,16258800,Tufaben,"2026-06-23 23:38:23",1384.1,2,tufaben
32,15636713,"kosmostars @ pseudolabeling","2026-06-23 20:23:35",1376.6,2,"arkowol,clodis,phoenix0501,zabojeb"
33,15736895,"Alan C52","2026-06-23 23:40:35",1375.7,2,alanc52
34,15692729,vkhydras,"2026-06-23 23:30:21",1375.2,2,vickimar
35,15636087,skalermo,"2026-06-23 07:12:48",1374.5,2,skalermo
36,15654425,typeIIIfairy,"2026-06-23 23:09:23",1374.0,2,typeiiifairy
37,16072396,"This waiting will kill me!","2026-06-23 16:52:34",1372.1,2,piotrekga
38,15642431,Ebi,"2026-06-23 07:16:58",1366.3,2,ebinan92
39,16152622,Dreame1,"2026-06-23 23:57:57",1364.4,2,dreame1
40,15746467,"ma name","2026-06-23 15:45:33",1361.2,2,xbgoost
41,15637676,XtraLearning,"2026-06-23 03:31:15",1360.8,2,xcessivesmash
42,16080666,C404,"2026-06-23 22:15:08",1357.9,2,"vanhaaa,wuduis,xloudmax"
43,15660065,"Harm Buisman","2026-06-22 05:08:35",1354.6,2,harmbuisman
44,15746413,"CPMP Fan","2026-06-23 16:59:27",1354.5,2,outwrest
45,15670325,CPMP,"2026-06-23 23:27:44",1346.8,2,cpmpml
46,15636360,SR,"2026-06-23 14:33:00",1345.8,2,"renyiwei,senkin13"
47,15717471,unosss,"2026-06-23 23:07:22",1343.3,2,unosss
48,15855037,Nebraskinator,"2026-06-23 04:47:56",1342.1,2,zacharyruhe
49,15634434,3Comets,"2026-05-31 08:38:41",1341.4,2,"javelin1991,lightmk"
50,15833598,Mendrika,"2026-06-23 23:58:39",1340.6,2,ramarlina
51,15678763,Mooegi,"2026-06-17 23:29:02",1334.1,2,mooegi
52,16074461,Controlvector,"2026-06-09 19:40:11",1333.1,2,"controlvector,niehsta,yxdu01"
53,16003625,draven,"2026-06-23 14:54:41",1332.3,2,ustchx
54,15662392,"T T","2026-06-23 22:58:52",1331.4,2,"gauthieravite,juliengenzling"
55,15633624,"Guanshuo Xu","2026-06-23 11:31:52",1331.2,2,wowfattie
56,15699306,CurveCowboy,"2026-06-20 01:34:24",1330.5,2,curvecowboy
57,16025940,saharan,"2026-06-23 18:45:33",1329.4,2,oimoio
58,16091906,cununn,"2026-06-23 23:51:21",1322.1,2,w007425y
59,15640509,"Katasonov Eugene","2026-06-23 17:46:14",1318.8,2,katasonoveugene
60,15940221,"Roy Lo TW","2026-06-23 23:49:33",1318.2,2,roylotw
61,15670705,MartinZiserman,"2026-06-23 21:05:09",1317.7,2,zarmii
62,15745071,Abhyuday,"2026-06-23 22:37:48",1315.7,2,"abhyuday10,deepilli"
63,15662979,"jythow [ :breach: ]","2026-06-23 22:25:50",1314.8,2,matthewwh
64,15764528,Monster,"2026-06-23 19:01:33",1312.8,2,forrestxlz
65,15649802,Maruichi01,"2026-06-17 00:25:11",1311.5,2,maruichi01
66,16100965,luwulaoyabohomosugai,"2026-06-12 17:08:33",1311.2,2,"b1ueb1ue,bunamese,lukaswong,shudaaan,wangshiyi89"
67,16149752,"Gijs Smit","2026-06-23 21:39:29",1310.5,2,gijssmit
68,15662342,"Gerar Del Toro","2026-06-23 23:48:59",1310.4,2,gerardeltoro
69,15842419,"Tim Krige","2026-06-23 23:46:23",1308.9,2,timkrige
70,15654920,linrock,"2026-06-23 23:33:43",1308.4,2,linrock
71,16295026,AyFukushima,"2026-06-18 12:15:38",1308.4,2,nantohock
72,15634588,aaa,"2026-06-23 12:19:56",1307.5,2,liuyuq
73,15650087,"lolzPPO @ポケカ隊員募集中","2026-06-21 09:05:11",1306.6,2,lolzpo
74,15654443,ShikharGupta,"2026-06-23 23:11:26",1302.9,2,shikhar007
75,16328574,Rmy,"2026-06-23 18:21:14",1299.3,2,mekory
76,15644708,"Vincent Schuler","2026-06-23 22:45:58",1291.1,2,vincentschuler
77,15709872,DONJYARAHOI,"2026-06-23 22:35:36",1289.5,2,donjyarahoi
78,15804661,준환,"2026-06-23 05:34:53",1289.2,2,paulguilbert
79,15919810,"Jonathan Wang2022","2026-06-23 05:30:28",1288.2,2,jonathanwang2022
80,16313890,"Man Penguin","2026-06-22 20:41:08",1288.1,2,manpenguin
81,15637383,Shun_PI,"2026-06-22 12:13:29",1287.6,2,shunrcn
82,15942702,"pantheon of ducks 🦆","2026-06-23 12:11:22",1286.2,2,"alext101,herbertthebird,jamesleung2123,logstwo,skyenxt"
83,15787258,"Radek Osmulski","2026-06-16 20:35:04",1284.8,2,radek1
84,15950221,SiestaGuru,"2026-06-23 21:52:57",1284.0,2,danmctree
85,15850080,yukichi0403,"2026-06-23 23:49:12",1284.0,2,yukitake93
86,15854290,snehal,"2026-06-23 23:55:35",1281.9,2,snehalverma10
87,15638126,sash,"2026-06-15 14:22:59",1279.4,2,sash2104
88,16358788,SUN,"2026-06-23 15:29:19",1278.1,2,"bushanbs,hengzhang0219,jixunwang,menghongchen,naimaiyan"
89,16027305,HSB,"2026-06-23 20:36:49",1277.2,2,"matteomanzari,mdiciohack"
90,16161089,Criquet,"2026-06-23 23:52:03",1272.6,2,viewlagoon
91,16108179,Matt6283,"2026-06-19 21:19:04",1271.9,2,matt6283
92,16269510,ksyehh,"2026-06-20 10:01:49",1270.9,2,"ksyehh,leevirus1925"
93,15688456,"nadhir hasan","2026-06-23 23:09:57",1270.9,2,nadhirhasan
94,15634574,Nandodemo,"2026-06-23 20:33:55",1270.7,2,llkh0a
95,15645669,YumeNeko,"2026-06-23 13:07:11",1270.4,2,kashiwaba
96,16044785,Brotisserie,"2026-06-23 22:36:23",1267.1,2,markschatza
97,15737623,"Shubham Phapale","2026-06-23 19:17:45",1266.3,2,shubhamphapale
98,15818775,"моп манки","2026-06-22 10:38:15",1266.0,2,"antonplusnin,ivanlarin"
99,16128759,nynyny67,"2026-06-23 21:37:25",1262.5,2,nynyny67
100,15637415,"Mark @pseudolabeling","2026-06-23 15:26:01",1260.1,2,markdjadchenko
101,16131520,shiba-inu,"2026-06-23 23:53:05",1258.8,2,npinpi
102,15634084,klog,"2026-06-14 23:19:01",1258.4,2,mhrzmmhrzm
103,15708470,monnu,"2026-06-23 16:39:41",1256.4,2,fuumin621
104,15642031,"Son Pham","2026-06-23 23:31:08",1251.5,2,sonphamorg
105,15729350,matsu997,"2026-06-23 08:22:44",1251.2,2,mastu997
106,15636981,Kaiser,"2026-06-20 09:39:16",1249.9,2,kaiserm
107,16087707,gugugaga,"2026-06-23 03:12:40",1249.4,2,"pseree,tongtongla"
108,15635057,"Orbit Magnus","2026-06-23 23:41:42",1246.2,2,"cody11null,mahdiseddigh,ruichardliu,russcore,tom99763"
109,15922086,@pseudolabeling,"2026-06-23 21:26:47",1245.2,2,"asimandia,innerf1re,ivanvorfolomeev,replikeit,vladkochetov07"
110,15970052,ImGonnaDie,"2026-06-23 23:58:28",1243.8,2,sebmallia
111,15933587,A棟2階第四会議室,"2026-06-23 22:32:52",1241.4,2,"feuuka,hal110,lime1123,shomatani,zeta7532"
112,16198281,"Justin He","2026-06-21 22:47:48",1240.5,2,"bellazhao2333,hezeyy,ianshao,zishanzenggg"
113,15649172,kovi,"2026-06-18 14:07:55",1239.4,2,kovi22
114,15974464,"Akarsh kumar shukla","2026-06-20 11:52:04",1238.5,2,akarshkumarshukla
115,15649441,mtmr_s1,"2026-06-23 16:13:18",1236.9,2,mtmrs1
116,16135182,lllleeeo,"2026-06-23 17:02:30",1233.1,2,lllleeeo
117,16124898,"Shubham Jain","2026-06-23 21:28:19",1232.2,2,shubham068
118,15662119,bengle,"2026-06-19 11:25:38",1231.7,2,bengle
119,15703677,"Oleh Patsan","2026-06-23 22:54:00",1230.0,2,olehpatsan
120,15659597,shuba,"2026-06-22 23:46:32",1229.7,2,evgenshuben
121,15736823,"Tommy Barnes","2026-06-23 22:44:50",1229.1,2,tommybarnes
122,16095818,NMarkS,"2026-06-21 07:44:37",1228.5,2,nmarks
123,15644467,"sary sary","2026-06-03 10:50:30",1228.5,2,sarysary
124,16248574,Raki,"2026-06-20 09:12:17",1228.2,2,raki21
125,15651159,yuto083,"2026-06-22 11:13:47",1223.1,2,yuto0712
126,16059929,Xander,"2026-06-23 08:39:53",1222.9,2,canqiang
127,15933847,"Baran Kucuk","2026-06-22 18:19:57",1222.1,2,barankucuk
128,15912648,marsianenergy,"2026-06-22 23:44:48",1219.9,2,marsianenergy
129,15639635,"Erfan Eshratifar","2026-06-22 13:44:23",1218.0,2,erfaneshrati
130,16231483,doge,"2026-06-23 23:58:07",1216.0,2,lordshibe
131,16132239,SVOT,"2026-06-23 22:52:42",1211.5,2,"matweyisupov,mikaelkerimov,mperminiov"
132,16149426,meta²heuristic,"2026-06-23 22:53:12",1211.1,2,nlztrk
133,16103419,Nobit,"2026-06-21 10:24:59",1210.6,2,brucec
134,16316278,"Kebab Labs","2026-06-23 23:40:47",1209.2,2,meverick
135,15734988,"Sukjae Cho","2026-06-16 22:00:20",1208.8,2,jandjenter
136,15822979,koh,"2026-06-23 15:36:45",1204.7,2,koheiuno
137,15633932,datnt114,"2026-06-23 22:22:54",1203.9,2,kingkong153
138,15704781,SpaTaro,"2026-06-23 01:44:06",1202.5,2,tarosqrd2
139,15638796,ShunkiKyoya,"2026-06-20 06:57:20",1202.2,2,shunkikyoya
140,15634865,rakumo,"2026-06-22 21:36:28",1201.6,2,sirakumo
141,15736731,"🌌☕️Dark Matter Roast Coffee","2026-06-23 21:28:59",1200.7,2,xincuimath
142,15991234,"Yigit Kayali","2026-06-22 16:33:15",1200.0,2,yigitkayali
143,15634389,ymg_aq,"2026-06-18 18:32:23",1198.5,2,ymgpalaqs
144,16066269,"Greg DeVosNouri","2026-06-22 15:56:01",1198.4,2,gregdevos
145,15693813,LMaldaz,"2026-06-16 19:26:30",1198.0,2,lmaldaz
146,15634245,Ueddy,"2026-06-23 22:36:16",1197.8,2,ku0807
147,15671465,"Gabriel Soares Gama","2026-06-23 23:45:26",1197.8,2,gabrielsoaresgama
148,16018450,YEBOI,"2026-06-12 17:32:39",1194.9,2,chinesefob
149,15800850,Yuyajk,"2026-06-23 23:55:29",1194.2,2,yuyajk
150,16214959,Gronk,"2026-06-23 21:48:04",1194.0,2,jianyicai
151,15832904,motono0223,"2026-06-23 23:17:04",1192.2,2,motono0223
152,15932899,"Blips and Chitz","2026-06-23 12:30:16",1191.8,2,michaelriedl
153,15642813,"Michael Long","2026-06-11 16:39:29",1189.3,2,mikelong
154,16278124,"Konstantin Zorin","2026-06-23 11:31:58",1188.5,2,"dzagcoffee,tsebaka,zokost"
155,16291225,"Anthony Wynne","2026-06-22 07:55:22",1183.7,2,anthony35813
156,15664575,NewTechMitch,"2026-06-18 11:28:35",1182.3,2,newtechmitch
157,15671930,Ezra,"2026-06-22 23:40:47",1180.9,3,ezberch
158,15693085,"DaoHe Liu","2026-06-23 18:11:48",1180.7,2,daoheliu
159,15836413,vogel,"2026-06-23 15:10:40",1179.9,2,kenjirot
160,15872126,yossi,"2026-06-06 18:12:37",1178.9,2,yossithomas
161,15645152,Dapp,"2026-06-21 23:47:06",1177.6,2,lgloria
162,15644679,Forrest,"2026-06-22 14:01:18",1177.0,2,yinxiaogang
163,15768179,"Viltrum Empire","2026-06-17 19:15:47",1176.1,2,hocop1
164,16133795,junjunmo,"2026-06-23 16:15:32",1175.7,2,"iamshim0,junnseolee,pablolee789"
165,15736670,dnish,"2026-05-21 02:02:26",1174.8,2,dnishio
166,15705331,"R ht_USTC","2026-06-23 23:52:03",1174.4,2,rhtustc
167,15733098,Zhenlan,"2026-06-23 22:01:16",1173.5,2,zhenlanwang
168,16343303,"Daniel Cecim","2026-06-21 19:27:34",1169.7,2,danielcecim
169,16253817,"Maksym Bilychenko","2026-06-22 07:55:11",1168.4,2,mbilichenko
170,15634791,Claws,"2026-06-23 23:49:20",1168.4,2,"hweowe,kimura0415,timmecom,ultsaza"
171,16258039,puBERTat,"2026-06-23 19:19:32",1167.7,2,"bryxosmmm,mors1337"
172,15951118,Paddington,"2026-06-23 23:56:17",1167.3,2,"irinatarasyuk,marcinsalaterski"
173,16268046,fksmaaaaa,"2026-06-15 00:39:27",1167.3,2,shakesalmon
174,15646227,ra5anchor,"2026-06-23 21:55:45",1167.2,2,junmitsui
175,15651486,saihyou,"2026-06-23 16:01:58",1166.9,2,saihyou
176,16171046,biba,"2026-06-23 23:48:36",1165.5,2,"betmyex,doifgoox,naviniklag"
177,15761451,"Yusa Aihara","2026-06-23 15:04:42",1165.4,2,yusaaihara
178,15634995,HY2017,"2026-06-23 18:04:58",1164.3,2,hy2017
179,16285905,"Le Viet","2026-06-21 09:32:20",1163.6,2,sleepyssr
180,15642124,skuro0315,"2026-06-23 06:24:37",1163.1,2,skuro0315
181,15637591,"🛰️ Low-Orbit Losers","2026-06-16 07:13:53",1161.2,2,"michaellist,oneupkiwi,wilhelmberghammer"
182,16105823,GaoKui,"2026-06-19 08:09:51",1161.1,2,gaokui
183,16211392,zongzishuang,"2026-06-23 03:07:38",1158.9,2,"smileh6,yajuansheng,zongzishuang"
184,15925817,ttmn,"2026-06-21 05:16:23",1158.7,2,koheitsutsumi
185,15640892,"Félix Truong","2026-06-23 16:09:16",1158.7,2,servantfelix
186,15733148,"LevelUp Vinay","2026-06-23 08:38:49",1158.2,2,mallajayanthvinay
187,15663647,"Tomoki Hirose","2026-06-22 23:46:16",1158.0,2,tomokihirose
188,16100662,"Circle of Life","2026-06-23 23:12:07",1157.9,2,"adyoshli,cardelj,yotamkaplan"
189,16025611,ASH,"2026-06-23 19:05:14",1157.7,2,pentannnn
190,16260743,ShadowTT,"2026-06-23 11:49:31",1157.3,2,shadowtt
191,15651556,"Ayush Thakur","2026-06-23 19:52:52",1156.2,2,ayuraj
192,15640613,junesdata,"2026-06-23 10:37:56",1155.4,2,junesdata
193,15905308,ysd1110,"2026-06-23 15:05:38",1154.5,2,ysd1110
194,15874890,"Paul Pawletta","2026-06-22 15:28:29",1154.4,2,paulpawletta
195,15839896,"Roland Luethy","2026-06-23 00:55:49",1153.3,2,rluethy
196,15700755,"Thomas Smith","2026-06-23 23:39:57",1152.4,2,tsmith26
197,15648559,SebastianGil00,"2026-06-23 17:57:36",1151.3,2,"kimberleyduran,sebastiangil00"
198,15650428,luckyappley,"2026-06-23 13:51:37",1151.3,2,"luckyappley,yemaoye"
199,16255982,Yam,"2026-06-13 02:57:05",1150.9,2,minyam
200,15831180,Illedan,"2026-05-26 20:39:47",1150.5,2,illedan
201,15991493,TK256,"2026-06-23 23:57:27",1150.1,2,tk256ailab
202,15926593,KoshinM,"2026-06-23 00:37:42",1149.9,2,"des737,kashimuraseita,koshinm"
203,16138955,菲比啾比,"2026-06-22 00:42:34",1149.0,2,chenyiran222
204,15635059,ykhnkf,"2026-06-21 14:29:41",1148.8,2,ykhnkf
205,15661874,"Sliver Legion","2026-06-16 05:39:39",1148.8,2,"huntertiner,tmaxxer"
206,15638296,tetsu2131,"2026-06-23 23:31:14",1148.6,2,tetsutani
207,15634565,"Ikki Katsuyama","2026-06-20 10:39:30",1148.4,2,kacchanwriting
208,16101753,"ＭＭＭ Abbie","2026-06-20 04:27:50",1147.7,2,kchuang
209,15718907,takumina,"2026-06-23 20:01:36",1146.3,2,takuminakamatsu
210,15737737,lmao3322,"2026-06-23 21:12:33",1146.1,2,lmao3322
211,15647145,"Galatea of the Spheres","2026-06-22 13:43:46",1145.7,2,"jademonk,salvadordali"
212,16369114,"Team for a medal","2026-06-17 09:48:20",1145.0,2,"bineeshsps,sarathtk1"
213,16297377,kq5y,"2026-06-23 19:14:13",1144.3,2,kq5yyy
214,15872641,Solo,"2026-06-23 11:32:55",1143.7,2,solosolo
215,15645089,half_centuries,"2026-06-23 13:48:47",1142.6,2,"tatsuzoosawa,zachleee"
216,16369151,Faizal,"2026-06-21 06:36:30",1142.4,2,jaycrys
217,16125104,²²n,"2026-06-23 18:12:10",1142.1,2,z0x0zn
218,16302624,Can,"2026-06-23 19:28:56",1141.7,2,canentay
219,15645724,Yunioshi,"2026-06-23 13:32:52",1141.7,2,yunioshi
220,15704431,XiaokangWang,"2026-06-19 13:25:49",1141.2,2,xiaokangwang
221,15636510,Jules,"2026-06-18 13:01:17",1141.1,2,julesvanligtenberg
222,15635747,"Mathurin Ache","2026-06-22 21:39:15",1140.8,2,mathurinache
223,16329320,"Oleksandr Kovalchuk","2026-06-16 22:49:23",1140.4,2,oleksandrkovalchuk
224,16016174,Sutee,"2026-06-22 17:42:24",1139.3,2,lszlst
225,15645361,YUYUTA,"2026-06-22 23:03:52",1139.3,2,yuyuta
226,16289246,"Anas Riaz","2026-06-23 23:01:55",1139.1,2,anasriaz
227,16097434,"Japanese Kaggle Newbie","2026-06-23 01:34:45",1138.7,2,japaneseredpanda
228,15758378,"szlachetny snieg","2026-06-17 14:57:07",1137.5,2,takayukiimoto
229,16208155,self-play,"2026-06-23 23:14:50",1137.2,2,"californiadog,hash548,wliilamsam,yuningjiang07"
230,15734243,"Jiri Prudky","2026-06-22 14:39:09",1137.2,2,jiprud
231,15951127,"Light Musing","2026-06-23 23:44:32",1137.1,2,sunnyk92
232,15785506,giacomovin,"2026-06-20 15:59:27",1136.9,2,giacomovin
233,15633727,OverfitOracle,"2026-06-21 22:03:01",1136.5,2,alisalmanrana
234,15639698,"Gordeev Max","2026-06-23 22:33:28",1136.5,3,gordeevmax
235,15634014,"Aadi Gupta","2026-06-22 22:22:55",1135.9,2,"aadigupta1601,iztanmaymohan,mirzayasirabdullah07"
236,16076110,chunfeng,"2026-06-20 06:22:55",1134.8,2,mxtennet
237,16103349,Crychic,"2026-06-19 09:09:43",1134.7,2,"albertchen310,quarkliu,redmidi"
238,16052591,JackGong,"2026-06-23 09:35:26",1134.6,2,jackgong
239,16257584,"Sirui Zeng","2026-06-21 18:17:26",1134.3,2,siruizeng
240,16305904,"Abdullah Hasan","2026-06-23 09:15:26",1134.2,2,ishtyy
241,16257589,llllllc666,"2026-06-23 14:38:06",1133.3,2,"blacklions,llccqq624,llllllc666,xiangjiangzhou"
242,15735819,"Hu Xingyu","2026-06-17 12:54:54",1133.0,2,huxingyu
243,16372226,Tej324,"2026-06-23 10:51:56",1132.4,2,teja094
244,15652997,"C R Suthikshn Kumar","2026-06-23 15:24:04",1132.0,2,crsuthikshnkumar
245,15665541,ISM,"2026-06-20 20:47:21",1132.0,2,len8487
246,16073382,"Lazy Bandit","2026-06-22 13:26:34",1131.8,2,lazybandit
247,15650907,data_gardening_club,"2026-06-23 14:17:28",1131.7,2,"hideyochiba,mitsuaccessjam"
248,16277537,"Mahmoud Elshahed","2026-06-23 20:45:34",1130.4,2,letemoin
249,16031996,알아,"2026-06-23 06:52:57",1130.3,2,"hakgeon,idearendil"
250,15649270,qhapaq49,"2026-06-08 23:46:07",1130.1,2,qhapaq49
251,15944722,TensorRT,"2026-06-23 15:08:14",1130.0,2,batchevall
252,15674350,SpeedSci,"2026-06-23 11:23:42",1129.9,2,"accsci,caoyupeng,diandianzi,saotem,starlight0798"
253,15647395,"Husnain Ali","2026-06-23 07:38:57",1129.6,2,hafts11
254,16019438,redblackbst,"2026-06-23 23:10:27",1129.5,2,redblackbst
255,15637966,"nk for work","2026-06-23 23:56:34",1129.4,2,nkforwork
256,15749782,yuki16,"2026-06-19 06:25:25",1129.1,2,yuki16
257,15670697,SeaEag1e,"2026-06-21 11:24:02",1128.5,2,seaeag1e
258,16312506,izzie1i000,"2026-06-14 12:03:20",1128.5,2,izzie1i000
259,15633912,"ISAKA Tsuyoshi","2026-06-23 22:53:21",1128.3,2,isakatsuyoshi
260,16291821,ASHML,"2026-06-23 17:55:31",1128.3,2,ashml
261,16246317,EndeavourRyo,"2026-06-17 13:34:14",1128.1,2,endeavourryo
262,16303566,CREART,"2026-06-12 21:23:44",1127.8,1,gustardust
263,15637135,"W & K","2026-06-17 12:46:51",1127.7,2,"kurisew,peilwang"
264,16289615,"forever young","2026-06-23 23:44:34",1127.4,2,keisukeyokota0428
265,16255795,kumanomi,"2026-06-21 00:41:01",1126.7,2,kkkggg
266,16328367,"Dmitriy Ch","2026-06-21 20:00:05",1126.4,2,dmitriych
267,15639170,"Sebastian Mateus","2026-06-23 19:59:50",1126.3,2,sebastianmateus
268,16349226,e1121995,"2026-06-23 13:10:25",1126.0,2,iceflakes12
269,16141447,ghostiee11,"2026-06-17 10:35:24",1126.0,2,ghostiee11
270,15634535,"Jeki Wan Taufik","2026-06-16 11:56:38",1125.7,2,jek1wantaufik
271,15737990,sekken,"2026-06-23 01:00:08",1125.4,2,marksix
272,15745254,neibyr,"2026-06-21 10:01:50",1125.1,2,neibyr
273,16137480,Raghav_Sharma_17,"2026-06-16 00:55:32",1124.8,2,raghavsharma17
274,15634224,"Steve Le (Solokop)","2026-06-23 04:42:10",1124.5,2,solokop
275,16127931,GreedKing,"2026-06-23 06:56:20",1124.2,2,greedking
276,15645407,"Дворкин Евгений Владимирович","2026-06-22 20:54:27",1123.7,2,evgendvorkin
277,16287186,"Athar Sayed","2026-06-21 06:42:39",1123.5,2,sayedathar11
278,16370922,"Aswin Vinod","2026-06-21 20:42:30",1123.5,2,ashkaggle1122
279,16370581,phuongncn,"2026-06-21 15:15:33",1123.4,2,phuongncn
280,15809537,galaxy2025,"2026-06-19 09:47:43",1123.3,2,galaxy2025
281,16155609,hujile,"2026-06-17 09:12:13",1123.0,2,hujile
282,15650947,"Rensei K","2026-06-20 12:40:13",1123.0,2,renseikazuhama
283,15699537,Dieter,"2026-06-20 11:11:00",1123.0,2,christofhenkel
284,16023214,ShumingFang,"2026-06-23 06:01:28",1122.7,2,shummingfang
285,15634606,grifth,"2026-06-19 13:47:29",1122.6,2,grifth
286,16120055,uesi,"2026-06-23 03:29:51",1122.6,2,uemura687
287,16105123,MMMMok,"2026-06-23 06:49:07",1122.5,2,mmmmok
288,15634505,F.A.Nina,"2026-06-23 10:28:11",1122.4,2,nina2025
289,16076807,"Aleix López","2026-06-22 10:27:23",1122.3,2,aleixlopez
290,15845637,hanjinjun,"2026-06-23 07:20:35",1122.1,2,hanjinjun
291,15811212,musculer,"2026-06-22 23:01:23",1121.7,2,musculer
292,15989645,"krist pun","2026-06-23 01:16:45",1121.7,2,kristpun
293,15648820,"Duck Vader","2026-06-23 17:15:06",1121.5,2,"zejunfool,zhuowamg"
294,15651656,耶✌,"2026-06-23 23:29:24",1121.5,2,qifeihhh666
295,15636897,Ova,"2026-06-20 11:15:11",1121.3,2,overvalueawareness
296,16245919,Güven,"2026-06-23 23:30:11",1121.1,2,gvnalaca
297,15689584,nyanko-sensei,"2026-06-23 09:30:32",1121.0,2,binhdth
298,16093291,wegret,"2026-06-19 15:42:57",1120.6,2,wegret
299,16367880,"Tahsin Arafat","2026-06-23 10:07:27",1119.8,2,tahsinarafat
300,16092501,"Roman Nesterov","2026-06-22 18:09:07",1119.8,2,romanest
301,16096716,"Peng Wang","2026-06-23 15:37:04",1119.7,2,pengwang91
302,16154217,PyJa,"2026-06-23 04:37:14",1119.7,2,pixiux
303,16284132,"Zhang Haonan","2026-06-23 12:21:44",1118.7,2,zhhaon
304,16295254,Juyong,"2026-06-22 04:20:39",1118.5,2,kimdoong
305,16267002,Trapeznikov_Mihail,"2026-06-18 11:58:59",1118.4,2,trapeznikovmisha
306,15637035,"Octavi Grau","2026-06-23 15:08:59",1118.3,2,octaviograu
307,16298253,"Eslam Elzamkan","2026-06-22 12:00:28",1118.0,2,eslamelzamkan
308,16321687,panda__MB__maximus,"2026-06-20 10:29:30",1117.6,2,tanishmohokar09
309,15649869,"JB Bryant","2026-06-17 12:31:27",1116.1,2,jbbryant
310,15634781,"Orbital Cat","2026-06-23 20:03:30",1115.8,2,amonkizawa
311,15910691,yellowleaf,"2026-06-21 13:55:29",1115.5,2,"merriep,wcqyfly"
312,15817579,あなまか,"2026-06-23 19:29:32",1115.3,2,arakish
313,15998537,"Divyanshu Hero","2026-06-18 11:43:09",1115.0,2,divyanshuuucoder
314,16258443,Miz,"2026-06-22 08:03:06",1115.0,2,ryota040
315,15652641,Gendaijin,"2026-06-23 00:03:26",1114.9,2,gendaijin
316,15636593,heng,"2026-06-18 09:12:34",1114.9,2,hengzheng
317,15746745,bestwater,"2026-06-17 09:30:03",1114.9,2,bestwater
318,15638166,"Moroz Roman","2026-06-13 08:51:19",1114.8,2,crissyro
319,16285019,Boiled-Sweet-Potato,"2026-06-20 01:54:08",1114.8,2,boiledsweetpotato
320,15846918,Troy_xx,"2026-06-23 18:09:51",1114.7,2,troyxx
321,15641391,"Mikael Marcondes","2026-06-23 22:06:34",1114.7,2,mikaelmarcondes
322,16368920,xj,"2026-06-21 11:36:28",1114.4,2,xjj1234
323,15859961,"Filip Strzałka","2026-06-13 00:33:17",1114.4,2,snufkin77
324,16245374,vivaldo7,"2026-06-23 20:35:45",1114.3,2,vivaldo7
325,16327336,zhen_huier,"2026-06-21 10:35:13",1114.1,2,zhenhuier
326,16310320,forest2026,"2026-06-21 03:23:41",1113.9,2,forest2026
327,15654891,SYC,"2026-06-22 03:24:05",1113.7,2,yichengs
328,16371254,vatsal,"2026-06-23 04:41:57",1113.4,2,vatsalkshah
329,16290831,mitsuki,"2026-06-23 08:00:43",1113.0,2,mk00000
330,15664004,"Anjana mohan","2026-06-15 18:21:20",1112.8,2,anjanamohan13
331,15780284,HKmgikao,"2026-06-14 08:57:47",1112.6,2,hitoshikmgai
332,15663639,"인공저능연구소( Artificial Idiocy Lab )","2026-06-23 06:03:53",1112.4,2,megayak
333,15689292,"Thành Toàn Vương","2026-06-23 10:53:26",1112.4,2,thnhtonvng
334,15899804,Ernie,"2026-06-21 09:36:51",1112.2,2,ernie55ernie
335,15636419,GOG,"2026-06-23 07:37:44",1112.1,2,"makarrogovik,naladwepo,wooler1"
336,15747017,"Bo Peng","2026-06-18 01:54:32",1111.9,2,bopengiowa
337,15994432,"I just want to do something","2026-06-23 08:54:46",1111.6,2,"ahmmmmmm7,lugent,yiyu0716"
338,15936015,Deependra,"2026-06-16 03:19:46",1111.2,2,devdeependra
339,16060103,yuuuki1111,"2026-06-23 21:21:26",1111.2,2,yuuuki1111
340,16007608,"Varun Rao","2026-06-15 05:25:14",1111.1,2,varunraosfanlkan
341,15634843,FlowDiff,"2026-06-23 06:22:16",1110.6,2,sangrampatil5150
342,16370479,EUGENEYEUNG,"2026-06-22 16:00:26",1110.4,2,eugeneyeung
343,15636346,Ousagi,"2026-06-23 15:07:05",1110.3,2,enzowalter
344,15950863,yuken,"2026-06-22 08:56:42",1110.2,2,yukenai
345,15921790,"Eng Adam Al mohammedi","2026-06-23 23:34:16",1110.0,2,engadamalmohammedi
346,15708003,ei1333,"2026-06-23 14:50:52",1109.8,2,ei1333
347,16286211,Yichi,"2026-06-23 23:38:04",1109.7,2,yichi02
348,16335859,"Hiro Nomo","2026-06-23 03:30:57",1109.4,2,morinokuma3
349,16255733,Hamachi,"2026-06-23 19:50:10",1109.3,2,hamatz
350,15853861,"Mahmoud Abdelshafy","2026-06-16 16:30:15",1109.2,2,mahmoudabdshafy
351,15640507,test_orbit-wars,"2026-06-16 10:48:31",1109.1,2,michaelsemenoff
352,16318043,maniginam,"2026-06-23 00:00:50",1109.0,2,maniginam
353,15834648,"Lucas Bryant","2026-06-19 17:42:55",1109.0,2,lucasbryant4647
354,15797051,saeNeko,"2026-06-23 14:47:23",1109.0,2,sae20gorilla
355,16304719,"Hello San Francisco","2026-06-23 22:22:56",1108.9,2,"circiumaru,dulgherustefan,radugoga"
356,16368973,AbhilashVJ,"2026-06-16 08:29:06",1108.9,2,abh001
357,16296762,Mavuika,"2026-06-22 19:49:40",1108.6,2,obirdy
358,16026436,NeelambujChaturvedi,"2026-06-14 05:37:23",1108.5,2,neelambuj717
359,15643711,"Seungjun Lee","2026-06-23 22:05:30",1108.3,2,seungjunleeofficial
360,15637534,KTakashina,"2026-06-23 04:36:38",1108.1,2,koheitakashina
361,15636991,"Tagir Analyzes","2026-06-23 14:50:15",1108.0,2,tagirkhairutdinov
362,15661100,Reinhard,"2026-06-23 20:09:51",1108.0,2,trainhard
363,16027172,Mehrdad_LU,"2026-06-23 20:14:18",1107.8,2,mehrdadal2023
364,16000540,"Yusuf Murtaza","2026-06-19 08:39:27",1107.7,2,yusufmurtaza01
365,15635546,FOYSAL,"2026-06-23 17:21:16",1107.7,2,foysalemonshanto
366,16365533,Rasdafar,"2026-06-23 12:18:29",1107.3,2,rasdafar
367,16101553,"Junhua Yang","2026-06-12 17:01:35",1107.3,2,junhuay
368,16374423,"Dmitry Sirenchenko","2026-06-23 18:01:27",1107.2,2,dmitrysirenchenko
369,15645236,"GAURAV PARKHEDKAR","2026-06-19 11:57:46",1107.1,2,gauravparkhedkar
370,16297546,PursueML,"2026-06-22 11:35:35",1107.0,2,pursueml
371,16023888,"Katsuaki Tanabe","2026-06-23 05:09:21",1106.9,2,ktana41
372,16209828,Canon,"2026-06-23 19:23:18",1106.9,2,sotakurihara1
373,16356515,Rook86,"2026-06-23 05:20:30",1106.9,3,nabe02
374,16074371,ob3,"2026-06-23 18:37:53",1106.5,2,patricklaokul
375,15902877,cocoaAI,"2026-06-23 08:27:28",1106.3,2,cocoaai
376,16240032,"ナハト・ ファウスト","2026-06-21 14:09:40",1106.2,2,vitalya05
377,16248245,chipssy,"2026-06-23 18:31:10",1106.2,2,shotafubasami
378,15805158,Rudra9439,"2026-06-18 07:16:14",1106.2,2,rudrabhaskar
379,15672567,AnthonyTherrien,"2026-06-17 19:55:16",1105.9,2,anthonytherrien
380,15653853,"Emre Cirak","2026-06-23 23:22:16",1105.9,2,biohack44
381,15718830,chiclet,"2026-06-23 11:53:50",1105.8,2,arulprasadsp
382,15645218,Ispagiytiy,"2026-06-23 16:39:47",1105.7,2,ispagiytiy
383,16322436,"Azaan Raza","2026-06-19 17:25:50",1105.7,2,azaanraza
384,15650044,l2658183739,"2026-06-23 00:08:35",1105.6,2,l2658183739
385,16332421,yamiryu,"2026-06-23 06:52:53",1105.2,2,yamiryu
386,16276188,Ratstar216,"2026-06-23 18:10:48",1105.1,2,ratstar216
387,16264137,Dna,"2026-06-23 12:53:31",1105.0,2,gygyygygy
388,16280380,werwer,"2026-06-23 09:51:43",1104.9,2,"dannybai,soleilkk"
389,16368390,kumaram_vipinam,"2026-06-20 13:15:42",1104.8,2,kumaramvipinam
390,16245149,"Gustavo Vicente","2026-06-20 14:59:45",1104.5,2,bustavo
391,15843113,"Adil Shamim","2026-06-22 03:34:20",1104.3,2,adilshamim8
392,15638410,Howlite,"2026-06-17 15:53:50",1104.2,2,"gorordo,kazuwhite"
393,15638411,"Kyotaro Izumi","2026-06-21 10:22:20",1104.1,2,kyotaroizumi
394,15767757,schanitater,"2026-06-17 07:43:19",1104.0,2,schanitater
395,16014959,エンジョイ勢募集,"2026-06-20 17:49:17",1103.8,2,"marwanashref,shiru2"
396,15647141,Zulqar,"2026-06-23 23:36:13",1103.8,2,johndoe2011
397,16334759,DJTony707,"2026-06-21 06:46:49",1103.7,2,djtony707
398,15661477,"Marek Nurzynski","2026-06-21 17:25:07",1103.6,2,marek3000
399,16330313,"Montana Schmeekler","2026-06-20 06:28:59",1103.5,2,tedtop
400,15797030,"Alexander Gremyakov","2026-06-22 12:45:25",1103.5,2,alexandergremyakov
401,15654035,HRDevelops,"2026-06-23 17:55:53",1103.5,2,hrdevelops
402,15661004,"Marcus Vinicius","2026-06-23 20:21:21",1103.5,2,marcux777
403,15651842,"Shunsuke Hayashi","2026-06-22 23:10:23",1103.3,2,shunsukehayashi1993
404,16287913,Ryan,"2026-06-23 16:48:06",1103.2,2,ryanshunsuke
405,16119214,"Rajan Nagarajan","2026-06-17 17:55:06",1102.8,2,narajan
406,15643205,"planets conqueror","2026-06-22 16:25:19",1102.7,2,ravi123a321at
407,15675926,"Marc Donovici","2026-06-17 18:05:48",1102.6,2,marcdonovici
408,16234329,"Abdullah Kazimov","2026-06-23 02:38:49",1102.5,2,abdullahkazimov8
409,15649117,"Prashant Kikani","2026-06-22 07:34:14",1102.3,2,prashantkikani
410,16370463,"Andrew Volkov","2026-06-17 09:08:51",1102.3,2,foigjf
411,16161328,U023,"2026-06-23 15:15:56",1102.2,2,ryutek
412,16020884,Ivan1625,"2026-06-23 16:34:59",1101.6,2,"dynamics986,ivan1625,ruilinhuangyolo,thetrivialone"
413,15634383,Himeno,"2026-06-23 14:25:07",1101.5,2,lepidon
414,15635135,TakamaruEX,"2026-06-23 22:51:26",1101.2,2,takamaruex
415,15703182,Blu3s,"2026-06-23 22:09:02",1101.1,2,"atteincueo,ausrine"
416,16159112,Pushu?,"2026-06-23 21:51:08",1101.1,2,"atshimamura,galois1123"
417,16341415,"Lakshmi Sayyapureddy","2026-06-20 18:23:03",1101.1,2,lakshmisayyapureddy
418,16274410,Lurkers,"2026-06-23 17:32:31",1100.9,2,praveensahukari
419,15921849,"Ifeoluwa Adewumi","2026-06-18 22:29:42",1100.8,2,ifeadewumi
420,16326365,"ola sadek","2026-06-22 15:28:54",1100.7,2,olasadek
421,16373360,"Ernie Z","2026-06-23 23:35:25",1100.5,2,erniez
422,15662522,sukirman,"2026-06-22 22:28:05",1100.4,2,rakbidb
423,15698030,"tensor choko","2026-06-19 04:34:15",1100.3,2,tensorchoko
424,16340679,"Muhammad Ahmed","2026-06-19 06:36:44",1100.2,2,muhammad4hmed
425,15916063,bbb,"2026-06-17 09:51:35",1100.2,2,sakeke
426,15840496,"Miss Qiu","2026-06-15 06:07:12",1099.5,2,liuhaixu
427,16325077,"yuji y","2026-06-20 14:05:28",1099.4,2,yujiyyy
428,16023347,"just need a silver medal","2026-06-23 15:52:14",1099.3,2,"chen2yoimiya,shackles6966,wkcwkc"
429,15874098,BhargavaAbhi,"2026-06-23 18:51:26",1099.2,2,bhargavaabhi
430,15643475,"Hit Imai","2026-06-23 13:29:49",1099.1,2,hitimai
431,16241652,藤田　佑,"2026-06-23 23:56:38",1098.9,2,yuu111111111
432,15790632,Malespero,"2026-06-23 14:52:57",1098.6,2,malespero
433,16134803,ragnalogic,"2026-06-23 16:30:19",1098.4,2,"hidbhbvsf,ragnalogic"
434,16121042,TY0912,"2026-06-23 16:07:30",1098.3,2,samejimatink0
435,15662984,"Robert Cheah","2026-06-23 15:21:41",1098.2,2,robertcheah
436,16280917,IIHASTMILA,"2026-06-19 05:12:29",1098.1,2,hyndavimovva
437,15663557,"Ted K","2026-06-23 23:11:35",1098.0,2,socated
438,15739793,Orbitiamo,"2026-06-23 12:58:53",1097.8,2,dalloliogm
439,16043343,betterme,"2026-06-23 12:44:21",1097.7,2,betterme12345
440,15758475,史永刚,"2026-06-23 02:16:54",1097.6,2,shizehao
441,15661401,Md_Abdul_Basith,"2026-06-15 19:08:05",1097.4,2,mdabdulbasith14
442,16141470,"Ryuto Yoda","2026-06-19 06:09:49",1097.4,2,ryutoyoda
443,16375065,"Oleg Yaroshevskiy","2026-06-23 18:27:44",1097.1,2,yaroshevskiy
444,15830480,"Pasha Burnyshev","2026-06-23 19:53:22",1097.1,2,burnyshev
445,15984614,"water joe","2026-06-23 01:46:02",1097.1,2,waterjoe
446,15985515,"M Sato","2026-06-20 09:29:17",1097.1,2,masasato1999
447,15647040,"Nabid Nur","2026-06-23 13:57:19",1097.1,2,"koushikrudra,nabidnur"
448,16137968,LIH.YUN,"2026-06-23 04:17:51",1096.7,2,fxlcee
449,15670408,"Akira Hirohashi","2026-06-21 01:54:45",1096.6,2,akirahirohashi
450,16308793,"Pansheng Chen","2026-06-18 05:59:53",1096.1,2,panshengchen
451,16352885,"Evily Evihut","2026-06-23 05:08:28",1095.8,2,evilyevihut
452,15642169,"MUHAMMAD SAMEER TARIQ","2026-06-22 08:18:22",1095.6,2,muhammadsameertariq
453,15725125,"Iwa Iwa","2026-06-23 17:45:11",1095.5,2,iwaiwa
454,15739741,Kalyan,"2026-06-22 21:09:58",1095.5,2,kalyankkr
455,16354349,team_fn,"2026-06-23 23:35:01",1095.4,2,fjklmn
456,15656762,Kiki,"2026-06-17 09:01:32",1095.4,2,rouiou
457,16081335,"Mathieu W","2026-06-23 19:28:51",1095.4,2,mathieuw
458,15650952,"SUMIN KANG","2026-06-21 23:48:19",1095.3,2,suminkang0916
459,15637495,seven,"2026-06-13 01:32:53",1095.3,2,morikawatakeshi
460,16085482,Almeida,"2026-06-19 16:11:27",1095.1,2,alphaarcher
461,16319023,"Down Under","2026-06-23 18:50:51",1095.0,2,poco34
462,16355087,sunyunchen,"2026-06-18 06:30:48",1094.9,2,"masoyte,sunyunchen"
463,15659475,bgsszsa,"2026-06-22 13:49:03",1094.7,2,bgsszsa
464,16117560,"For Gold","2026-06-23 15:19:25",1094.6,2,"greedshen,jackcerion,stringyixuxi"
465,15655940,shyjin,"2026-06-23 16:15:45",1094.6,2,shyjin
466,15965249,Mandel,"2026-06-23 15:01:41",1094.4,2,mandelxu
467,16297789,"Haruto Kuroda","2026-06-18 09:09:08",1094.4,2,harutokuroda
468,15750433,"jiashuo Ma","2026-06-23 01:43:33",1094.4,2,ooo876
469,15863316,Sakayuya,"2026-06-23 21:33:57",1094.3,2,sakayuya
470,16060893,spbforce,"2026-06-23 18:05:55",1094.3,2,spbforce
471,16232883,"Tim Riggins","2026-06-21 22:00:41",1094.2,2,timriggins
472,16248610,"Reo Kambayashi","2026-06-23 17:42:31",1094.1,2,reokambayashi
473,16321136,chunsuri,"2026-06-17 20:29:33",1094.1,2,chunsuri
474,16266999,"Biel Escola Rodrigo","2026-06-23 06:13:12",1094.1,2,bielescolarodrigo
475,16024610,chimaki,"2026-06-23 18:35:17",1093.7,2,chimaki821
476,15638640,Yusuraume,"2026-06-13 14:43:29",1093.7,2,sugitatomohiko
477,15641114,alban,"2026-06-23 14:43:46",1093.6,2,albantiacoh
478,16351772,浅野喜仁,"2026-06-15 06:06:35",1093.5,1,asano23rd007
479,16240699,"Shohei Yoshinari","2026-06-23 20:02:11",1093.4,2,shoheiyoshinari
480,15661738,"Giovanny Rodríguez","2026-06-22 05:18:56",1093.3,2,giovannyrodrguez
481,16056862,HongchenDai,"2026-06-19 15:12:36",1093.2,2,hongchendai
482,16196604,Catcatcher,"2026-06-18 08:29:13",1093.0,2,ferencjuhsz
483,16101254,"Shangshang Zhang","2026-06-23 13:26:32",1093.0,2,msvzss
484,16238429,metricl,"2026-06-22 13:36:14",1093.0,2,"metricl,orbitcode,zelqorin"
485,15634058,"Pilkwang Kim","2026-06-23 22:26:04",1093.0,2,pilkwang
486,16343316,deepblue123,"2026-06-21 10:52:00",1092.9,2,deepblue6666
487,15656356,"S. Mujtaba Hussain","2026-06-15 05:19:19",1092.8,2,smujtabahussain
488,15993275,Evan,"2026-06-17 10:14:27",1092.8,2,"evansussex,momokoyan"
489,15986061,"Kevin Zhou","2026-06-20 02:42:11",1092.8,2,kevinzhou66
490,15634705,muyouqian4,"2026-06-21 13:49:59",1092.8,2,muyouqian4
491,15634727,mmath2,"2026-06-23 10:02:29",1092.7,2,mmath2
492,16129510,Lucky,"2026-06-19 06:02:57",1092.6,2,xunden
493,16295635,"Kenneth Bonilla","2026-06-23 22:31:00",1092.5,2,kennethbonilla
494,16261648,"Hafida Belayd","2026-06-23 08:15:26",1092.4,2,hafidabelayd
495,15917624,"Taivanbat Bayarsaikhan","2026-06-23 16:52:46",1092.3,2,taivnaaiwnl
496,15744147,CoreyJamesLevinson,"2026-06-23 22:59:50",1092.2,2,returnofsputnik
497,15644823,Suda,"2026-06-23 22:58:10",1092.2,2,"chaneyma,haoyuzhao314,wayjunedou"
498,16211803,arman1o1,"2026-06-23 02:43:47",1092.2,2,arman1o1
499,15670629,ACoder,"2026-06-23 23:11:46",1092.0,2,july7p
500,15708407,"First Order","2026-06-23 23:49:59",1091.9,2,"haru0707,kiduna"
501,16307345,"Cary Chan","2026-06-20 01:35:02",1091.9,2,srchancary
502,16048437,"york li13","2026-06-23 02:38:59",1091.7,2,yorkli13
503,15639119,Samsay24,"2026-06-18 19:46:24",1091.4,2,samsay23
504,15646777,vecxoz,"2026-06-17 12:05:02",1091.3,2,vecxoz
505,16021422,"Musab Ahmed","2026-06-23 14:45:48",1091.3,2,musabyagoub
506,16267779,madmax0404,"2026-06-18 04:37:22",1091.1,2,max6296
507,16238591,Gekkotron,"2026-06-23 19:53:40",1091.0,2,gekkotron
508,15651916,yasu,"2026-06-17 12:06:11",1090.8,2,yasutakababa
509,15649089,uta_ccc,"2026-06-23 13:40:11",1090.8,2,utaccc
510,15857457,"kota kambayashi","2026-06-23 16:33:46",1090.5,2,kotakambayashi
511,15826373,"Nat Bel ML Fun","2026-06-22 07:35:38",1090.1,2,natbel4ml
512,16368180,"Ezechiel Kokou Agban","2026-06-16 08:33:23",1089.6,1,ezechielkokouagban
513,15638749,baellouf,"2026-06-17 10:41:44",1089.5,2,baellouf
514,15638880,BeeMax,"2026-06-20 10:07:12",1089.5,2,beemax
515,15880093,Ant,"2026-06-23 06:08:30",1089.4,2,anthonytrevino
516,16061355,mitubant,"2026-06-22 21:55:57",1089.4,2,mitubant
517,15647811,"Orbit_flexer  @pseudolabeling","2026-06-23 23:22:00",1089.3,2,"alexandrutkov,asdasdsadasdsasdasd,glebantonevich"
518,16320479,"Reyhan Ksatria","2026-06-23 16:37:18",1089.3,2,reyhanksatria
519,15636539,"MS-05 ざこ","2026-06-19 02:48:50",1089.1,2,royalacecat
520,16374728,GverriS_Blitz,"2026-06-19 22:46:26",1088.9,2,"gabrielverrisanches,leandromartinveiga,matheuscamolezecaron"
521,16095603,onThoze,"2026-06-22 11:53:33",1088.9,2,onthoze
522,15659093,"Long Hu","2026-06-17 09:11:17",1088.7,2,longhul
523,16040651,"Aggressive 3Bet","2026-06-23 23:41:34",1088.6,2,"jelma0206,sho160115"
524,15838268,@🤞@,"2026-06-22 14:49:53",1088.5,2,anglolodorf
525,15651922,"YG JH","2026-06-23 03:54:21",1088.1,2,ygjh13
526,16261024,Alexander,"2026-06-14 21:30:33",1088.1,2,cheeec0
527,15830834,"Rishi Gupta","2026-06-13 06:42:55",1088.0,2,rishigupta07
528,15634567,"Andrey Khlopotnykh","2026-06-23 12:45:35",1087.9,2,andronhl
529,16318834,Kuriboh,"2026-06-22 09:03:36",1087.9,2,cauchyeix
530,16368505,MT.L,"2026-06-22 19:23:55",1087.7,2,kerta27
531,16272286,"Roman Rozen","2026-06-23 18:57:33",1087.7,2,romanrozen
532,16221905,Conquer,"2026-06-23 12:10:10",1087.6,2,ajstha
533,15650997,"SK Arin","2026-06-23 12:55:17",1087.6,2,skarin
534,16301380,Sh1n1230,"2026-06-21 14:14:04",1087.6,2,sh1n1230
535,15980958,XuanxuChem,"2026-06-23 11:12:47",1087.1,2,zhaonoah
536,16296945,"hardik rathod","2026-06-16 10:59:19",1087.0,2,hardikrathod001
537,15665218,Hikari_30,"2026-06-22 13:07:51",1086.8,2,hikari30
538,15941161,Iceberg,"2026-06-21 03:09:36",1086.7,2,"azizbekxasanov,dilyorbek"
539,15694388,"Michael Ibrahim","2026-06-17 19:21:21",1086.5,2,michaelibrahim
540,16114097,"Sanchit Jain","2026-06-23 21:16:51",1086.5,2,sanchit1609
541,15928095,C&J,"2026-06-21 06:18:25",1086.5,2,"chensiqi014,jerrydong05"
542,15643998,Cyrus,"2026-06-23 21:56:56",1086.1,2,jamalsaeedi
543,16225732,"a fox with a stock","2026-06-19 06:28:58",1085.7,2,afoxwithastock
544,16283765,"Cho Royou","2026-06-23 23:48:11",1085.7,2,ngyzly
545,15903379,lucataco,"2026-06-23 00:08:28",1085.7,2,lucataco
546,15662482,WordlessChain,"2026-06-23 22:54:54",1085.5,2,billll
547,16132673,"Sam StSt","2026-06-20 11:45:17",1085.5,2,samstst
548,16279039,yukinoka,"2026-06-21 09:31:29",1085.5,2,yukiinokaa
549,15638363,AkiraIshikawa,"2026-06-22 12:29:17",1085.5,2,akiraishikawa
550,16061913,"Kato Jiro","2026-06-22 01:51:29",1085.2,2,katojiro
551,16354233,xcyycx,"2026-06-21 16:20:53",1085.0,2,"inconclu,wendy421,xcyycx"
552,15932837,sasaki,"2026-06-17 10:14:12",1084.9,2,rsasaki
553,16209390,LIUDIZHU,"2026-06-23 23:55:08",1084.9,2,liudizhu
554,15637503,ksew364,"2026-06-22 16:45:46",1084.9,2,ksew364
555,16302059,"Vicens Gaitan","2026-06-23 10:15:33",1084.8,2,vicensgaitan
556,16155928,"tzian j","2026-06-23 23:19:08",1084.8,2,tzianj
557,16353045,priorcascade,"2026-06-23 11:57:08",1084.5,2,"borealis27,clara5114,paulwang0704,priorcascade,zirouhe"
558,15640476,xsong2020,"2026-06-22 02:26:02",1084.2,2,xstargate
559,16371105,Plamen,"2026-06-23 11:05:23",1084.2,2,plamen06
560,15681989,"Takahiro Someya","2026-06-23 21:18:45",1084.1,2,takahirosomeya
561,15827746,Umershehzad63,"2026-06-22 10:53:11",1084.1,2,umershehzad63
562,16163152,iwance,"2026-06-23 18:27:54",1084.0,2,iwance
563,16353843,lime0001,"2026-06-15 07:30:08",1083.9,2,lime0001
564,15933922,"Ming Fong","2026-06-14 19:12:07",1083.8,2,evilpegasus
565,15763806,Mohib,"2026-06-22 09:39:24",1083.6,2,mohib94
566,15640884,GUOHAOYANG,"2026-06-23 21:12:08",1083.3,2,pkuszboi
567,15636184,Mahog,"2026-06-14 05:51:23",1083.3,2,mahoganybuttstrings
568,16118655,"Kinshuk Aggarwal","2026-06-23 15:01:08",1083.2,2,kinshukaggarwal
569,16073535,RYOTAaaaaa,"2026-06-22 12:14:13",1082.9,2,ryotaaaaaa
570,16129302,takutokk,"2026-06-23 13:43:25",1082.8,2,takutokk
571,16372934,"Egor Tkachenko","2026-06-23 18:53:30",1082.7,2,egortkachenko
572,15750268,CQUPT-HQJ,"2026-06-23 15:04:38",1082.6,2,hqj66666
573,16301573,"Szymon Kłapiński","2026-06-19 08:31:29",1082.4,2,szymonkapiski
574,16300419,zhenyue,"2026-06-23 09:54:56",1082.4,2,"jiangzhenyue,leehuiii"
575,15740232,"Kun Zhang","2026-06-23 00:37:10",1082.4,2,beicicc
576,16331590,"Clement Lau","2026-06-23 13:39:02",1082.1,2,clementlau
577,15634377,"Paritosh Kumar Tripathi","2026-06-23 12:30:12",1081.8,2,paritoshtripathi5
578,15651544,kei-sho,"2026-06-23 16:34:00",1081.8,2,keisukecl
579,15633843,"Md Boktiar Mahbub Murad","2026-06-23 04:23:39",1081.7,2,mbmmurad
580,15637892,JM,"2026-06-15 16:33:35",1081.6,2,julianmukaj
581,15649118,kta_jpn,"2026-06-23 15:47:51",1081.5,2,ktajpn
582,16347032,"Adam Radziwanowski","2026-06-22 20:06:15",1081.5,2,adamradziwanowski
583,15655386,Chikuwabu,"2026-06-22 00:04:26",1081.3,2,prgckwb
584,15921657,Mathemortician,"2026-06-13 21:30:30",1081.3,2,mathemortician
585,15708120,tttlll030713,"2026-06-23 04:02:00",1081.2,2,tttlll030713
586,16022616,"Ahmet Sina Soykan","2026-06-18 06:26:10",1081.2,2,ahmetsinasoygan
587,15929734,"Restu Anggoro Kasih","2026-06-18 16:08:31",1080.9,2,restuanggorokasih
588,15917037,BladeRunner,"2026-06-15 09:10:37",1080.9,1,bladerunner2022
589,15951654,"Anton Bazdyrev","2026-06-16 00:07:49",1080.8,2,abazdyrev
590,16303930,Eme,"2026-06-23 13:01:00",1080.7,2,rikutoseme
591,16310364,"Seif Eddine Achour","2026-06-18 20:17:56",1080.6,1,seifachour12
592,15889497,"Lidor Foguel","2026-06-18 14:25:21",1080.5,2,foguellidor
593,15671582,milkcoffeen,"2026-06-23 11:49:03",1080.4,2,milkcoffeen
594,15945374,"🇵🇸 WakNeo","2026-06-23 03:34:12",1080.3,2,chahinovic
595,15671063,"Leszek Góra","2026-06-23 21:14:56",1080.3,2,leonixis
596,15830127,"a bit of Orbit","2026-06-22 21:10:38",1080.3,2,asahikgl
597,15748041,"Hayato Matsuzawa","2026-06-23 02:43:12",1080.2,2,matsuzawahayato
598,16370659,zltrqn,"2026-06-16 08:32:01",1080.0,1,zltrqn
599,15664052,"Masashi Nishimoto","2026-06-23 21:36:48",1080.0,2,masashinishimoto
600,15644602,takaito,"2026-06-23 23:52:26",1080.0,2,takaito
601,16158760,hikarinosenshi,"2026-06-23 09:56:06",1079.9,2,hikarinosensh1
602,15657398,"Simon Rüba","2026-06-13 07:56:25",1079.8,2,simonrba
603,16296256,Ty-Yuki,"2026-06-23 08:37:52",1079.8,2,tyyuki
604,15633396,"Surya milenial","2026-06-22 08:54:29",1079.7,2,suryamilenial
605,16323211,TheListeningStars,"2026-06-18 05:49:10",1079.1,2,thelisteningstars
606,15634041,Maxim,"2026-06-23 17:59:54",1079.0,2,ektarr
607,15641307,"Vishwas Mishra","2026-06-21 05:10:12",1079.0,2,vishwasmishra1234
608,16260847,"YSL MISIS","2026-06-23 17:07:05",1079.0,2,"alanchoo,rougenn"
609,16012820,Kuni05,"2026-06-23 16:31:56",1078.9,2,kuni05
610,15637123,"agent by agents","2026-06-23 23:36:20",1078.9,2,"abc1705,cheneyjin,chennora"
611,16292970,tesheran,"2026-06-14 21:11:34",1078.8,2,tesheran
612,15645481,"я на петроградке 52","2026-06-23 11:16:25",1078.7,2,"artemgoncarov,harlenka,johnjanson,romantamrazov,y9pameow"
613,15750764,UncleWKTK,"2026-06-22 13:42:11",1078.7,2,unclewktk
614,15635402,wongsakorn.rat,"2026-06-23 12:55:55",1078.7,2,wongsakornrat
615,15633814,smlcr,"2026-06-23 23:54:59",1078.5,2,simulacri
616,16009414,yanqiangmiffy,"2026-06-18 15:32:59",1078.2,2,quincyqiang
617,15701578,"Karol Trawiński","2026-06-23 23:57:12",1078.2,2,karoltrawiski
618,16239299,SGY2512,"2026-06-23 20:11:51",1078.1,2,sgy2512
619,15634695,"Niranjan Nakkala","2026-06-15 05:40:51",1078.0,2,niranjanmudhiraj
620,15921691,Flamadesombra,"2026-06-13 15:11:32",1077.8,2,flamadesombra
621,16239384,souldrive,"2026-06-23 00:32:43",1077.3,2,souldrive
622,16063073,"Kyrylo Yemets","2026-06-14 18:40:16",1077.2,4,"imrais,ruiite"
623,15925903,Nadeem,"2026-06-22 13:18:22",1076.9,2,nadeembinshajahan
624,15906121,"tezuka takuya","2026-06-20 13:09:15",1076.8,2,kagamihara
625,15994854,"Viacheslav Popika","2026-06-23 17:24:00",1076.7,2,popikeyshen
626,15638742,colt,"2026-06-23 04:09:54",1076.5,2,"logicalgenius1,magusi,xiaomaguo"
627,16092776,imaeakira,"2026-06-23 22:17:00",1076.4,2,imaeakira
628,15695523,Karl,"2026-06-17 12:39:33",1076.4,2,dreamweaver
629,16017864,"Tasniem N. Alyahya","2026-06-23 15:27:29",1076.3,2,tasniemnasser
630,15940738,Borrun,"2026-06-23 10:44:43",1076.1,2,"borrun,resnext"
631,15704047,"Mohamed El-Nageeb","2026-06-23 15:00:19",1076.0,2,thelastsmilodon
632,16001579,"Bánk Wágner","2026-06-14 16:12:31",1076.0,2,bankwagner
633,16300719,"alessio mezzina","2026-06-23 13:55:33",1076.0,2,alessiomezzinaaa
634,16251840,"Space Gladiators","2026-06-22 14:28:39",1075.8,2,"notthestallion,parthd144"
635,15665586,"Tariku Mehdi","2026-06-23 18:33:24",1075.7,2,tarikumehdi
636,15926093,"Diptyajit Das","2026-06-18 12:40:29",1075.4,2,diptyajitdas
637,16337119,inancc,"2026-06-14 10:27:16",1075.3,2,inancc
638,16003328,itsuki-data,"2026-06-22 22:56:11",1075.2,2,itsuki89
639,15982459,IAI-RL-04,"2026-06-09 12:12:04",1075.2,2,nlinhdangghet
640,15644282,"Igor V","2026-06-23 20:23:04",1074.9,2,rostigor
641,16331214,"Thomas Tschinkel","2026-06-22 07:32:02",1074.8,2,thomastschinkel
642,16368172,"Collin Christensen","2026-06-23 23:12:14",1074.5,2,cchristens
643,16253200,"Albert Wang","2026-06-20 17:12:50",1074.5,2,mianwang1024
644,16324739,"Giorgio Ottoboni","2026-06-23 21:09:24",1074.3,2,giorgioottoboni
645,16208959,lyhlyh,"2026-06-23 06:41:36",1074.2,2,"kaliophi,lyhyh123,matianyuu"
646,15646025,"Stands for one and only","2026-06-17 03:18:28",1074.1,2,pearpn25
647,15636293,huyang111,"2026-06-23 19:16:42",1074.1,2,"baidalinadilzhan,huyang111,qiweiyin"
648,15635414,"Triston Morgan","2026-06-23 17:44:43",1074.0,2,yanzhou06
649,16127155,"Juwon Park","2026-06-23 13:19:31",1073.9,2,parkseoul
650,15968302,"Jingjiang Fu","2026-06-18 08:36:58",1073.9,2,attention1st
651,15658444,"Mehemud Azad","2026-06-23 10:31:21",1073.9,2,kmazd1110
652,16276852,x1angM,"2026-06-23 22:58:45",1073.8,2,x1angm
653,15949322,"Yahor Lahunovich","2026-06-20 13:03:56",1073.7,2,"egorlagunovich,quteroc"
654,15738791,"Lvov Stanislav","2026-06-23 15:20:11",1073.7,2,tickflag
655,16259605,RiN0804,"2026-06-23 06:02:42",1073.7,2,rin0804
656,15806560,BIZEN250,"2026-06-23 23:21:18",1073.6,2,bizen250
657,15641466,"Van-Phuc Huynh","2026-06-23 14:56:51",1073.6,2,hvanphucs112
658,15635515,heavycoderyash,"2026-06-21 14:27:34",1073.5,2,heavycoderyash
659,16262944,"Love Mathur","2026-06-20 16:16:51",1073.5,2,l0vemathur
660,15729913,YM,"2026-06-23 11:52:20",1073.3,2,saneyuki
661,15746362,"Mahdieh Rezaie","2026-06-19 17:43:48",1073.2,2,mahdiehrezaie
662,16117001,sam,"2026-06-23 22:24:14",1073.0,2,samgreen2046
663,16269456,atsukiwi,"2026-06-23 08:45:45",1073.0,2,atsuki0827
664,16076314,blurrylogic,"2026-06-20 00:00:42",1072.9,2,jainam213
665,15905151,Eda,"2026-06-23 08:08:54",1072.7,2,edagram
666,15723446,My_Full_Name3,"2026-06-19 11:35:11",1072.7,2,myfullname3
667,15662768,nickyl,"2026-06-22 23:37:41",1072.6,2,nickyjliang
668,15670807,"Wasiq Ali","2026-06-23 12:25:19",1072.5,2,wasiqaliyasir
669,15892526,"Da Big Three","2026-06-21 10:23:29",1072.5,2,"harikishanthr,jehromef"
670,15905421,kaggle-in-sleep,"2026-06-23 23:52:45",1072.4,2,"fanyanb,jackpudding"
671,16329493,Aevion-Labs,"2026-06-23 01:39:46",1072.3,2,aevionlabs
672,15870709,Praxel,"2026-06-23 13:19:34",1072.0,2,praxel
673,16323736,xuedinge_Q,"2026-06-17 02:50:34",1072.0,2,xuedingeq
674,16368039,"Yaroslav kholmirzayev","2026-06-23 18:04:50",1071.9,2,yaroslavkholmirzayev
675,15662109,"David Goldrajch","2026-06-22 23:21:51",1071.7,2,elie2003
676,16211335,HanaMoodYusi.,"2026-06-21 12:24:22",1071.5,2,jameswanghamood
677,16103016,"Chris Deotte","2026-06-23 22:12:01",1071.3,2,cdeotte
678,15650955,"yash bhaskar","2026-06-23 17:21:58",1071.1,2,yash9439
679,16112588,lenftk,"2026-06-22 07:57:07",1070.9,2,lenftk
680,15636049,Will,"2026-06-23 19:36:34",1070.6,2,wguesdon
681,15695941,today,"2026-06-20 01:30:26",1070.3,2,today55
682,16280584,JR,"2026-06-17 16:27:29",1070.2,2,jurijsruko
683,15972266,cstdy,"2026-06-23 10:43:02",1070.2,2,kirill0212
684,15641494,"Yusaku Muroya","2026-06-23 14:22:45",1070.1,2,ymuroya47
685,15991855,"Changdao Chen","2026-06-23 01:27:03",1070.1,2,ccdepsilon
686,15909625,ChrisLeiteScha,"2026-06-22 12:20:10",1069.7,2,chrisleitescha
687,15638569,"Kevin E R MILLE","2026-06-23 17:01:49",1069.7,2,kevinermille
688,16225763,"Ömer Faruk Yüce","2026-06-23 19:04:39",1069.6,2,merfarukyce
689,16276219,InformaBook2,"2026-06-23 16:13:01",1069.5,2,informabook2
690,15635643,"THUNDER THUNDER","2026-06-13 02:18:48",1069.4,2,thunderthunder
691,15765299,"RanJeet Gupta","2026-06-23 21:28:28",1069.2,2,ranjeet258
692,15642684,那个男人,"2026-06-23 07:27:32",1069.1,2,muran169633
693,15738386,"CaPiTaN TvImSa","2026-06-23 23:51:21",1069.1,2,garifullintimur
694,15644281,"SHENGHUI SONG","2026-06-17 09:57:59",1068.8,2,shenghuisong
695,15783002,"Hira Norm","2026-06-23 05:09:30",1068.8,2,hiranorm
696,15642265,Hossein,"2026-06-21 23:03:01",1068.8,2,tomi85
697,16329341,"Dengzhe Hou","2026-06-22 00:03:26",1068.7,2,monkeydz
698,16342803,"Mostafa Beik","2026-06-23 22:58:46",1068.6,2,mostafabeik
699,15651436,fishcat,"2026-06-18 04:34:24",1068.5,2,fishcat37
700,16370543,haodou092,"2026-06-16 08:23:36",1068.5,1,haodou092
701,16166569,halca,"2026-06-23 21:25:13",1068.4,2,halca030
702,15853919,"Pavlo Ivanin","2026-06-17 15:00:11",1067.8,2,pavloivanin
703,16374814,Devnirwal01,"2026-06-23 12:23:15",1067.8,2,"devnirwal01,gauravaggarwal08"
704,16150554,"Machine is not Learning","2026-06-23 21:08:38",1067.4,2,mariotrsn
705,16315350,faustliu,"2026-06-23 07:48:41",1067.4,2,faustliu
706,16128695,Mimi,"2026-06-23 23:55:49",1067.4,2,dangnh0611
707,16031388,Mint120,"2026-06-19 06:51:44",1067.3,2,mint120
708,16281112,"Sam Scott","2026-06-13 17:29:13",1066.9,2,shepard5
709,15651935,"kwon yong deuk","2026-06-23 12:20:19",1066.8,2,kwonyongdeuk
710,15982694,李BCDEFGA,"2026-06-21 13:00:26",1066.7,2,bcdefga
711,15987817,"Dmitry Volovikov","2026-06-21 17:41:56",1066.7,2,dmitryvolovikov
712,15911467,NETRUNNERS,"2026-06-23 18:04:59",1066.7,2,"cleocantcompete,itsasup"
713,15729922,ZIRENLI-001,"2026-06-22 06:53:56",1066.6,2,zirenli0000
714,15755184,ErwBal,"2026-06-17 20:22:02",1066.6,2,erwbal
715,15728298,Salt708,"2026-06-23 03:59:55",1066.6,2,shionao7
716,15834483,"Yash Vardhan","2026-06-23 20:45:09",1066.5,2,poruskapil1
717,15637588,mogura2.0,"2026-06-23 14:43:09",1066.4,2,mogura20
718,16226259,"huhu hoho","2026-06-23 02:53:24",1066.3,2,huhuhoho
719,15659700,atl132,"2026-06-22 15:13:26",1066.3,2,atl132
720,16284895,AbsoluterGeist,"2026-06-22 04:16:54",1066.3,2,kuangyicheng
721,16075316,"Raviksh Singh Dikola","2026-06-22 04:17:50",1066.0,2,ravikshdikola
722,15703549,"Mikayil Yusubov","2026-06-23 15:24:59",1066.0,2,mikayil
723,16297487,"Labib Shahriar","2026-06-23 13:12:41",1066.0,2,labibshahriar
724,15636218,"RITTWIK BHOWMICK","2026-06-20 03:57:53",1065.8,2,rittwikbhowmick
725,16368653,Aic,"2026-06-23 09:47:11",1065.5,2,gunianxue
726,15860698,Pazuzu,"2026-06-16 07:55:00",1065.5,2,"manojkumarreddyuytd,shaikhuzaifaa"
727,15925675,Virtute,"2026-06-23 07:35:49",1065.4,2,nameless001
728,15644442,"Pavel Pavlov","2026-06-21 07:17:42",1065.3,2,akakii
729,16054626,IamDiganta.7,"2026-06-23 21:01:44",1065.3,2,iamdiganta7
730,15745873,Robson,"2026-06-18 17:32:07",1065.1,2,robsonsan
731,15633953,kglctf,"2026-06-12 21:36:00",1064.9,2,kglctf
732,15872070,"Lingyu MA","2026-06-17 15:47:55",1064.7,2,cyannnnnnn
733,16162704,"Chirag Desai","2026-06-23 03:25:50",1064.6,2,cid007
734,15633618,"Tony Li","2026-06-23 23:06:13",1064.6,2,tonylica
735,16295483,"ADARSH REDDY B","2026-06-23 23:57:33",1064.5,2,adarshreddyb
736,15638757,sɹɐʍʇı̣qɹo/ɔs,"2026-06-23 14:14:09",1063.8,2,ryosketchbook2007
737,15670474,LeeVvin,"2026-06-22 03:45:08",1063.8,2,leevvin
738,15639991,"Yash Mohan","2026-06-22 16:19:39",1063.4,2,yashm917
739,15718789,pd,"2026-06-23 23:54:34",1063.3,2,"simmons1025,susutem"
740,15750822,"minghao mei","2026-06-23 03:00:59",1063.2,2,"akimiojr,minghaomei"
741,15811087,AI-Cat,"2026-06-18 21:49:56",1063.1,2,konstantinboyko
742,15647753,Gena,"2026-06-23 22:37:59",1063.1,2,gdonchyts
743,16004501,"Felix Wagner","2026-06-23 16:32:38",1063.1,2,wagnerfelix
744,15745272,"Whyme Labs","2026-06-13 16:57:09",1062.6,2,whymelabs
745,15984673,akoynk,"2026-06-21 13:47:47",1062.4,2,akoynk
746,15780352,"Arthurs Torres24","2026-06-23 17:34:11",1062.2,2,arthurstorres24
747,15832024,"late night snack","2026-06-23 22:38:05",1062.0,2,jackyvo
748,15729388,"Lucas Boesen","2026-06-23 18:54:43",1062.0,2,lucasboesen
749,16353174,Lishuyu,"2026-06-23 20:24:29",1061.8,2,lishuyu
750,15952885,ykuroka,"2026-06-21 06:33:57",1061.8,2,ykuroka
751,16039677,"Haoyu Jiang","2026-06-23 17:54:34",1061.6,2,jianghaoyu68
752,15772452,"Oleg Smirnov","2026-06-18 04:13:57",1061.4,2,smirnolegov
753,15653928,"Atharv Santosh","2026-06-22 22:42:27",1061.3,2,atharvsantosh
754,16281105,"Aditya Raghuvanshi","2026-06-23 08:40:13",1061.2,2,adityaraghuvanshi999
755,15653949,Theo,"2026-06-19 21:30:55",1061.2,2,theokp
756,16102226,OwnnCarr,"2026-06-23 13:53:21",1061.0,2,onkarbelure
757,15708532,PhamThinh31,"2026-06-23 08:38:56",1061.0,2,nobita3131
758,16112929,"Koki _1231","2026-06-23 18:28:34",1060.8,2,koki1231
759,15755070,Karthik,"2026-06-23 11:24:05",1060.7,2,karg14
760,16194319,"Rokaiya Somapti","2026-06-15 17:31:37",1060.5,2,rokaiyasomapti
761,15704660,konbu17,"2026-06-23 17:50:51",1060.1,2,konbu17
762,16369484,"Ehab Mohamed","2026-06-23 06:06:38",1059.6,2,ehabkhalil0
763,16068378,wkdrbwnd1,"2026-06-23 10:47:53",1059.6,2,wkdrbwnd1
764,16360124,"Marc Poirier","2026-06-23 18:39:37",1058.7,2,marcpoirier
765,15637239,"Kenleung Leung","2026-06-22 11:03:32",1058.4,2,kenleungleung
766,15635670,"Meenal Sinha","2026-06-23 15:56:37",1058.4,2,meenalsinha
767,15664375,"xiao long745","2026-06-23 18:14:55",1058.2,2,xiaolong745
768,16345363,Faith,"2026-06-20 07:35:02",1058.0,2,faith853
769,16145018,fukangzhang9,"2026-06-23 09:18:25",1058.0,2,fukangzhang9
770,15638321,Kendamarron,"2026-06-23 22:58:15",1057.9,2,kazuhirokuriyama
771,15634665,"Shunsuke Shibata","2026-06-18 06:22:49",1057.7,2,shunsukeshibata
772,15991404,khj1222,"2026-06-15 14:13:27",1057.6,2,khj1222
773,16241667,namopanda,"2026-06-23 15:54:17",1057.3,2,namopanda
774,15634350,keithtyser,"2026-06-23 23:54:13",1056.9,2,keithtyser
775,16333991,metrovoc,"2026-06-18 00:04:57",1056.8,2,metrovoc
776,15942759,"Nagi sisiro","2026-06-23 06:39:55",1056.8,2,laveshjadon
777,16356651,"Prify Philip","2026-06-20 10:46:36",1056.6,2,amchuz
778,16214817,LiXingtao,"2026-06-23 13:29:35",1056.6,2,lixingtao123
779,16368558,Dr_F,"2026-06-23 13:52:35",1056.4,2,algebraictopology
780,16246544,flop,"2026-06-19 04:36:09",1056.3,2,yyysss1
781,16201588,"Hire me pls","2026-06-22 09:01:42",1056.3,2,nickpudovkin
782,16291059,"Mark Cooper","2026-06-23 19:06:36",1056.2,2,markjcooper
783,16044845,Munshi-PremChand,"2026-06-23 14:46:01",1055.8,2,munshipremchand
784,15988535,"Joakim Arvidsson","2026-06-17 10:01:50",1055.7,2,joebeachcapital
785,15995059,"hicham bedrani","2026-06-23 19:48:47",1055.6,2,hichambedrani
786,15645195,onick_man,"2026-06-23 22:26:29",1055.6,2,ftakahas
787,16319042,"Kneel before me","2026-06-21 16:26:06",1055.4,2,hrhuynguyen
788,15645491,"Sijin Yu","2026-06-23 15:01:51",1055.3,2,sijinyu
789,16276683,"Lider Partiii","2026-06-23 21:11:20",1055.2,2,liderpartiii
790,16012696,kawhi0.0,"2026-06-23 17:23:40",1054.9,2,kawhi00
791,16338683,Yatoro,"2026-06-16 10:21:14",1054.7,2,dfgssdgghgf
792,15754976,"⸻AgentZZ ⸻","2026-06-23 22:28:53",1054.5,2,agentzz
793,16274211,Mantis,"2026-06-23 14:17:31",1054.3,2,orchidmantis
794,15650153,pi-500.phys,"2026-06-23 15:28:03",1053.7,2,pi500phys
795,15832750,Oshbocker,"2026-06-23 22:24:51",1053.1,2,oshbocker
796,15635088,victorvv,"2026-06-23 17:16:33",1053.1,2,whs66666666666
797,16146311,鹅鹅鹅虎虎虎,"2026-06-23 17:45:52",1053.0,2,"huhuhu8seiku,leoshenhere"
798,16213295,"Arnav Kewalram","2026-06-23 09:25:52",1053.0,2,arnavkewalram
799,15704750,COSMIC,"2026-06-23 10:20:28",1052.9,2,myotterspace
800,16317871,XiaoYan12,"2026-06-23 16:17:29",1052.6,3,xiaoyan12
801,16371580,tomoki225255,"2026-06-16 15:46:49",1052.1,2,tomoki225255
802,16375032,"KUO JEN WEI","2026-06-23 01:20:57",1052.1,2,kuojenwei
803,16239678,hjyact,"2026-06-23 21:55:01",1052.1,2,hjyact
804,16276358,"Georgy Mamarin","2026-06-23 17:25:54",1051.9,2,georgymamarin
805,16298696,manaphy24,"2026-06-13 07:13:56",1051.8,2,manaphy24
806,16075810,Tsuji_Kaggle,"2026-06-23 20:44:40",1051.6,2,macherky
807,15665441,annkake,"2026-06-23 23:32:50",1051.5,2,"flnkhome,kazumamiyashita"
808,16295242,"Amir Ghazi","2026-06-23 21:58:14",1051.5,2,amirghazi
809,16242996,norchadwick,"2026-06-23 10:03:49",1051.2,2,norchadwick
810,15664211,"Julian Camilo Villa","2026-06-21 19:23:07",1051.2,2,juliancamilovilla
811,15836356,Mob,"2026-06-19 02:44:46",1051.0,2,bryanthogerson
812,15639310,ropeadope,"2026-06-23 22:53:40",1050.9,2,silkross
813,16372208,ICI,"2026-06-22 21:50:52",1050.7,2,postspost
814,15876316,"Clark Kitchen","2026-06-19 16:46:39",1050.5,2,clarkkitchen
815,16071887,LYF2000@Sustech,"2026-06-22 10:57:42",1050.1,2,lyf2000sustech
816,15974168,naveen11@12,"2026-06-11 15:42:05",1049.9,2,naveen1112
817,15764969,"Kevin Cao","2026-05-24 17:51:41",1049.8,2,kevincao2
818,15759096,"Ievgenii Krevenets","2026-06-23 20:32:56",1049.7,2,hyzhak
819,16111903,"Amon Suzuki","2026-06-22 04:35:53",1049.6,2,amonsuxuki
820,15754942,Randomists,"2026-06-23 23:23:18",1049.2,2,"ashok205,chandrasekark"
821,15725343,DeeperNet,"2026-06-19 03:37:12",1049.0,2,deepernet
822,16047914,Kin,"2026-06-23 15:22:31",1048.2,2,learningkin
823,16356926,"Pengchao Zheng","2026-06-23 07:13:31",1048.2,2,pengchaozheng
824,15655932,WBF_USA_NYC,"2026-06-22 13:15:32",1048.1,2,wbfranci
825,16347816,还是做不到吗,"2026-06-22 13:27:50",1048.0,2,guangjiandong
826,16360958,"Naumov Dmitry","2026-06-19 17:39:46",1048.0,2,yanecoder
827,16287881,Pai,"2026-06-22 20:48:00",1048.0,2,rajathrpai
828,15636311,Lonnie,"2026-06-23 22:42:46",1047.6,2,lonnieqin
829,15643750,宮尾美也,"2026-06-23 22:27:53",1047.4,2,pitpkag
830,15956016,"Pham Kim Hoan","2026-06-23 16:09:34",1047.1,2,pham0030
831,15642841,Harui,"2026-06-23 23:23:16",1047.1,2,"ffw0t0,haruiig"
832,15728872,Lemons,"2026-06-23 16:57:35",1046.7,2,takahiromatoba
833,16204792,"Debatreya Biswas","2026-06-23 12:27:14",1046.6,2,debatreyabiswas
834,16334181,INV,"2026-06-23 16:42:09",1046.5,2,"ryokoy,yutomuroshima"
835,16369245,Furina,"2026-06-23 06:27:56",1046.5,2,dfgtde
836,16326277,yw8837,"2026-06-23 15:16:02",1046.3,2,yw8837
837,15722840,"RISHAV KUMAR","2026-06-23 21:07:11",1046.3,2,atomstack001
838,16111413,DO-I-NEED-RL?,"2026-06-23 17:19:38",1046.2,2,"lihu6666,yongxinkwan"
839,16368040,toufumind,"2026-06-23 23:47:07",1046.1,2,toufumind
840,15664392,"Longting Xu","2026-06-18 02:49:18",1045.9,2,longtingxu
841,15635797,"100 mil steps","2026-06-22 09:56:58",1045.5,2,yuanzhezhou
842,15750773,"Lior Toledano","2026-06-23 21:58:18",1045.1,2,liortoledano
843,15648865,BNBU_Thomas,"2026-06-21 09:49:37",1045.1,2,"tyliii,weilinxiao1,wenzixuan1"
844,15659889,胡老大,"2026-06-23 14:55:11",1044.7,2,"huoldbig,nbunanana"
845,16117133,Rohit,"2026-06-13 09:40:58",1044.6,2,sunnyy06
846,16000596,WEXHICY,"2026-06-21 17:05:08",1044.5,2,wexhicy
847,15633498,"Lakshya - Erdős AI Lab","2026-06-20 15:01:36",1044.0,2,lakshyagodara
848,15969500,"Shankha Subhra Saha","2026-06-17 05:08:10",1043.9,2,shanks905
849,16048002,Lilkoke,"2026-06-22 05:26:10",1043.8,2,lilkoke
850,15790942,sohma,"2026-06-23 17:17:29",1043.6,2,hi210278
851,16361410,"Furkan ","2026-06-17 20:17:46",1043.6,2,furkanadkt
852,16335818,"Ishraq Tanvir","2026-06-23 17:16:47",1043.6,2,ishraqtanvir
853,16125233,"Mohammed Abrar Ahasan Chowdhury","2026-06-19 00:36:09",1043.5,2,abrarchowdhury
854,15644767,"perpetual motion machine","2026-06-23 14:17:55",1043.3,2,aristotlechen
855,16274891,KyuiFox,"2026-06-23 05:30:16",1043.3,2,kyuifox
856,16374231,"404 Not Found","2026-06-23 22:39:14",1042.8,2,"gayathrirajeev77,nishanthrajandev"
857,16110568,ARES,"2026-06-23 21:08:13",1042.7,2,amith1707
858,15926036,ダルシャン・キラリ,"2026-06-16 05:43:04",1042.0,2,darshankilari
859,16368255,i-aztec,"2026-06-23 23:19:59",1041.9,2,iaztec
860,15653881,"Dmitry Kozlov","2026-06-23 01:18:08",1041.9,2,dkozlov
861,16289535,"To be happy","2026-06-23 16:08:13",1041.3,2,yaokaixinya123
862,15651167,Kujaomega,"2026-06-21 20:34:33",1040.9,2,kujaomega
863,15637168,"Akshat Rai","2026-06-21 11:36:46",1040.8,2,akshatrai07
864,16197180,"Shubham Veer","2026-06-23 14:06:18",1040.7,2,shubhamveer
865,15665463,"[ODS] waniz","2026-06-23 18:52:24",1040.6,2,wanizz
866,15747188,c_fxy,"2026-06-23 02:08:06",1040.6,2,cfxyai
867,15638274,istinetz,"2026-06-23 23:49:57",1040.1,2,istinetz
868,16249692,Fanghhhh,"2026-06-23 05:58:47",1040.0,2,fanghhhh
869,15665779,"Ali Afzal","2026-06-23 23:53:18",1039.8,2,aliafzal9323
870,16118735,Moro,"2026-06-23 17:01:56",1039.8,2,moromoromoro
871,15636478,"Duong Nguyen","2026-06-18 10:20:21",1039.3,2,nguyncdngs
872,16274456,"Influxtion The feesh","2026-06-15 23:06:12",1039.2,2,influxtionthefeesh
873,16063726,nasubiman,"2026-06-22 09:24:21",1039.1,2,yousukenakamura
874,15751498,rererenore,"2026-06-22 12:44:59",1039.1,2,rererenore
875,15664876,shiv,"2026-06-23 23:04:22",1038.8,2,shivaurora
876,15662606,"Kunal Sharma","2026-06-22 19:42:49",1038.7,2,kunalsharma0x
877,16273390,"Patrick Chan","2026-06-23 13:32:01",1038.6,2,drpatrickchan
878,16093343,Hadesgo,"2026-06-23 08:17:03",1038.4,2,hadesgo
879,15864765,"Hrushikesh Pawar","2026-06-18 09:07:06",1038.4,2,hrushikeshpawar
880,16302064,maco-macoo,"2026-06-22 11:58:54",1038.3,2,macomacoo
881,15647142,"Djenk Ivanov","2026-06-23 11:34:11",1038.1,2,djenkivanov
882,15766801,Adam,"2026-06-19 20:59:08",1038.1,2,theerror
883,15885678,GluePickel,"2026-06-23 20:18:35",1037.7,2,gluepickel
884,15659323,"Sergio Alvarez","2026-06-23 19:32:49",1037.7,2,sersasj
885,15634338,akmr,"2026-06-23 15:39:27",1037.5,2,akimaru
886,15651971,"frank S","2026-06-23 23:58:40",1037.4,2,franksunp
887,16127498,"Cam-Luan Truong","2026-06-13 10:17:11",1037.3,2,luantruong
888,15996103,"Data is all you need","2026-06-23 21:54:33",1037.1,2,"weihaohuang2004,zhuanglinchen"
889,16359698,"Evgeny Bratkovsky","2026-06-23 12:26:45",1037.0,2,bratkovskyevgeny
890,16278970,Haumea,"2026-06-23 21:31:29",1036.8,2,chaitanyagullapalli
891,15634612,衛星軌道戦争,"2026-06-23 13:50:32",1036.8,2,kosirowada
892,16370346,"[Win] Cheremsha Zavod","2026-06-23 21:08:16",1036.7,2,"goldian,ox0000dead"
893,15679979,RicardoLópez,"2026-06-23 06:30:01",1036.5,2,richi2489
894,15697824,atom0190,"2026-06-23 21:44:29",1036.4,2,atom0190
895,15706500,Unalloyed,"2026-06-16 15:53:54",1036.1,2,mohammadsaidulislam
896,15703595,"Karan Bhatti","2026-06-23 03:41:52",1035.8,2,sircausticmail
897,15642902,Álvaro,"2026-06-23 05:10:28",1035.4,2,alvaroborras
898,16292174,"Hotaka Ueda","2026-06-23 02:57:40",1035.4,2,uedahotaka
899,16109284,"Umer Haddii","2026-06-23 05:53:36",1035.4,2,umerhaddii
900,15741779,kokinnwakashuu,"2026-06-23 19:18:01",1035.3,2,kokinnwakashuu
901,15943865,"Rasmus Foyer","2026-06-18 16:55:23",1035.0,2,rasmusfoyer
902,16126108,vyap_team,"2026-06-23 18:57:47",1034.9,2,"muttaharjunaid,shayank102"
903,16058972,"Merchant API","2026-06-19 19:23:29",1034.8,2,"cirorussi12,nicolslpez25"
904,15646885,"Mark Slavin","2026-06-23 17:08:09",1034.7,2,markslavin
905,16150560,rsk7732,"2026-06-23 20:40:57",1034.6,2,rsk7732
906,15663212,GURUSU,"2026-06-22 08:50:42",1034.4,2,gurusut
907,16371741,"silence sky","2026-06-23 17:22:33",1034.4,2,silencesky
908,15634263,JaimeF,"2026-06-23 23:56:36",1033.6,2,druidh
909,16024446,MauryanTitans,"2026-06-16 14:10:51",1033.2,2,mouryaarnepalli
910,16242997,"David Ernesto Sierra Serna","2026-06-22 18:33:24",1032.8,2,dsierraserna
911,16250078,Neeraj,"2026-06-20 18:47:30",1032.6,2,nee404
912,15636275,"ömer kiraz","2026-06-23 20:09:30",1032.5,2,merkiraz
913,16370681,ZhangSanMoon,"2026-06-16 09:30:03",1032.5,2,zhangsanmoon
914,15820070,"Shep Scientific","2026-06-23 00:04:59",1032.3,2,shepscientific
915,16299358,Sab,"2026-06-14 05:54:12",1032.1,2,sabyralymbekov
916,16064429,"martin osmani","2026-06-16 13:27:52",1031.9,2,martinosmani
917,16372484,cqupt_sdq,"2026-06-23 17:14:22",1031.8,2,sdq2237
918,16046345,"the shield","2026-06-23 17:44:30",1031.6,2,"mrkdagods,seiftamerheakal"
919,16259444,muelsyse111,"2026-06-22 10:12:02",1031.6,2,muelsyse111
920,15637429,"Heisenberg cooks mAth","2026-06-22 19:59:01",1031.6,2,garnikdavtyan
921,15904884,Luo,"2026-06-23 17:12:18",1031.5,2,chaoqiluo7
922,15639122,yaphanqiii,"2026-06-23 14:22:56",1031.5,2,yaphanqiii
923,15634526,"Mohamed Amine Aichaoui","2026-06-21 18:07:59",1031.0,2,mohamedamineaichaoui
924,16067443,"oh,no","2026-06-23 11:58:20",1031.0,2,"ayaka2333,ddbuns,huangshunhao,yu12yu12"
925,15914294,"Andrej Orsula","2026-06-23 06:54:31",1030.9,2,andrejorsula
926,16372503,Lixin73,"2026-06-23 13:40:05",1030.8,2,"lingyu07,lixin73"
927,15968879,"Lance Wu","2026-06-23 17:47:36",1030.5,2,lancewu722
928,16255416,"Jeffri Jeevan","2026-06-23 19:16:32",1030.3,2,"jeffrijeevan,konichiwasepogaichi"
929,15640975,"Ray Kagué","2026-06-21 11:42:17",1030.1,2,biostars
930,15672444,surumenDD,"2026-06-23 03:07:13",1029.8,2,surumendd
931,15634676,porply,"2026-06-21 08:59:15",1029.6,2,porply
932,15926183,MatDamDu,"2026-06-17 14:32:17",1029.6,2,matdamdu
933,15640140,"Hiểu Vy","2026-06-23 19:28:42",1029.5,2,thangnm1
934,15694728,Taha,"2026-06-20 15:36:26",1029.4,2,tahaalam2009
935,16287542,Star-Lord,"2026-06-23 19:41:36",1029.4,2,hrishikeshdhuri19
936,15739076,"jcg web","2026-06-23 17:29:50",1028.9,2,jcgweb
937,16071701,"Give up guys","2026-06-20 12:50:45",1028.1,2,"danbth,datuet"
938,15976664,IC2,"2026-06-23 21:13:23",1028.0,2,jonathanchan
939,16373554,"Leo #2","2026-06-23 12:54:56",1027.8,2,leo123321
940,15661437,Cephalopod,"2026-06-17 17:12:38",1027.6,2,keremaliavciolu
941,15998454,"Gorilla Wakayama","2026-06-23 06:58:44",1027.3,2,gorillawakayama
942,15637292,"Gregor Samsa","2026-06-23 18:28:49",1027.1,2,ivankuc
943,15649132,rick,"2026-06-22 23:35:23",1026.3,2,rick0000
944,15635087,"Dingrong Xue","2026-06-23 09:23:14",1025.9,2,dylanxue04
945,15796798,"M & L","2026-06-23 08:55:55",1024.7,2,"hyh273279,jallll123"
946,16087868,tobhull,"2026-06-17 04:51:31",1024.7,2,tobhull
947,16214368,tensorlike,"2026-06-22 13:48:15",1024.6,2,"echoverse1,neonflux,tensorlike"
948,15635335,Tshithihi.,"2026-06-23 17:25:50",1024.5,2,nawfeelrahman1124444
949,16253595,"Uchiha Eren","2026-06-23 10:12:35",1023.9,2,lucsanjay
950,16244938,"James Christian","2026-06-23 05:24:26",1023.6,2,kenkaocwl
951,15916686,Itong,"2026-06-07 19:48:48",1023.5,2,itong1900
952,16254893,Ricardo.M.Zhang,"2026-06-23 13:33:23",1023.3,2,ricardomzhang
953,16334381,Syhhhhhhhhhhhh,"2026-06-23 10:31:48",1023.2,2,syhhhhhhhhhhhh
954,15773696,新米エンジニア十一号,"2026-06-23 22:42:26",1023.1,2,newriceengineer11th
955,16237593,goldgoldgold,"2026-06-19 18:21:37",1022.9,2,some123e23
956,15647211,"Bogdan Kovenko","2026-06-23 01:20:30",1022.8,2,bogdan355
957,16252113,"Water Xiao","2026-06-23 06:37:59",1022.6,2,waterxiao
958,16207999,Kazeneko,"2026-06-23 12:00:55",1022.5,2,kazeneko77
959,15802380,Tien-Thinh,"2026-06-23 22:59:01",1022.2,2,tienthinh
960,15998570,miya,"2026-06-23 17:45:18",1022.0,2,miyamuratakeki
961,16098021,Ajay_Rao_43,"2026-06-23 01:53:39",1020.9,2,ajayrao43
962,16365290,"Anhad Mahajan","2026-06-22 18:16:50",1020.5,2,anhadmahajan06
963,15636015,"Harshit Gupta","2026-06-23 14:55:21",1020.4,2,ancientluck
964,16369301,matcha110,"2026-06-23 16:55:56",1020.4,2,matcha110
965,15840358,yunus_bayram_kagle,"2026-06-21 21:28:29",1020.1,2,yunusbayramkagle
966,16210779,Manat,"2026-06-23 13:23:27",1020.1,2,manatoshoji03
967,15828992,"SiR. Leep Lepp","2026-06-21 11:16:31",1020.1,2,sirleeplepp
968,15651157,"Seok, Jeongeum","2026-06-23 11:12:05",1020.1,2,seokjeongeum
969,15644512,fgwiebfaoish,"2026-06-23 13:20:46",1018.8,2,fgwiebfaoish
970,15637428,寿!,"2026-06-23 22:57:52",1018.6,2,taka3776toshi
971,16061064,AndiArvy,"2026-06-23 23:27:00",1018.6,2,andiabdillah
972,15634859,"Pawan Rama Mali","2026-06-23 23:10:52",1018.4,2,pawanmali
973,15683463,Eduardo,"2026-06-23 08:20:00",1018.0,2,quesofresco
974,15912693,Artem1410,"2026-06-22 19:00:25",1018.0,2,anazemcev
975,16368635,"qi yun","2026-06-21 20:20:04",1017.9,2,qiyun280
976,15784787,"TABOUT MHAMED","2026-06-23 18:13:46",1017.0,2,taboutmhamed
977,16332726,"BNBU Anpeng Yuan","2026-06-23 00:52:24",1016.7,2,chesteryuan
978,16330643,"Jared Williams","2026-06-17 16:58:44",1016.5,2,monkeydesigner
979,15655391,Giba,"2026-06-23 21:36:57",1016.4,2,titericz
980,16074219,Vanguard,"2026-06-23 06:12:33",1016.3,2,demongs
981,16299891,"Dmitry Belan","2026-06-22 10:41:23",1015.8,2,dimong4
982,15636465,"Raunak Dey","2026-06-23 14:07:43",1015.6,2,raunakdey07
983,16261939,"Dhe Yeong","2026-06-22 04:45:25",1015.6,2,dheyeong
984,16110527,"Taichi Kitajima","2026-06-20 22:54:51",1015.5,2,taichikitajima
985,15670991,sue124,"2026-06-23 23:51:32",1015.3,2,ryotasueyoshi
986,16326556,Q1du,"2026-06-23 14:44:29",1015.3,2,zjecust
987,15660973,nonchalanttt,"2026-06-23 09:16:52",1014.7,2,nonchalanttt
988,15909530,"tine.sh agent","2026-06-23 20:55:00",1014.6,2,sidcodegg
989,16049641,"Zhengkang Mei","2026-06-20 07:08:32",1014.6,2,zhengkangmei
990,15637607,Naoism,"2026-06-23 02:41:41",1014.4,2,naoism
991,15673145,"Sean Jones","2026-06-12 01:26:25",1014.2,2,seanjones444
992,15671412,"Chattso-GPT (Yasuhito Yanagisawa)","2026-06-23 16:48:41",1014.1,2,yasuhitoyanagisawa
993,16115745,=,"2026-06-11 11:38:41",1013.4,2,its6ueq
994,15635281,"Shiv Satyam","2026-06-23 03:07:05",1013.1,2,shivsatyam
995,15871060,qizhenguo,"2026-06-23 23:38:10",1012.7,2,qifei121243121243
996,16100954,"Nhat Minh","2026-06-23 13:33:22",1012.5,2,phmnhtminhuet
997,15663532,"Yusupov Shokhrukh","2026-06-23 16:55:11",1012.3,2,trf097
998,15661372,atom,"2026-06-23 20:26:23",1012.1,2,umcolin
999,16072294,"Neeraj Kumar","2026-06-23 20:41:41",1011.2,2,"ghugehardik,neeraj8180"
1000,16286995,wsdsby,"2026-06-23 16:17:32",1010.9,2,"nuonuozong,wsdsby,xuedengliu,yipenghoo,zhaozhe0907"
1001,15663082,hazy_viper,"2026-06-22 23:23:16",1010.7,2,ttsuyaogawa
1002,16268779,江东,"2026-06-23 15:19:55",1010.6,2,niubi666
1003,16094419,"Om Kharate","2026-06-22 10:38:20",1010.4,2,omkharate
1004,15718979,"Mykola Nelin","2026-06-23 23:32:32",1010.4,2,mykolanelin
1005,16274515,JustinybGao,"2026-06-23 15:27:37",1010.2,2,justinybgao
1006,15635502,"Timmy Juicehouse","2026-06-23 13:22:33",1010.0,2,sweetyheehee
1007,15659430,"Longkun Shi (Candyman)","2026-06-21 03:43:50",1009.9,2,"heiyuz,jacksonhuang666,longkunshicandyman,winbeaux"
1008,15930526,"Zaakcii Ru","2026-06-23 11:53:21",1009.8,2,zaakciiru
1009,16350280,optivecto,"2026-06-23 14:48:49",1009.4,2,"baodewen,bengao,linkcccc,optivecto"
1010,15735036,citizensnips,"2026-06-13 03:11:40",1009.2,2,mbandara
1011,16264006,Immeomin,"2026-06-18 02:36:26",1009.2,2,immeomin
1012,16301418,"Mahdi F.","2026-06-22 09:08:25",1009.1,2,mfmfmf3
1013,15743037,"rofl wars","2026-06-22 17:49:14",1008.4,2,obosrish
1014,16159157,takotakosan,"2026-06-16 13:03:07",1008.4,2,takotakosan
1015,15855469,pensukesan,"2026-06-23 22:39:13",1008.3,2,pensukesan
1016,15670873,LvBingrong,"2026-06-23 10:27:07",1008.3,2,"lvbingrong,oralia"
1017,15654560,"Zachary Maronek","2026-06-23 17:54:27",1007.9,2,zacharymaronek
1018,15684743,Retlinac,"2026-06-14 22:45:04",1006.8,2,johninan
1019,16266154,weichy7,"2026-06-23 06:35:08",1006.7,2,weichy7
1020,16021918,"Victor Merckle","2026-06-23 23:12:13",1006.6,2,vmerckle
1021,15636135,"Mike Kim","2026-06-23 23:55:49",1006.6,2,mikeskim
1022,15643371,Ali,"2026-06-23 09:05:03",1006.5,2,asalhi
1023,15669001,Ayodeji,"2026-06-23 14:54:54",1006.4,2,ayodejiibrahimlateef
1024,15669028,rezielux,"2026-06-23 20:17:13",1006.3,2,marcoturex
1025,15648269,"Mert Bayraktar","2026-06-10 07:33:48",1006.2,2,mertbayraktar
1026,15641139,Kronki,"2026-06-23 12:00:42",1006.2,2,kronki
1027,15640794,yok,"2026-06-17 02:50:51",1005.4,1,yokoinaba
1028,15644501,"PER CODEX AD ASPERA","2026-06-23 16:24:23",1004.7,2,"fleongg,maxparev,nikitakuznetsof,zoli800"
1029,15633999,Jimmer,"2026-06-23 22:17:41",1004.4,2,przemysawonr
1030,16368470,"Shivcharanraju Anga","2026-06-23 19:20:10",1004.3,2,shivcharanrajuanga
1031,15634947,Thinker,"2026-06-23 17:44:52",1004.3,2,"dgaodiao,kirakoko,lemomew,linkinpony"
1032,15872294,"Chenyu Wang","2026-06-23 16:04:42",1004.1,2,ataraxyyeah
1033,15795164,Bonferroni,"2026-06-22 05:48:47",1003.8,2,deepaksaldanha
1034,16170058,dynatrixa,"2026-06-22 11:40:10",1003.7,2,"datacinder7,dynatrixa,veltronic"
1035,16289376,"Vatche Thorossian","2026-06-17 06:22:11",1003.6,2,vatchethorossian
1036,16010167,IAI-RL-IX,"2026-06-09 10:16:53",1003.2,2,"lmcanh,martamgesha,sinhdavid"
1037,15913338,"Manav Trivedi","2026-06-11 08:09:59",1003.1,2,manavtrivedi
1038,16020084,"Le Trong Hieu","2026-06-23 16:07:14",1003.1,2,backtracking
1039,16098134,"Takayuki Nishimura","2026-06-23 15:36:19",1002.9,2,"atsu0905,kazukazupi,koro2jp,nisshimura,rikuter67"
1040,15793556,Ken_Ken_Pa,"2026-06-23 13:01:00",1002.4,2,kenkenpa
1041,16239104,萤火2018,"2026-06-21 12:10:25",1001.6,2,aiwody
1042,16375398,"Amged Alfaqih","2026-06-23 23:25:21",1001.4,2,AmgedAlfaqih
1043,16106263,kk.sky.9k,"2026-06-23 12:52:18",1001.2,2,kksky9k
1044,15636683,lo3bet_tayyarat,"2026-06-23 20:45:17",1000.5,2,"abdoubenromdhane,iadhjarray,truthminer"
1045,15641420,"jorge fabian avila","2026-06-22 23:41:29",1000.1,2,jorgefabianavila
1046,15638305,kusui26,"2026-06-23 22:46:47",1000.0,2,kusui26
1047,15639725,Kirderf,"2026-06-23 14:13:54",999.6,2,kirderf
1048,16350646,"Charles WangMingxi","2026-06-23 17:18:53",999.4,2,charleswangmingxi
1049,16287036,"Anatoly karpov","2026-06-23 17:49:44",998.9,2,kenjimelhem
1050,16157026,mywind,"2026-06-22 13:57:52",998.8,2,mywind
1051,16375081,outend,"2026-06-23 23:45:25",997.9,2,outend
1052,15665346,"T Soo","2026-06-23 19:55:02",997.5,2,ttgrcgrc
1053,16035136,IAI-RL-NapNap,"2026-06-09 05:04:30",997.4,2,"edwardgaming,panh11032004,thuylinhthai"
1054,15723578,taopy2,"2026-06-23 14:44:55",997.4,2,taopy2
1055,15941157,Haru,"2026-06-23 20:18:01",997.2,2,quadpartisan
1056,16346379,"SAMOILOV MIKHAIL","2026-06-23 09:37:11",997.0,2,samoilovmikhail
1057,15833000,ulasdesouza,"2026-06-21 16:57:22",997.0,2,ulasdesouza
1058,16278472,"Đăng Bùi","2026-06-09 15:23:58",996.5,2,buidang
1059,15635523,insuperabilehart,"2026-06-23 12:36:28",995.7,2,insuperabile
1060,15752595,"Jin Niu","2026-06-23 13:33:41",994.9,2,gufanmingmie
1061,15852068,webjdi,"2026-06-23 17:39:09",994.7,2,webjdi
1062,15817191,"A. R. SEKKAT","2026-06-23 11:15:08",994.6,2,arsekkat
1063,16138810,Ray,"2026-06-22 13:57:26",994.0,2,ruihaokaggle
1064,16372944,"Dodep Wars @dzis_science","2026-06-23 19:37:42",993.7,2,dzisandy
1065,16369169,"Adnan Zaman","2026-06-23 21:57:54",993.6,2,adnanzamanniloy
1066,16300538,sasaaaa,"2026-06-23 12:23:40",993.6,2,fieldhh
1067,16028996,IAI-RL-Tlm71,"2026-06-09 06:25:06",993.5,2,huyhuy12334
1068,16330753,"atila vahedian","2026-06-14 05:55:51",993.2,2,atilavahedian
1069,16082639,"Gain John","2026-06-11 07:34:03",993.0,2,gainjohn
1070,15768884,Doug,"2026-06-06 16:29:38",992.8,2,dougsgrott
1071,16235454,"God Bless Me🙏","2026-06-23 17:27:55",992.8,2,jackylw
1072,15664183,"Amir Tavasoli","2026-06-13 16:06:15",992.1,2,amircs
1073,16131893,"Nur Srijan","2026-06-19 17:36:54",992.0,2,nursrijan
1074,15634946,Pascal,"2026-06-23 07:12:19",991.6,2,pascalledesma
1075,15646772,"Jean-Louis Roy","2026-06-18 21:35:29",991.6,2,jeanjean111
1076,16018205,"Priestess 🏆","2026-06-22 00:24:53",990.7,2,kalypheus
1077,15888042,StudyExchange,"2026-06-22 03:51:45",990.5,2,studyexchange
1078,16213379,Arun,"2026-06-23 17:03:16",990.4,2,arun8ovfjfdr6
1079,15639022,theredbluepill,"2026-06-23 19:44:00",990.3,2,poonszesen
1080,16301549,"Ray Lao","2026-06-12 16:24:48",990.0,2,raylaomo
1081,15636906,"Code by Nadiia","2026-06-16 10:54:17",989.9,1,codebynadiia
1082,16327712,URAD,"2026-06-23 04:30:42",989.9,2,uradkr
1083,15634756,"Shivam Singh","2026-06-21 09:37:52",989.8,2,shivamsingh17072001
1084,16372054,"Yanshu Patel","2026-06-23 09:44:41",989.8,2,yanshupatel
1085,15638722,"Yash Marathe","2026-06-22 14:46:31",989.6,2,maratheyash
1086,16054155,"Yusuke Takeuchi","2026-06-23 17:56:58",989.1,2,yusuketakeuchi828
1087,16333641,"dunky su","2026-06-15 02:21:05",988.8,2,dunkysu
1088,16231228,PrtkPiyush,"2026-06-23 09:27:17",988.8,2,prtkpiyush
1089,16218385,Flyfish666,"2026-06-23 14:05:50",988.8,2,flyfish666
1090,16019628,planetWARS,"2026-06-09 13:18:28",988.7,2,"cunmincut,lynguynthminh,thanhhuyen197abs"
1091,16218406,nyanracingcat,"2026-06-23 20:10:40",988.3,2,earl28
1092,15937136,"Lucien de Rubempre","2026-06-23 18:20:00",988.1,2,lucienderubempre
1093,16049797,"My name is Shaaafiii!!!","2026-06-23 10:01:43",987.6,2,abshafi2021
1094,16095736,"Ashwin Shirke","2026-06-08 11:46:55",987.6,2,ashwinshirke
1095,15650244,"Daniel Bekker","2026-06-23 23:58:04",987.3,2,danielbekker
1096,15634758,"Mille Initiate","2026-06-23 08:00:03",987.1,2,milleinitiate
1097,16007301,IAI-RL-DirtyDozen,"2026-06-08 06:26:19",986.8,2,"deathspawn,dungpham150605,pewp123"
1098,15645686,"Adrián Melic","2026-06-23 01:43:13",986.8,2,adrianmelic
1099,15812257,Mr.キノコ,"2026-06-18 06:09:52",986.2,2,mrkinoko
1100,15742068,SkyL,"2026-06-10 07:56:20",986.1,2,johanalmpanis
1101,15667103,"Kamran Ahmed","2026-06-23 15:55:10",985.8,2,kami1976
1102,15670381,"Umair Zia","2026-06-19 15:49:33",985.6,2,stealthtechnologies
1103,16368574,benhur0905,"2026-06-23 18:47:51",985.3,1,benhur0905
1104,16140125,w d j y 123456,"2026-06-22 08:56:14",985.2,2,wdjy123456
1105,16127811,Pim,"2026-06-23 15:36:40",985.0,2,monkeyplaying
1106,16297270,sottnik,"2026-06-19 06:20:14",984.4,2,sottnik
1107,16207230,"Henry Nieves","2026-06-18 19:25:43",984.3,2,"henrynieves,jchartier,kiliant7"
1108,16264028,Wayne_127,"2026-06-23 14:12:07",984.2,2,wayne127
1109,16159913,st3ffix,"2026-06-08 14:54:52",984.1,2,st3ffix
1110,16233425,julymarc,"2026-06-23 21:22:04",984.0,2,julymarc
1111,16169603,lvisdd,"2026-06-23 11:12:05",983.8,2,lvisdd
1112,15634534,clora,"2026-06-09 23:07:08",983.2,2,clora16
1113,15636724,c0sm1c,"2026-06-23 17:29:31",983.1,2,"emtovo,tanghao111,zenosga"
1114,16007900,tc-al,"2026-06-23 23:48:54",983.0,2,bobmyersthesecond
1115,16023232,CLJY_2026,"2026-06-23 09:24:28",983.0,2,cljy2026
1116,16055895,uctpexx123,"2026-06-11 11:35:14",982.2,2,uctpexx123
1117,16159214,JosephMontana,"2026-06-10 03:32:11",982.2,2,josephmontana
1118,16276213,IAI-RL-05,"2026-06-09 10:39:54",982.0,2,phuongnguyen1969
1119,15641425,"Santiago Maniches","2026-06-09 10:50:52",981.6,2,santmani
1120,15777445,"Beyond Logic","2026-06-23 12:51:32",981.6,2,beyondlogic
1121,15938740,"Darth Sidious","2026-06-23 01:46:06",981.4,2,sidsriv
1122,15658630,siman,"2026-06-12 20:55:39",981.2,2,simann
1123,16290916,"russkie supergeroi","2026-06-13 20:39:46",981.1,2,arseniykalashnikov
1124,15636548,"Vladislav Lavrentev","2026-06-21 10:52:08",980.6,2,lightningv08
1125,15856477,"sidong king","2026-06-23 02:50:40",980.6,2,"sidongking,yangwuliao"
1126,16209614,shash20124,"2026-06-05 17:38:26",980.5,2,shash20124
1127,15947892,N_noa21,"2026-06-19 11:36:49",980.5,2,nnoa21
1128,16270256,"Smmyth Kallony Mendes de Albuquerque","2026-06-23 23:40:12",980.3,2,smmyth
1129,16373639,autumnhong,"2026-06-16 15:58:11",979.7,1,autumnhong
1130,16276686,WFlags,"2026-06-23 21:42:47",979.6,2,radumarinion
1131,16281969,"Mason Cao","2026-06-23 19:50:08",978.4,2,mzcao7
1132,16288440,"Low Taper Fade","2026-06-23 09:47:32",978.2,2,"aceofstades,cycl0p5"
1133,16254320,"Jack Etheredge","2026-06-09 20:41:05",977.9,2,jacketheredge
1134,15633837,rkd,"2026-06-23 23:20:30",977.8,2,ryookd
1135,15759713,"Druzhin Timofei","2026-06-15 07:07:32",977.7,2,icetol
1136,15732082,Light&Thunder,"2026-06-23 20:34:11",977.6,2,yerne39
1137,16259929,"Michael Pershin","2026-06-23 17:49:13",977.6,2,michaelpershin
1138,16374519,"Sridhar C","2026-06-23 17:36:04",977.0,2,sridharchinnasamy
1139,16373015,Solstfice,"2026-06-22 14:58:03",976.9,2,"horizon0,mexriva,solstfice,ssaakura"
1140,15953619,"Jonathan Roy","2026-06-19 12:14:43",976.8,2,jonathanroy7
1141,16268826,aurora/secret,"2026-06-21 11:10:41",976.3,2,shorooghahmadi
1142,16002831,IAI-RL-Checkm8,"2026-06-09 17:19:08",976.1,2,"legend0fhell,minhqunbi,trngphanquang"
1143,15634620,"Jing Hua","2026-06-07 01:55:34",975.9,2,linyeping
1144,15732319,Lookwhat,"2026-06-07 03:45:33",975.6,2,"aidemartin,lookwhat"
1145,15998118,"Jiahui Qu","2026-06-23 05:54:06",975.3,2,qujiahui
1146,15741311,"Dimas Pasha Akrilian","2026-06-16 06:14:30",975.2,2,dimaspashaakrilian
1147,15634388,没落者,"2026-06-23 23:18:29",974.8,2,needless090
1148,16342294,"Yihan Guo","2026-06-14 15:41:22",974.4,1,yihanguo
1149,15823148,神様,"2026-06-05 08:41:06",974.3,2,rubiakaslana
1150,15816871,Emre,"2026-06-22 12:12:06",974.2,2,emre690
1151,16112660,"Artyom Sosnin","2026-06-05 11:10:47",974.2,2,artyomkas
1152,15725094,tumbledsea,"2026-06-23 04:13:19",974.0,2,tumbledsea
1153,15663868,HongyuChen123321,"2026-06-23 05:58:48",974.0,2,hongyuchen123321
1154,15640822,"Ioannis M","2026-06-19 16:03:35",973.5,2,imeintanis
1155,16234397,@dity!G@=r,"2026-06-22 22:42:08",973.4,2,ditygr
1156,15901736,"Saksham Sirohi","2026-06-17 11:41:26",973.4,2,sakshamsirohi
1157,16037691,croissant,"2026-06-23 23:30:44",973.4,2,znwe342
1158,15663073,Eissam.0,"2026-06-12 15:12:34",973.1,1,eissam0
1159,15842481,Shin7jp,"2026-06-20 03:05:26",972.8,2,shin7jp
1160,16219820,AchernarAW,"2026-06-07 11:18:30",972.7,2,achernaraw
1161,16136140,"This cat is called Fumi","2026-06-23 15:11:31",972.6,2,qwer556617123
1162,16096906,LiyunZhang10,"2026-06-23 03:54:59",972.4,2,liyunzhang10
1163,16270330,"Konstantin Schillhorn","2026-06-12 18:23:26",972.4,2,konstantinschillhorn
1164,15741853,子非秋月,"2026-06-16 10:27:46",972.3,2,"yetaoyu,zifeiqiuyue"
1165,16037097,enddl22,"2026-06-20 04:04:36",972.0,2,enddl22
1166,16080808,S4K50M,"2026-06-18 17:20:03",972.0,2,setiasaksham
1167,16352666,Gowtham,"2026-06-23 14:45:41",972.0,2,gowtham66866
1168,16112137,Jaman-kun,"2026-06-07 14:52:22",971.9,2,yuyasakaguchi
1169,15664101,"Galuh Mafela","2026-06-23 18:14:44",971.8,2,pentol
1170,16277688,ljx59141421,"2026-06-12 03:32:35",971.8,2,ljx59141421
1171,16300465,"Kane Shi","2026-06-21 02:05:07",971.3,2,shiyikai
1172,15671546,ush,"2026-06-17 05:41:33",971.1,2,kusuha
1173,15667160,"Baseer Shah","2026-06-23 23:56:51",970.9,2,baseershah
1174,15877221,"Juan José Fernandez Morales","2026-06-15 09:21:47",970.6,2,juanjfndz
1175,16369445,"Vaibhav Sharma","2026-06-16 05:55:34",970.6,2,vaibhavsharma3012
1176,15650949,"Gromozeka 400 Drops","2026-06-23 10:33:49",970.5,2,samvelkoch
1177,15635066,AidenSong123,"2026-06-10 20:56:03",970.3,2,aidensong123
1178,15734012,"Time go fishing👎","2026-06-23 22:49:06",970.0,2,nihilisticneuralnet
1179,16133600,vvhan,"2026-06-21 01:14:49",970.0,2,joovvhan
1180,16017726,Sulu,"2026-06-23 19:41:48",969.8,2,sinanulu
1181,16228703,Carbon,"2026-06-05 18:29:54",969.5,2,carbon1024
1182,16032366,"Amr Yasser","2026-06-17 08:45:21",969.5,2,amryasswe
1183,15645650,"Muhammad Ibrahim Qasmi","2026-06-08 09:37:42",969.4,2,ibrahimqasimi
1184,16276390,fore_castle,"2026-06-13 11:24:34",969.1,2,forecastle
1185,15634114,"Kamal Das","2026-06-23 18:33:01",969.0,2,kmldas
1186,15759013,CarlosP~,"2026-06-19 16:48:59",968.9,2,carlospolanco00
1187,15634312,4eta,"2026-06-22 15:18:24",968.9,2,bio4eta
1188,15864400,SQLRockstar,"2026-06-23 20:23:00",968.4,2,sqlrockstar
1189,15663344,"Soon woo Kwon","2026-06-11 00:22:05",968.3,2,gold0827
1190,15646621,PixelPuff,"2026-06-18 18:18:20",968.3,2,krishpatel290895
1191,15643178,"Brothers of Creations","2026-06-23 19:08:04",967.7,2,"kishorkumarkkrr,praveensivanandham,rahulrathnavel"
1192,16261140,"Peter Nelson Subrata","2026-06-16 09:34:05",967.6,2,pewqter
1193,15648596,hongan,"2026-06-05 05:59:22",967.0,2,honganzhu
1194,16008088,"wking edewd","2026-06-11 02:47:38",966.3,2,wkingedewd
1195,15642309,Jett,"2026-06-07 00:22:04",966.2,2,drkongvis
1196,15661072,"Shien Zhang","2026-06-07 18:00:31",966.1,2,"shienzhang,zsyuuuu"
1197,16062173,"Qing Yang","2026-06-23 01:23:40",966.0,2,drqingyang
1198,15658046,Foxbun,"2026-06-23 06:35:56",965.9,2,phucthaiv02
1199,15981945,"Togawa Sakiko","2026-06-23 18:46:19",965.9,2,neowehgi
1200,15825955,LEEKANG,"2026-06-19 08:30:20",965.5,2,poby7722
1201,16149586,sadbody123,"2026-06-15 08:08:49",965.2,2,sadbody123
1202,15644060,"Orbital Supremacy","2026-06-12 10:32:29",964.9,2,neginfirouzi
1203,15654987,"Abdul wahab Khan","2026-06-13 13:40:24",964.1,2,abdulwahab2321
1204,15982775,星之海,"2026-06-23 01:52:43",964.0,2,"lil00000,web3cainiao"
1205,16370254,Breaking1800,"2026-06-23 22:37:05",964.0,2,breaking1800
1206,15641589,CuteClaw,"2026-06-20 16:32:01",963.8,2,bloodmoonwq
1207,15865422,"Rostom Bouabdallah","2026-06-12 13:49:49",963.7,1,brostommk
1208,16042804,Brishian,"2026-06-22 13:46:51",963.6,2,brishian
1209,15647637,Penguin,"2026-06-23 08:07:40",963.5,2,penguin069
1210,16253702,hiong-e,"2026-06-11 01:38:32",963.3,2,hionge
1211,15636481,"Fedor Baart","2026-06-22 20:01:16",963.3,2,fedorbaart
1212,15732695,Magmucot,"2026-06-04 08:32:22",963.1,2,magmacot
1213,15962246,goodpjw2008,"2026-06-23 13:58:51",962.8,2,goodpjw2008
1214,15894820,"Basu Hela","2026-06-17 05:16:04",962.8,2,basu1999
1215,16003404,"Stefan Schulmeister","2026-06-15 07:33:37",962.4,2,stefanschulmeister87
1216,15993267,sohasoha42,"2026-06-21 03:38:54",961.8,2,sohasoha42
1217,15944566,waticson,"2026-06-22 15:01:15",961.7,2,yutodennou
1218,16241307,Tyooughtul,"2026-06-23 15:55:50",961.4,2,yooughtul
1219,16307277,胡萝卜,"2026-06-23 14:08:19",961.2,2,carrotvc
1220,16038235,"ELEPHANT HEAD","2026-06-23 22:27:09",961.1,2,"naganumajun,shakiace"
1221,16304205,"Cameron Warrennn","2026-06-23 13:31:29",961.0,2,cameronwarrennn
1222,15813774,"Ceshine Lee","2026-06-21 01:27:51",961.0,2,ceshine
1223,15636339,horizen12,"2026-06-06 13:47:22",960.8,2,horizen12
1224,16108594,dndhukn,"2026-06-21 03:51:24",960.4,2,"dndhukn,remoen152"
1225,15927096,"Infrared fall","2026-06-21 06:42:58",960.3,2,infraredfall
1226,15971292,IAI-RL-Beginner,"2026-06-07 09:56:54",960.1,2,"hungvv109,ngxunmnh"
1227,15732564,"Jeeta Nandi ","2026-06-20 09:23:14",960.0,2,jeetanandi
1228,15667326,OzanM.,"2026-06-23 15:24:18",959.7,2,analyticaobscura
1229,15703789,"Klgv Klgv","2026-06-10 06:16:55",959.5,2,klgvklgv
1230,16041274,IAI-RL-MT,"2026-06-08 15:36:04",959.4,2,maiconht
1231,16238232,XuguuZzz,"2026-06-13 07:15:27",959.1,2,xuguzz
1232,16286898,AM,"2026-06-12 07:00:36",959.0,2,cassinicraft
1233,15637533,wala,"2026-06-22 18:00:59",958.9,2,walafr
1234,15743050,gosaut,"2026-06-06 01:32:33",958.5,2,gosaut
1235,16300941,"Tarun Rai","2026-06-11 12:14:54",958.3,1,tarunrai9
1236,15634603,Takoi,"2026-06-22 01:35:28",958.2,2,takoihiraokazu
1237,15982890,"Sai Venkata Ganesh Bandaluppi","2026-06-21 00:25:10",957.7,2,saivenkataganeshb
1238,16226915,kernlst92,"2026-06-22 13:12:42",957.6,2,"kernlst92,laatentia,plasmoryx"
1239,16235976,"Kurang Tawu","2026-06-23 10:46:18",957.2,2,"arizalfirdaus123,neevvv"
1240,15637090,"Kha Vo","2026-06-23 18:30:00",957.1,2,khahuras
1241,16255732,"Kimi Duan","2026-06-07 05:49:34",957.1,2,kimiduan
1242,15865008,"Luciano Peralta","2026-06-22 22:03:45",957.0,2,lucianobastidas
1243,16290209,"Vincent Sirius","2026-06-12 11:41:48",957.0,2,rdxsun
1244,16239575,stochar,"2026-06-16 14:58:51",956.8,2,"bayerfe,quantforge12,stochar,sunning11"
1245,15936343,TakatoPhy,"2026-06-13 06:23:40",956.8,2,takatophy
1246,16238079,JezzLynn,"2026-06-05 14:09:15",956.5,2,jezzlin
1247,15859529,"Nicolai Karcher","2026-06-23 23:53:28",956.5,2,pejophylo
1248,16235730,"Tomas Diaz","2026-06-23 03:08:01",956.4,2,tomasdiaz
1249,16062895,"LI YIYANG829","2026-06-19 19:18:49",956.1,2,liyiyang829
1250,16158352,永楽sec,"2026-06-22 19:54:47",956.1,2,"q1n9huan,sy2026"
1251,15700820,"Manish Kumar Kumawat","2026-06-23 03:22:28",956.0,2,manishkkumawat
1252,15634178,"Udit Jain","2026-06-18 10:47:28",956.0,2,uditjain13
1253,15806122,"Nishant Raj","2026-06-23 14:49:19",955.8,2,nishant30488
1254,15750137,"Solar Man","2026-06-20 07:18:33",955.8,2,hassaansaqib
1255,16298938,"masha lisafss","2026-06-11 08:34:35",955.7,1,mashalisafss
1256,16250190,digimagi,"2026-06-23 00:13:39",955.6,2,digimagi
1257,16087662,"KUNIHIRO TABATA","2026-06-12 13:10:44",955.6,2,kunihirotabata
1258,16372202,XZ,"2026-06-23 23:53:22",955.6,2,xuanzhang001
1259,15732318,nybbler,"2026-06-08 16:56:53",955.3,2,nybbler
1260,15689303,"junseok lee","2026-06-05 13:52:15",955.3,2,jaslee2
1261,15648896,"Kaggle Agent","2026-06-08 03:46:17",955.2,2,jiweiliu
1262,16118518,"Omprakash Patra","2026-06-23 10:12:37",954.7,2,omprakashpy
1263,15634931,"Charismatic Pizza Party🍕","2026-06-23 06:36:20",954.6,2,debugendless
1264,15642450,"Made a Beautiful Bouquet","2026-06-12 01:16:26",954.3,2,zaiwubian
1265,15670606,HK,"2026-06-21 01:37:38",953.7,2,hizurukonishi
1266,16305784,"Avni Mittal","2026-06-14 00:04:06",953.2,2,avnimittal
1267,16282886,Purpel,"2026-06-10 07:30:38",953.2,2,shanayasharma75
1268,16372259,meatori-nu,"2026-06-23 19:47:03",953.1,2,meatorinu
1269,16257075,LiamKirwin,"2026-06-23 22:55:22",952.9,2,lpkirwin
1270,15639083,"OrbitalDominator 🚀","2026-06-23 22:59:31",952.7,2,aleksanderhan
1271,16193177,"Star Colliders","2026-06-22 03:33:54",952.6,2,"wuliao0,wuwei12"
1272,15653913,"TJ | D","2026-06-23 15:05:36",952.5,2,"daulettoibazar,truthmaker"
1273,15732677,"Aman Atar","2026-06-22 15:59:47",952.4,2,amanatar
1274,16186116,KongKongDe,"2026-06-07 17:31:28",952.4,2,kongkongde
1275,15768722,KickStart57,"2026-06-23 00:01:29",952.4,2,kickstart57
1276,16256506,Kuhnkuhn,"2026-06-15 02:52:37",952.2,2,kuhnkuhn
1277,16057907,"R2D2 DEVELOPERS","2026-06-21 13:49:53",951.6,2,"avivhochman,shaharab9"
1278,15670876,沈奇233,"2026-06-12 12:59:54",951.5,2,sqqs123
1279,15889988,islet,"2026-06-16 00:21:03",951.5,2,kojimar
1280,16193645,"Clawdy Huang (Andy's AI)","2026-06-21 00:07:57",951.2,2,clawdyhuang
1281,15664074,"Ryan Tuosto","2026-06-12 03:52:14",951.0,2,ryantuosto
1282,15637055,Ttkuma,"2026-06-20 01:29:07",950.8,2,ttkuma
1283,16207787,Foxlape,"2026-06-10 05:51:35",950.5,2,foxlape
1284,16333900,KSuzu,"2026-06-14 17:18:38",950.2,2,ksuzuki8021
1285,16258472,"Go All Out","2026-06-08 14:02:15",950.2,2,"easonwang21,oliver34"
1286,15671037,ianwulalala,"2026-06-23 02:47:23",950.0,2,ianwulalala
1287,16197686,GeniusYY,"2026-06-23 10:42:04",950.0,2,alexyy
1288,16038978,Kaoru,"2026-06-23 19:15:17",949.8,2,kaorurimi
1289,16147864,"Vasu Soni","2026-06-23 21:25:42",949.7,2,vasusoni
1290,16212065,Nine1Eight,"2026-06-10 12:15:56",949.7,1,wethepeople918
1291,16210091,JIAWEILI0001,"2026-06-23 22:09:10",948.5,2,jiaweili0001
1292,15642016,PxlPau,"2026-06-22 04:29:09",948.2,2,studybeetutoring
1293,15740094,Alvaro,"2026-06-13 20:52:17",948.2,2,alvaroma
1294,15651200,Arpit1Bansal,"2026-06-17 17:11:40",947.9,2,arpit1bansal
1295,16232277,Boredom,"2026-06-23 19:44:29",947.9,2,cudacoding
1296,16289037,暗黑AGI,"2026-06-23 06:03:36",947.8,2,boristown
1297,16121774,runaway.,"2026-06-08 00:39:48",947.5,2,aliozanmemetoglu
1298,15639032,AnpAn_Men,"2026-06-23 14:39:57",947.4,2,anpanmen
1299,16277556,"Prince Raiyani","2026-06-23 06:42:04",947.3,2,princeraiyanim
1300,16289592,"Abdurakhmonov Dostonbek","2026-06-11 20:24:51",947.1,2,uzbtrust
1301,16368229,"Sems Kurtoglu","2026-06-23 14:59:32",946.9,2,shemskurtoglu
1302,15643241,"Sadettin Şamil Verdil","2026-06-23 08:43:25",946.4,2,sadettinamilverdil
1303,15908699,"Alberto Mocchi","2026-06-15 18:38:09",946.4,2,albertomocchi99
1304,16064798,"Sidhant Gokulpure","2026-06-20 08:34:15",946.2,2,sidhantgokulpure
1305,15812269,"ren toda","2026-06-23 12:32:52",946.0,2,rentoda
1306,15653020,"Circe N.","2026-06-22 06:35:29",945.9,2,illya2412
1307,15645711,amy,"2026-06-12 14:30:10",945.5,2,mystakhs
1308,15995798,x5or6,"2026-06-15 19:25:06",945.4,2,wuzimu
1309,15635561,"Dhruv Bansal","2026-06-23 11:12:15",945.4,2,dhruvb2028
1310,15636598,adakoda,"2026-06-21 01:39:02",945.3,2,adakoda
1311,15637855,nikoro256,"2026-06-05 16:27:19",944.7,2,"nikoro256,yimiya"
1312,15694267,DustyRusty,"2026-06-12 09:23:03",944.5,2,davezwieback
1313,16209254,Ryutogrrr,"2026-06-20 17:09:22",944.4,2,ryutogrrr
1314,16254430,yuiop!,"2026-06-06 21:57:09",944.1,1,yuiopy
1315,16249649,小松崎　大世,"2026-06-14 04:43:50",944.0,2,shintaisei
1316,15637036,Async,"2026-06-15 10:04:54",944.0,2,"ibukitanaka,k1y0sh1"
1317,15638666,chiikawa&hachiware,"2026-06-23 18:16:11",943.6,2,"marynaborovska,yuriygreben"
1318,15932978,"It's about sending a message","2026-06-09 05:51:06",943.6,2,brandonmai
1319,16096806,"Lei Xu","2026-06-22 09:59:05",943.6,2,leixulucius
1320,15732221,Aizaki,"2026-06-03 14:19:28",943.4,2,izktmys
1321,16287254,Rafiozoo,"2026-06-20 21:00:18",943.0,2,rafiozoo
1322,16267003,"local Mbappé enjoyer","2026-06-23 22:52:43",943.0,2,cperosino
1323,16067565,"Benedek Brandschott","2026-06-23 21:25:59",943.0,2,benedekbrandschott
1324,15921000,"Knight of Favonius","2026-06-08 07:23:15",942.7,2,ladyfaye
1325,16298283,Shcyui,"2026-06-15 10:36:54",942.7,2,shcyui
1326,16239950,huangshanle,"2026-06-19 10:46:19",942.5,2,yelloowking
1327,15662192,"Mansour A. S. Ataa","2026-06-18 04:58:46",942.5,2,profmansoor
1328,16260230,Artification,"2026-06-09 06:04:14",942.1,2,shanyiming
1329,16110504,"Jean-Philippe MARY","2026-06-12 08:39:25",942.1,2,jpmary
1330,16032722,"Sky kun","2026-06-10 13:29:34",942.0,2,skykun
1331,15636912,"Johnny Hyland","2026-06-22 20:47:08",941.4,2,johnnyhyland
1332,15660567,yinxiaolin,"2026-06-11 02:06:46",941.4,1,yinxiaolin
1333,15841085,"Matvei Nizovsky","2026-06-14 05:59:00",941.0,2,matveinizovsky
1334,16214851,"Ivan Tretyakov","2026-06-05 11:11:27",941.0,2,hopeofchange
1335,15654441,Tanuki_boosting,"2026-06-23 21:18:55",941.0,2,miyamotodaiya
1336,16090829,"← Checkout My Cat","2026-06-23 17:39:23",940.9,2,haoruili
1337,16298627,"Jason xu sk","2026-06-23 06:43:45",940.5,2,jasonxusk
1338,15915588,cometcatcher,"2026-06-13 14:55:14",940.5,2,abhishekrnjn
1339,16371317,Idasi,"2026-06-23 10:59:00",940.1,2,blaisestandish
1340,16203595,"Re Son","2026-06-06 16:56:16",939.9,2,lemelson
1341,16145440,SGzK001,"2026-06-13 17:40:12",939.9,2,sgzk001
1342,15874571,Yo!,"2026-06-23 21:27:40",939.8,2,yosynory
1343,16018428,"Apex Nova","2026-06-10 08:18:19",939.4,2,"aliyelbekov,khamid22,kobuljonmakhmudov"
1344,16370215,"Zhou Yunbo","2026-06-16 07:30:56",939.4,1,zhouyunbo
1345,15660694,"I just love games","2026-06-20 16:43:23",939.2,2,rzoforai
1346,15860423,"allen wang","2026-06-06 06:45:20",938.8,1,wamiottowang
1347,15658093,"Mehdi Boumiza","2026-06-21 04:45:07",938.6,2,mehdiboumiza
1348,16073562,Vinit,"2026-06-23 21:31:57",938.4,2,ryotsuu
1349,16252635,eric,"2026-06-16 02:36:43",938.2,2,ericjame
1350,15999518,"Carson Builds","2026-06-23 23:06:48",938.2,2,zmcddn
1351,16278797,cyberia,"2026-06-09 14:35:18",938.1,1,cyberia
1352,15664906,yangyefd,"2026-06-10 08:27:13",938.1,2,yangyefd
1353,15635800,"Kunal Aarse","2026-06-12 05:03:00",938.0,2,kunalinfinite
1354,16278122,"Chris Spears ","2026-06-12 21:59:13",937.8,2,chrisspears
1355,15964858,y129besan,"2026-06-22 15:04:06",937.5,2,y129besan
1356,15654084,T.Kawahara,"2026-06-23 23:47:20",937.2,2,kawaharataishi
1357,16163256,Fruit19,"2026-06-05 05:55:56",936.8,2,mukhilkannan
1358,15749189,Limjonghan,"2026-06-14 07:36:43",936.6,2,limjonghan
1359,15942292,"Pushkar Ambastha","2026-06-10 16:16:14",936.5,2,pushkar007
1360,16372002,manase0,"2026-06-22 11:39:21",935.9,2,"hperia3ds,jackeyguo66,manase0,spectrah"
1361,15687535,"Ashutosh Yadav","2026-06-23 16:33:48",935.6,2,ashutosh8953
1362,15664401,"Adyanth M","2026-06-06 13:37:55",935.5,2,adyanthm
1363,15887512,"Chase Bonfiglio","2026-06-23 23:09:59",935.4,2,chasebonfiglio
1364,16047328,ArchCoder,"2026-06-16 17:21:19",935.1,2,archcoder
1365,15636659,"Makar Baderko","2026-06-22 08:24:34",934.6,1,makarbaderko
1366,15634540,"Nabil Alagi","2026-06-21 01:08:04",934.5,2,nabilalagi
1367,15925487,"Alexandru A","2026-06-23 04:07:43",934.0,2,alexandrua01
1368,16158221,Soham_bit,"2026-06-20 15:06:37",933.9,2,soooo0
1369,15652916,Orion,"2026-06-20 04:21:17",933.7,2,fastthanh78
1370,15998831,Saheb,"2026-06-23 21:35:34",933.6,2,sahebm
1371,15642038,alpaka3,"2026-06-11 13:55:49",933.2,2,alpaka3
1372,15783840,GIMMy,"2026-06-17 04:23:07",933.1,2,"atharvashelke,priyamsharma2212"
1373,16219976,EmirhanSAGIR,"2026-06-13 07:37:16",932.7,2,emirhansagir
1374,15705582,koheitada,"2026-06-23 07:25:27",932.7,2,koheitada
1375,16273661,mercury12512,"2026-06-23 23:28:41",932.6,2,mercury12512
1376,16146595,harryhehaoyu,"2026-06-23 06:53:11",932.5,2,harryhehaoyu
1377,16332252,"Anyone Gimme JOB","2026-06-14 03:11:10",932.4,1,himanshu12345645623
1378,15952667,Nabeel123@,"2026-06-12 17:35:13",932.1,2,nabeel8800
1379,15747265,nmnm64,"2026-06-23 23:14:43",932.1,2,nmnm64
1380,15635539,"Dnyanesh Bharambe","2026-06-06 06:55:55",932.0,2,dnyaneshbharambe
1381,15998179,"Ramazan Turan","2026-06-20 20:27:13",931.8,2,ramazanturann
1382,15737377,LHYSKX,"2026-06-23 02:56:36",931.7,2,"daysweeks,gabogua88,lhyskx"
1383,16335877,masat,"2026-06-23 23:40:27",931.6,2,masatttt
1384,15720440,"NEXUS 🔥","2026-06-10 08:13:00",931.4,2,"abdoho,alikhalil10,dyaiahameed"
1385,16316511,CroZ,"2026-06-20 08:35:31",931.3,2,arnostrauss
1386,15741470,"David Lizano","2026-06-18 03:49:28",931.3,2,davidlizano
1387,15980579,usk,"2026-06-22 02:31:21",931.2,2,yusukeoi
1388,15645444,"[RU] Evgeniy Kamyshan (sharing)","2026-06-22 19:06:49",931.2,2,svo1488zov
1389,15777387,bt,"2026-06-23 14:17:07",930.7,2,busratekin
1390,16262410,Chenaters,"2026-06-08 15:36:54",930.2,2,chenaters
1391,15895409,atom1231,"2026-06-23 16:38:38",930.2,2,atom1231
1392,15643148,zakihiro,"2026-06-23 07:58:38",930.1,2,zakihiro
1393,15646208,lengli,"2026-06-18 09:46:45",930.0,2,lengli
1394,16053645,mashen_99,"2026-06-22 03:04:02",929.8,2,mashen99
1395,15660160,"Andrew Lee","2026-06-23 19:04:00",929.7,2,andrewlee23023
1396,15653444,Sam,"2026-06-17 20:26:55",929.6,2,beartrader
1397,16260680,"Yuka,Ota","2026-06-23 00:52:42",929.4,1,yukaika
1398,16251124,"Mayur D","2026-06-22 21:19:28",929.4,2,mhdabhi
1399,15662693,"Hanif Noer Rofiq","2026-06-23 22:05:18",929.3,2,hanifnoerrofiq
1400,15977948,"Aadi Joshi","2026-06-05 20:23:52",929.2,2,aadijoshi19
1401,15648770,"Learn from scratch","2026-06-23 14:42:38",928.8,2,shanzhong8
1402,16296715,"Hyun-woo Kim","2026-06-23 00:56:57",928.6,2,hwkims
1403,15674367,"abdelbasset Basto","2026-06-23 23:29:14",928.5,2,bassetkerouche
1404,15675736,zorojuro,"2026-06-19 21:48:06",927.9,2,vyankteshdwivedi
1405,15906030,"Srishti Gauraha","2026-06-18 06:35:26",927.8,2,"ashutoshshuklaai,srishtigauraha"
1406,15904649,"Dr Chandrasen Pandey","2026-06-23 02:39:01",927.7,2,devchandra
1407,15637682,Takuma,"2026-06-23 23:02:34",927.2,2,takumatsujigatai
1408,15640953,dia,"2026-06-05 15:03:42",927.1,2,adkasd
1409,16370779,"Subin An","2026-06-21 21:24:09",927.0,2,subinium
1410,16242995,postrflux,"2026-06-22 13:15:11",926.9,2,"postrflux,reciprocityj,zenoflux77"
1411,15802609,oliver,"2026-06-19 16:06:44",926.8,2,oliverlang
1412,16271171,"Rafael G","2026-06-23 18:36:51",926.2,2,rafaeldsjhkas
1413,15633806,lookaside,"2026-05-07 17:13:47",926.1,2,lookaside
1414,15637507,"Veniamin Nelin","2026-06-23 18:43:48",926.0,2,veniaminnelin
1415,16256356,Kanchana1990,"2026-06-23 19:45:46",925.9,2,kanchana1990
1416,15852242,chenyfsusjje,"2026-06-17 17:38:55",925.6,2,chenyfdws
1417,16314527,gguillard,"2026-06-23 23:04:10",925.2,2,gguillard
1418,15775486,"Rohan Jangam","2026-06-10 05:25:14",925.2,1,lostdecimal27
1419,16104396,"Paul Kamau","2026-06-23 18:09:40",925.1,2,paulnkamau
1420,15713158,RestlessEagle,"2026-06-07 12:06:41",925.1,2,restlesseagle
1421,16214469,"Maria Triapitsuna","2026-06-04 20:10:39",925.1,2,trmasha2002
1422,15772876,"Aidan P5","2026-05-29 08:25:34",924.9,2,"aidanp5,sirhc47"
1423,16291192,maureliusz,"2026-06-14 18:00:59",924.8,2,maureliusz
1424,15719329,OlivierS,"2026-06-20 16:04:33",924.7,2,oliviers
1425,16365393,OmgJapanese,"2026-06-22 16:27:52",924.6,2,aomaru07
1426,15638480,"Pranav Chaudhary","2026-06-23 11:36:12",924.3,2,pranavchaudhary166
1427,16303358,Arthur,"2026-06-18 16:05:05",924.1,2,znopti
1428,16289427,DJKGHW,"2026-06-15 09:21:00",923.8,2,djkghw
1429,16329725,Hall4jm,"2026-06-14 17:48:00",923.7,2,hall4jm
1430,16154228,Nozprod,"2026-06-16 10:07:41",923.6,2,nozprod
1431,16137430,larkspur,"2026-06-20 08:36:42",923.2,2,hcy1116kaggle
1432,16352520,"Chromium c","2026-06-22 06:51:21",922.4,2,chromiummm
1433,15665051,"Birtley Doru (DB)","2026-06-10 01:24:48",922.2,2,hastws
1434,15638680,tf,"2026-06-23 23:45:45",922.1,2,tfukuhara
1435,15654196,Jenai,"2026-06-06 17:35:13",921.9,2,evgeniyadm
1436,16315041,"Vadim Drobinin","2026-06-22 16:40:11",921.1,2,vadimdrobinin
1437,16305343,"Jin Thakur","2026-06-23 23:55:05",921.0,2,jinthakur
1438,15916655,"MARIO RESINO SOLIS","2026-06-23 18:31:23",920.7,2,marioresinosolis
1439,15912313,Safarbek,"2026-06-23 11:28:43",920.3,2,safar1
1440,16012955,"Ivan Aleksandrov","2026-06-23 21:35:06",920.1,2,"ivanblch,ranunculusrepens"
1441,15746957,"Debanshu Mallick","2026-06-16 05:53:22",919.9,2,debanshumallickiisc
1442,16372626,"Orest Myth","2026-06-20 12:28:52",919.8,2,orestmyth
1443,16255108,Herohito,"2026-06-19 18:31:56",919.7,2,aangphurba
1444,16210324,Antonoof,"2026-06-23 15:28:36",919.7,2,"antonoof,tmdofi"
1445,15658057,"Mehmet Özer","2026-06-23 12:28:29",919.3,2,ozermehmet
1446,16069170,zard599,"2026-06-17 08:34:22",919.3,2,zard599
1447,15660625,"Araik Tamazian","2026-06-20 13:01:58",919.2,2,atamazian
1448,15636104,"Zelin Huang","2026-06-23 15:03:03",918.7,2,blueshyy
1449,15828283,asdf,"2026-06-05 16:26:39",918.6,2,kalebboyd
1450,15637203,"Briant Abad","2026-06-21 21:06:48",918.6,2,briantabad
1451,15633611,automatylicza,"2026-06-23 10:04:11",918.5,2,automatylicza
1452,15944426,"da da","2026-06-11 23:45:55",918.3,2,notadamasher
1453,15941342,"Naghul Pranav K S ","2026-06-23 18:15:29",917.6,2,naghulpranavks
1454,15858707,Prabhpreet_Singh5,"2026-06-23 03:40:53",917.6,2,prabhpreetsingh5
1455,16295179,beijijun,"2026-06-10 23:50:52",916.9,1,beijijun
1456,15656692,"Zheng Ming","2026-06-23 15:41:46",916.8,2,mingzhengapple
1457,16125749,"Julio Contreras","2026-06-22 16:28:49",916.4,2,juliocontreras
1458,15869666,"John Doe","2026-06-06 05:32:06",915.8,2,johndoe90843
1459,16062051,haocean,"2026-06-03 18:08:38",915.5,2,haocean
1460,16261752,"Håkon Kjelseth","2026-06-10 05:28:49",915.1,2,hkon2k
1461,16328690,@<<Ideain>>,"2026-06-17 18:07:35",913.9,2,ideain
1462,15724741,"Koustubh B Kulkarni","2026-06-21 09:33:16",913.6,2,koustubhbkulkarni
1463,16242239,ParvChavda01,"2026-06-18 20:49:08",913.3,2,parvchavda01
1464,15665592,apat1n,"2026-06-23 11:37:16",913.2,2,grennwolf
1465,16372556,"Labmem Tang","2026-06-23 04:43:04",913.1,2,labmemtang
1466,16047563,lfyyyLifangyu,"2026-06-08 13:57:10",913.0,2,lfyyylifangyu
1467,16306993,もこもこ,"2026-06-12 03:16:54",912.9,1,mokomoko3
1468,15661806,"Bora Erkılıç","2026-06-23 22:58:10",912.8,2,boraerkl
1469,16206254,"Md Khairul Islam","2026-06-04 23:12:24",912.7,2,khairulislam
1470,15915517,"haonan zhengh","2026-06-23 05:36:44",912.7,2,haonanzhengh
1471,15647855,Thomas,"2026-06-08 19:55:01",912.4,2,thomasdubail
1472,15721967,Pirhosseinlou,"2026-06-23 23:52:09",912.0,2,pirhosseinlou
1473,16009223,"HongXin Su","2026-06-23 14:38:15",912.0,2,hongxinsu
1474,15634748,"ZITAI ZENG","2026-06-23 23:28:15",911.6,2,gruubyhimself
1475,16305852,LeePenkman,"2026-06-23 01:33:08",911.3,2,lee101
1476,15828829,"jatan sanghvi","2026-06-17 18:23:20",910.9,2,jatansanghvi
1477,16089155,Astyrex7,"2026-06-12 06:28:24",910.8,2,"astyrex7,ojasvitomar,shankrao"
1478,16285032,"Rufeng Toxins","2026-06-10 06:32:42",910.6,1,rufengtoxins
1479,16269882,"THIRUPATHI KANNAN K","2026-06-12 08:38:36",910.3,2,thirupathikannank
1480,16050753,"Gregory L.","2026-06-22 05:48:58",910.1,2,lgregory
1481,15649438,"LOVA SIVA MANIKANTA Ch","2026-06-21 08:51:04",910.0,2,lovasivamanikantach
1482,16075341,"yi g","2026-06-08 20:42:56",910.0,2,eleverywfw
1483,15915353,AshwinPrakash,"2026-06-21 05:49:08",909.5,2,ashwinprakashml
1484,15930203,"Beskar Player","2026-06-06 06:07:17",909.4,2,beskarplayer
1485,15807963,seyolax,"2026-06-23 19:38:55",909.3,2,isy640
1486,16304160,LinearBasis,"2026-06-15 12:05:27",908.9,2,linearbasis
1487,15808563,"Ching-Yin Ng","2026-05-31 12:42:51",908.8,2,chingyinng
1488,16301538,"Sri Yogesh","2026-06-11 13:15:53",908.3,1,yogesh94
1489,16031865,kplngyi,"2026-06-11 22:45:39",907.6,2,kplngyi
1490,16360145,pepperpic,"2026-06-19 06:11:43",907.3,2,pepperpic
1491,16221895,"Shakthi Kondamoni","2026-06-17 14:04:07",907.1,2,shakthikondamoni
1492,16038533,IAI-RL-17,"2026-06-09 15:32:30",907.1,2,"phanhongdng,xuanbao211"
1493,16268223,"Misaka Mikoto","2026-06-23 17:42:57",907.1,2,misakamikoto66
1494,15967756,"xiaojun hong","2026-06-23 14:52:46",906.9,2,cchoong
1495,15651186,"Marco DG","2026-06-23 14:25:36",906.6,2,marcodg
1496,16148483,"Mark Litvinov","2026-06-23 21:44:17",906.2,2,marklitvinov
1497,15996236,"Sreejith P N","2026-06-23 19:12:00",905.3,2,sreepn
1498,15736604,赵云龙,"2026-06-23 09:57:53",905.2,2,zhao1122
1499,16205377,"Jai Kamal","2026-06-23 21:52:03",904.6,2,jtheyogi
1500,16254002,"SOUMYAJIT NASKAR","2026-06-06 19:41:09",904.2,1,thunderstrike07
1501,15730477,udrs99,"2026-06-23 20:42:15",903.4,1,udrs99
1502,15643143,Ichigo_E,"2026-06-08 11:27:42",903.4,2,ichigoe
1503,15832506,"Vamshi Krishna Emmadi","2026-06-23 10:15:25",902.8,2,vamshikrishnaemmadi
1504,16135376,"Imdadul hasan hamim","2026-06-20 11:03:38",902.8,2,imdadulhasanhamim
1505,15969581,IAI-RL-Cherry_11,"2026-06-09 04:19:36",902.3,2,annguyencherry
1506,16275509,kevin8738,"2026-06-11 07:58:29",900.1,2,kevin8738
1507,16253091,"Semyon Epanov","2026-06-09 01:49:12",899.7,2,semyonepanov
1508,16305213,"abhijit dalal","2026-06-16 11:00:57",899.4,2,abhijitdalal26
1509,16339756,quezalt,"2026-06-21 04:24:21",898.8,2,quezaltendes
1510,16256304,"Matthew Blake Ward","2026-06-10 02:23:19",898.7,2,matthewblakeward
1511,16229553,"Maslov Oleg","2026-06-23 23:07:56",898.7,2,thebigd
1512,16338579,"[ods.ai]Alexey Sapsay","2026-06-16 15:54:54",898.7,2,alexspas
1513,15860528,Hamish,"2026-06-12 12:33:35",898.4,2,hamishdickson
1514,16240197,"Pushkeshwar Singh","2026-06-14 09:36:28",897.8,2,pushkeshwarsingh
1515,15747004,lyx0217,"2026-06-23 00:13:45",897.1,2,bojackkk
1516,16331332,Renuka_Kapila,"2026-06-17 04:54:59",896.5,2,renukakapila
1517,15634735,Bruce-agent,"2026-06-06 03:42:54",896.5,2,muhammaddanyalmalik
1518,15637305,hermit.mb,"2026-06-23 23:01:50",896.2,2,hermitmb
1519,15634499,"Chandan Kumar Barada","2026-06-23 23:45:37",895.8,2,ckskaggle
1520,15654879,NealDarkDarkDark,"2026-06-23 06:53:56",895.2,2,wklyb1
1521,15651201,DWF,"2026-06-23 19:39:48",895.0,2,davefrank419
1522,15823562,"Moh Notif","2026-06-23 23:46:22",894.9,2,mohnotif
1523,16250913,"Fashola John","2026-06-13 07:01:55",894.7,2,fasholajohn
1524,15785710,victor,"2026-06-22 19:10:31",893.6,2,vicmcorrea
1525,15652703,LukasM1,"2026-06-08 13:21:17",892.4,2,lukasm1
1526,15842234,"PRASHANT SHUKLA91","2026-06-23 17:23:15",890.7,2,prashantshukla91
1527,15903539,"Yassine Ben Zekri","2026-06-04 20:20:09",890.1,2,yassinebenzekri
1528,15827591,ThEmEpErSoN,"2026-06-10 04:32:21",889.1,2,themeperson
1529,15644323,hanwudi,"2026-06-23 15:26:17",887.1,2,hykunnnn
1530,16032404,"Raphael Sun","2026-06-13 17:15:45",886.7,1,raphaelsss
1531,16254558,ispromashka,"2026-06-23 00:05:17",884.7,2,ispromashka
1532,15659658,lonelygolem,"2026-06-23 12:07:01",884.0,2,rocinantt
1533,15649506,"Atharva Nilawar","2026-06-23 22:33:17",883.9,2,atharvanilawar
1534,15634053,"Cosmin Budeanu","2026-06-23 21:51:45",881.3,2,cosmicbe
1535,15840593,AdamBelniak,"2026-06-21 16:27:48",880.7,2,adamos581
1536,15988734,"STEFAN POPESCU","2026-06-23 13:51:22",879.9,2,stefanpopescu
1537,16326741,辛弃疾lhx,"2026-06-14 03:06:30",878.3,2,hsnononolhx
1538,15742568,Skril,"2026-06-20 10:01:21",878.1,2,skril31
1539,15743158,"Taiki Sato","2026-06-12 11:58:53",877.7,2,taikisato
1540,16315736,Jurek,"2026-06-13 17:49:26",877.3,2,jerzyszocik
1541,16104708,JZ,"2026-06-23 04:38:47",876.8,2,zhoujiachen
1542,15664972,"Pratham Parekh","2026-06-22 12:51:14",876.7,2,prathamparekh
1543,16283234,"Solar warrior","2026-06-23 02:57:14",876.3,2,sanjay20052
1544,15633505,"Orbit Ruler","2026-06-23 20:37:50",875.3,2,zkirederf
1545,15646610,"Ochir Dorzhiev","2026-06-23 13:09:35",875.0,2,ochirdorzhiev
1546,16368158,"VAP RF5","2026-06-23 21:24:10",874.6,2,vaprf5
1547,16255990,"Anuj Attri","2026-06-08 06:04:09",874.0,2,anujattri
1548,15746205,MarvinTMB,"2026-06-23 20:10:30",873.3,2,marvintmb
1549,16369886,"Abdullah Al Mahmud Adib","2026-06-20 04:46:55",873.0,2,abdullahalmahmudadib
1550,15906832,"Akira Yasuda","2026-06-14 11:22:17",871.8,2,akirayasuda
1551,16207885,kruschdev,"2026-06-17 18:16:18",870.4,2,kruschdev
1552,16361416,Konstantinms,"2026-06-22 03:02:31",868.2,2,konstantinms
1553,15644315,"Komil Parmar","2026-06-23 22:09:55",868.1,2,komilparmar
1554,15657996,"Kaiser #2","2026-06-16 10:35:32",867.1,1,snnguynvnk19hl
1555,15751642,"jack gell","2026-05-24 12:45:55",866.5,2,jackgell
1556,15693667,"Mutoy Choi","2026-06-17 08:41:21",866.4,2,mutoy1
1557,15634074,"Liviu Alexandru Bobocu","2026-06-14 20:46:03",866.2,2,liviualexandrubobocu
1558,15835206,"Anoop Singh","2026-06-23 11:49:04",866.0,2,anoopsinghslayer
1559,15940561,"Dipam Chakraborty","2026-06-23 06:33:43",865.6,2,dipamc77
1560,15636553,"Imperium of Man🛡️⚔️","2026-06-23 08:36:30",865.3,2,"barnobarno,nafizniloy,nahidhossainredom"
1561,15708539,"Wenchong Huang","2026-05-18 02:37:28",864.8,2,wenchonghuang
1562,15633590,Angantyr,"2026-06-23 20:08:41",863.0,2,angantyr
1563,16052567,UgoTheSlayer,"2026-06-18 10:49:29",862.5,2,ugotheslayer
1564,15929529,Saber,"2026-06-20 08:28:00",861.1,2,yzheng21
1565,16288651,xm,"2026-06-17 01:13:36",859.7,2,dailyspring
1566,15920653,"Stefan Berger","2026-05-25 01:48:06",858.6,2,stefanberger1111
1567,15633574,"Orbital Occle","2026-04-27 15:38:51",858.1,2,milanpeelman
1568,15779323,"Fahd EL ANSARI","2026-06-21 23:53:56",856.8,2,fahdelansari
1569,16214421,flamepurple,"2026-06-16 08:01:07",855.4,2,flamepurple
1570,15639768,passion,"2026-06-20 17:05:33",854.9,2,lanmaogen
1571,15764764,"Nav N","2026-06-22 10:56:47",854.7,2,navidata
1572,16287692,TxPython,"2026-06-11 17:34:04",854.0,2,vedant26s
1573,16298054,"kaneko takafumi","2026-06-23 11:11:09",852.9,2,kanekotakafumi
1574,16033538,"tasty crousty","2026-06-10 10:16:25",852.8,2,"andrejcarpenter,benjamin35,theolegall"
1575,15864240,"Kevin L.","2026-06-10 19:28:30",852.6,2,zorgis
1576,16234517,"Mikhail Bovt","2026-06-16 04:21:37",852.3,2,mikhailsovab
1577,16257857,daphne,"2026-06-23 15:18:32",851.4,2,daphne4sg
1578,15696936,"Salih SARIBEYOĞLU","2026-06-20 21:52:58",850.9,2,salihsaribeyoglu
1579,16276681,"Abdul Baseer Khan","2026-06-19 20:00:56",850.8,2,abdulbaseermohammed
1580,16160288,"Michał Łapiński","2026-06-23 23:49:42",850.2,2,michaapiski
1581,15634664,glass_256,"2026-06-15 06:28:16",848.6,2,glass256
1582,15800616,"Takuya Inoue","2026-05-23 03:59:56",847.6,2,takuyainoue
1583,16057749,"Tiandong Wang","2026-06-17 11:32:55",845.5,2,condone
1584,16368955,"Kotala Kishan Reddy","2026-06-23 21:43:40",841.1,2,kotalakishanreddy
1585,16143867,Ararin_makoto,"2026-06-23 12:53:13",840.9,2,ararinmakoto
1586,15777183,"Savan Javia","2026-06-18 14:08:50",839.3,2,savanjaviya
1587,16034487,Jyzzzzzzzzzz1,"2026-06-08 13:56:18",838.6,2,"bnbuguorongheng,bnbulongyuxin,jyzzzzzzzzzz1"
1588,16032863,ColdCloud,"2026-06-03 20:29:07",837.1,2,matthiaslang
1589,15980835,"Justin Tang","2026-06-20 07:30:26",836.7,2,justin2009
1590,15670626,TensorFlower,"2026-06-18 00:26:51",834.6,2,dzdatasci
1591,16254833,"Saeed Sabzeh","2026-06-22 12:46:56",832.6,2,saeedsabzeh
1592,15743609,bomac1,"2026-05-31 07:36:17",832.6,2,bomac1
1593,16236875,"Ruoxuan Zhuang","2026-06-23 22:56:59",832.5,2,ruoxuanzhuang
1594,16110441,"Magic Circles","2026-06-11 05:24:39",832.4,2,superdanfan
1595,16092557,"Vladislav Miheev","2026-06-03 07:17:13",832.3,2,vladislavmiheev
1596,15724446,Ameer_LC,"2026-06-11 18:35:06",831.4,2,ameerlc
1597,15659385,shilehaoduomingzile,"2026-06-23 10:42:08",831.4,2,shilehaoduomingzile
1598,16264242,ShinJaeheon,"2026-06-23 00:19:40",829.6,2,shinjaeheon
1599,16371692,jannchie,"2026-06-21 06:23:48",829.1,2,jannchie
1600,15950851,"Erdem Çelik","2026-06-23 23:04:15",829.0,2,erdemcelik0
1601,16310167,"Rares Barbantan","2026-06-23 20:31:07",828.9,2,raresbarbantan
1602,15964462,Hirday,"2026-06-04 17:45:46",827.1,1,hirday517
1603,15641635,penguin46,"2026-05-27 14:12:09",826.5,2,ryotayoshinobu
1604,16055107,bye,"2026-06-09 05:31:56",822.8,2,buidang2005
1605,16160054,SCUT_Lipengyu,"2026-06-02 15:38:56",821.4,2,scutlipengyu
1606,15776199,Gypaets,"2026-06-13 17:35:34",820.2,2,gypaets
1607,16112682,"Keven Li","2026-05-31 23:05:45",819.0,2,kevin250304
1608,16113105,"Nawriz Ahmed Turjo","2026-05-29 17:25:34",818.2,1,nawrizturjo
1609,16098719,"Pratik Adhikari","2026-06-12 12:55:00",817.9,2,pratikadhikari9
1610,16191724,"Junbao Hu","2026-06-03 08:47:57",817.1,1,hujunbao
1611,15637649,nnc,"2026-06-23 15:07:29",817.0,2,daimarusui3
1612,15682914,kgrou0,"2026-06-16 15:25:10",816.7,2,kgrou0
1613,15735640,mysteriyo,"2026-06-08 08:30:28",816.1,2,sahlibntanvin
1614,15817679,"Suman Sharma","2026-06-02 16:12:41",816.0,2,suman2208
1615,16190848,AKripper,"2026-06-05 18:32:34",815.4,2,arshitkanwar
1616,15643510,Sushant24,"2026-06-01 08:31:11",814.7,2,sushant24
1617,15662624,Fishman97,"2026-05-29 19:51:35",814.6,2,fishman97
1618,16159880,StupidXie,"2026-06-08 14:16:20",813.8,2,stupidxie
1619,15643929,Nawatix,"2026-06-09 07:04:29",813.3,2,nawatix
1620,16081728,"Huy Hoang","2026-06-11 02:37:37",812.7,2,themeend
1621,15684825,ikki1111,"2026-06-16 00:50:55",812.7,2,kani23
1622,15742848,"Mohammad Albaddawi","2026-06-01 16:22:00",812.3,2,m7mdalbaddawi
1623,15696296,"PRIYANSHU PRAJAPATI","2026-06-02 15:50:33",812.1,2,pentesterpriyanshu
1624,15949605,caspian,"2026-06-04 23:59:01",811.7,2,haivan11
1625,16115920,"Jack Yu","2026-06-11 00:25:36",811.7,2,jackyu815
1626,15669797,ichiro_9023,"2026-05-08 13:19:21",811.1,2,ichiro9023
1627,16311477,shunsuke240117,"2026-06-18 05:10:43",810.5,2,shunsuke240117
1628,16208776,"Justin Kimlim","2026-06-21 01:09:25",809.3,2,justinkimlim
1629,16150972,"Siddhant Bapna","2026-06-03 01:35:46",809.2,2,siddhantbapna
1630,15677187,keyrox,"2026-05-14 11:43:18",808.9,2,keyrox
1631,15898087,"Rafael Zimmermann","2026-05-31 02:06:48",808.7,2,rafaelzimmermann1
1632,15904212,"Mohammed Tayor","2026-05-31 06:37:40",807.8,2,tayorm
1633,16282324,"Lucas Lorenzo Savino","2026-06-10 09:51:45",807.8,2,lucaslorenzosavino
1634,15662191,ngondi,"2026-06-11 03:31:12",807.7,2,"belladsagar,ngondi"
1635,15699270,K2.Tokyo,"2026-06-04 13:02:51",807.1,2,learningbeastkk
1636,16178602,"Dinesh kumar Thiyagarajan","2026-06-23 20:53:50",807.0,2,dineshkumar0705
1637,15985077,xdddd,"2026-05-29 12:13:34",806.5,2,ninet33n
1638,15907988,ikafly,"2026-06-23 20:59:10",806.2,2,fukushi294
1639,16277006,"Abubakkar Zafar ","2026-06-10 10:11:09",806.1,2,abubakkarzafar
1640,16023508,"Renati Rudy","2026-06-04 03:25:56",804.9,2,renatirudy
1641,15662698,"Minions Unite","2026-06-23 17:45:20",804.8,2,michaelreid2025
1642,15888485,"Talim Aushakhman","2026-06-12 10:53:24",804.5,2,talimaushakhman
1643,16321612,"Laurel Asun","2026-06-23 22:54:05",804.1,2,laurelasun
1644,16037791,jerryv69,"2026-06-17 13:20:12",804.0,2,jerryv69
1645,15752419,"Muhammad Firdaus","2026-06-03 02:21:17",803.8,2,ldausl
1646,15637186,"Ra'uf Fauzan Rambe","2026-06-16 22:20:49",803.8,2,rauffauzanrambe
1647,16251981,MaoqinWeng,"2026-06-16 02:19:07",803.4,2,maoqinweng
1648,16101748,"Charlie Andrews","2026-06-03 11:24:43",803.1,2,charlieandrews58
1649,16232933,"Marius Tranchier","2026-06-21 17:17:39",803.1,2,mariustranchier
1650,15650340,Qixiu,"2026-05-24 23:03:23",802.8,2,lantingguo
1651,16011473,"Yu Kamata","2026-06-01 08:20:45",802.5,1,yukamata
1652,15662964,"Nexus - AIris by Joseph","2026-06-23 02:36:43",801.9,2,josepherikribeiro
1653,16131374,"Dimple Bhardwaj","2026-06-02 18:17:41",801.3,2,dimplebhardwaj536
1654,16125169,EL,"2026-06-13 20:13:41",801.2,2,raphaelgusmao
1655,15648148,sir-timio,"2026-05-29 15:26:55",801.0,1,sirtimio
1656,16270487,PirateInPants,"2026-06-09 09:04:54",800.9,2,priyanshujain32
1657,15928279,"mason McClintic","2026-06-20 01:05:50",800.8,2,masonmcclintic
1658,16086213,Akhil,"2026-06-04 16:55:09",799.8,2,akhiljethwa
1659,15762893,"Xin Liu","2026-06-10 11:58:04",799.5,2,xinliu
1660,15651573,"Amitesh Chaudhary","2026-06-11 07:22:35",799.4,2,amiteshchaudhary
1661,16302226,Flinagus,"2026-06-22 18:21:59",798.8,2,flinagus
1662,15971092,"vova sivanev","2026-06-23 20:38:27",798.8,2,eyestrain
1663,16138003,pushkin05,"2026-06-01 01:37:31",798.7,1,pushkin05
1664,15633447,aDg4b,"2026-05-01 16:31:15",798.5,2,egrehbbt
1665,16149809,"Kritika Benjwal","2026-06-23 10:07:15",798.3,2,kritikabenjwal
1666,15904296,currypurin,"2026-05-25 11:31:03",798.3,2,currypurin
1667,16147431,"Panagiotis Toloudis","2026-06-04 09:33:08",798.0,2,panagiotistoloudis
1668,15660552,"Ibrahim mejri","2026-06-21 09:07:45",797.5,2,ibrahimmejri
1669,15665618,Flouka,"2026-06-01 19:46:48",797.2,2,mohamedtoukabri
1670,15885796,mrmvrey,"2026-05-09 14:22:41",796.7,2,mrmvrey
1671,15822564,EthanL67,"2026-06-20 16:06:10",796.7,2,ethanl67
1672,15738810,sail,"2026-06-02 17:45:10",796.6,2,pengyangfan
1673,15746510,Tenich,"2026-06-16 12:51:30",796.4,2,tenich
1674,15871505,zorac,"2026-06-20 18:15:24",796.3,2,zoracmobilis
1675,16149612,"Alexander Dickbauer","2026-06-09 09:48:07",796.0,2,alexanderdickbauer
1676,15633673,"Knowledge Addict","2026-06-23 13:44:16",795.9,2,knowledgeaddict
1677,15774450,qinfuyao,"2026-06-18 14:22:25",795.7,2,qinfuyao
1678,15646524,kishizaki-sci,"2026-06-23 23:44:34",795.6,2,superstringdev
1679,15731833,"Hugo Gascon","2026-06-18 10:49:32",795.6,2,hugogascon
1680,15654440,YassY_The_AlchemYst,"2026-06-20 01:42:26",795.3,2,yassineelhallaoui
1681,15650205,burgundy,"2026-05-26 10:08:10",795.1,2,burgundy
1682,15891139,"Phong Lam","2026-06-03 17:30:20",794.9,2,phonglmnguynduy
1683,15991885,hydrogenbonds,"2026-06-10 14:03:12",794.9,2,jeffreyntse
1684,15634672,"Csip Csirip","2026-05-20 15:52:34",794.5,2,csipcsirip
1685,16088597,harmo-miu,"2026-06-11 04:49:25",794.1,2,harmomiu
1686,15829268,Stepwise,"2026-06-14 19:04:24",794.1,2,sankalp
1687,15943331,Ryusei_0612,"2026-06-03 21:23:40",794.1,2,ryusei0612
1688,15843274,"Scotty B","2026-06-09 23:39:28",793.9,2,scottbedwell
1689,15838548,Sha85889,"2026-06-02 03:21:52",793.8,2,sha85889
1690,15926827,The_Winner,"2026-06-05 04:36:57",793.6,2,mongkolhatit
1691,15634218,c-number,"2026-04-28 03:19:06",793.6,2,cnumber
1692,15638518,PincheCabrón,"2026-06-15 12:51:31",792.9,2,pinchecabrn
1693,16029845,"Soumen Sadhukhan","2026-06-05 10:36:55",792.8,2,ssoumen
1694,16245363,"Lam Dang","2026-06-11 01:40:12",792.6,1,lamdang
1695,16079223,"Akhil Kumar M","2026-06-02 19:45:39",792.2,2,akhil9640
1696,16106357,"Sahaj Deep Singh","2026-06-23 18:35:02",791.7,2,sahajdeepsingh9877
1697,15677797,mudesteven,"2026-06-21 19:52:27",791.4,2,"fastlight2007,noobanot"
1698,16067580,nix,"2026-06-03 14:48:53",791.1,2,"alauddinmunna,kimsj7760,rahmonqulovumar"
1699,15641591,montplusa,"2026-05-11 14:09:18",790.5,2,montplusa
1700,16193764,ashxudev,"2026-06-23 23:42:20",790.3,2,ashxudev
1701,16287437,"Robert Mueller","2026-06-12 12:55:16",789.8,2,obstsalat
1702,16202674,"Tran Viet Tien","2026-06-06 07:18:13",789.5,2,tranviettien5
1703,16140032,"Patrick M.","2026-06-09 11:32:56",789.4,2,pigenesis75
1704,16104155,JalDharmendrabhaiPatel,"2026-06-08 22:15:35",789.3,2,jalpatel111
1705,16256085,"bidlo team","2026-06-23 22:55:54",789.3,2,"atomtesli,ersojami"
1706,16285168,"Deepak Chaudhari","2026-06-18 01:45:59",788.9,2,deepxchat
1707,15814031,Beauty_Banana_Face,"2026-06-15 13:24:20",788.9,2,beautybananaface
1708,16051481,"Eli Xian","2026-06-13 19:19:53",788.6,2,waieez
1709,16262391,大谷智哉,"2026-06-09 00:34:44",788.6,2,tomoyaohtani
1710,15981312,"Chong Xuan Ng","2026-06-22 14:52:30",788.5,2,chongxuanng
1711,16287351,CHEN-XIAO-FIE,"2026-06-16 03:52:31",788.5,2,chenxiaofie
1712,15749415,"Muhammad Oaun","2026-06-11 15:01:03",788.1,2,muhammadoaun
1713,16156518,"yunus yalman","2026-06-22 08:10:37",788.1,2,yunusyalman
1714,15674607,SiriusStarRally,"2026-06-08 15:13:48",788.0,2,siriusstarrally
1715,15793792,Googler,"2026-06-11 18:26:09",787.6,2,hisanai
1716,15643453,ohkawa3,"2026-05-16 04:51:41",787.3,2,chack3
1717,16128666,hotton,"2026-06-21 09:32:20",786.7,2,hotton
1718,15648086,"SHIVAM RAJ","2026-05-31 14:09:51",786.6,2,shivamraj0809
1719,15877790,eiheychan,"2026-06-03 15:37:01",786.6,2,eiheychan
1720,16086957,levelrusso,"2026-06-11 02:59:13",786.4,1,levelrusso
1721,15658901,vadek,"2026-06-02 09:28:20",785.6,2,panteleevvadim
1722,15663027,dekaineko,"2026-06-19 04:25:18",784.5,2,dekaineko
1723,15694117,skrxxi,"2026-06-09 07:15:32",783.8,2,skrxxi
1724,15637792,gasin,"2026-04-20 13:47:04",783.5,2,gascin
1725,15985319,Xmoz,"2026-06-14 15:18:46",783.4,2,pratheekshanbhogue
1726,15752275,Rensyu,"2026-05-30 04:10:40",783.2,2,rensyu
1727,16320522,KMT2001,"2026-06-14 06:47:45",783.2,2,kmt2001
1728,15688518,"Ethan Tang","2026-05-19 13:59:14",783.2,2,ethantang999
1729,16152619,KotaKagatsume,"2026-06-04 02:11:19",782.8,2,kotakagatsume
1730,15657173,"HassenHamdi Winning InchaAllah","2026-05-14 23:15:35",782.5,2,hassenhamdi
1731,15661588,geeknik,"2026-05-31 14:30:52",782.4,2,geeknik
1732,15663267,Frabcd,"2026-06-19 11:56:04",782.4,2,"ccta69,frabcd"
1733,16083293,KURONAME,"2026-06-10 06:52:22",782.4,2,kuroname
1734,15729353,"Jan Wrobel","2026-06-23 07:24:32",782.2,2,mixedbit
1735,16106626,"JiMing Feng","2026-06-21 21:54:22",781.8,2,"jimingfeng,junliang1111,p23yty32p"
1736,15803059,Master_S1ave,"2026-06-21 19:19:02",781.7,2,masters1ave
1737,15810981,"Alexandru Cirjan","2026-06-06 09:13:40",781.5,2,alexandrucirjan
1738,15753526,nesya,"2026-05-08 12:22:20",781.3,2,nesyaru
1739,15820543,"RUCHIT KHADE","2026-06-22 14:51:51",781.3,2,ruchitkhade
1740,16105059,"Paris Baguette","2026-06-11 01:32:11",781.1,2,rickobliviate
1741,15836510,OrbitX,"2026-06-18 17:51:00",781.1,2,jonaspetzke
1742,16046575,SharkGura,"2026-06-05 12:22:15",780.4,2,sharkgura
1743,15840668,AJ,"2026-06-20 18:43:52",780.2,2,"andersonawolossou,niyogisubizohjovan"
1744,15633862,Schplahtzler,"2026-06-09 15:40:54",780.1,2,lukelarue
1745,15643331,ktr,"2026-05-04 07:26:21",780.1,2,kcotton21
1746,15658026,arcobi,"2026-04-25 15:46:58",778.6,2,bossaertsvincent
1747,16040836,Raunaque,"2026-06-01 19:45:15",778.2,2,raunaque
1748,16286120,"Siqi Jia","2026-06-16 00:00:43",777.8,2,miasisi
1749,16024032,monaou,"2026-05-31 13:44:58",777.0,1,monaou
1750,15694640,"Petr Kushnir","2026-05-29 22:16:20",776.9,2,petrkushnir
1751,16251457,"Andreas Niemann","2026-06-22 20:50:56",776.9,2,andreasniemann
1752,15657667,"Yelarys Yertaiuly","2026-06-12 09:45:08",776.8,2,yelarysyertaiuly
1753,16305702,"Maciej Parol","2026-06-16 22:56:48",776.7,2,maciejparol
1754,15747427,MECHINE,"2026-06-04 07:22:42",776.3,2,nainglinwai
1755,15675807,Ocean,"2026-06-08 20:08:51",776.2,2,ashketchum
1756,15699213,KenO14146,"2026-06-06 09:22:56",775.5,2,keno14146
1757,16236629,109550026,"2026-06-20 11:06:10",774.1,2,youngyunghsiang
1758,15634698,"Dayeon Kang","2026-06-21 16:57:26",774.0,2,dayeonkang6
1759,16033013,skaath,"2026-06-11 22:56:42",773.3,2,"jshprk,skaath"
1760,15807538,JJ,"2026-06-23 18:44:28",773.0,2,ktaichi
1761,15828806,Noir,"2026-06-21 00:23:11",772.3,2,nuitnoir
1762,16026134,"Ahamed Meyan","2026-06-15 07:41:36",772.2,2,ahamedmeyan
1763,15839452,"Suyash Bajpai","2026-06-23 06:26:20",771.8,2,bajpaisuyash
1764,16043761,YS,"2026-05-25 13:48:58",771.4,2,yorgossotiropoulos
1765,15877019,"Doan Gia Huy Vu","2026-06-14 05:27:37",771.0,2,doangiahuyvu
1766,15641201,"Py Begi","2026-06-10 22:34:05",770.6,2,konodera
1767,15651246,"Rasmus Larsen","2026-04-30 13:38:35",770.6,2,synquid
1768,15745355,"Vincent Caujolle","2026-06-07 11:50:30",770.6,2,vincentcaujolle
1769,16341181,"Ilya #2","2026-06-19 23:52:34",770.5,2,ilyakor
1770,15796200,"Ruslan Raupov","2026-05-24 10:48:39",770.2,2,ruslanraupoff
1771,15648789,TEAM,"2026-06-23 23:47:45",770.0,2,"benjaminkovacs,samh321"
1772,16275669,"Nam Nguyễn Trường","2026-06-09 14:51:22",769.0,2,namnguyentruong
1773,16001789,curiousiam,"2026-06-20 18:56:11",768.5,2,curiousiam
1774,15642898,amoshyc,"2026-05-19 10:03:17",768.5,2,amoshuangyc
1775,16336727,temps1101,"2026-06-14 09:58:22",768.4,2,temps1101
1776,15778761,KalkiAvatar3,"2026-05-27 14:30:47",768.2,2,kalkiavatar3
1777,15663258,K_ChanHo,"2026-06-17 23:53:37",767.8,2,kchanho
1778,15671804,Hailstorm,"2026-05-22 10:14:17",767.4,2,gestalt
1779,16041634,"Ruoyu He","2026-06-12 13:52:18",767.3,2,dyyfk1
1780,16302873,levigold,"2026-06-23 02:01:30",767.2,2,levigold
1781,16366755,"SHASHANK JAIN","2026-06-23 21:49:14",766.7,2,shashankxx
1782,16102173,"Vivek Verma","2026-05-29 14:02:11",766.4,2,cosmicescape
1783,15740653,"Bryan Gregory","2026-05-10 02:59:42",766.3,2,bryangregory
1784,15700286,"Elvis Bui","2026-05-30 19:23:30",766.0,2,elvisbui
1785,16147272,homeward,"2026-06-02 07:21:19",765.8,2,homeward
1786,15734046,"Vojtech Franc","2026-05-24 09:24:07",765.8,2,thevtm
1787,15856236,"Naveen Nimalan","2026-06-08 04:29:27",765.6,2,naveen512345
1788,16136054,"Caleb Banks","2026-06-21 13:32:33",765.4,2,calebbanks
1789,15932518,"Tony Rungee","2026-06-11 18:06:56",764.9,2,tonyrungee
1790,15658717,Gamja,"2026-06-16 21:39:37",764.5,2,hong111111
1791,16004050,marwar22,"2026-06-21 23:53:26",764.2,2,marwar22
1792,16356863,"Gagan David ","2026-06-23 02:03:53",763.3,2,gagsy17
1793,16075543,fauxsmart,"2026-06-23 14:51:45",763.2,2,fauxsmart
1794,15736632,"openclaw rai","2026-06-21 06:18:36",763.0,2,openclawrai
1795,15658619,SamaReddy94,"2026-06-03 17:59:07",762.4,2,samareddy94
1796,15634093,SonOfNike,"2026-05-04 14:29:33",762.2,2,sonofnike
1797,16061533,Oozik,"2026-06-08 02:00:40",761.1,2,d33550336
1798,15637435,0STG0T,"2026-06-06 22:54:16",760.9,2,oostg0t
1799,16100186,"Yu Tsumura","2026-06-20 23:15:13",760.3,2,yutsumura
1800,15651013,Akimichi,"2026-04-29 10:43:29",760.3,2,michihiroakimatsu
1801,15967712,"James Shi 8808","2026-06-22 15:01:22",760.2,2,jamesshi8808
1802,15685584,"Caiden Matthews","2026-05-07 17:32:50",760.1,2,caidenmatthews
1803,15739653,01123,"2026-05-31 09:29:08",759.8,2,zer0112
1804,16078339,TARS,"2026-05-31 02:54:50",759.8,2,lukecdr
1805,16086250,Shiva,"2026-05-26 18:56:16",759.5,1,shivasai77
1806,16155086,"Brahim Brah","2026-06-02 08:22:26",759.5,1,brahimbrah
1807,15654971,Vish,"2026-05-31 08:11:32",759.2,2,vishhvaksrinivasan
1808,15744594,"Mengfei Li","2026-05-25 21:11:31",759.0,2,meli19
1809,16007064,"Kenneth Mccarthy","2026-06-02 19:48:17",758.6,2,kennethmccarthy
1810,15987344,"Max Bond ABE","2026-06-22 23:58:53",758.5,2,maxbondabe
1811,16281699,wheelbro,"2026-06-12 16:06:29",757.8,1,generativist
1812,16327151,"Viktor Tiulpin","2026-06-14 18:52:38",757.6,2,tiulpin
1813,15952525,"Hmm... Robots","2026-06-06 01:39:08",757.6,2,leotratz
1814,16092842,"Leon Zhang","2026-06-07 15:31:35",757.1,2,vaputa
1815,16027059,"Kenny Kline","2026-06-12 03:07:03",756.8,2,kennykline
1816,15811996,TeamNari,"2026-06-08 07:52:29",755.8,2,"adityakrishnanmohan,maax12"
1817,16375385,"Antonia Estevez","2026-06-16 21:59:42",755.7,2,antoniaestevez
1818,15748362,ZhaorongDai,"2026-06-08 21:39:48",755.1,2,zhaorongdai
1819,15756533,"Jun Peng #2","2026-05-04 16:39:42",754.7,2,pengjun
1820,15662179,DuaneImambaksh,"2026-06-17 15:48:59",754.6,2,dimambaksh
1821,15785598,"Dietmar Hameister","2026-05-27 19:12:47",754.6,2,dietmarhameister
1822,15639040,frizzerdk,"2026-05-03 21:54:25",753.9,2,frizzerdk
1823,15983330,IAI-RL-06,"2026-06-08 16:10:03",753.8,2,"luquanglinh,nguyencongvinh2701,trinhnc2705"
1824,15658566,"Hung Nguyen","2026-05-06 15:15:31",753.7,2,hungquoc03
1825,15826779,NumenDev,"2026-06-15 10:57:30",753.6,2,numendev
1826,15650052,breso,"2026-05-05 08:58:13",753.6,2,breso6
1827,16158798,"Firman Imam","2026-06-02 14:52:55",753.4,2,piririp
1828,15843339,"Matt Hods","2026-05-14 02:42:52",752.9,2,matthods
1829,16059342,"Sohangkumar Patel","2026-06-23 17:28:16",752.6,2,samsamurai
1830,15660206,"Illimar Kirss","2026-06-18 16:37:24",751.7,2,illimarkirss
1831,15637860,JeremyH43,"2026-05-13 16:03:04",751.6,2,jeremyh43
1832,16104652,Keerthivasan2035,"2026-06-20 20:32:03",751.2,2,keerthivasan2035
1833,15724548,"Anh Phát Tô","2026-05-08 09:25:27",750.3,2,anhphtt
1834,15750816,Gilwonka,"2026-05-22 16:10:59",750.1,2,gilwonka
1835,16317268,"Manit Rathi","2026-06-21 09:01:40",750.0,2,manitrathi
1836,15697082,"Shuntaro Tanaka","2026-05-12 09:45:21",749.9,2,shuntarotanaka
1837,15942420,"Evan Barnett","2026-06-13 02:28:15",749.9,2,evanbarnett2027
1838,15689108,jmc,"2026-06-23 12:22:41",749.9,2,janmmachacek
1839,15664704,ShikeChen,"2026-06-23 22:52:48",749.9,2,shikechen
1840,15784431,"Anirudh K","2026-05-25 17:50:42",749.7,2,anirudhk
1841,16343826,"Goddess S","2026-06-23 14:08:35",749.2,2,stphaniekioutsoukis
1842,15652069,"Oskar Seweryn","2026-05-16 10:45:50",748.0,2,oskarseweryn
1843,16143320,"Itamar Shalev","2026-06-23 01:01:16",747.3,2,"guygue,itamarshalev,nitayshafrir"
1844,15898761,"Begench Tekayev","2026-06-19 17:00:52",747.2,2,"alifarrokhnejad,begenchtekayev,ivanmitriakhin,mfarrokhnejad,sta1ks"
1845,15859813,corky,"2026-05-23 14:42:21",747.2,2,corky08
1846,16297322,EvilCat,"2026-06-12 03:02:42",747.1,2,xianmao
1847,16257451,"That Lonely Guy","2026-06-10 22:36:46",747.1,2,thibaultniederhauser
1848,16282100,niranjanlol,"2026-06-10 00:12:16",746.8,2,niranjanprabuxf
1849,15641178,"Lucas F.F.","2026-06-17 19:29:54",746.7,2,lucasdeoferreira
1850,16160462,Shyshca,"2026-06-17 06:24:19",746.6,2,shyshca
1851,16279618,"Ethan Higgins","2026-06-13 22:14:18",746.2,2,ethanhigginz
1852,15841923,"Bishal Lamichhane","2026-06-14 14:55:30",745.9,2,bishallamichhane44
1853,15648240,"egor a","2026-06-16 02:20:34",745.8,2,egoregors
1854,15750239,"Jason Mourier","2026-05-20 18:27:25",745.8,2,jasonmourier
1855,15685648,nejineji,"2026-04-29 03:31:31",745.0,2,nejineji
1856,15839336,NANACHI,"2026-05-17 07:41:38",744.2,2,wadakoki
1857,16351983,"Tzuchuan Yang","2026-06-21 15:52:32",743.9,2,tzuchuanyang
1858,15635004,"Joe Bishop","2026-05-02 00:31:55",743.8,2,ebjdoe
1859,16291940,jmorales,"2026-06-16 19:15:18",743.7,2,javiermoralesestevez
1860,15727574,"Avas Gaire","2026-06-17 06:08:49",743.6,2,avasgaire
1861,15668556,"Prem Shinde","2026-05-19 16:04:05",743.5,2,premshinde
1862,15664022,Bangrocket,"2026-06-12 18:56:30",743.5,2,joshuaheidorn
1863,15852112,6i9dvn7,"2026-06-23 05:03:10",743.5,2,bigdan7
1864,15997695,"Nithin Nivhar","2026-05-25 17:51:59",743.3,2,nithinnivhar
1865,15803500,APEX,"2026-06-13 11:20:40",743.0,2,"akshitasrivastava1,irongm"
1866,15638653,Hermengardo,"2026-06-23 23:57:19",742.9,2,hermengardo
1867,16369814,Korokke3,"2026-06-19 02:46:53",742.8,2,korokke3
1868,15976772,"Justice Ackermann","2026-06-23 23:06:35",742.6,2,justiceackermann
1869,15988445,"Eugene Khvedchenya","2026-06-01 11:49:47",742.5,2,bloodaxe
1870,15933205,hoangnnh67,"2026-05-15 05:07:05",742.4,2,hoangnnh67
1871,16228469,Whogagnik,"2026-06-08 12:29:58",741.9,2,whogagnik
1872,15668021,"Tsuyoshi Chiba","2026-06-19 02:21:34",741.2,2,tsuyoshichiba
1873,15997036,"Vedant Agrawal","2026-05-17 07:47:03",740.7,2,vedant02
1874,15720119,nor,"2026-05-14 23:25:09",740.6,2,nor33855
1875,15665256,Alvin,"2026-04-30 04:32:45",740.5,2,alvinhoang
1876,15731101,tvgrieken,"2026-06-01 11:34:37",740.4,2,tvgrieken
1877,15664480,ProXy,"2026-06-21 16:23:10",740.3,2,"dheerajhack,nikhiltale,prajwalsutar"
1878,15636458,"WenCan You","2026-04-25 12:43:28",740.1,2,datafun
1879,15633753,Ozi,"2026-05-24 05:39:49",739.2,2,muhammaduzair21
1880,16116220,wmar,"2026-06-14 18:19:05",738.9,2,wmar38334
1881,15697788,"Skallis Squad","2026-05-07 06:53:26",738.8,2,jmohr91
1882,16012193,Halil,"2026-06-23 00:17:26",738.7,2,halilzciler
1883,15659230,"Felipe Ferreira","2026-06-02 07:40:34",738.6,2,felipeporcher
1884,16054637,"Aryan Jaiswal","2026-06-23 17:12:25",737.8,2,aryanjassy
1885,16125036,kreiack,"2026-06-08 18:45:05",737.7,2,kreiack
1886,15802481,"Efrain Garay","2026-05-15 15:35:08",737.5,2,efraingaray7
1887,15999387,"Zuohong Pan","2026-05-24 10:03:48",737.5,2,pshuaibi
1888,15662816,24601,"2026-05-03 22:21:16",737.5,2,jftripp
1889,15924160,CYPHERION,"2026-05-25 16:27:52",737.4,2,eldlabl0
1890,16071545,LiangZhang,"2026-05-26 04:35:48",737.3,2,zhangliang96
1891,15943165,"David Neale","2026-06-19 11:55:45",736.6,2,davidneale1
1892,15641516,"Svanik Kolli","2026-05-15 00:06:15",736.6,2,svanikkolli
1893,16031866,SachinP,"2026-06-12 05:39:38",736.6,2,sachinpargi
1894,15912225,ShA.,"2026-05-31 23:21:09",736.3,2,shuheiabe
1895,15874153,tyuyoshi,"2026-05-09 02:10:46",736.3,2,hasegawatsuyoshi
1896,15634918,"Srikanth Machiraju","2026-06-03 03:34:27",736.1,2,srikanthmachiraju
1897,16047158,Shogun,"2026-05-25 13:23:41",736.1,2,shubhamshukla77
1898,15873118,"Islam Kadous","2026-06-16 09:23:36",735.9,2,islamkadous
1899,15637521,"Andrei Asanau","2026-05-06 21:57:22",735.1,2,ikimura57
1900,15636655,"Shamil Yagiyayev","2026-05-06 19:46:12",734.8,2,thegrey
1901,15917650,Benarg,"2026-05-27 21:22:30",733.9,2,benarg
1902,16104686,"Jack Bauer #2","2026-06-04 02:33:55",733.8,2,rickstone
1903,15924837,"Iswar Patra","2026-05-31 12:58:06",733.8,2,iswarpatra
1904,16011892,"Mir Faisal Ahmed","2026-05-26 14:49:52",733.6,2,python2347
1905,16056164,Coinln,"2026-05-28 13:11:37",733.5,2,coinln
1906,15879287,p00pyd00py,"2026-06-06 23:20:47",733.2,2,p00pyd00py
1907,15943417,"Sota Kubo","2026-05-24 09:53:52",733.2,2,fuuuuuuli
1908,16249725,dusoft,"2026-06-23 09:32:08",732.8,2,dusoft
1909,16313672,"Seunghwan Kim, MD","2026-06-14 10:48:24",732.5,2,kimseunghwan9823
1910,15895551,Chalyx,"2026-05-11 17:03:56",732.2,2,chalyx
1911,15742183,"Nakanishi Wataru","2026-05-25 14:07:02",732.0,2,nakanishiwataru
1912,15746378,ajohnston7354,"2026-05-25 02:52:37",731.9,2,ajohnston7354
1913,15919468,"Saidgani Dadajanov","2026-05-23 14:01:33",731.9,2,saidganidadajanov
1914,16292769,srikalyan,"2026-06-22 19:11:27",731.4,2,srikalyan
1915,15822707,MarcusGunn,"2026-05-08 16:02:06",731.1,2,marcusgunn123
1916,15663420,Tomo,"2026-06-23 01:53:22",731.0,2,tomohiroaz
1917,15885256,SmithyAlan,"2026-05-28 14:23:08",731.0,2,smithyalan
1918,15876708,David02775,"2026-06-23 00:39:35",730.9,2,david02775
1919,15742359,"Максим Опілат","2026-04-27 14:48:34",730.9,2,maksymopilat
1920,15922758,zakopuro,"2026-05-15 06:24:59",730.6,2,zakopur0
1921,15852690,Kurec0,"2026-05-18 22:13:10",730.4,2,"filipcermk,kurec0"
1922,15659472,"Hiiro Uchiyama","2026-05-31 22:40:06",730.3,2,hiirouchiyama
1923,16330887,"Manoj Pawar","2026-06-17 07:33:09",730.2,2,manojpawar24
1924,16195403,jojotaro,"2026-06-08 11:10:39",730.2,2,ohisamataro
1925,16053541,ChanYaning,"2026-05-27 05:00:59",730.1,2,chanyaning
1926,15652681,TheMuffin0000,"2026-05-21 22:44:16",730.1,2,themuffin0000
1927,16296014,KuanHaoChen8787,"2026-06-17 01:34:05",729.9,2,kuanhaochen8787
1928,15914840,"Hem Viramgama","2026-05-20 17:02:56",729.7,2,hemviramgama
1929,15901963,"Devaansh Pathak","2026-05-27 10:32:39",729.2,2,"devaanshpa,patterncracker"
1930,16005692,"Tsung-Yeh, Hsieh","2026-05-27 02:55:36",729.1,2,"tsungyehhsieh,xinyuloong"
1931,16048736,"Nirmal -SRJ","2026-06-16 16:03:31",729.1,2,naranirmal
1932,16046985,huangjinyi1,"2026-05-28 05:33:25",729.1,2,huangjinyi1
1933,16132445,"Dmitry Kalugin","2026-05-31 12:56:33",728.6,2,kaldima
1934,15654226,"Martin Szerment","2026-06-23 06:57:46",728.6,2,martinszerment
1935,15701783,Sammymatik,"2026-05-18 03:18:13",728.6,2,sammymatik
1936,15968530,Paloppi,"2026-06-10 18:05:47",728.2,2,anttipaloposki
1937,15878160,"Maxs 7003","2026-05-11 15:55:25",727.9,2,"ayusmandas,maxs7003"
1938,15645196,"Aatif Fraz","2026-05-04 23:26:13",727.8,2,aatiffraz
1939,15787628,LCD,"2026-05-06 12:17:53",727.8,2,akarix
1940,15787394,bndoss,"2026-05-08 04:23:55",727.7,2,bndoss
1941,15925216,李治磊,"2026-05-11 08:01:40",727.3,2,virginialakewood
1942,15634584,suki5050,"2026-05-06 05:01:36",727.3,2,suki5050
1943,16071091,KapilSharma0111,"2026-06-06 23:01:14",727.1,2,kapilsharma0111
1944,16109536,"Dũng Ngô","2026-06-09 07:10:03",727.0,2,dzunngo
1945,16269446,genesogenesis,"2026-06-23 21:53:35",727.0,2,igorjovanovic
1946,16015065,"Akash Varma","2026-06-18 23:18:59",727.0,2,akashvarma1903
1947,16002244,真的懒,"2026-05-26 08:26:45",726.9,2,gtccc9
1948,15893291,"Shota Shibata","2026-05-12 18:18:40",726.6,2,shotashiba
1949,15663577,thiendangnn63,"2026-04-28 23:23:27",726.6,2,thiendangnn63
1950,16022907,Touyu,"2026-06-18 15:52:49",726.4,2,yutoaoki
1951,15693375,xixi,"2026-05-11 21:54:58",726.3,2,lsdeeplearning
1952,15916116,"DONG RUNZE","2026-05-31 10:59:31",726.2,2,dongrunze
1953,15723597,"Priyanshu Chawda","2026-05-19 21:49:27",725.8,2,"adityagayal,priyanshuchawda"
1954,15936292,"No Overfitting","2026-05-18 03:04:08",725.7,2,"jianuoshi,yewenzang,zjybnbu,zzoeyyyyy"
1955,15726984,HojunLee,"2026-06-09 04:26:12",725.6,2,hojuna
1956,16100170,"Huizi Zhou","2026-06-09 09:35:46",725.3,2,huizizhou
1957,15916420,"Vasil Yordanov","2026-05-11 13:08:55",725.3,2,vyordanov
1958,15891396,"Sam Harrington","2026-06-10 22:04:26",725.1,2,samharrington1
1959,16047452,snowrabbit_ai,"2026-06-21 11:26:31",724.9,2,snowrabbitai
1960,15809052,"Cameron Magari","2026-05-02 22:05:54",724.5,2,cameronmagari
1961,15721312,SA,"2026-05-27 14:38:33",724.1,1,pedrormendesjunior
1962,15810544,marc2825,"2026-05-11 14:24:58",724.0,2,marc2825
1963,15634457,"Yuta Tomimasu","2026-05-16 11:57:58",724.0,2,yutatomimasu
1964,16202393,OS_BEIN_LAGGIN,"2026-06-11 16:48:09",723.7,2,nageshdesai17
1965,15823934,001,"2026-06-23 14:02:04",723.6,2,"calebchandrasekar,rister101,stharundhatri"
1966,16060823,moss,"2026-05-31 07:50:40",723.6,2,kenyashimizu
1967,16246060,ThaiTrevor,"2026-06-23 01:05:50",723.3,2,thaitrevor
1968,15973596,aprilhare,"2026-05-25 02:48:35",722.4,2,kenjirokiyono
1969,15642020,epigene,"2026-06-23 13:42:27",722.4,2,nadhu59648
1970,15636550,winstonton,"2026-05-19 16:12:29",722.2,2,winstonton
1971,15700727,"T. Sri Vallabh","2026-06-02 10:08:46",721.9,2,tsrivallabh
1972,15672330,Justus,"2026-06-02 06:30:41",721.8,2,justus0
1973,16280923,PruthviVKadam,"2026-06-12 22:30:58",721.7,2,pruthvivkadam
1974,15701128,MaelMnr,"2026-06-08 08:02:36",721.4,2,maelmnr
1975,15673022,"John Briery","2026-06-18 17:05:12",721.4,2,johnbriery
1976,16070108,wqzh,"2026-05-25 07:37:46",721.3,1,weiqinzh
1977,15706867,"Amin Ebrahimzadeh","2026-05-25 15:58:19",721.1,2,aminebrahimzadeh68
1978,15662043,iggy.me,"2026-06-15 23:13:23",720.9,1,iggyme
1979,15976354,Olivier,"2026-05-18 22:21:21",720.5,2,sim123simsim
1980,15806993,"Victor Postonogov","2026-06-07 06:29:39",720.3,2,victorpostonogov
1981,15721788,"Saicharan Ramineni","2026-05-21 16:45:57",720.2,2,"akshaygupta7777,godlydonuts"
1982,15663115,"Galactic Pirate Krewe","2026-04-22 20:34:31",719.9,2,williamabel
1983,15643560,Sitoa,"2026-05-03 13:14:01",719.9,2,torumitsutake
1984,15995469,Pyrge,"2026-06-13 12:15:29",719.7,2,pyryviitaaho
1985,15705134,"artin Sophia","2026-06-14 14:03:38",719.5,2,artinsophia
1986,15671286,"Meetbels (Eric Wu)","2026-04-28 16:14:15",719.5,1,meetbelsericwu
1987,15669960,"ONYX WARS","2026-06-11 15:36:58",719.4,2,ruicompany
1988,15694042,"Alexey Dzhevello","2026-06-22 22:09:55",719.3,2,alexeydzhevello
1989,15753621,hibinari,"2026-05-07 20:23:24",719.2,2,hibinari
1990,15666505,"Pedro FG Soares","2026-05-20 19:06:17",719.0,2,pedrofgsoares
1991,15645395,Alfaxad,"2026-06-22 04:51:12",718.9,2,alfaxadeyembe
1992,15711695,"Shigeru Kondou","2026-05-20 15:34:54",718.8,2,shigerukondou
1993,15650911,parijit,"2026-06-08 12:10:54",718.6,2,parijit
1994,16086276,"Mark Turrell","2026-06-23 21:18:54",718.5,2,markturrell
1995,15658272,"Arshad Shemil k","2026-05-12 11:27:34",718.4,2,arshadshemilk
1996,15660659,Byfone,"2026-06-02 20:27:15",718.4,2,byfone
1997,15831871,"Vivan Bansal","2026-05-28 20:11:04",717.9,2,vivanbansal
1998,16011991,"Hoàng Huy Hoàng","2026-05-29 12:23:51",717.9,2,honghuyhong
1999,15637475,AF137,"2026-06-08 10:12:54",717.7,2,yogsandro
2000,15753372,"Josh Hurlburt","2026-05-21 00:16:24",717.7,2,joshhurlburt
2001,15720907,"michael faucher","2026-05-02 07:28:08",717.0,2,michaelfaucher
2002,16030634,kambehmw,"2026-05-21 14:20:06",717.0,2,kanbehmw
2003,15704001,"Logan Parker","2026-06-22 22:54:55",717.0,2,loganparker
2004,15651164,malaxg,"2026-06-02 07:46:35",716.8,2,guoyixian2
2005,16071306,"Salvin Sebastian","2026-05-28 16:40:20",716.5,2,salvinsebastian
2006,15658486,"yamao shoki","2026-05-25 11:41:32",716.4,2,yamaoshoki
2007,15647944,Phenanthrene86,"2026-06-01 03:13:10",716.3,2,cocoamilky
2008,16347025,"Jasper Dekoninck","2026-06-22 20:03:03",716.2,2,jasperdekoninck
2009,16044274,"Alexander Ponomarenko","2026-06-08 14:17:15",716.1,2,aponom
2010,16067591,star,"2026-05-26 07:11:46",715.9,2,liangruiqi
2011,16331790,Sync,"2026-06-19 01:06:10",715.8,2,anirudhrajsharma
2012,15693184,N0maD,"2026-06-23 10:26:01",715.6,2,"kindasomethin,thisisn0mad"
2013,15662799,"Yiheng (Ethan) Cai","2026-04-23 17:42:32",715.5,2,ethanyihengcai
2014,15690334,Monica,"2026-04-24 04:20:57",715.4,2,sor4chi
2015,16041655,JYXXXX,"2026-05-24 18:16:32",715.4,2,jyxxxx
2016,16022215,ROCKET,"2026-05-27 10:14:01",715.4,2,rainjiao
2017,16105144,"interesting L","2026-06-07 12:33:33",715.2,2,interestingl
2018,15738155,"Zhengxu Yu","2026-05-29 12:16:41",715.2,2,zhengxuyu
2019,15918824,"Adam Vajda","2026-05-12 09:38:23",715.2,2,vajdad4m
2020,15653725,"Thomas Greissler","2026-04-20 01:10:18",715.2,2,thomasg22202020
2021,15925653,Quinn,"2026-06-23 03:38:00",715.1,2,fooboy
2022,16118637,"Ruben Rystedt","2026-06-09 11:41:20",714.9,2,rubenrystedt
2023,15734995,uedy12,"2026-04-29 13:51:24",714.7,1,uedy12
2024,15643226,higaki,"2026-05-17 08:18:32",714.5,2,higaki
2025,15648914,Ken,"2026-06-21 02:56:49",714.5,2,kensuke77
2026,15731880,"Deepesh Ahlawat","2026-05-14 06:03:24",714.4,2,deepeshahlawat001
2027,15893499,cmmc27,"2026-05-09 08:14:48",714.4,2,cmmc27
2028,16299293,"Andrin Rehmann","2026-06-23 06:51:37",714.2,2,andrinrehmann
2029,16299875,Tombeest,"2026-06-14 20:28:02",714.2,2,tombeest
2030,16047184,"Scenery SunFireInk","2026-06-01 11:18:44",714.2,2,scenerysunfireink
2031,16042086,JBster,"2026-06-17 11:23:12",714.1,2,jbster
2032,16346143,"antonia arias c","2026-06-16 03:39:36",714.1,2,antoniaariasc
2033,15659649,ktm,"2026-06-01 14:37:57",714.0,2,tmhrkt
2034,15828463,"Joep van Opdorp","2026-06-08 19:22:49",713.7,2,joepvanopdorp
2035,15723227,"Maher el Ouahabi","2026-05-20 07:50:19",713.6,2,maherelouahabi
2036,15951674,"David Elrick","2026-05-29 04:00:11",713.5,2,davidelrick
2037,15993824,"Hiroyasu Okuno","2026-06-13 01:59:42",713.2,2,hiroyasuokuno
2038,16115048,MatheusPSorancoDeCarvalho,"2026-06-11 21:30:33",713.1,2,matheussoranco
2039,15641453,AnRyisReal,"2026-04-19 15:52:02",712.6,2,anryisreal
2040,15991774,"Aditya #2","2026-05-20 18:19:43",712.5,2,antidynamic
2041,15916929,"Horikita Saku","2026-05-17 07:25:37",712.3,2,horikitasaku
2042,15695208,"Polyakova Elizaveta","2026-05-22 08:44:49",712.3,2,polyakovaelizaveta
2043,16300524,juvenjiang,"2026-06-22 05:04:06",712.0,2,juvenjiang
2044,15767892,"Deonis Deonnis","2026-05-19 15:36:34",711.9,2,deonisdeonnis
2045,15633567,DECEM,"2026-05-16 08:45:31",711.9,2,zy1343930734
2046,16296456,"Preechanon Chatthai","2026-06-12 05:13:54",711.8,2,saouza007
2047,15670555,Keiku,"2026-05-15 14:36:39",711.6,2,keiku322
2048,15663156,"Vijay Krishna Lanka","2026-06-13 20:00:33",711.6,2,vijaykrishnalanka
2049,16110389,evesanta,"2026-05-31 02:49:06",711.3,2,evesanta
2050,16031253,Felis,"2026-06-23 18:35:18",711.3,2,ilyaafanasenko
2051,15662952,Deobot,"2026-06-13 05:04:51",710.9,2,"deobot,zeneswe"
2052,15945058,"Bhargavaram Gajula","2026-05-15 11:18:34",710.8,2,bhargavaramgajula007
2053,15693793,"Ignacio Martín Sánchez","2026-04-29 19:19:28",710.6,2,ignaciomartnsnchez
2054,16214740,Liran,"2026-06-04 15:33:22",710.5,2,benzionl1
2055,15663249,Superspork,"2026-05-02 17:40:40",710.4,2,superspork
2056,16053286,nguyenminhoang,"2026-05-23 02:40:11",710.4,1,nguyenminhoang
2057,15903824,HilalElusive,"2026-05-19 19:39:21",710.4,2,hilalelmehdi
2058,16021711,"Artem Kravtcov","2026-05-20 15:36:54",710.0,2,artemkravtcov
2059,15822688,tech-lunch,"2026-06-13 04:19:41",709.9,2,techlunch
2060,15640408,"Ashu Rajput","2026-06-19 08:02:40",709.9,2,ashurajput08
2061,15664023,"Space Raccoons","2026-05-18 10:14:31",709.5,2,"meerkatalfie,nataliechang2026"
2062,15660364,restricteur,"2026-05-22 16:09:54",709.5,2,restricteur
2063,15665539,Aurex,"2026-06-07 09:51:33",709.5,2,"dhruvitsinhjadeja,hrishitapan,jashxd,vihaanpandya10"
2064,16005042,CinayetMemet,"2026-05-21 13:42:14",709.4,2,coldiron23
2065,16095385,Ilya,"2026-06-05 13:22:08",709.1,2,zhukov
2066,15686958,"Andrew Dolecki","2026-05-13 00:07:11",708.7,2,andrewdolecki
2067,15943108,"Henrique Galvim","2026-05-18 19:35:32",708.7,2,henriquegalvim
2068,15740587,PavelYanson,"2026-05-11 08:49:21",708.4,2,gr3shn1k
2069,15949889,young,"2026-05-26 14:01:29",708.4,2,youngssuchoi
2070,15830445,"Jiale Lin #2","2026-05-26 00:09:40",708.3,1,jili1731
2071,15946662,CalculuUus,"2026-06-23 08:45:02",708.3,2,calculuuus
2072,15742923,"Adarsh Sharma","2026-05-20 07:42:23",708.3,2,adarsh5harma
2073,16319353,Jay_townsend19,"2026-06-15 17:40:36",708.3,2,"gmei66,jaytownsend19"
2074,16095026,Redim0,"2026-06-10 11:41:47",708.0,2,redim0
2075,16030840,romazu,"2026-06-21 09:19:45",708.0,2,romazu
2076,15919910,"501st Legion","2026-06-16 20:54:31",707.5,2,"harikrishnanrajan,tnshpp"
2077,15952123,Garry,"2026-05-18 03:45:46",707.4,2,garrya
2078,15927589,"Andnat Peace","2026-05-31 02:26:03",707.1,2,gleecf
2079,15821466,"Simon Willer","2026-06-21 21:12:30",707.0,2,simonwiller
2080,16269470,"Ismail Harfi","2026-06-10 12:32:23",706.7,2,ismail89
2081,16001590,Boblic,"2026-05-19 14:10:44",706.7,2,boblic
2082,15924229,"Swapnil Kannojia","2026-05-13 04:19:38",706.6,2,swapnilkannojia
2083,15977714,"Karl Ward-Greasley","2026-05-27 07:59:32",706.6,2,karlwardgreasley
2084,15762288,Xiiiiiin,"2026-05-26 13:24:15",706.5,2,"jidaobu,xiiiiiin"
2085,15730042,"Oliver Wang","2026-05-06 01:42:07",706.3,2,oliverwang15
2086,15815379,"Karnakbayev Artur","2026-05-07 19:08:17",706.2,2,karnakbaevarthur
2087,15844522,"Lei Wang","2026-05-07 11:45:28",706.0,2,cherylwang
2088,15829191,"Giacomo Piatelli","2026-05-05 21:03:43",705.8,2,giacomopiatelli
2089,15932927,"Sungsu Hyun","2026-05-16 14:25:54",705.8,2,sungsuhyun
2090,16275862,Taeung,"2026-06-17 00:14:38",705.5,3,nabi744
2091,16126624,"Yanjin Li2001","2026-06-22 21:22:13",705.4,2,yanjinli2001
2092,16038409,"HARUKI HARADA","2026-06-05 13:35:56",705.2,2,harukiharada
2093,15664977,Creator,"2026-05-15 07:33:44",705.1,2,dev4585
2094,15957754,"Joshua CHOI Kui-Wang","2026-05-15 11:56:46",704.8,2,kuiwangchoi
2095,15740726,"Aastik Rajan15","2026-06-05 03:07:44",704.7,2,aastikrajan15
2096,15730647,"Alexey Yurasov","2026-06-21 23:56:10",704.5,2,format37
2097,16016763,chaitugsk07,"2026-05-20 13:55:43",704.5,2,chaitugsk07
2098,16006239,L4M1N3,"2026-06-10 03:34:44",704.4,2,"khadirmislam,l4m1n3"
2099,15781319,Goty,"2026-05-29 05:56:21",704.4,2,yudaigoto
2100,15776247,"Danila Lapokin","2026-05-16 10:05:23",704.4,2,danilalapokin
2101,16087874,"Blaize Rouyea","2026-06-04 13:25:47",704.3,2,"blaizerouyea,rouyeabourgeois"
2102,15652493,"Adel Nurutdinov","2026-05-16 09:41:22",704.1,2,adelnurutdinov
2103,16044913,SzczepanGrela,"2026-05-23 11:35:08",704.1,2,szczepangrela
2104,15663449,Da-P,"2026-06-21 15:49:31",704.0,2,mazusakit
2105,15847140,mech_39,"2026-05-26 08:11:26",704.0,2,mech39
2106,15998268,Dmitriy,"2026-06-10 04:02:06",703.6,2,dmitriybty
2107,15904616,"Trần Tùng Dương #2","2026-05-21 11:20:04",703.5,2,ziangtran123
2108,15943559,Wheeeeaaaats,"2026-06-19 09:11:43",703.5,2,wheeeeaaaats
2109,15696778,"Khawar Ali","2026-05-10 16:03:32",703.5,2,sneakyscientist
2110,16103225,SneeuMeeu,"2026-06-03 13:19:33",703.3,1,"sneeumeeu,williewiid"
2111,15945959,ranyu03,"2026-05-30 05:39:23",703.0,2,ranyu03
2112,15632761,"AlphaOrbit [prize ineligible]","2026-04-20 02:16:33",703.0,2,inversion
2113,16075335,"Ananyaa Prabagar","2026-06-04 17:15:11",703.0,2,ananyaaprabagar
2114,15704495,"Greg Kontos","2026-05-11 01:59:48",703.0,2,gregkontos
2115,16091901,JojiZhou,"2026-05-31 02:26:17",702.7,2,jojizhou
2116,15634773,"Lakhindar Pal","2026-04-26 04:36:25",702.6,2,lakhindarpal
2117,15966623,"Lê Nam11","2026-05-16 09:04:02",702.4,2,lnam11
2118,15787167,"bnbuster bn","2026-06-08 11:39:32",702.4,2,bnbusterbn
2119,15902813,TRC,"2026-05-17 03:37:39",702.3,2,"alejandroordonana,manuelgarciapea"
2120,15896191,"Yao Huang","2026-06-09 15:02:17",702.1,2,itshyao
2121,15936693,"Adam Li","2026-05-22 04:35:51",701.9,2,lizhiiii
2122,15663469,KaizaburoChubachi,"2026-04-26 07:15:31",701.5,2,zaburo
2123,16240945,glycineAddict,"2026-06-10 19:47:53",701.4,2,glycineaddict
2124,15671414,"Aniket Dixit","2026-06-12 11:12:58",701.4,2,aniketdixit122122
2125,15675260,Prit_44421,"2026-05-15 14:41:54",701.3,2,prit44421
2126,15826486,"Gabriel MercierX","2026-05-24 09:51:01",701.3,2,gabrielmercierx
2127,15917471,Albian,"2026-05-23 05:19:58",701.1,2,albian
2128,15744592,laughingmen,"2026-06-23 23:02:34",701.0,2,laughingmen
2129,15927089,"Vivek Prakash","2026-05-12 20:00:01",701.0,2,deadshot2704
2130,15752863,"alex chilton","2026-05-17 05:52:06",700.9,2,alexchilton
2131,15859936,"Karan Singh Bisht","2026-06-06 22:27:19",700.9,2,karansinghbisht
2132,15699457,"Younes Hlal","2026-05-24 16:36:00",700.8,2,youneshlal
2133,16152557,"Mir Murtaza","2026-06-21 15:37:00",700.6,2,mathifydata
2134,15811612,PyCamperos,"2026-06-23 23:53:44",700.4,2,"ebernatene,manucalop"
2135,16097842,"Hiếu Nguyễn Trung","2026-06-06 14:44:11",700.3,1,iuaii12
2136,16268932,lingruo,"2026-06-13 12:12:24",700.0,2,lingruo
2137,15719704,Lazyman,"2026-05-26 03:38:17",699.8,2,lazyman
2138,15731426,"Jazzbo z","2026-04-27 20:46:04",699.5,2,jazzboz
2139,15651507,Seshu,"2026-05-16 06:12:47",699.4,2,seshuthota
2140,15732858,noskey,"2026-06-07 07:47:42",699.3,2,noskey
2141,15724685,dddmd,"2026-05-26 02:19:44",698.6,2,dddmdd
2142,15653976,mbundy1237,"2026-05-02 22:00:44",698.4,2,mbund1237
2143,15971285,"Subash Kandel10","2026-05-15 18:53:14",698.2,2,subashkandel10
2144,15735779,Wal8800,"2026-05-29 22:41:56",697.8,2,wal8800
2145,15731936,"Rhys Gardener","2026-06-04 16:45:22",697.4,2,rhysgardener
2146,16030005,"Derek Earnhart","2026-06-12 22:46:04",697.1,2,derekearnhart
2147,16060002,"Tuna Xiao","2026-06-14 13:33:11",697.0,2,tunaxiao
2148,15879990,"Neil Saludez","2026-05-26 05:13:31",696.5,2,neilsaludez
2149,15649614,TIU,"2026-05-06 17:13:47",696.4,2,"barakuga,nguyenminhtric"
2150,15855423,"Esabelle Chen","2026-05-25 12:03:15",696.1,2,esabellechen
2151,15994557,Zoey,"2026-05-17 17:01:33",695.9,2,jasononon666
2152,15881017,Junlaii,"2026-06-23 06:25:34",695.8,2,junlaii
2153,15640746,AmitShuklaKag,"2026-05-29 08:09:14",695.8,2,amitshuklakag
2154,15982719,fixstars,"2026-06-12 19:24:43",695.7,2,"kotaiizuka,sbite0138"
2155,15814197,brthyyjp,"2026-05-02 10:34:23",695.7,2,brthyyjp
2156,15838410,Ynnk,"2026-06-14 12:43:16",695.6,2,yieldsmarter
2157,15943643,"less subs","2026-06-18 07:07:24",695.2,2,jiaoyouzhang
2158,15645882,(´･_･`),"2026-05-07 08:39:46",695.2,2,tanakh
2159,15750131,Fanch,"2026-05-07 06:22:33",695.1,2,fanch123
2160,15657469,Yousef,"2026-05-16 05:30:21",694.8,2,yousefcheng
2161,15995598,"อธิคม หวังเจริญวงศ์","2026-06-23 21:50:33",694.8,2,newwang12
2162,15867846,Carrotato,"2026-05-12 12:15:44",694.6,2,rishigottumukkala
2163,15730217,"Brendan Carlin","2026-05-09 04:53:11",694.6,2,brendancarlin
2164,15836839,JLiu24,"2026-05-03 21:17:10",694.4,2,jliu24
2165,15832404,"Leonid Kononenko","2026-06-20 18:22:45",694.4,2,leonidkononenko
2166,15893866,soso,"2026-05-18 06:05:12",694.3,2,suminshim
2167,15662941,"Artur Misiurev2","2026-05-15 01:56:00",694.3,2,arturmisiurev2
2168,15992206,QIGESHIJIE,"2026-06-23 23:41:19",694.3,2,qigeshijie
2169,15644418,"Baglanov Alikhan","2026-05-09 14:41:59",694.2,2,baglanovalikhan
2170,15750394,Kohaku,"2026-05-07 22:34:50",694.1,2,hinarishimada
2171,15634009,Pavel,"2026-06-08 19:34:47",693.5,2,pavelsavchenkov
2172,15667804,"Raj Gupta","2026-05-21 12:07:54",693.1,2,darkprime01
2173,16136739,Kript10,"2026-06-23 23:41:34",692.9,2,jannatsamadov
2174,15843902,"Muzayyan Rauf Rana","2026-05-21 07:28:28",692.5,2,muzayyanraufrana786
2175,15896904,"Jun jie Peng","2026-06-23 07:14:41",692.4,2,mmfjsl
2176,15843145,Troyxxf,"2026-05-26 09:34:57",692.2,2,troyxxf
2177,15861798,"TJ Carino","2026-05-19 19:44:27",691.9,2,tjcarino
2178,15742077,fazilaboobacker,"2026-06-22 18:34:21",691.8,2,fazilmaboobacker
2179,15732117,"Шахзод Тошпулатов","2026-05-27 08:24:20",691.8,2,tsht88
2180,15662545,pbdpbd123,"2026-06-04 03:19:19",691.8,2,panbindu
2181,15640991,"SeshuRaju 🧘‍♂️","2026-05-07 16:34:22",691.7,2,seshurajup
2182,15852320,"just is test","2026-05-14 08:25:16",691.6,2,namlephuong
2183,15746749,Magichan,"2026-05-12 10:35:47",691.6,2,magichan
2184,15638471,"BNBU G10","2026-05-22 06:40:17",691.4,2,"chenxiguan,lllyyy11,zeweiliuu"
2185,15888277,aura,"2026-05-09 21:32:57",691.3,2,yijue1
2186,16155135,"Shardul Gharat","2026-06-10 09:00:31",691.2,2,shardulgharat
2187,15762219,clems4ever,"2026-06-12 11:15:32",691.2,2,clems4ever
2188,16141531,"zhan renyi","2026-06-19 11:51:57",690.6,2,zhanrenyi
2189,15915985,"WANG DONGYANG","2026-06-23 15:54:05",690.3,2,wangdongyang
2190,16186900,weiyi,"2026-06-05 00:33:23",690.2,2,txdywy
2191,16194461,"airdropcu coinci","2026-06-19 19:45:26",690.1,2,airdropcucoinci
2192,16368120,"Miguel Gil Jiménez","2026-06-17 10:00:14",690.0,2,miguelgiljimnez
2193,15660086,mikebeth,"2026-06-22 15:38:56",689.9,2,miguelbeta
2194,16337869,"Vitaliy Dushepa","2026-06-21 11:51:27",689.8,2,dushepa
2195,15770404,duumvirato,"2026-05-09 19:55:32",689.8,2,"yufrankz,zihanhu88"
2196,16021283,yunseungmin0531,"2026-05-20 04:56:06",689.8,2,yunseungmin0531
2197,15647985,"Apoorv tyagi05","2026-05-16 14:45:20",689.6,2,apoorvtyagi05
2198,15636614,"Avinash Pathak","2026-05-27 14:51:50",689.5,2,avipathak99
2199,16276803,hhwu28,"2026-06-16 07:02:10",689.4,2,hhwu28
2200,15738377,kaede2020,"2026-06-21 09:08:58",689.4,2,kaede2020
2201,15674726,Troups,"2026-06-02 18:58:38",689.3,2,"hervrenard,trottefox"
2202,16140641,"Made In Heaven","2026-06-23 23:56:44",689.2,2,aulrahman
2203,15745567,Dementia,"2026-06-20 15:46:52",688.9,2,"levrymarev,tmitmi1999"
2204,15993492,GeunYuk,"2026-06-08 13:01:09",688.8,2,geunyuk
2205,16074752,"João Felippe Thurler Rondon da Fonseca","2026-06-20 15:25:49",688.7,2,joaofelippe10
2206,16317478,Sam_terrfly,"2026-06-18 07:03:59",688.6,2,wiemkhlifi
2207,16086287,"Luca Guerra","2026-06-18 18:49:48",688.5,2,lucague
2208,15648163,"Soshi Uejima","2026-05-12 15:55:04",688.4,2,assdafa1223
2209,15647547,"Smart Manoj","2026-05-02 02:12:44",688.1,2,smartmanoj
2210,15768926,ndionysus,"2026-05-24 18:33:36",687.9,2,ndionysus
2211,16004827,"Fantom Feramuz Abi","2026-05-25 18:47:36",687.9,2,deneyciba
2212,15950982,Andrij,"2026-05-13 18:40:44",687.9,1,aikhmelnytskyy
2213,16105099,kagglenotw3,"2026-06-09 20:59:33",687.8,2,kagglenotw3
2214,16257780,toshimitsu10432,"2026-06-21 20:46:58",687.8,2,toshimitsu10432
2215,16029037,tianxianbaobao,"2026-05-27 14:43:51",687.6,2,tianxianbaobao
2216,15872230,"Youssef Elliethy","2026-05-28 13:59:54",687.6,2,youssefelliethy
2217,16073073,KangMinseok,"2026-05-26 14:49:34",687.5,2,kangminseok1234
2218,15633824,biubiubiu,"2026-05-01 00:17:13",687.3,2,ljjsfe
2219,15737232,"Briag Rehel","2026-05-01 09:33:35",687.2,2,briagrehel
2220,15641866,yktori,"2026-05-12 16:27:07",686.9,2,yktori
2221,15954539,Wallfou,"2026-06-22 01:34:47",686.8,2,wallfou
2222,16238539,"Heberth Torres","2026-06-23 22:48:58",686.5,2,heberthtorres
2223,16147637,KunalKakade,"2026-06-06 16:41:29",686.3,2,kunal808
2224,15673253,LUKEx76,"2026-04-27 20:49:14",685.6,2,lukex76
2225,15899882,"Master Teo","2026-05-14 02:51:28",685.4,2,sirteo
2226,16005461,chraaaa,"2026-05-17 19:05:35",685.3,2,chraaaa
2227,15729316,"Francis Banda","2026-05-18 20:18:17",685.2,2,francisbanda
2228,15916376,"Valorant Aim","2026-05-10 07:42:02",685.2,1,valorantaim
2229,15637179,"sarvasva khare","2026-04-17 16:10:47",685.1,2,sarvasvakhare
2230,16082856,"Tanaka Chiromo","2026-06-22 18:26:01",685.1,2,tanakachiromo
2231,15864901,abinandhan03,"2026-06-23 23:20:53",684.9,2,abinandhan03
2232,15664505,Gingsong,"2026-05-21 16:34:16",684.9,2,gingsong
2233,16056266,"hiromitsu mizuo","2026-06-19 03:12:05",684.9,2,hiromitsumizuo
2234,15634552,"samuel tan","2026-05-15 11:04:49",684.8,2,simingtan
2235,15874640,lcj,"2026-05-26 00:31:00",684.7,2,lichangjian
2236,15788066,Relieq,"2026-06-06 04:40:46",684.4,2,relieq
2237,15775649,Osku,"2026-05-10 04:53:16",684.4,2,oskutee
2238,16371176,Chien,"2026-06-23 06:23:32",684.3,2,randyzhang666
2239,16002311,thatjonk,"2026-06-11 08:41:45",684.3,2,thatjonk
2240,15933340,"STRANGER THAN HEAVEN","2026-05-17 19:54:39",684.2,2,princethedeveloper
2241,15988811,NNKtv28,"2026-05-18 15:32:22",684.2,2,nnktv28
2242,15818495,Jason_Hu,"2026-05-07 18:15:59",684.1,2,zhehoo
2243,16146567,nasu726,"2026-06-06 17:51:51",684.0,2,nasu726
2244,15724479,"Badar Islam","2026-06-03 08:16:41",683.4,2,badarmughal
2245,16317471,"Yashonandan Kakrania","2026-06-13 05:30:00",683.0,2,yashonandankakrania
2246,15858796,ardentaegis,"2026-05-10 14:10:14",682.9,2,ardentaegis
2247,16144119,"Aigars Laizans","2026-06-14 06:10:03",682.8,2,aigarslaizans
2248,15997811,Snorf,"2026-05-17 21:16:04",682.5,2,snorfyang
2249,15744969,RomanNechaev,"2026-05-11 09:14:14",682.4,2,romannechaev
2250,15858656,Anti,"2026-05-08 13:01:55",682.4,2,antimatter543
2251,16062067,"Kaggle palan Data","2026-05-26 13:29:06",682.3,2,kagglepalandata
2252,15778392,tomo0608,"2026-05-17 11:32:59",682.3,2,tomo0608
2253,15888821,"Shunjun Gu","2026-05-22 16:52:59",682.1,2,shunjungu
2254,16006019,Yuvraj2502,"2026-06-13 16:58:18",682.1,2,yuvraj2502
2255,16059456,Tina,"2026-05-27 12:14:44",682.1,2,tinahe1995
2256,16048706,Cona,"2026-05-27 04:54:14",681.9,2,fcshen
2257,15851624,r3m3c3,"2026-05-17 08:42:39",681.9,2,r3m3c3
2258,15708291,"David Foster","2026-06-11 19:45:27",681.7,2,davidfoster
2259,15635934,jamm1412,"2026-05-19 17:46:29",681.6,2,jamm1412
2260,15645121,Frank_LH,"2026-04-29 11:34:12",681.4,2,franklh
2261,16031727,"Nikoo Yu","2026-05-26 10:41:40",681.3,2,nikooyu
2262,15742652,soso687,"2026-05-18 05:37:36",681.3,2,soso687
2263,15662435,Maximiliano,"2026-05-25 02:09:26",681.2,2,maximim
2264,16282983,prvsqjp,"2026-06-12 05:06:23",680.9,2,prvsqjp
2265,15928683,"Jaksen Charles","2026-05-18 13:14:40",680.9,2,jaksencharles
2266,16037557,rtsyachi,"2026-06-02 15:34:44",680.9,2,kissshotorca
2267,16093946,"Noe Nathan Arreza","2026-05-27 16:37:37",680.8,2,noenathanarreza
2268,15821570,sqsge321,"2026-06-05 05:03:15",680.7,2,sqsge321
2269,15662552,kseebaldt,"2026-04-26 21:44:52",680.6,2,kseebaldt
2270,15643543,"Sudhir Sude","2026-05-13 12:44:35",680.6,2,sudhirsude
2271,16271528,"Viljen Apalset Vassbø","2026-06-15 17:53:28",680.5,2,viljenapalsetvassb
2272,15658017,Reece,"2026-04-29 19:25:11",680.0,2,reecejsmith
2273,15908509,"Zheng Xu","2026-05-14 12:27:53",680.0,2,xuzheng0114
2274,15831261,orf527,"2026-05-13 06:05:25",679.9,2,ercee98
2275,16078260,"Virginia Weatherman","2026-05-26 02:52:08",679.7,2,virginiapollitt
2276,15855358,"Yen Wee Lim","2026-05-20 08:57:08",679.6,2,limyenwee
2277,16059618,"Henry Solberg","2026-05-27 23:27:52",679.4,2,henrysolberg
2278,15732887,"W Squared","2026-05-13 17:43:52",679.1,2,"hbfhlkb,novazh"
2279,15805212,"Jack Su","2026-05-07 05:49:00",678.9,2,jacksu0
2280,15746911,"Roger Stager","2026-06-14 13:59:22",678.9,2,rogerstager
2281,15998184,"Aditya Sinha","2026-05-18 17:59:04",678.7,2,adityasinha1802
2282,15639580,yama_nashi,"2026-04-23 14:51:36",678.7,2,yamagatas
2283,15854126,Isar,"2026-05-29 00:01:17",678.5,2,isarns
2284,16118930,E散人chloeprice,"2026-06-23 14:58:49",678.5,2,echloeprice
2285,15755358,georgeludden,"2026-05-26 20:37:22",678.2,2,georgeludden
2286,16118497,Junreud,"2026-06-03 12:32:32",678.1,2,junreud
2287,15873056,murabacha,"2026-06-20 21:01:11",678.1,2,murabacha
2288,15662460,"Zach Lindsey","2026-05-05 15:26:17",677.9,2,zlindsey
2289,16003434,"Yuanshuo Gou","2026-05-18 04:57:03",677.8,2,yuanshuogou
2290,16085226,Agentic_Raiders,"2026-06-17 19:50:08",677.6,2,"hudaib2009,plasmafr,rev2ret"
2291,15742044,opdo,"2026-05-18 07:38:41",677.1,2,lokeshpeketi
2292,15732572,sanyul,"2026-05-21 06:40:41",677.1,2,sanyul
2293,15633703,GeneralBot,"2026-06-23 22:35:45",677.0,2,vvs0713
2294,16015424,"Léa Mortello","2026-05-20 13:20:23",677.0,2,lamortello
2295,16234130,"xiang yiran","2026-06-16 01:48:45",676.9,2,xiangyiran
2296,16054130,"Alexandru Tanasel","2026-06-02 16:00:09",676.9,1,tanasel
2297,15779456,Slomna,"2026-05-19 13:49:18",676.3,2,slomna
2298,16188673,weizhengjun,"2026-06-23 05:04:21",676.1,2,weizhengjun
2299,15908394,Reexel,"2026-05-15 00:02:15",676.0,2,ky7240
2300,15672572,"cora zeng","2026-05-27 15:02:29",676.0,2,corazeng
2301,15678630,"MartinS Brezauckis","2026-05-30 16:24:30",676.0,2,martinsbrezauckis
2302,15679991,greySnow,"2026-05-01 19:30:13",675.9,2,shlomoron
2303,16020873,"Pradeep P","2026-06-17 02:09:26",675.9,2,pradeeppuranam
2304,15730197,MiranCZ,"2026-06-10 10:12:20",675.6,2,mirancz
2305,15857121,"Khoi Tuan Nguyen","2026-05-10 03:49:44",675.6,2,khoingt
2306,15903692,"Raphaël Caloz","2026-05-12 20:38:52",675.3,2,raphaelcaloz
2307,15876847,"Nicolas Bridelance","2026-06-05 14:18:16",675.2,2,nbridelancetb
2308,15825111,02,"2026-05-09 05:42:21",675.2,2,avik090
2309,15776109,K.N.,"2026-05-17 06:41:55",675.0,2,noza198
2310,15669955,Freak2209,"2026-06-18 20:43:13",674.9,2,freak2209
2311,15938897,Daehyeon12,"2026-05-15 10:04:47",674.9,2,daehyeon12
2312,15853587,shabbzad,"2026-06-16 13:44:28",674.9,2,shabbzad
2313,15899895,pontifexd,"2026-05-14 05:21:01",674.9,2,pontifexd
2314,15658222,"Devesh Kaushal","2026-05-28 17:20:38",674.9,2,deveshkaushal
2315,15842766,ASetiawan,"2026-06-06 13:28:51",674.8,2,aderiannovito
2316,15703220,"Andrey Yunoshev","2026-05-15 00:30:53",674.8,2,andreyyunoshev
2317,15641614,"Nischay Dhankhar","2026-05-15 23:49:04",674.7,2,nischaydnk
2318,16046703,wyehghsi,"2026-05-25 08:19:45",674.6,2,wyehghsi
2319,15689618,"Jakrin S","2026-04-26 14:44:07",674.4,2,jakrins
2320,15731843,"Yash Rathod","2026-06-02 16:37:56",674.4,2,yash02102
2321,15731322,"Thiago Decnop","2026-04-29 12:41:39",674.3,2,thiagodecnop
2322,16253083,"Vlad-Mihai Nechita","2026-06-11 17:59:17",674.1,2,vladmihainechita
2323,15703345,"AHMED EL YOUSSEFI","2026-06-23 15:43:05",674.0,2,ahmedelyoussefi
2324,15665890,"Keshav Joshi","2026-06-12 17:01:40",673.9,2,keshavjoshi22
2325,15662528,HuaLQin,"2026-06-19 19:39:36",673.6,2,hualqin
2326,15732747,"Iclal Cetin","2026-05-30 10:09:27",673.4,2,claletin
2327,15634855,Zacchaeus,"2026-05-15 02:05:17",673.3,2,zacchaeus
2328,16118608,"Иван Литвак","2026-06-14 10:48:23",673.1,2,trydotatwo
2329,15646046,"HUN UUNNN","2026-05-18 05:44:09",673.1,2,hunuunnn
2330,15671549,"TiGeR STyLe","2026-05-18 18:07:56",673.0,2,kbean413
2331,15950018,manafengau,"2026-05-14 10:04:42",672.2,2,manafengau
2332,16108321,geshuai,"2026-05-29 07:49:31",672.2,1,opengs7
2333,15854776,"Justin Bodycomb","2026-05-21 03:15:19",672.1,2,justinbodycomb
2334,15929874,"lujan zeng","2026-05-11 16:04:31",672.0,1,lujanzeng
2335,15640117,"Muhammad Haaris 27083","2026-05-10 07:26:53",671.8,2,muhammadhaaris27083
2336,15853898,LagrangianLocomotive,"2026-06-23 19:12:56",671.7,2,lagrangianlocomotive
2337,16062030,youta1227,"2026-05-28 11:28:38",671.7,2,youta1227
2338,15665926,"Cyril Vincler","2026-05-02 07:03:42",671.3,2,vincler
2339,15638406,"Marco Ledda","2026-04-30 20:47:59",671.3,2,marcoledda29
2340,15911781,otter_0714,"2026-06-02 17:25:11",671.1,2,otter0714
2341,15851029,TAKMADA,"2026-06-04 20:54:29",671.1,2,takmada
2342,15746615,imakn0907,"2026-05-08 13:51:38",671.1,2,imakn0907
2343,15694157,"GIVE ME A JOB","2026-05-25 14:39:30",671.1,2,tarokogawa
2344,15669185,"Alexandre ARNAUD","2026-06-15 09:48:46",670.9,2,alexandrearnaud
2345,15731258,"Croft Adams","2026-05-11 16:48:17",670.7,2,croftadams
2346,15699073,"vogts wu","2026-05-14 14:07:31",670.5,2,vogtswu
2347,15837199,wintermute,"2026-06-23 20:33:03",670.3,2,siraev
2348,16271059,"Yingrui Wang","2026-06-10 12:17:24",670.2,2,yingruiwang
2349,15832472,alexstedev,"2026-05-08 16:21:41",670.1,2,alexstedev
2350,15654020,"Vladislav Taliansky","2026-04-20 19:03:59",670.1,1,taliansky
2351,15731633,"Manurupan M","2026-06-16 05:47:35",670.0,2,manurupanm
2352,15633690,sigmaborov,"2026-06-07 01:23:12",669.9,2,sigmaborov
2353,15748023,"Pengfei Huang","2026-05-27 06:32:43",669.8,2,pengfeihuang123
2354,16368442,"Priyam Saha","2026-06-16 00:50:22",669.8,2,priyamsaha17
2355,15829532,"Suneet Saini","2026-05-16 18:27:27",669.7,2,suneetsaini
2356,16273812,"Changye Li","2026-06-09 05:03:34",669.6,2,antoinegg1
2357,16033015,"Taha Kaya","2026-06-17 01:25:13",669.5,2,tahakaya1
2358,15671808,"Nishant Singh","2026-06-23 22:47:32",669.3,2,nishso
2359,15670546,Kenzo,"2026-04-25 11:27:47",669.2,2,kenzotange
2360,15667513,"xuanyu zhou","2026-06-12 14:05:24",669.1,2,scutxuanyu
2361,16121800,AshishSharma,"2026-05-31 01:02:07",668.9,2,ashish1996
2362,15734805,Fran2026,"2026-06-05 16:39:16",668.9,2,fran2026
2363,15838674,antimaterial,"2026-05-21 09:49:43",668.9,2,antimaterial
2364,15960455,"Srivaths Natarajan","2026-06-17 09:57:01",668.8,2,srivathsnatarajan
2365,16302939,JamieBer18,"2026-06-15 08:13:28",668.4,2,jamieber18
2366,16253720,AlpinaInsights,"2026-06-15 08:04:07",668.3,2,alpinainsights
2367,15722962,Boladi,"2026-06-20 22:31:28",668.0,2,boladi
2368,15929087,"Dmitriy Gerasimov","2026-05-13 11:20:35",667.9,2,dmitriygerasimov
2369,16061109,"Semih Işık","2026-05-29 14:28:21",667.7,2,semihik
2370,15714767,khursani,"2026-05-01 00:03:15",667.7,2,khursani8
2371,15672639,"K Q J","2026-06-23 16:04:31",667.5,2,adesolanke
2372,15742207,"Pranav A","2026-05-02 05:03:57",667.4,2,pranava2458
2373,15770693,"Ahmed Omar","2026-05-16 17:28:12",667.4,2,ahmedomar42
2374,15676416,"Abhiram Bandi","2026-05-13 08:14:50",666.9,2,"arushnandyala,darkknight21113"
2375,15960447,"Yoshimura Koei","2026-05-15 02:10:44",666.8,2,yoshimurakoei
2376,15700077,"Cristian Lanfranco","2026-06-04 12:36:30",666.8,2,cristianlanfranco
2377,16142435,Ning,"2026-06-21 08:06:20",666.7,2,ninghan11111
2378,15972357,SamTheWam,"2026-06-02 00:55:07",666.5,2,samthewam
2379,15656560,Kyle,"2026-05-06 09:30:09",666.4,2,kylewang12138
2380,15964043,"guoqin gu","2026-06-03 02:24:26",666.4,2,guoqingu
2381,15663458,leventilo,"2026-04-21 01:47:29",666.1,1,leventilo
2382,15922541,"Robert Ding","2026-06-23 23:56:58",665.9,1,robertding
2383,15833736,genius_monky,"2026-05-07 06:57:39",665.9,2,geniusmonky
2384,15814016,wack_wack,"2026-05-07 06:57:50",665.9,2,qunhvthxun
2385,15936786,"Tushr Bhardwaj","2026-05-13 00:38:28",665.5,2,gaming7
2386,15721332,Jason-Oh,"2026-04-29 16:24:53",665.0,2,dossantoss
2387,15662879,Fafn1r,"2026-04-24 16:03:47",665.0,1,fafn1r
2388,15804337,"Octopus's Garden","2026-05-30 12:56:33",665.0,2,ofidaner
2389,16007689,YFrite,"2026-05-18 11:05:43",664.7,2,yfrite
2390,15786753,"Kyle Smith","2026-05-08 18:34:39",664.5,2,kylejsmith
2391,15648388,"Daniel Mittelman","2026-04-27 08:57:14",664.2,2,danielmittelman
2392,15999630,"Ryan Tolone","2026-05-19 08:20:31",664.1,2,ryantolone
2393,16096341,chalky,"2026-06-22 14:37:31",664.0,2,advaitchalke
2394,15854564,Shoaib_rza_111,"2026-05-21 15:00:10",663.8,2,shoaibrza111
2395,15783216,bematt,"2026-06-08 13:57:43",663.8,2,bematt
2396,16031331,"Cam Hau","2026-06-19 19:09:09",663.7,1,camhau
2397,15664861,"Gabriel Koo","2026-04-24 00:55:04",663.7,2,gabrielkoo
2398,16257294,"Grabiel Garcia (G.Garcia)","2026-06-07 17:52:52",663.6,2,grabielgarciaggarcia
2399,15733209,"Louie Z","2026-04-28 06:56:59",663.5,2,lz123456789
2400,15659506,"Artem Dzhalilov","2026-04-30 09:22:20",663.4,2,artemdzhalilov
2401,15664063,shion,"2026-05-08 07:12:05",663.3,2,k0tame
2402,15652629,Vandit,"2026-05-20 22:25:30",663.1,2,vandittyagi0909
2403,16051695,"Lakshy Sharma","2026-05-24 15:17:54",662.8,2,lakshysharma99
2404,15878486,"Fumito Kikutoji","2026-05-26 12:07:41",662.8,2,fukiku
2405,16126399,"Roman Stupin","2026-06-17 18:25:30",662.7,2,rcnegby
2406,15796492,lytCNAORevision2018,"2026-04-30 12:44:14",662.7,2,lytcnaorevision2018
2407,15740474,"blatant warrior","2026-05-08 15:27:39",662.6,2,blatantwarrior
2408,15911638,SERG4NT,"2026-05-09 16:39:44",662.4,2,serg4nt
2409,16317280,Vedantag10,"2026-06-13 01:18:44",662.4,2,vedantag10
2410,15696982,sawasawasawa,"2026-05-19 00:51:51",662.2,2,yukisawamura
2411,15662115,"Niaz Mahmud","2026-05-09 15:41:51",661.9,2,niazmahmud0201
2412,15637373,Yuchen20,"2026-05-09 08:47:37",661.7,2,yuchen2066
2413,15888487,"chen Jack12","2026-05-08 02:42:44",661.1,2,chenjack12
2414,15737010,"DiJia Zhan","2026-05-06 12:14:17",661.1,2,dijiazhan
2415,16149636,castarx4,"2026-06-02 14:13:51",661.1,2,castarx4
2416,16092331,"Jerome Wynne","2026-05-29 21:41:26",661.0,2,jeromewynne
2417,15998052,Submissive,"2026-05-16 22:12:51",661.0,2,samcohen73
2418,15676525,Cruella-Supremacy,"2026-06-22 18:35:09",660.9,2,ajiboyetoluwalase
2419,15870441,Orsted_hitogmi,"2026-06-07 13:20:53",660.6,2,orstedhitogmi
2420,15766266,"Carlo Metta","2026-05-01 16:46:15",660.6,2,came86
2421,15724365,TheBlitterLesson,"2026-05-09 23:48:29",660.4,2,maxgibson
2422,16034425,"Vlad Mazeev","2026-06-14 16:33:42",660.4,2,vladmazeev
2423,15780889,"ahmed achbarou","2026-05-07 13:10:16",660.4,2,ahmedachbarou
2424,15671270,"Ralph Neumann","2026-05-23 09:21:34",660.2,2,xscripter
2425,15792369,Irfan,"2026-05-17 07:18:08",660.2,2,irfan2005
2426,15723680,ultrapp007,"2026-05-21 16:01:01",659.9,2,ultrapp007
2427,15651723,SuppliLion,"2026-06-17 01:22:41",659.8,2,supplilion
2428,15951094,"Chenru Wen","2026-05-14 14:58:21",659.6,2,chenruwen
2429,15727288,Afr1ste,"2026-06-19 01:36:42",659.2,2,afr1ste
2430,16081243,Preetesh,"2026-05-27 10:36:13",659.2,2,preetesh007
2431,15837763,shomossa,"2026-05-08 04:45:47",659.1,2,shomossa
2432,15737281,"Gupta Brothers","2026-05-06 20:55:06",659.0,2,"mewtwo7,uddiptgupta"
2433,15642714,"Tsubasa Hizono","2026-04-20 15:43:49",659.0,2,tsubasahizono
2434,15654376,o_O,"2026-06-19 17:50:15",658.9,2,kegelkaggle
2435,15642051,"Alex Li","2026-05-04 00:43:13",658.7,2,alexli1998
2436,15669385,PIsces,"2026-05-27 10:59:30",658.6,2,shahxsalman
2437,15790605,CHOSeongmin,"2026-05-06 11:12:37",658.5,2,smcho1201
2438,15633461,"Darshan Makwana","2026-05-30 10:32:44",658.2,2,ellipticaloranges
2439,15830792,FabianPlaehn,"2026-06-23 21:11:20",658.2,2,fabianplaehn
2440,15774022,AAElter,"2026-04-30 09:05:07",658.0,2,aaelter
2441,16216775,VK,"2026-06-23 10:28:29",658.0,2,"bongcoder,vinikr"
2442,15663908,TienNamlee,"2026-04-22 14:08:58",657.8,2,tiennamlee
2443,15873180,rickzai,"2026-06-14 11:23:07",657.8,2,rickzai
2444,15820174,CRV5230,"2026-05-29 10:14:30",657.7,2,crv5230
2445,16156850,abhadu,"2026-06-12 20:56:01",657.7,2,abhadu
2446,16000522,kaykay,"2026-06-05 17:25:02",657.2,2,homemadedosukoi
2447,15652106," Mansi anil kadam","2026-04-26 14:59:57",657.0,2,mansianilkadam
2448,15744884,"Nadeev Alam","2026-05-07 22:08:02",657.0,2,nadeevalam
2449,15847147,"Pranjali Patel","2026-06-16 12:15:04",657.0,2,"hitarthgoswami,pranjali2076"
2450,15731736,"Jiale Lin","2026-04-28 07:57:10",656.9,2,jialelinwestlake
2451,15907910,"Vasiliy Tyutvinov","2026-05-16 20:33:24",656.9,2,gol0vachlena
2452,15976003,Bamche,"2026-05-17 17:12:41",656.8,2,lavanyajitarwal
2453,16035955,primal,"2026-06-14 14:51:56",656.6,2,primalhost
2454,15738581,Lucas_Kasprzak,"2026-04-25 14:33:31",656.5,1,lucaskasprzak
2455,15977771,owo,"2026-05-24 15:48:03",656.4,2,nnhzzz
2456,15650725,newbyy,"2026-04-21 06:22:12",656.4,2,newbyy
2457,15941699,VadimPepelka,"2026-05-19 19:57:31",656.2,2,pepelka
2458,15651417,Trisolaris,"2026-05-04 08:30:44",655.8,2,vuk1998
2459,15660851,youkura,"2026-05-01 15:02:36",655.7,2,youkura
2460,15662690,Quadruped,"2026-06-22 03:09:36",655.6,2,jaclyndeem
2461,16353380,junseonglee11,"2026-06-23 10:05:56",655.6,2,junseonglee11
2462,15638484,"Howler One","2026-06-04 12:16:46",655.2,2,nomadninja
2463,15784048,Tatatos,"2026-06-09 08:18:04",655.1,2,tatatos
2464,15670502,"Mario Nicolae","2026-04-23 16:13:26",655.1,2,marionicolae
2465,15648436,zereraz,"2026-05-14 00:05:37",655.0,2,sahebjotsingh
2466,15892238,OpenCubee,"2026-05-29 01:56:29",654.6,2,"hoangnguyen0625,nguynlngs"
2467,16159299,"Helix Evolve","2026-06-18 11:05:47",654.5,2,hiskiasmelke
2468,15637381,NobelK5342,"2026-04-19 09:10:36",654.4,2,nobelk5342
2469,15677872,Vanshika,"2026-04-28 21:36:05",654.2,2,"oneshikaaa,rudranshsinghrathore"
2470,15678577,"Dustin L","2026-06-21 03:00:56",654.1,2,lidstone
2471,15655207,"Seungmin Ha","2026-05-11 05:24:01",654.0,2,seungmin2987
2472,16046121,"Dragon LYZ","2026-06-04 13:11:57",654.0,2,dragonlyz
2473,15797168,"Baseline Junkie","2026-05-02 06:12:07",653.9,2,dolphininacoma
2474,15634891,"jialiang qiu","2026-05-02 08:49:27",653.7,1,jialiangqiu
2475,15640321,"Shirish Chinchanikar","2026-04-22 04:50:05",653.7,4,"a77ackt1tan,rajdeepdas19,shirishchinchanikar"
2476,15951002,StephenNedumpally,"2026-05-16 13:54:16",653.6,2,stephennedumpally
2477,15919155,ryu_to,"2026-05-19 08:03:47",653.5,2,ryuseitoshi
2478,15651285,Soonduck,"2026-04-19 12:17:31",653.4,2,soonduck
2479,16095099,xcheex,"2026-05-31 21:13:44",653.3,2,xcheex
2480,15836075,"Jared Kusnev","2026-05-05 21:23:41",653.3,2,jaredkusnev
2481,15639088,Anubisyy,"2026-05-05 02:43:28",653.2,2,anubisyy
2482,15667195,Pierrax,"2026-06-06 00:25:10",653.2,2,pguillemin
2483,16001259,Camnuy,"2026-05-20 08:00:27",653.2,2,camnuy
2484,16000927,IAI-RL-Trauma07,"2026-05-22 00:12:48",653.1,2,"hoangson1506,minhtuuse"
2485,15719952,team-mlab,"2026-05-16 17:31:11",652.9,2,"aluceyyym,chameichi,tokku0119"
2486,16036342,TovDUDIKIN,"2026-05-22 10:56:24",652.8,2,tovdudikin
2487,15663670,JOONSEOEOM,"2026-04-21 02:42:51",652.7,2,joonseoeom
2488,15752019,MisterJBro,"2026-06-23 20:41:38",652.4,2,misterjbro
2489,15997637,alwowa,"2026-06-21 18:43:27",652.4,2,alwowa
2490,15929345,cry,"2026-05-27 05:48:29",652.3,2,shangyuanfeimali
2491,15674419,"SOLOMON SHALOM LIJO","2026-04-23 09:37:10",652.3,2,solomonshalomlijo
2492,15831963,"josh mathers","2026-05-04 19:41:23",652.2,2,joshmathers
2493,15970778,HoraceLee,"2026-05-28 10:56:49",652.1,2,horacely
2494,15750681,notme,"2026-05-05 08:57:13",651.8,2,ducknf
2495,15718720,"Sudhanshu Tiwari","2026-05-09 11:37:12",651.8,2,sudhanshu1st
2496,16005852,"Sardor Xudaybergenov","2026-06-13 13:20:31",651.6,2,vipsardor123
2497,15641404,"Kumar Abhijeet","2026-04-25 16:26:51",651.6,2,krabhijeet
2498,15809980,増田幹太,"2026-05-06 15:20:06",651.3,2,masukan
2499,15915144,Malcom123,"2026-05-11 12:59:49",651.3,2,malcom123
2500,15777043,"Antonio Avella","2026-04-30 07:20:05",651.2,2,hetman70
2501,15634586,shicaicai,"2026-04-22 02:57:53",651.1,1,shicaicai
2502,15637227,gkami,"2026-04-19 15:00:24",651.1,2,gamurakami
2503,15670493,lst1923,"2026-05-06 06:14:11",651.1,2,lst1923
2504,15846526,"rose purple","2026-05-04 20:02:57",651.0,2,rosepurple
2505,15867235,This.Mike.Guy,"2026-05-11 22:04:43",650.8,2,thismikeguy
2506,15823204,csko,"2026-05-04 10:20:09",650.3,2,cskornel
2507,16279918,"Артём Свинобоев","2026-06-23 03:09:31",650.2,2,ssstelmah
2508,15634902,z1s1k1,"2026-04-29 08:47:49",650.2,2,qqqqqqq1111
2509,16272871,"Stats AI Research Lab","2026-06-22 23:59:30",650.1,2,statsairesearchlab
2510,15761357,mio7690,"2026-04-28 09:06:23",650.0,1,mio7690
2511,16039404,"younghyuk kim","2026-05-26 05:38:22",649.8,2,younghyukkim
2512,16136573,"Goutham KR","2026-06-10 02:42:31",649.4,2,"gouthamkronanki,zjameswilsonz"
2513,15760550,Sivic,"2026-04-30 13:12:19",649.4,2,thanhnghiadk
2514,15934173,"Han Vinny","2026-06-22 04:33:51",649.2,2,hanvinny
2515,16370619,"Vu Tran Hoang","2026-06-23 10:38:04",649.2,2,hoangvux
2516,15672805,"Marc Meijers","2026-04-30 18:49:24",649.1,2,gardan4
2517,16012259,OHEAD91,"2026-06-09 13:50:49",648.9,2,ohead91
2518,16077132,Snark_Chaser,"2026-06-12 10:59:35",648.9,2,snarkchaser
2519,15637019,Kohei,"2026-04-21 06:33:38",648.8,2,confirm
2520,15931417,takus,"2026-06-21 07:37:36",648.8,1,takus4649
2521,16076152,ozdogant,"2026-06-23 12:54:37",648.6,2,ozdogant
2522,15831481,"amine jmy","2026-06-22 09:31:51",648.5,2,aminejmy
2523,15802277,warrensze,"2026-06-23 23:15:29",648.4,2,warrensze
2524,15661415,"Cu Spoon","2026-04-24 10:39:48",648.4,2,cuspoon
2525,15644895,"Xie Xin","2026-04-20 08:31:16",648.3,2,dingjiarun
2526,15751528,"hassan manour","2026-05-02 12:04:22",648.1,2,hassanmanour
2527,15910627,m-saber31,"2026-06-20 13:01:11",648.1,2,msaber31
2528,15750912,wuhenziguadongnanzhi,"2026-04-28 08:07:27",647.9,2,wuhenziguadongnanzhi
2529,15829275,"Miquel Sitges","2026-05-10 20:49:01",647.9,2,miquelsitges
2530,15662254,"Om Mallick","2026-04-25 08:49:36",647.7,2,"allinone123456,kunalkumarsahoo,maniac2022,ommallick"
2531,15689803,"Tumaini Makena","2026-04-22 05:15:00",647.6,2,tumainimakena
2532,15883483,TeamA10,"2026-05-16 01:05:34",647.5,2,adnanunsw
2533,15735755,"Rahul Kumar Raman","2026-05-06 07:17:01",647.5,2,rahulkumarraman
2534,16129487,ssyy,"2026-06-13 09:23:35",647.4,2,dcgarage3651234
2535,15662296,"Aleksandr Politov","2026-04-22 16:28:45",647.4,2,aleksandrpolitov
2536,15656232,Pruden,"2026-05-15 10:33:42",647.2,2,mohammedm0iz
2537,15648758,"Ray Ashby","2026-06-05 03:51:10",647.2,2,rayashby
2538,15659248,T.zhang,"2026-05-13 16:39:57",646.9,2,hihitzhang
2539,15772277,"Tarun Arora","2026-04-29 04:57:16",646.8,2,aroratarun
2540,15705468,"Shubham Vaghasiya","2026-04-27 10:58:35",646.7,2,shubhamvaghasiya
2541,15642386,kambarakun,"2026-04-28 05:47:49",646.5,2,kambarakun
2542,15730448,"aziz EL HIDDIOUI","2026-05-23 12:01:30",646.5,2,azizelhiddioui
2543,16223944,"Dmitriy Ershov","2026-06-15 12:55:41",645.9,2,bejeweled
2544,16085234,Allen,"2026-06-04 02:12:47",645.7,2,debugbutterfly
2545,15674718,"Quentin Garnier","2026-06-03 08:16:04",645.7,2,ptitmoustique
2546,15640768,Keredu,"2026-04-20 09:28:38",645.5,2,keredu
2547,16253717,"Lior Alafi","2026-06-15 13:29:49",645.4,2,"lioralafi,talsomech"
2548,15661860,"Emanuel Lázaro","2026-04-26 17:22:01",645.3,2,emanuellcs
2549,15659067,"Hariom Singh","2026-05-07 13:25:06",645.2,2,hariomsingh06112001
2550,16263290,Ricky,"2026-06-09 10:45:24",645.1,2,rickyds97
2551,15638390,"Sanskar Sontakke","2026-04-21 12:29:47",645.0,2,sanskarsontakke
2552,15663200,xbxb,"2026-04-21 16:06:58",644.9,2,"aijinggao,farfallawang,jbdx6307"
2553,15637771,Alehandreus,"2026-04-18 07:49:11",644.8,2,alehandreus
2554,15664884,joaopedrotocantins,"2026-04-22 17:01:02",644.8,2,joaopedrotocantins
2555,15699446,"Paul Owiti","2026-04-23 13:58:12",644.6,2,paulowiti
2556,15998003,Chronos,"2026-05-16 21:59:20",644.5,2,tobiasrizzo
2557,15739627,"Njabulo Bright","2026-05-18 16:24:28",644.5,2,njabulobright
2558,15976652,"Joy Boy","2026-05-14 19:40:21",644.4,2,arpitsingh2744
2559,15945491,"Qingan Li","2026-06-21 06:05:40",644.4,2,qinganli
2560,15663005,nyahomaru.,"2026-04-28 16:52:38",644.2,2,nyahomaru
2561,15737850,lailixiang,"2026-06-21 07:42:25",644.1,2,lalilixiang
2562,16096349,pranrocky,"2026-05-28 12:02:09",644.1,2,pranrocky
2563,15988991,snatzehua,"2026-05-25 14:57:58",644.1,2,snatzehua
2564,15661780,"Stas Chereshkevich","2026-06-12 18:38:31",643.9,2,staschereshkevich
2565,15802928,MudassarPAPI,"2026-05-02 00:50:36",643.9,2,mudassarpapi
2566,16286149,You,"2026-06-23 23:14:50",643.8,2,yuuuuuu22
2567,15697896,"Devansh Gupta","2026-04-27 06:36:18",643.8,2,devanshxmg
2568,16219843,Peter_Zakharov,"2026-06-19 17:00:20",643.8,1,peterzakharov
2569,16373345,"Theo Sibtain","2026-06-17 14:53:25",643.8,2,theosibtain
2570,15931628,Aristeides,"2026-05-24 12:47:23",643.7,2,wolframbopp
2571,16183403,Middle,"2026-06-21 14:27:32",643.7,2,aydagul
2572,15846023,Trois_5,"2026-05-11 08:12:30",643.6,2,trois5
2573,15637947,"ZS ADS","2026-04-18 18:51:25",643.6,2,"gaveshjain,shameekpathak19"
2574,15651873,"Aleksei Balandin","2026-06-23 23:52:05",643.2,2,alexbalandi
2575,16050191,Han,"2026-05-24 04:03:29",643.0,2,hanshuai
2576,15663085,"Guillermo Gallo Garcia","2026-05-08 22:07:17",643.0,2,guillermogallogarcia
2577,16290216,"Phan Tung","2026-06-12 08:27:35",642.8,2,phanmanhtung
2578,15668250,"Vedant Singhal","2026-04-22 17:37:56",642.8,2,vedved
2579,15833680,"shibuya yuto","2026-06-15 13:50:49",642.7,2,"funnnu,kosukeseki1234,minpoke,shibuyayuto"
2580,15656829,"Đào Janek","2026-06-18 02:46:16",642.6,2,ojanek
2581,15633377,"Muhammad Ibrahim","2026-04-28 08:21:24",642.6,2,muhammadibrahim3093
2582,15664274,Rubel,"2026-05-21 14:17:45",642.4,2,rubel01
2583,15965261,Zazabap,"2026-05-15 14:00:50",642.2,2,shiwenan
2584,15636982,"anuveshika prasad","2026-06-23 06:20:45",642.2,2,anuveshikaprasad
2585,16041893,Nakapen,"2026-06-23 22:58:59",642.0,2,ynakapen
2586,15679840,"Steven “O.G” Reed","2026-06-05 02:46:22",642.0,2,stevenogreed
2587,15737255,EMR_DATA,"2026-06-11 21:14:02",641.9,2,emiliomas
2588,15645639,V_Arslan,"2026-04-20 18:31:31",641.9,2,vvarslan
2589,15648840,Zefirrr,"2026-05-26 11:24:58",641.9,2,zefirrrr
2590,15649921,"Stochoshi G","2026-04-19 08:42:35",641.8,2,stochoshi
2591,15719482,nyori,"2026-05-18 22:06:10",641.8,2,nyoriworks
2592,15676326,"Ishan Bansal","2026-05-25 18:33:00",641.6,2,ishanbansal1
2593,15766987,xuandao,"2026-04-30 09:24:18",641.6,2,xuandaoinhk
2594,15853491,zealotK,"2026-05-04 19:36:16",641.5,2,kevinnguyen007
2595,15976850,"Alex Miller","2026-06-04 18:53:31",641.5,2,amiller36
2596,16031316,Rachitrwt,"2026-05-24 07:13:58",641.3,2,rachitrwt
2597,15640515,"Rui Kamiyama","2026-04-28 06:13:13",641.2,2,ruikamiyama
2598,15890884,faytinn,"2026-05-09 23:19:32",640.8,2,"faytinn,littlestronomer"
2599,15768626,K',"2026-05-19 16:42:37",640.8,2,udadev
2600,15662002,"Doruk Sarıgün","2026-06-23 21:46:02",640.6,2,doruksargun
2601,15635166,"Naga Venkat Marneni","2026-04-18 19:57:23",640.5,2,marneninagavenkat
2602,16371210,"Andrea Berdondini","2026-06-18 11:00:45",640.4,2,berdondini
2603,15643065,fremen,"2026-04-26 16:26:52",640.4,2,salmanhabeeb
2604,15996291,PRAVIN_SJCE,"2026-05-17 17:19:49",640.2,1,pravinkannan18
2605,15662897,RKQ,"2026-06-13 21:59:40",640.2,2,inuneko
2606,16375040,daviondk,"2026-06-18 23:12:28",640.2,2,daviondk
2607,15912514,"Junyi Li","2026-06-07 14:30:46",640.1,2,junyiliii
2608,16006953,"Suppawit Kongpradittaphol","2026-05-26 00:03:47",640.0,2,suppawit19413
2609,15633917,"Evan Arlen Handy","2026-04-28 17:51:25",639.8,2,evanarlenhandy
2610,15852980,"Fahan Kaudeer","2026-05-27 15:41:18",639.6,2,fahankaudeer
2611,15735455,oQoXOdK6,"2026-05-08 19:22:35",639.3,2,"oqoxodk6,takeuchidaisuke2001"
2612,15640955,Trackko,"2026-05-09 20:00:30",639.0,2,trackko
2613,15722187,ZeroEntropy,"2026-05-05 16:13:21",638.9,2,tronghuy315
2614,15723522,"Battlestar Galactica","2026-05-14 00:37:00",638.6,2,cleynerpereira
2615,15652572,M.Tuaha,"2026-05-24 18:00:14",638.6,2,"maquroni,mtuaha"
2616,15633627,"Andreas Bisiadis","2026-04-27 13:03:43",638.5,2,andreasbis
2617,15800125,Toanln,"2026-06-08 16:50:45",638.4,2,toanln
2618,15735199,hhuanghhao,"2026-05-24 03:55:33",638.4,2,hhuanghhao
2619,15746494,"Hanna Nasko","2026-05-03 18:14:54",638.2,2,hannanasko
2620,15921924,DSNuts,"2026-05-14 20:36:51",638.2,2,"donovanfitzg,seamusociosain"
2621,16086606,"Muhammad Salibi","2026-05-28 21:11:08",638.1,2,muhammadsalibi
2622,15859808,"Serhii Mosiiash","2026-05-13 10:48:05",638.1,2,serhiimosiiash
2623,16042829,"Samuel Kurabachew","2026-06-18 02:57:08",637.9,2,samuelkurabachew
2624,15697633,Александр,"2026-04-24 12:13:18",637.5,2,alekcandrr
2625,15697460,vidyananda,"2026-04-24 16:25:49",637.0,2,vidyananda
2626,16103837,SwastikR,"2026-06-23 17:37:34",637.0,2,swastikr1001
2627,15652282,majortom,"2026-06-21 03:28:48",636.9,2,jerryishihara
2628,15745106,"Nguyễn Vũ Luân","2026-05-01 04:27:21",636.8,2,nguynvlun
2629,15736444,Karwei,"2026-06-10 03:32:34",636.6,2,karweii
2630,15692913,Onelux,"2026-04-24 08:25:39",636.3,2,leehomhuang
2631,15874243,MakiMakiAi,"2026-05-10 02:59:03",636.1,2,makimakiai
2632,15671205,"clémentine Malvarosa","2026-04-23 12:49:58",636.0,2,clmentinemalvarosa
2633,15640867,phantom2059,"2026-04-23 07:10:31",636.0,2,phantom2059
2634,15710022,"Melih S","2026-05-06 11:39:58",635.6,2,melihsozen
2635,15830247,"Florent Martineau","2026-06-04 12:34:30",635.5,2,florentmartineau
2636,16072348,"Praneshwar Kannan Kommiya","2026-06-01 05:37:34",635.4,2,praneshwar
2637,15671132,"Saad Hassan","2026-05-29 11:36:35",635.4,2,msaadhassan25
2638,15762789,"Dammala Uday kiran","2026-05-17 19:15:41",635.3,2,dammalaudaykiran
2639,16258340,mash3gt,"2026-06-18 02:35:49",635.3,2,shiroguitar
2640,15651099,"Raiyan Bin Rafique","2026-05-05 17:26:51",635.2,2,raiyanrohit
2641,15724699,Ss,"2026-05-08 02:32:31",635.2,2,shiffonlewis
2642,15890109,ML00Abdullah,"2026-05-11 00:12:30",635.1,2,ml00abdullah
2643,16064443,Tudor,"2026-06-19 11:16:46",635.0,2,tudorb
2644,15987899,"Danishbir Singh Bhatti","2026-05-21 01:32:52",634.9,2,daxis0
2645,15640681,"Nikolay Malyshev","2026-05-30 14:51:30",634.9,2,nikolaymalyshev9
2646,15746489,"suhee sukhee","2026-05-05 03:44:00",634.8,2,suheesukhee
2647,15637974,"guillaume boursiac","2026-04-22 10:04:12",634.8,2,guillaumeboursiac
2648,15639497,"Akmal Azzam o'g'li","2026-06-23 09:16:44",634.7,2,akmalmir
2649,15651875,"bird 01","2026-04-25 08:52:27",634.5,1,bird01
2650,15862992,avchauzov,"2026-05-05 15:45:22",634.5,1,avchauzov
2651,15645036,"m-toshi desu","2026-05-11 00:39:29",634.4,2,mtoshidesu
2652,15645441,Adarsh,"2026-04-20 11:00:02",634.2,2,adarsh2626
2653,15878713,0xPAT,"2026-05-14 08:15:41",634.2,2,trevorjacobmathews
2654,15634019,hengck23,"2026-04-19 12:10:32",634.0,2,hengck23
2655,15774408,"Taha Mahmood","2026-05-06 04:48:25",633.9,2,tahamahmood
2656,15704145,onthehilluu,"2026-05-13 21:38:09",633.8,2,newtohere
2657,15665286,"vedant pol","2026-04-25 09:52:00",633.7,2,vedantpol
2658,15744568,hotaq,"2026-04-28 01:24:48",633.7,2,chinnaphatkhun
2659,16009963,"Nikolay Trukhtanov","2026-05-25 10:25:55",633.7,2,ntrukhtanov
2660,15839159,"Avestalib Mohammad Mustaque","2026-05-07 16:10:06",633.4,2,avestalib
2661,15656271,dgkyoro,"2026-05-06 02:34:03",633.4,2,dgkyoro
2662,15661470,NaviCE,"2026-06-22 00:28:04",633.3,2,navice
2663,15648885,awarse,"2026-05-08 14:27:50",632.7,2,awarse
2664,15662308,"Alexandros Marinos","2026-05-12 09:50:46",632.7,2,amarinos7
2665,15874893,iangraham93,"2026-06-04 07:33:35",632.5,2,iangraham93
2666,15696240,"Pure Manbo","2026-06-09 18:31:55",632.4,2,"a3322210888,junliw"
2667,15795131,Aurora,"2026-05-01 11:22:51",632.3,2,henrik404
2668,16185181,Prakhareshwar,"2026-06-04 10:37:43",632.0,2,prakharpathak12
2669,15668808,"Ankita Patel","2026-05-08 13:17:35",631.9,2,beingankitha
2670,15665139,skomuro,"2026-06-22 12:28:55",631.8,2,skomuro
2671,15693372,Tejas,"2026-05-27 20:41:51",631.8,2,tejuuss
2672,15935959,"Swarit Srivastava","2026-05-26 11:41:48",631.2,2,"anshmarfatia,mohammadalm,swarit1"
2673,16047259,"Loc Dang","2026-06-01 06:27:36",631.1,2,catdoglover
2674,15822952,"Adriano Retondo","2026-05-22 18:20:04",630.8,2,adrianoretondo
2675,15734137,"Adam Neber","2026-05-08 20:22:06",630.6,2,adamneber
2676,15670515,"Timo Vehviläinen","2026-04-28 05:26:17",630.6,2,kvantti
2677,16227784,Avinash695,"2026-06-12 07:41:01",630.5,2,avinash695
2678,15696357,"Egor Andreasyan","2026-06-17 13:29:17",630.5,2,egorandreasyan
2679,16002973,"Keita Shimada","2026-05-19 07:44:25",630.4,2,keishi01
2680,15723305,"aditya yadav","2026-05-30 04:21:45",630.3,2,offadity
2681,16093861,Rarage,"2026-06-16 16:42:02",630.0,2,bbrage
2682,15850310,"Afro AI","2026-06-22 04:46:25",629.7,2,aosanya
2683,16281858,wonofone,"2026-06-13 08:12:44",629.5,2,wonofone
2684,16001559,"Sheehan Mathur","2026-05-19 18:44:09",629.4,2,celestialchron07
2685,16205538,Eschxr,"2026-06-08 15:38:34",629.4,2,"deeznuts6969,eschxr"
2686,15671944,"Mateus Cruz","2026-05-29 13:10:36",629.4,1,matteuscruz
2687,16363715,"MUHAMMAD AHMAD","2026-06-23 09:00:48",629.2,2,ahmadthedatalover
2688,16262105,"Нурдаулет Молданазаров","2026-06-21 18:39:06",629.0,2,nurdauletmoldik
2689,15691076,spongebob_poopypants,"2026-04-22 12:09:35",629.0,2,spongebobpoopypants
2690,15841164,"Hans Dampf234235","2026-05-19 23:05:24",628.9,2,hansdampf234235
2691,15741725,WWWITTT,"2026-04-26 05:18:01",628.9,1,wwwittt
2692,15733516,"Shanu Khandelwal","2026-04-25 23:44:44",628.8,1,shanukhandelwal
2693,15929332,zaemon1251-hesty,"2026-06-01 14:36:08",628.7,2,zaemon1251hesty
2694,16037163,"Atahan Demirer","2026-05-23 00:09:58",628.7,2,m1ralai
2695,15833310,ETphonehome3876,"2026-05-12 03:03:16",628.5,2,etphonehome3876
2696,15698842,Briane1,"2026-04-27 13:55:12",628.5,2,umunyurwabriane
2697,15737574,"yakiv lytovchenko","2026-04-29 13:01:07",628.3,2,yakivlitovchenko
2698,16278270,muhammedali26,"2026-06-11 12:18:10",628.3,2,muhammedali26
2699,15643794,"Guillaume HIMBERT","2026-05-14 19:17:54",628.2,2,guillaumehimbert
2700,15656468,suxing-star,"2026-04-20 06:28:00",627.9,1,suxingstar
2701,16254850,pratikcreates,"2026-06-08 01:35:10",627.7,2,pratik7shah
2702,15650707,mochi,"2026-04-19 10:47:48",627.7,1,lau01b
2703,15697597,Displayname,"2026-04-27 11:33:25",627.5,1,saikotisana
2704,15639821,"Feel The VSOS","2026-05-03 16:25:57",627.3,2,"artemnazemtsev,limprog"
2705,15677135,"Harish S","2026-04-28 04:34:58",627.3,1,harishs177
2706,15773252,Robinson,"2026-05-25 01:11:26",627.1,2,newlooker
2707,16069041,kkkdddsss,"2026-05-28 09:28:55",626.9,2,kkkdddsss
2708,16073052,"Yaotong Niu","2026-06-11 06:29:55",626.9,2,yaotongniu
2709,15731347,kcy4,"2026-04-25 23:15:57",626.7,2,cy4ego
2710,15664458,CamelSean,"2026-04-23 08:03:58",626.6,2,camelsean
2711,15647417,"Sairaj Adhav","2026-04-18 18:36:30",626.3,1,sai10py
2712,15932584,Manuf,"2026-06-17 07:03:28",626.2,2,manuelferromorales
2713,15978737,PKQQ,"2026-06-21 12:09:07",626.1,2,jinchengq
2714,15637315,Mehul_Chourasia28,"2026-04-22 11:31:26",626.1,2,mehulchourasia28
2715,16286693,hidenov,"2026-06-19 22:50:59",626.0,2,hidenov
2716,15823502,"Hongming Liang","2026-05-05 12:18:53",625.9,2,hominglukas
2717,15907989,Omarkhaled,"2026-05-22 20:53:13",625.7,2,omarkhaleod
2718,16063601,takai380,"2026-05-31 01:38:58",625.6,2,takai380
2719,15653833,jaiswalarjit7,"2026-04-19 20:41:05",625.5,2,jaiswalarjit7
2720,15651686,Nihil,"2026-05-01 14:10:07",625.5,2,jorapro
2721,16312499,XiangyuJiang02,"2026-06-14 05:24:22",625.4,2,xiangyujiang02
2722,15830822,RaymondHan,"2026-05-13 03:32:28",625.3,2,hanr198
2723,15761806,"Rishikesh Jani","2026-06-05 08:27:52",625.2,2,rishikeshjani
2724,15669352,NineThree,"2026-05-10 16:58:22",625.1,2,xiaoazuzong
2725,15889033,"Fırat Cem SAVAŞ","2026-05-09 14:20:27",625.0,2,hunlacem
2726,15671704,toki-mashita,"2026-04-23 14:58:22",624.7,2,minaminamin
2727,15636538,"Bruce Wu","2026-04-20 10:23:34",624.4,2,brucewu1200
2728,15662312,"Boning Cui","2026-05-12 04:32:03",624.3,2,smilyaiiscoolgubby
2729,15743243,marouane_chirane,"2026-05-07 14:29:39",624.2,2,marouanechirane
2730,15744000,"Nguyễn Quốc Phú","2026-05-02 03:57:36",624.2,2,qucphnguyn
2731,15650972,"Haradi Bots","2026-04-28 09:27:17",624.1,2,haradibots
2732,16273642,"GAOHUI XU","2026-06-11 16:10:19",624.0,2,gaohuixu
2733,15826300,"Abu Kanabek [dsmlkz]","2026-05-02 16:49:00",623.9,2,abukanabek
2734,15913384,Umair,"2026-05-10 11:35:37",623.8,2,umairanwer
2735,15747781,"FasterYouChase FasterIRun","2026-05-27 16:28:41",623.7,2,icoguser
2736,16143426,"Rayyan Almalki","2026-06-02 04:19:22",623.5,2,tokenization
2737,15748983,"GG Bond","2026-05-04 15:23:22",623.3,2,colorfuldra
2738,15636488,Neenem,"2026-04-29 07:24:59",623.1,2,vinupriyesh
2739,15745043,ksusha_sh666,"2026-04-26 17:35:30",623.0,1,ksushashorokh666
2740,15925296,"Aditey Mehra","2026-06-21 19:29:24",622.9,2,aditeymehra
2741,15818291,Thiyo,"2026-05-23 07:19:27",622.9,2,thimirajayasekara
2742,16371092,superpig,"2026-06-22 21:26:53",622.7,2,geniussuperpig
2743,15824836,"Thư Quỳnh cute","2026-05-08 05:42:32",622.6,2,thqunhcute
2744,15649579,"Harshavardhana Naganagoudar","2026-05-21 04:43:43",622.6,2,nharshavardhana
2745,16334573,Amr,"2026-06-15 04:46:17",622.5,2,elshahed
2746,15720430,"Sai Vinay Thattukolla","2026-06-20 23:59:32",622.4,2,saivinaythattukolla
2747,15659217,tamref,"2026-05-03 02:26:40",622.2,1,tamreff3290
2748,15694973,AntiSpiral,"2026-05-12 04:38:18",622.2,2,salmanhaiderqadari
2749,16040370,"Ryosuke SHIMIZU","2026-05-24 18:51:48",622.2,2,tttgazerttt
2750,16321622,jadqwerty,"2026-06-15 11:52:19",621.8,2,jadqwerty
2751,15659922,lemon,"2026-04-20 15:19:40",621.8,2,"nishitapjahagirdar,sahana88"
2752,15743590,brodermind,"2026-06-02 22:43:18",621.5,1,brodermind
2753,15638298,AlexisGri,"2026-04-22 14:56:43",621.5,2,alexisgri
2754,15845057,Jmkelliher,"2026-05-16 00:26:49",621.4,2,jmkelliher
2755,15853452,"Ugur Tasdan","2026-06-14 14:30:23",621.4,2,fairlanderflick
2756,15921963,Brittany-Bnbu,"2026-05-15 09:51:23",621.3,2,"brittanybnbu,jinyishan,pepperfan"
2757,15696580,blaaaaaa,"2026-05-24 07:26:20",621.0,2,"beatrice1010,blaaaaaa"
2758,16272751,"Ayman Knadel","2026-06-20 04:01:46",620.8,2,aymanknadel
2759,15853581,"Aayush Jansari","2026-05-21 06:01:11",620.7,2,aayushjansari
2760,15878300,ETO5656,"2026-05-14 05:56:19",620.7,2,eto5656
2761,16059270,"Eric Fan","2026-06-21 00:43:10",620.6,2,ericfan1110
2762,15638239,cgrlkc,"2026-05-24 09:34:58",620.4,2,"alperalkoc,cgrlkc"
2763,15940555,"Mathieu Bartels","2026-05-12 17:32:15",620.4,2,vincomnis
2764,15843546,"Arum Puri ","2026-06-23 17:31:13",620.3,2,arumpuri
2765,15990137,"Ridho Pandhu","2026-05-17 06:07:41",620.3,2,ridhopandhu
2766,15822892,Ozanize,"2026-05-13 15:46:16",620.3,2,ozanize
2767,16053150,"josh k1111","2026-05-24 05:40:32",620.2,2,joshk1111
2768,16298109,"opencode+dsk v4 flash","2026-06-19 03:13:54",620.2,2,tobegold574
2769,15948299,"Harits Fadlilah","2026-05-15 06:30:32",620.2,2,harits
2770,15721871,pudeyitian,"2026-05-04 11:42:11",620.1,2,pudeyitian
2771,15652931,Kushagragoyal060705,"2026-04-21 05:27:49",619.9,2,kushagragoyal060705
2772,15635455,"Punya Modi","2026-04-20 05:09:32",619.8,2,punyamodi
2773,15904290,"Shuheng(Andy) Cao","2026-05-12 09:19:59",619.6,2,shuhengcao
2774,15975087,"Tugay Abdullazade","2026-05-16 00:06:26",619.6,2,tuqayabdullazade
2775,15638551,askbox,"2026-05-06 09:17:52",619.6,2,askboxnet
2776,15646473,"SHUBHOJIT NASKAR","2026-04-19 04:20:55",619.5,2,shubhojitnaskar
2777,15662344,"Lucas Henrique Mateo","2026-06-23 00:06:40",619.4,2,lucashmateo
2778,15950185,Sire_On_Fire,"2026-06-11 17:28:02",618.9,2,sireonfire
2779,15823013,KhunAgueroAgnis,"2026-05-05 12:59:34",618.9,2,khunagueroagnis
2780,15653071,"Snigdha Chandan","2026-04-25 02:44:47",618.9,2,nityasevak
2781,15763537,ericliujc,"2026-05-04 10:46:02",618.8,2,ericliujc
2782,15659973,Andy,"2026-04-20 19:26:41",618.7,2,andrewmedran0
2783,15886797,"Anakin PILATRE","2026-05-10 10:16:36",618.6,2,anakinpilatre
2784,15732294,Vishnu,"2026-04-26 11:14:00",618.5,2,tpjvishnuvardhan
2785,15978690,dyuan311,"2026-06-01 15:22:46",618.3,2,dyuan311
2786,16104573,"Alexander Smetannikov","2026-05-29 10:29:54",618.2,2,smetannikov
2787,16372367,DiegoSolarte,"2026-06-23 16:04:24",618.0,2,diegosolarte
2788,16060904,宮本直樹,"2026-05-25 01:18:49",618.0,2,miyanao
2789,15662284,jdx,"2026-06-23 21:11:30",617.8,2,jdsemrau
2790,15993987,SteffenSjursen,"2026-05-17 18:15:00",617.8,2,sasjurse
2791,15665124,Dominus,"2026-04-25 13:42:14",617.7,2,"nithinbhargavg,partha0673"
2792,16030808,"Carlos Kamaria","2026-06-21 19:18:02",617.6,2,carloskamaria
2793,15661646,Juracan,"2026-06-03 22:27:42",617.6,2,drakus74
2794,15662354,"Guilherme Silva","2026-04-30 19:02:43",617.5,2,guilhermesilva
2795,15736569,"Lukasz Kubicki","2026-04-26 13:45:48",617.4,2,lukaszkubicki
2796,16027402,"Gemini 3.5 Flash","2026-06-10 09:13:52",617.4,2,gemini35flash
2797,15701370,ayanokoji007,"2026-05-05 19:00:20",617.4,2,ayanokoji007
2798,15692903,"Guillermo Gutiérrez","2026-05-31 00:02:42",617.3,2,guillermogutierrez
2799,15670898,"Андрей Четверяков","2026-04-21 15:42:51",617.3,1,bitmann0
0,15632861,"Strategy Optimized Agent","2026-04-16 17:27:43",617.2,1,
2800,15862068,松原琉喜,"2026-05-13 02:58:21",617.0,2,ryuki12kyo
2801,15659290,"Zen kōan","2026-05-29 10:56:01",616.6,2,vc9408
2802,16282200,Sdr,"2026-06-15 07:54:08",616.5,2,leosca
2803,15668699,"Benaya Trabelsi","2026-06-18 14:58:11",616.4,2,"benayatrabelsi,galev3030"
2804,15861995,kgareth,"2026-06-02 17:10:11",616.1,2,kgareth
2805,15654164,usarabi,"2026-04-30 14:58:56",616.1,2,hach91
2806,15651703,"James McGuigan","2026-06-04 17:29:02",616.1,2,jamesmcguigan
2807,15652183,"Brisa Marina","2026-04-19 15:07:07",616.1,1,brisamarina
2808,16085148,woosangkim0,"2026-06-07 23:08:56",615.9,2,woosangkim0
2809,16029312,"Rustam Bazarbayev","2026-06-23 14:19:38",615.9,2,rustambazarbayev
2810,15986417,"Antoine Bélanger","2026-05-19 00:23:15",615.6,1,antoineblanger
2811,15652386,"Simon Ravé","2026-04-24 20:08:00",615.5,2,saulane
2812,16249688,"Flix Feng","2026-06-07 15:34:01",615.4,2,flixfeng
2813,15647995,flavso,"2026-06-09 11:09:55",615.4,2,flavso
2814,15665122,"Eldin Sijaric","2026-05-09 23:37:42",615.3,2,eldinsijaric
2815,15670671,"Adi Kusuma","2026-06-02 06:09:37",615.3,2,adikusum4
2816,15634845,isaki,"2026-05-18 03:05:41",615.1,2,uisaki
2817,15645168,JustAVNESEDUDE,"2026-04-22 15:24:40",615.0,2,justavnesedude
2818,15827072,George,"2026-05-07 05:54:29",614.9,2,needname
2819,15643715,dan,"2026-04-23 13:05:20",614.8,2,dannywu375
2820,16281319,PrateekSogra,"2026-06-16 18:35:10",614.7,2,prateeksogra
2821,15744844,"Kshitij Vatsa","2026-06-22 19:39:43",614.4,2,kshitijvatsa
2822,16072911,budo,"2026-05-30 01:31:31",614.3,2,budongyy
2823,15641076,"Muhammad Aashir Irshad","2026-04-19 00:16:18",614.2,2,muhammadaashirirshad
2824,15688700,Samarth,"2026-04-22 18:10:17",614.2,2,samarthvm
2825,15662631,Suuuiiii4,"2026-04-21 07:09:11",614.2,2,bharath111l
2826,15720608,"Ejen NaSa","2026-05-18 14:17:00",614.1,2,"ilhamnakula,ilhamsadewa"
2827,15641843,"Cheong woon Kang","2026-04-19 12:03:48",614.0,2,richardkangkr
2828,15696913,"subham acherjee","2026-05-18 18:51:53",614.0,2,"sohini27,subhamacherjee"
2829,15638368,"Youhei Tomio","2026-05-08 19:13:39",613.9,2,youheitomio
2830,15755364,"daanouni bilal","2026-05-11 14:38:39",613.8,2,bdaanoun
2831,15661974,"Pujan Bohora","2026-06-03 02:20:41",613.6,2,pujanbohora
2832,15651301,"Anshu kumari","2026-04-19 16:03:34",613.4,2,anshukumari17
2833,15736450,HironariSaito,"2026-04-29 03:19:47",613.3,2,hironarisaito
2834,16328585,colanbiemer,"2026-06-16 20:49:44",613.2,2,b3mer93
2835,15939831,paypayojisan,"2026-05-27 16:11:35",613.0,2,paypayojisan
2836,15731554,Aabhay,"2026-06-03 13:28:30",612.8,2,aabhaygirwalkar
2837,15837858,"Matteo Erz","2026-05-05 08:51:37",612.6,2,matteoerz
2838,15795004,"Wander Duck","2026-05-17 00:53:02",612.6,2,wanderduck
2839,16061324,Quixotik,"2026-06-20 14:32:15",612.6,2,xiaokangqin
2840,15699377,"Kavsik YVS","2026-06-19 20:48:39",612.5,2,kavsiku0512
2841,15687032,"kartheek rayala","2026-05-07 07:11:51",612.4,2,kartheekrayala1
2842,15827658,"Jason Kimmmmmmmm","2026-05-09 15:44:12",612.4,2,jasonkimmmmmmmm
2843,15901179,"Phan Tien Dung","2026-05-09 02:54:41",612.2,2,phantiendun
2844,15641006,"Danielius Stanevicius","2026-04-20 20:03:57",612.2,2,danieliusstanevicius
2845,16291175,"LUIS RUIZ DE NICOLAS","2026-06-11 06:59:43",611.9,2,luisruizdenicolas
2846,15798671,"Youssef Kallala","2026-04-30 15:33:35",611.9,1,youssefkallala
2847,15688014,zkprof,"2026-04-27 13:51:21",611.8,2,zkprof
2848,15730534,"Sreenandhu Nair","2026-05-02 21:53:13",611.8,2,sreenandhunair
2849,15643068,redo1,"2026-04-26 03:46:35",611.8,1,radwankhondokar
2850,15639270,yuma,"2026-05-12 13:06:11",611.8,2,yuuuma
2851,16023063,"Jinwen Zhong","2026-05-29 05:49:30",611.7,2,jinwenzhong
2852,15931748,Zack873,"2026-05-22 03:14:28",611.7,2,zack873
2853,15735586,"Thomas Artemius","2026-05-02 12:52:25",611.7,2,thomasamara
2854,15756982,yanjixiang,"2026-05-04 02:48:59",611.6,2,yanjixiang
2855,15660055,VijaiKurianMathew,"2026-06-13 09:29:10",611.4,2,vijaikm
2856,15662423,Corgano,"2026-05-21 03:32:09",611.4,2,corgano
2857,16238073,Xyxl1k,"2026-06-05 11:43:34",611.3,2,xyxl1k
2858,16369311,"Duorui Xu","2026-06-16 06:57:31",611.0,2,duoruixu
2859,15650390,"Ashish Patnaik","2026-05-14 20:19:23",610.9,2,ashishpatnaik2806
2860,16026692,"Vanya Golovanov","2026-05-29 21:31:26",610.7,2,xrtg074
2861,16004341,"adrien rodot","2026-06-17 09:15:19",610.5,2,adrienrodot
2862,15829834,"Abdullah Zubair","2026-05-04 03:07:31",610.4,2,"abdullahzubair1,saffimhashir"
2863,15801575,"Ignasi Alemany","2026-05-20 21:22:42",610.4,2,ignasialemany
2864,16087623,"Ziheng Zhang","2026-06-01 07:34:28",610.3,2,nudtdmzzh
2865,15651889,ghost613,"2026-05-11 22:34:06",610.0,2,sabinaabdurakhmanova
2866,15889546,Abhi,"2026-05-12 22:53:55",609.8,2,abhijeet45
2867,15641204,"Francesco Campigotto","2026-04-21 07:36:37",609.6,2,francescocampigotto
2868,15635564,gwongwilliam,"2026-04-19 01:18:47",609.6,2,"abhiramyakkali,gwongwilliam"
2869,15671268,"Krishna Chaitanya BH","2026-05-09 19:17:34",609.4,2,krishnachaitanyabh
2870,15745668,"Khodos Aleksandr","2026-05-03 15:26:48",609.3,2,khodosaleksandr
2871,15783238,fkyrz2356,"2026-05-15 10:19:36",609.2,2,fkyrz2356
2872,15835097,"Joshua Fernando","2026-06-08 07:16:57",609.1,2,joshuafernandoj
2873,15733718,"Two Genies","2026-05-08 18:13:39",609.1,2,twogenies
2874,15662827,"Jiyanshu Dhaka","2026-04-21 19:41:18",608.8,2,jiyanshudhaka
2875,15637400,"Stefan C","2026-04-24 14:36:15",608.5,1,schoppaeh
2876,15639931,gurukun41,"2026-06-19 17:00:01",608.3,2,gurukun41
2877,16318576,"Victor Cabrera","2026-06-12 20:00:22",608.2,2,spanishvzla
2878,15662794,XIAODOUZI,"2026-04-23 18:34:16",608.1,2,xiaodouzi666
2879,15641640,"Pedro Marques","2026-04-21 09:34:54",608.0,2,pedromarques02
2880,15743548,"Saurabh Kumar234","2026-04-29 08:21:42",607.9,2,saurabhkumar234
2881,15724453,"Stochastic Ghost","2026-06-19 17:21:16",607.8,2,farbodtabaee
2882,16047353,Orb,"2026-06-23 23:54:12",607.7,2,intuitivesae
2883,15707790,"ankur verma","2026-05-18 12:06:23",607.6,2,ankur80071
2884,15662653,Nephorion,"2026-05-07 22:35:06",607.3,2,museofnephorion
2885,15997974,"Zhang et al.","2026-06-17 00:54:41",607.3,2,kevdog333
2886,15808033,civilien,"2026-05-01 15:12:30",607.2,2,civilien
2887,15795453,PVR,"2026-05-17 07:08:16",607.0,2,pranshurao
2888,15941072,Parafee41,"2026-05-31 09:08:30",606.9,2,parafee41
2889,15702863,casbeebc,"2026-05-01 23:42:13",606.8,2,casbeebc
2890,16103516,"Syed Umer Ali Qazi","2026-06-23 14:06:35",606.7,2,syedumer04
2891,15653731,"Rezanur Rahman Tomal","2026-04-22 19:35:33",606.6,2,rezanurrahmantomal
2892,15897415,Hitesh_K,"2026-06-19 17:34:29",606.5,1,hiteshl
2893,15661022,"Khalena Nasser Silva","2026-06-07 16:27:31",606.5,2,khalenanassersilva
2894,15829924,"Serge Francis","2026-06-17 21:34:59",606.3,2,sergefrancis
2895,15638784,Ryota,"2026-05-03 13:37:26",606.1,2,ryotak12
2896,15651612,"Night Fraust","2026-04-22 09:29:57",606.1,2,nightfraust
2897,15661838,"Donald Drummond","2026-04-22 18:00:12",605.8,2,dondrummond
2898,15829860,"Yash Sharma","2026-05-03 00:31:43",605.5,2,yashsharma42
2899,16297954,"Rishit Talwar","2026-06-12 09:53:29",605.3,2,rishittalwar
2900,16017636,MahdiDarabi,"2026-06-07 07:21:04",605.3,2,idarabi
2901,15845950,"Alex Kim Midopi","2026-06-06 13:06:17",604.8,2,alexkimmidopi
2902,15850347,Luck^2,"2026-05-16 14:54:11",604.7,2,rlhjansen
2903,16262065,"Optimal Prime","2026-06-09 21:18:33",604.7,2,caelix
2904,15635096,Or4k2!,"2026-05-27 01:24:58",604.6,2,orecord
2905,15762151,p1vapyva,"2026-05-29 07:07:02",604.5,1,p1vapyva
2906,15650685,"Arsalan Mateen","2026-04-23 16:01:13",604.5,2,"arslanmateen,uzairkbrr"
2907,15676433,Sophinator,"2026-05-13 23:42:59",604.1,2,sophinator
2908,15862442,"Addison Howard (ineligible)","2026-06-09 01:14:42",604.0,2,addisonhoward
2909,15662173,"MMKPC Studios","2026-06-20 09:46:56",604.0,2,matthewemitchell
2910,15842276,"Eugen Sedlar","2026-05-04 10:30:23",603.6,2,eugensedlar
2911,15747375,Dreamurr,"2026-06-06 18:23:31",603.6,2,dreamurr
2912,16092943,haukesteffen,"2026-05-29 08:21:18",603.5,1,haukesteffen
2913,15654332,23409m,"2026-05-02 22:31:11",603.3,2,lucaminiati
2914,15787822,scarlx,"2026-05-01 21:01:56",603.3,2,scarlx
2915,16137727,"Owais Soomro","2026-06-01 19:42:20",603.2,2,supermario98
2916,15662353,"Param Pratap","2026-05-06 22:29:31",603.2,2,parampratap
2917,15924962,"Hamid Javaid","2026-06-23 18:06:56",602.7,2,hamidjavaid
2918,15782928,Shadow,"2026-04-30 13:58:38",602.7,2,chetanagrawall
2919,16193477,zoro9292,"2026-06-10 11:46:31",602.6,2,zoro9292
2920,15635296,therealbeef,"2026-06-20 09:52:04",602.6,2,therealrealbeef
2921,15757314,"Rishav Utkarsh","2026-05-04 16:26:35",602.4,2,rishavutkarsh
2922,15660772,M.Maroof,"2026-05-17 04:19:30",602.3,2,maroofiums
2923,15885204,Tia_0311,"2026-05-10 08:54:43",602.3,1,owo123456
2924,16103250,"Jeffrey Hurst","2026-05-30 17:10:06",601.6,2,jeffreyhurst
2925,15897613,"julian vanderknaap","2026-06-04 06:58:46",601.2,2,julianvanderknaap
2926,16084011,"Mert Dönmez","2026-05-31 09:54:46",601.1,2,mrtdonmz
2927,16214215,chiraaag.004,"2026-06-09 17:04:58",601.1,2,chiraaag004
2928,15888446,"Pranjal Arya","2026-06-22 11:57:06",601.1,2,pranjalaryaa
2929,15825887,"Hakim Nshimiyimana","2026-06-12 18:29:04",600.9,2,algosai
2930,15665017,"rodrigue butoyi","2026-04-25 09:13:32",600.8,2,rodriguebutoyi
2931,15721818,"Aleksandr Borodin","2026-05-29 08:36:45",600.5,2,aleksandrbor
2932,15643557,"Yuri Nakayama","2026-05-03 15:25:23",600.5,2,yurinakayama
2933,15665542,TazerBolt,"2026-05-29 04:01:30",600.3,2,tazerbolt
2934,15756734,"Panagiotis Niarchos","2026-06-14 12:30:34",600.3,2,panagiotisniarchos
2935,15635127,"Luke Stafford","2026-04-28 01:06:51",600.3,2,luketstafford
2936,15635930,SajayR,"2026-05-06 00:10:41",600.0,2,sajayr
2937,15668370,"Ali mohon","2026-04-25 10:35:43",599.9,2,alimohon
2938,16060062,"MD Zeeshan","2026-05-24 13:09:19",599.6,1,makrovh
2939,16316297,"Yiming Cai","2026-06-17 12:01:28",599.3,2,yimingcaiquantum
2940,15859804,"Shrajan Thakuri","2026-05-09 09:43:43",599.2,2,simonminter
2941,15729976,闻人牧月,"2026-04-29 02:34:07",598.8,2,wenrenxiao
2942,15719132,JSQL,"2026-06-19 19:08:24",598.8,2,jeffreyschott
2943,16318829,"Marcelo Lopes da Silva","2026-06-22 01:08:29",598.6,2,tchello1
2944,15910261,"Kuzey Torlak","2026-05-16 22:52:26",598.5,2,kuzeytorlak
2945,16024212,"Ruisheng Xu","2026-05-20 08:19:15",598.5,2,ruishengxu
2946,16059597,Andy1432,"2026-05-28 19:28:45",598.2,2,andy1432
2947,15875722,wojak_321,"2026-05-31 15:52:15",598.0,2,wojak321
2948,15849973,"Prakash kumar","2026-05-07 17:02:25",597.9,2,oogy42
2949,15641751,leo,"2026-04-24 08:15:44",597.9,2,calibrator
2950,16002714,Anatoly_311,"2026-05-18 19:39:31",597.9,2,anatoly311
2951,16338079,"Raja Moe","2026-06-23 12:49:38",597.6,2,rajamoe
2952,15796350,Yashvardhan2109,"2026-05-04 07:21:19",597.4,2,yashvardhan2109
2953,15700725,Q537bf,"2026-04-23 10:02:41",597.1,2,q537bf
2954,15647148,"Amitay Bagon","2026-04-26 17:18:04",597.1,2,amitaybagon
2955,15931459,DynamCorp,"2026-05-18 14:23:25",596.9,2,dynamcorp
2956,15670519,"Aurora Stella","2026-06-23 20:40:53",596.9,2,aurorastella
2957,16275258,"Carlos Rubiano Robles","2026-06-15 11:55:40",596.7,2,carlosrubianorobles
2958,15699774,"KUSHAGRA GOYAL","2026-05-22 16:00:36",596.6,2,"kush8057,nityaj807"
2959,15665511,alejandroradisic,"2026-06-05 23:35:45",596.5,2,alejandroradisic
2960,16144494,"Sujay Kandalkar","2026-06-11 06:27:08",596.4,2,sujaykandalkar
2961,16042879,"I <3 Nakano Itsuki","2026-06-21 01:33:07",596.2,2,lvncynhu
2962,15939071,benjason,"2026-05-24 06:13:41",595.9,2,benjason
2963,15663153,"Mr Banana3rd","2026-04-25 22:32:48",595.9,2,mrbanana3rd
2964,15813192,"Yiting Nian","2026-05-10 16:14:43",595.4,2,yitingnian
2965,15785160,Huobjj,"2026-05-30 09:45:29",594.8,2,huobjj
2966,15648564,macleonjinkan@hotmail.com,"2026-05-05 01:07:05",594.8,2,macleon
2967,15725064,"Takahiro Suzuki","2026-06-22 02:47:18",594.8,2,tksuzuki
2968,15658156,"Jacopo Repossi","2026-05-04 22:56:32",594.5,2,jacoporepossi
2969,16077607,"Abdulkadir Öztürk","2026-05-30 02:02:24",594.4,2,abdulkadiroztrk
2970,15745199,ctylim,"2026-04-27 19:19:39",594.4,2,ctylim
2971,15738259,old_man_logan,"2026-04-26 12:59:00",594.2,2,guptaabhishekknp
2972,16009780,FerryH,"2026-05-18 09:02:24",594.0,1,ferryh
2973,15829156,"Davide Expo","2026-05-03 15:03:32",593.8,2,davideexpo
2974,16244406,"Jun Kai Liao","2026-06-05 20:01:26",593.7,1,jkliao
2975,16329336,kishouarima,"2026-06-14 08:31:08",593.7,2,larayadav15
2976,15729301,"Luck is what I need","2026-04-24 08:22:57",593.6,1,majiaqi111
2977,16210153,"Thian Liang","2026-06-23 20:59:33",593.6,2,cheowthianliang
2978,16263851,bzczz123,"2026-06-09 05:53:29",593.3,2,bzczz123
2979,15673256,QuantVega,"2026-04-24 09:09:20",593.2,2,alphadecay
2980,16245626,Somayj,"2026-06-06 18:24:15",593.1,2,somayj
2981,16255507,"patrick weng","2026-06-07 04:22:02",593.0,1,patrickweng
2982,15751074,HangRao,"2026-05-24 02:21:43",592.9,2,hangrao
2983,15734683,AurumData,"2026-05-16 15:41:42",592.9,2,aurumdata
2984,15641044,"No Chance","2026-05-09 11:45:34",592.6,2,stochastix
2985,15660398,"Tom Kasper","2026-04-27 18:52:54",592.6,2,tomkasper
2986,16062093,"Tushar Kaushik","2026-06-16 08:47:43",592.6,2,tusharkaushik
2987,16080855,"Saurabh Tiwari","2026-05-28 17:44:24",592.5,2,hashirasaurabh
2988,15647120,"Sinan Calisir","2026-04-22 18:45:10",592.4,2,snnclsr
2989,15838311,"Hong (redggum)","2026-05-24 14:49:56",592.1,2,hongchulleeredggum
2990,15862357,Nova,"2026-06-05 07:12:38",592.0,2,hmpunith
2991,16021446,oli4444,"2026-05-21 15:40:29",591.7,2,oli4444
2992,15735005,"Cortisol - Nine","2026-04-27 07:22:41",591.7,2,natthanarongtiangjit
2993,16150536,"[Deleted] 2e9fef3c-5bf2-43c9-9466-306093a06abd","2026-06-13 18:34:52",591.6,2,del=edd7a810a47a857c
2994,16236733,lurrrt,"2026-06-14 08:24:49",591.5,2,lurtage
2995,16137454,"Krithik Alluri","2026-06-04 13:19:08",591.3,2,krithikalluri
2996,15657321,Orbit,"2026-05-14 09:24:00",590.9,1,axeh101
2997,15882326,Prabin,"2026-05-07 09:43:21",590.6,2,pra6in
2998,16021107,"Shaurya Gupta","2026-06-14 10:06:32",590.3,2,shaury4
2999,15911524,"Mohammadmahdi Rahimi","2026-05-22 15:02:38",590.2,2,mahdiirahimi
3000,15662721,"Neekhil Vatsa","2026-06-22 09:06:36",590.2,2,neekhilvatsa
3001,15950695,Phoenix,"2026-05-19 13:45:26",590.1,2,mouadhhajri
3002,15839858,"Viraj Bhanage","2026-05-06 09:13:29",590.0,2,bhanageviraj
3003,15922426,"Sam Ethan Mathew","2026-05-26 16:34:28",590.0,2,samethanmathew
3004,15910963,"Sergio Gao","2026-05-10 11:41:46",589.6,2,sergiogao
3005,15806172,"Sentient Pattern","2026-05-12 16:20:03",589.5,2,sentientpattern
3006,16036664,jfmuenchau,"2026-05-27 19:17:23",589.4,2,jfmuenchau
3007,15662599,"Saad Sharif Ahmed","2026-04-23 07:46:58",589.3,2,zeon01
3008,15832521,"Haro A","2026-05-03 18:36:29",589.3,2,haroab1
3009,15942108,"Aashir Haque","2026-06-10 17:06:35",589.2,2,aashirhaque
3010,15646510,ZTR66_123,"2026-04-25 05:19:12",589.1,2,ztr66123
3011,15795166,"Sebastian Gumula","2026-06-15 20:24:32",589.1,2,sebgumula
3012,16371669,"Thomas Lefèvre","2026-06-22 13:17:55",589.1,2,thomaslefvre
3013,15859356,"Wilfred maillot","2026-06-03 06:47:04",589.0,2,wilfredmaillot
3014,16029124,"Yi Lu","2026-05-25 06:28:33",588.7,2,liqiu0224
3015,15698867,vgvaibhav02,"2026-05-28 10:50:45",588.6,2,vgvaibhav02
3016,16101368,Mystic26,"2026-05-29 18:44:59",588.6,2,mystic26
3017,15705493,"Joel Silas","2026-04-24 04:02:58",588.2,1,thejoelsilas
3018,15842850,"João Marcos","2026-06-15 17:05:59",588.1,2,jimp7991
3019,15673045,Jokrasa,"2026-04-26 23:16:35",588.1,2,jonaskreutz
3020,15635842,"RAHUL CHAUHAN","2026-05-21 05:15:46",588.1,2,rahulchauhan016
3021,15639863,"Arne De Brabandere","2026-04-20 15:13:40",588.0,2,arnedb
3022,15663706,"Liu Zhongliang","2026-04-24 04:14:48",587.9,2,digiranger
3023,16260946,"Ravjot Sandhu","2026-06-23 16:51:42",587.9,2,ravjotsandhu
3024,16240027,"Diwas Shrestha","2026-06-06 05:26:30",587.9,2,diwas7777
3025,15827808,XilagX,"2026-05-04 02:18:35",587.9,2,xilagx
3026,15839561,"Aaron Toderash","2026-06-23 22:18:23",587.8,2,suntzuisafteru
3027,16371750,"Hussain Shahbaz Khawaja","2026-06-17 16:13:56",587.7,2,hskhawaja
3028,15705668,"Charles Coonce","2026-05-03 04:06:39",587.7,2,charlescoonce
3029,15892211,yikesawjeez,"2026-05-22 05:30:55",587.7,2,yikesawjeez
3030,15661826,"Jacopo Clementucci","2026-05-13 13:35:29",587.4,2,jacopoclementucci
3031,16210096,"Brian H","2026-06-07 04:57:16",587.1,2,bchare
3032,16050490,"Siddhant Phukan","2026-06-01 15:35:45",586.7,2,siddhantphukan
3033,16053642,"BMS official","2026-06-14 19:45:37",586.6,2,bmsofficial
3034,15776865,ubunbun18,"2026-05-02 11:35:40",586.6,2,ubunbun18
3035,15913048,"Nathan Claus","2026-05-09 18:40:12",586.5,1,nathanclaus
3036,15701484,BoxyML,"2026-06-22 17:19:43",586.4,2,boxyml
3037,15790332,"Abdullah Ijaz","2026-05-15 06:53:46",586.4,2,abdullahijaz128
3038,15731757,"Bobby Capsulini","2026-05-19 22:10:34",586.4,2,bobbycapsulini
3039,15923473,nixotrix,"2026-05-27 02:32:35",586.3,2,nixotrix
3040,16025302,"Richard Pollitt","2026-06-23 00:54:07",586.0,2,paulpollitt
3041,16214185,"Yuta Suzuki","2026-06-04 10:41:10",586.0,2,yutasuzusugiru
3042,15664350,shishaohua,"2026-04-29 12:58:26",586.0,2,sshaohua
3043,16006118,bubbleWrap,"2026-05-20 04:35:33",585.9,2,mrbelexd
3044,16125426,"Nomanina Ravaloson","2026-05-30 19:20:22",585.9,1,nomaninaravaloson
3045,16087177,"Marco Di Grazia","2026-05-26 23:25:29",585.6,2,marcodjs
3046,15744953,Murppp,"2026-05-10 08:51:53",585.5,2,murppp
3047,16265159,TOAA,"2026-06-23 14:44:00",585.3,2,hemerao
3048,16024190,NitAi,"2026-05-20 11:58:18",585.2,1,nitaiamir
3049,15747318,"Anil Prajapati","2026-04-27 03:52:01",585.1,1,anilprajapati99876
3050,16042182,"Christos Prapas","2026-06-02 06:40:31",585.1,2,christosprapas
3051,15703870,"Dan Harris","2026-04-25 04:44:50",585.1,2,thurian
3052,15677184,PAMO12,"2026-06-22 18:01:35",584.9,2,pamo12
3053,15662194,"Fredrik Dahlman","2026-04-25 21:16:43",584.6,2,fredrikdahlman
3054,16263666,"Nitin Dagar","2026-06-10 23:58:48",584.6,2,nitindagarjat
3055,15735864,"Stefano Antinori","2026-05-02 06:48:23",584.5,2,spiritokko
3056,15648264,"Amit Talmale","2026-04-23 20:32:18",584.2,2,amittalmale
3057,15760174,zouchenfeng,"2026-04-30 06:46:55",583.9,2,zouchenfeng
3058,16049111,"Tobias Peeters","2026-05-22 23:01:05",583.7,2,tobiaspeeters
3059,15743837,WriterLigher,"2026-05-21 03:41:54",583.7,2,writerligher
3060,15831376,TheBitterLesson,"2026-05-03 07:09:29",583.5,2,djward888
3061,15924098,"Alberto Avila Esqueda","2026-06-23 03:58:13",583.5,2,albertoavilaesqueda
3062,16286717,Zoooom,"2026-06-21 06:53:31",583.4,2,zoooom
3063,16135590,"Jamie Nojek","2026-06-22 19:50:54",583.3,2,jamienojek
3064,15648225,Aljechin,"2026-04-30 09:11:30",583.1,2,aljechin
3065,15748552,Sudo,"2026-04-27 20:50:27",582.9,2,sudipde25
3066,16199982,"Gowri G","2026-06-20 07:04:55",582.5,1,sarg99
3067,16147695,"Kianoush Haratian","2026-06-03 21:46:09",582.3,2,kianoushharatian
3068,15747465,"WARREN ZHONG","2026-05-29 05:57:35",582.2,2,warrenzhong
3069,15936733,"space emperor army","2026-05-21 04:55:46",582.1,2,anangapriyanto
3070,15634393,LuoZiqian,"2026-04-18 08:20:50",581.6,2,luoziqian
3071,16267337,"Anaj Pravin","2026-06-09 14:26:36",580.9,2,anajpravin
3072,15663892,"Rosa María Colcas Tolentino","2026-05-05 18:20:23",580.8,2,juancaquinoc
3073,15791255,"Gemini 3.1 Pro","2026-05-19 22:10:30",580.8,2,gemini31pro
3074,15701601,"Harikesh Shukla","2026-04-30 16:24:18",580.7,2,harikeshshukla14
3075,16324302,titanascended,"2026-06-23 00:08:01",580.4,2,itsyuvrajsharma
3076,16183969,"VISRUT SURESH","2026-06-04 10:43:56",580.4,2,visrutsuresh
3077,15725326,SJTU_Kitty,"2026-06-05 08:07:00",580.1,2,"dodomen27,normanrebet"
3078,15916595,"Erhan Eker","2026-05-11 07:48:32",580.1,2,erhaneker
3079,15641202,"Subarna Saikia","2026-04-28 11:31:17",579.7,2,subarnasaikia
3080,15664467,FireWarrior,"2026-04-27 05:48:45",579.5,2,uppillisriram
3081,15753767,Aa6597,"2026-05-07 15:22:31",579.4,2,aa6597
3082,15638475,BillyBoyPA,"2026-04-29 20:17:26",579.2,2,billyboypa
3083,15769164,MaxGrin,"2026-04-30 12:41:21",579.2,2,maxgrin
3084,15846514,Targitaos,"2026-05-26 09:24:33",579.2,1,targitaos
3085,15662017,xMKx,"2026-06-23 10:45:21",579.2,2,martinkam
3086,15639848,TwangyGarlic449,"2026-05-05 14:21:18",579.1,2,twangygarlic449
3087,15831017,"Metehan Küçük","2026-06-13 22:21:20",579.0,2,aideveloper2024
3088,15645372,Star_xinglan,"2026-04-18 12:26:03",578.9,1,starxinglan
3089,16078527,"Juan David Villate","2026-06-07 16:33:21",578.3,2,juandavidvillate
3090,15683690,Benight,"2026-05-31 12:09:03",578.2,2,benight
3091,15681445,"Eyas Taifour","2026-04-26 03:14:47",578.0,2,etaifour
3092,16067349,"Juan Huanaco","2026-05-27 01:37:40",577.9,2,juanhuanacodev
3093,16004459,"Yancy Huang","2026-05-18 09:04:56",577.9,2,scientistwild
3094,15868086,"Aarav Kamboj","2026-05-08 14:06:46",577.7,2,akamboj198
3095,15662512,"Lucas López24","2026-05-05 20:56:53",577.6,2,lucaslpez24
3096,15829953,"André Guerra","2026-05-08 23:03:38",577.4,2,andrguerra
3097,15639679,john,"2026-05-04 15:33:09",577.2,2,jaejohn
3098,15855467,"Hugo Lemieux-Fournier","2026-05-10 15:51:39",577.2,2,hugolemieuxfournier
3099,16341492,"Diogo Sena","2026-06-19 03:06:08",577.1,2,diogodmsena
3100,15676287,"mouad berqia","2026-05-11 23:04:47",577.0,2,mouadberqia
3101,15637022,"SHU MIZUNO","2026-04-17 16:36:07",576.8,2,shumizuno
3102,16096289,"Samar Jaffri","2026-06-23 23:15:53",576.7,2,samarfatimajaffri
3103,15664647,kazuki853,"2026-05-11 09:24:12",576.1,2,kazuki853
3104,15844949,"Clifford Cheefoon","2026-05-07 02:41:51",576.1,2,cliffordcheefoon
3105,16305896,AtsoPatso,"2026-06-12 03:04:11",576.0,2,atsopatso
3106,15826832,"Michael Müller","2026-06-23 23:14:31",576.0,2,michaelmller
3107,15635853,"Vivek Gaur","2026-05-11 18:27:39",575.9,2,vivekgaur9972
3108,16250764,"Faturrahman Ilhami D","2026-06-08 08:25:56",575.9,2,faturrahmanilhamid
3109,15739557,"Sunny Nguyen","2026-04-26 04:17:39",575.7,2,sunnynguyensanjoseca
3110,15741371,mdirf4nuddin,"2026-04-28 09:09:09",575.7,2,mdirf4nuddin
3111,15731586,"Bob Fraser","2026-05-16 22:34:31",575.7,1,bobfraserg
3112,15671227,"Ryan Adams","2026-05-04 19:07:08",575.6,2,ryanadamsai
3113,15641784,"Dmytro Kozii","2026-05-04 01:01:28",575.4,2,dmytruto
3114,16045353,"RobJie AI","2026-06-22 21:55:01",574.9,2,"badcoder115,kaarthickrameshkumar"
3115,16042936,"ZIA MAHMOOD","2026-06-08 04:00:58",574.9,2,ziamahmood
3116,15743562,"Ramba oorvasi","2026-04-27 16:33:15",574.9,2,"anunay6827,tanetisanjay"
3117,16290542,"Flavio Gualtieri","2026-06-23 11:07:09",574.9,1,"flaviogualtieri,lucky2137"
3118,15661447,"kimo oudda","2026-05-26 17:12:31",574.8,2,kimooudda
3119,15637302,"Reinforced Curiosity","2026-04-17 15:44:21",574.6,2,tomerzemelman
3120,16313573,"Ori Braverman","2026-06-20 14:12:42",574.3,2,oribraverman
3121,16064570,"Kshitij Saksena","2026-05-26 15:17:27",573.9,2,kshitijsaksena
3122,15892302,"Luke Pipkin","2026-05-12 15:56:41",573.9,2,lukepipkin
3123,15801339,FSzekut,"2026-05-29 23:32:07",573.9,2,fszekut
3124,15820813,"Alexandre Toscano","2026-05-01 22:58:49",573.7,1,alextoscano
3125,15664620,Bob,"2026-05-21 00:45:05",573.7,2,robertpatchin
3126,16027275,Wallgretor,"2026-06-15 19:37:50",573.6,2,wallgretor
3127,16239434,"Gojo Sataros","2026-06-11 07:24:56",573.3,2,gojosataros
3128,15723142,JesusCastCo,"2026-05-08 05:29:56",573.0,2,jesuscastco
3129,15642306,Hellboy,"2026-06-20 19:35:24",573.0,2,helmirinaldi
3130,15663386,"Wang Yihao","2026-04-23 14:09:04",573.0,2,"shiwenbo,wangyihaoseu"
3131,15650750,"Matrix My","2026-04-29 18:18:42",573.0,2,matrixmy
3132,15853457,"XIE Jintao","2026-05-06 05:14:34",572.6,2,xiejintao
3133,15673301,"Natanael Almeida","2026-04-30 02:58:14",572.4,2,natanaelsalmeida
3134,15918262,all-coder,"2026-05-31 09:53:03",572.2,2,allcoder
3135,16016032,"Drake Weller","2026-05-24 17:19:04",571.9,2,drakeweller
3136,16299107,"Karen Fuchs","2026-06-13 15:44:40",571.9,2,karenfuchs
3137,15739688,"Ahmed Gehad","2026-06-21 07:33:26",571.9,2,ahmedgehad
3138,16040480,"Viljami Paloposki","2026-05-27 10:17:51",571.8,2,viljampa
3139,16127081,Latitu,"2026-06-10 09:54:20",571.7,2,latitu
3140,15928097,Sanatan21,"2026-06-19 08:07:19",571.4,2,sanatan21
3141,15656956,"Mari Kitatani","2026-04-21 09:45:43",571.3,2,marikitatani
3142,15734758,TrevorG01,"2026-05-14 04:11:25",571.3,2,trevorg01
3143,15634101,balake235,"2026-04-23 18:48:19",571.2,1,balake235
3144,15704512,"Jerome Vincent Tagaro","2026-06-05 16:15:30",571.1,2,jeromevincenttagaro
3145,16250503,Abhijith01,"2026-06-06 11:58:37",571.0,1,abhijithsree01
3146,15669925,"Bouzitona Mohamed Said","2026-05-01 22:38:39",571.0,2,mohamedhama27
3147,15831570,HLeydar,"2026-05-12 21:13:01",571.0,2,hleydar
3148,15944865,"Akeru Isshiki","2026-05-19 05:44:10",570.8,2,akeruisshiki
3149,16109585,youwuyou,"2026-05-30 11:40:27",570.5,2,youwuyou
3150,16031011,"Andrea Bonomi","2026-05-25 20:10:39",570.3,2,andreabonomi
3151,15872639,Spiritmilk,"2026-05-13 12:26:23",570.3,2,act18l
3152,15762368,HR,"2026-06-01 09:27:16",570.1,2,hbragib
3153,16060703,"Hu menity","2026-05-30 01:56:35",570.0,2,humenity
3154,16132092,"Mr._ freeloader","2026-06-19 09:58:49",569.9,2,mrfreeloader
3155,15647714,"Cihat Emre Çeliker","2026-06-13 12:41:44",569.8,2,celiker
3156,15639002,Noam,"2026-04-18 18:48:26",569.8,2,noam1977
3157,16244328,"Sukhendu Sain","2026-06-23 12:30:16",569.7,2,ssain18
3158,16356635,Drowsy,"2026-06-23 23:13:54",569.7,2,imagen
3159,15846515,"Muhammad Awais #2","2026-05-04 12:04:50",569.7,1,m10awais
3160,16068991,"Taib Izzat Samawi","2026-06-12 07:03:16",569.7,2,taibizzatsamawi
3161,15665198,"Michael Mark Dela Concepcion","2026-05-07 06:50:56",569.6,2,mikedconcepcion
3162,15741973,"Zhu Liang","2026-05-03 16:32:59",569.5,2,paradite
3163,15662992,wildfire,"2026-06-03 11:22:37",569.2,2,amitmawal
3164,15636566,KirillKlem,"2026-04-17 12:48:26",568.8,2,kirillklem
3165,15827924,"Roncy Reji Thomas","2026-05-04 13:04:43",568.6,2,roncyrejithomas
3166,16071046,bihrain,"2026-05-27 04:29:50",568.5,2,bihrain
3167,16143892,"The Minyan Boys","2026-06-22 13:23:31",568.4,2,"aritzvibloch,lidormoryosef,noammaimon"
3168,15658547,"Von Boyage","2026-04-24 17:50:24",568.3,2,"kumarmont,wonderfulatom"
3169,16374971,"David's team","2026-06-23 20:54:15",568.3,2,daviderman
3170,15746788,"Michael Lu","2026-04-27 03:34:07",568.1,1,michaeldavidlu
3171,16129163,Macbeth1,"2026-06-21 13:36:06",567.9,2,macbeth1
3172,15985031,"art thou","2026-05-16 07:35:30",567.7,2,artthou
3173,15662463,satpreetsingh,"2026-04-21 00:41:09",567.6,2,satpreetsingh
3174,15738936,"Adolfo Mackay","2026-05-05 19:02:48",567.1,2,adolfomackay
3175,15667798,zerg,"2026-04-26 12:16:56",567.1,2,waechter
3176,15838536,VarshithGoud2407,"2026-05-03 13:02:20",566.7,1,varshithgoud2407
3177,15670828,"Anish pathak22","2026-04-21 17:12:20",566.4,2,anishpathak22
3178,16163095,"Soumya Rani","2026-06-04 04:50:32",566.3,1,soumya02
3179,16220081,SunSeeker染汐,"2026-06-07 19:45:24",566.0,2,sunseekerrx
3180,16327226,"Anish Tiwari2027","2026-06-22 22:52:52",565.9,2,anishtiwari2027
3181,16254717,"Abdullah IC Goraya","2026-06-11 00:21:50",565.8,2,abdullahicgoraya
3182,16217217,"Akshat Agarwal","2026-06-07 07:45:45",565.7,2,meakshat
3183,15701482,:),"2026-05-01 03:31:35",565.7,2,vaishakhvipin
3184,16110805,"Tommy Lar","2026-05-29 14:56:52",565.6,2,tommylar
3185,16282552,"Astra Go","2026-06-23 23:57:55",565.5,2,astrago
3186,15738072,"Alejandro Ayestaran","2026-04-30 19:27:04",565.5,2,alejandroayestaran
3187,15794069,SahilShekh,"2026-04-30 16:29:20",565.5,2,sahilshekh
3188,15858697,Mikhail,"2026-05-15 15:08:13",565.4,2,mikhailz
3189,15646676,"Meg Risdal","2026-04-22 17:43:25",565.2,2,mrisdal
3190,15742111,Aquib6010,"2026-05-31 06:45:13",565.2,1,aquib6010
3191,15852513,"Li WahD","2026-06-23 14:32:06",565.1,1,liwahd
3192,15853161,"Shafkat Hassan","2026-05-05 03:47:01",565.1,2,shafkathassan
3193,15833954,"Venturillo JE","2026-05-06 02:44:56",565.0,2,seraphwedd18
3194,15703125,明日方舟,"2026-05-07 13:38:31",564.8,2,hht6666
3195,15640074,"Minal kharat123","2026-06-11 02:43:35",564.8,2,minalkharat123
3196,15785127,"Ischell Catherine Gill","2026-06-04 16:00:37",564.7,2,ischellcatherinegill
3197,15660433,IvanPlescheev,"2026-06-19 07:05:17",564.6,2,ivanplesk
3198,15836565,"LIght JUNction","2026-05-10 06:57:31",564.4,2,lightjunction
3199,15673348,"Martin Oravec","2026-04-25 17:42:42",564.4,2,martinoravec
3200,15636922,Jaiaaryan,"2026-05-06 06:58:11",564.4,2,jaiaaryan
3201,16148427,"´Jakub Ritter","2026-06-09 14:02:18",564.3,2,jakubritter
3202,15976815,"Sergey Fedorov","2026-06-11 20:25:39",564.3,2,bd01ar
3203,16234169,"Sai Koushik","2026-06-05 01:53:54",564.3,2,saikoushiksss
3204,15666119,"ERGR EBE","2026-04-25 14:56:48",563.9,2,ergrebe
3205,16271297,追光,"2026-06-12 07:22:20",563.6,2,xinyuezhang3
3206,16072382,AkitoHirai,"2026-05-29 03:42:23",563.6,2,morphicode
3207,15796405,DKerryyyy,"2026-05-13 10:19:05",563.3,2,dkerryyyy
3208,16360085,"Parth Harischandre","2026-06-18 04:23:23",563.1,2,parthharischandre
3209,16291339,"Yasuyuki Honjo","2026-06-18 16:05:01",563.1,2,initializedyh
3210,15822647,ianchute,"2026-05-02 03:51:01",563.0,2,ianchute
3211,16101204,"John James111","2026-05-29 12:10:29",563.0,2,johnjames111
3212,15648567,"Sanidhya Vijay24","2026-04-19 20:09:41",562.8,2,sanidhyavijay24
3213,15867205,"Shashwat Singh","2026-05-19 20:37:16",562.8,2,shashwatsingh0511
3214,15780196,yotsutose,"2026-04-29 14:53:27",562.8,2,yotsutose
3215,15740072,"Murat Yıldırım","2026-04-26 13:51:14",562.7,2,muratyldrm
3216,15642344,hsiaosuan,"2026-04-19 09:45:10",562.6,2,hsiaosuan
3217,15842468,TRaney,"2026-05-06 01:42:11",562.2,2,traney
3218,15917495,"Telemaco Terzi","2026-05-17 13:05:38",562.2,2,"simonevendramini,telemacoterzi"
3219,15740755,"Omid Mahdavi","2026-04-28 00:23:35",562.0,2,omidmahdavi
3220,15647788,"Nikita Greben","2026-04-19 00:30:03",562.0,2,justnik77
3221,15648374,"Sayed Muhsin","2026-04-19 01:53:13",561.9,2,sayedmuhsin
3222,15817104,"Manny Peiso","2026-05-07 02:43:57",561.8,1,mannypeiso
3223,16041147,SKDRock,"2026-05-22 05:24:14",561.6,2,skdrock
3224,16300989,Nekopolice999,"2026-06-23 16:58:38",561.4,2,nekopolice999
3225,15641154,"Sébastien henry","2026-06-21 19:45:17",561.4,2,sebmontreal
3226,15740896,NodaKosuke,"2026-06-07 06:46:40",561.2,2,koron1243
3227,15813059,Naotooo,"2026-05-12 03:33:50",560.8,2,naotooo
3228,16105003,"Gabriel Dias Vilela","2026-05-29 01:34:14",560.7,1,gabrieldiasvilela
3229,16146369,洛kkkkk,"2026-06-01 16:29:30",560.6,2,youyouuyoshangu
3230,15695544,"Victor Retamal","2026-05-07 09:40:01",560.4,2,victorretaml
3231,15843236,AgentSwarm,"2026-05-31 19:08:24",560.1,2,"nessagulko,pravintakpire"
3232,15661123,"Abhishek Jain","2026-06-23 15:27:39",560.0,2,abhiiiish
3233,15748912,Haakon,"2026-05-02 21:33:28",559.8,2,haakonandresen
3234,15733375,senileFelines,"2026-04-26 08:03:07",559.7,2,digantabhattacharya
3235,15721280,AlphaBound,"2026-05-21 08:12:30",559.7,2,somsubhrometya
3236,15639391,peterS,"2026-04-18 11:28:06",559.6,2,sldaws
3237,15663099,droffats,"2026-05-09 15:36:19",559.6,2,droffats
3238,16340093,"Aravind Mandiga","2026-06-14 16:42:22",559.3,1,mandigaaravind
3239,15735337,"Takumi Mukaiyama","2026-05-05 03:12:11",559.2,2,takumimukaiyama
3240,15661326,mohamedgamal,"2026-04-24 20:56:18",559.1,2,mohamedgamal295
3241,15736333,"Luxshan Thavarasa","2026-05-07 09:58:50",559.1,4,"jubeerathan,luxluxshan"
3242,15673046,YnsGlç,"2026-06-15 20:17:36",558.8,2,yunusgle
3243,15652071,Game8024,"2026-04-21 06:48:00",558.6,2,siddharthshankara
3244,15747937,seopg489,"2026-05-07 04:15:03",558.5,1,seopg489
3245,15675981,"Kapil Shastri","2026-05-26 23:24:53",558.2,2,kapilshastri
3246,15704443,K.Nagase,"2026-05-16 09:46:06",558.1,2,kntkjtr
3247,16086959,"Richardson Allan Ferreira De Souza","2026-06-20 15:37:51",558.0,2,richardsonsouza
3248,16069100,DataViego,"2026-06-05 09:56:27",557.9,2,dataviego
3249,15708359,"Limo Fang","2026-05-15 03:14:23",557.8,2,fanglimo
3250,15663403,500011-บุณยาพร,"2026-04-22 06:56:54",557.8,2,bunyaphonai
3251,15775856,yurahuna,"2026-04-29 08:19:47",557.4,2,yurahuna
3252,15995621,marcobz,"2026-05-22 21:34:02",557.3,1,marcobz
3253,16307409,"Shawn Lee","2026-06-12 12:13:57",556.9,1,shawnljw
3254,16056345,"Yali Ash","2026-06-23 19:54:50",556.7,2,"noaaltshuler,yaliash"
3255,16078809,"Shaojun Qin","2026-05-31 12:01:54",556.6,2,shaojunqin
3256,16308523,"Work 3","2026-06-16 19:20:53",556.5,2,nanisriram
3257,15829474,"ADITYA RAVI","2026-05-18 07:47:59",556.5,2,adityaravi2
3258,15768810,"Obada Mohamed","2026-04-30 19:48:13",556.5,2,obadamohamed
3259,15734328,"Rakib Ansary Saikot","2026-04-26 02:08:13",556.4,2,ansaryfantastic
3260,15910723,T0YT0Y,"2026-05-10 15:24:12",556.3,2,t0yt0y
3261,16195521,"Kumar Vivek","2026-06-07 12:38:27",556.2,2,kumar1234567vivek
3262,15914264,Flip001,"2026-05-11 15:31:44",556.2,2,flip001
3263,15638745,A.Rahul,"2026-05-03 20:41:31",555.9,2,rahul1934
3264,15762721,RED_ROXY,"2026-04-29 12:01:08",555.6,2,redroxy
3265,15703662,"Dimitrios Giannoulis","2026-05-16 21:20:51",555.3,2,plagiagia
3266,15927188,"Seongsik Hwang","2026-06-01 11:04:41",554.7,2,seongsikhwang0113
3267,15863515,"antonio clementi","2026-06-11 15:10:20",554.6,2,aclementi
3268,15633471,"Hıdır Demir","2026-06-15 22:23:14",554.5,2,hdrdmr
3269,15824899,"Prakhar Shukla 20","2026-05-02 07:19:08",554.2,2,prakharshukla20
3270,15847123,"zebra G","2026-05-04 15:49:44",553.9,2,zebrag
3271,16232795,"Paam Joca","2026-06-10 21:29:48",553.8,2,paamjoca
3272,15965525,Order,"2026-06-08 15:58:17",553.7,2,"ansh1234489374,vicku12"
3273,15698449,nyankooo,"2026-05-24 10:51:00",553.4,2,"nitakaleoleol,nyankooo"
3274,15662098,GBoekestijn,"2026-04-21 03:56:25",553.3,2,gboekestijn
3275,16116760,hassybirobiro,"2026-05-30 07:05:26",553.3,2,hassybirobiro
3276,15736827,KreateKarna,"2026-05-02 10:05:48",553.1,2,"harshitaapandita,kreatekarna,shrutisharma2027"
3277,15890845,"Dhiraj Bhosale","2026-05-20 09:38:54",552.6,2,dhiraj2310
3278,16104088,"Matheus de Souza Ataide","2026-05-28 21:23:10",552.6,1,matheusataidee
3279,15724011,laobaobi,"2026-04-25 11:32:58",552.6,1,laobaobi
3280,15664276,"Suraj Jha","2026-06-22 13:32:15",552.5,2,jhasuraj06
3281,15815902,最好我儿高中,"2026-05-02 13:20:13",552.5,1,bestgoodluck
3282,15941405,"Ayodeji Akinola","2026-06-23 20:59:11",552.3,2,ayodejiakinola
3283,15829974,"MR. X","2026-05-06 08:58:48",552.0,2,abhijithramesh404
3284,16037813,Bruno_Barreto_USP,"2026-05-24 18:10:14",551.9,2,brunobarretousp2025
3285,16031179,"Ben Negus","2026-06-12 03:32:00",551.6,2,bennegus
3286,16134087,"Aymeric Pichon","2026-05-31 15:07:28",551.3,1,ricooou
3287,15851991,"Gerardo Maldonado","2026-05-08 05:08:51",551.2,1,gerardomaldonado
3288,15782993,"Duy Khang","2026-06-05 18:02:20",551.2,2,adselvn
3289,15734513,"Samia Arhab","2026-05-21 17:03:28",551.0,2,samiaarhab
3290,16052624,Jul,"2026-05-23 20:00:41",550.9,2,julioa123123
3291,16368842,"Bhuvan Nallamothu","2026-06-18 05:14:28",550.9,2,bhuvannallamothu
3292,15662596,"Rahul jaikar","2026-04-21 09:32:10",550.8,2,rahuljaikar
3293,15661238,demapples,"2026-05-06 16:34:16",550.7,2,demapples
3294,15833176,Galactic_Gravity,"2026-06-06 00:20:14",550.7,2,"hemanthakken,praveenkalaboina,tejpotu"
3295,15649233,"Adam Uller","2026-04-23 04:04:10",550.5,2,adamuller
3296,16211387,"Rajendra Kishan","2026-06-04 11:31:00",550.2,2,kishansteve
3297,15851782,DumbAgent007,"2026-05-16 16:09:32",550.1,2,rumitpathare
3298,15663145,"Planet Busters","2026-05-08 18:33:30",549.7,2,"adsar0,thanhphongle2025,xmokhtar"
3299,16353861,"Alise Vargas","2026-06-16 18:14:26",549.6,2,alisevargas
3300,15803266,Dekazu,"2026-05-02 12:00:10",549.5,2,dekazu
3301,15643203,"Berat Erol ÇELİK","2026-04-28 12:55:27",549.5,2,beraterolelk
3302,15827917,cactey,"2026-05-03 23:03:09",549.3,2,cactey
3303,15638203,"Martynas Džiugas","2026-06-01 18:21:07",549.1,2,martynasdiugas
3304,15661506,"ACE SPIRIT","2026-05-05 10:59:02",548.9,2,fardeen2036
3305,15652210,"Yudji Chainho","2026-04-26 00:12:11",548.9,2,yudjichainho
3306,15888863,"yu umino","2026-06-05 08:02:25",548.6,2,yuumino
3307,15986097,Johnnzy1008,"2026-05-17 14:57:35",548.5,2,johnnzy1008
3308,16143613,清水一希,"2026-06-23 06:42:15",548.5,2,kazukishimizu0427
3309,15665071,"Vatsa Joshi","2026-04-23 08:52:45",548.4,2,vatsajoshi
3310,16062999,"cha la 123..A","2026-05-24 13:46:51",548.2,2,chala123a
3311,16233299,"Aditya #3","2026-06-05 16:20:39",548.2,2,kagglemodeltraining
3312,15817318,"Alvin Binse - Botswana21","2026-05-03 10:18:08",548.2,2,alvinbinse
3313,16203531,"Yash Kumar SST","2026-06-06 12:12:16",548.2,2,yashkumarsst
3314,16005362,"Ayelén Galarza Rial","2026-05-17 22:03:59",548.2,2,ayelngalarzarial
3315,15676582,"Deeptanush Kapaka","2026-05-28 16:12:35",547.7,2,deeptanushk
3316,15644189,"Voikin Ruslan","2026-04-19 20:43:36",547.7,2,ruslan3737
3317,15672893,"Liam Cody","2026-05-10 17:54:51",547.6,1,liamcody
3318,15841924,"Sserwadda Emmanuel","2026-06-22 18:40:05",547.5,2,copernicus2024
3319,16064097,X.franfran.X,"2026-06-12 21:33:50",547.3,2,kossifranois
3320,15656300,BrotherTony,"2026-06-17 12:28:30",547.3,2,jklol86
3321,15657951,juliencst,"2026-05-14 16:43:25",546.9,2,juliencst
3322,15888571,Maximax67,"2026-05-17 14:29:05",546.9,2,maximax67
3323,15694526,chatrank,"2026-04-22 12:05:44",546.9,1,chatrank
3324,15640704,"Matias TorresR","2026-04-19 21:55:06",546.7,2,matiastorresr
3325,15655138,"Anthony Nwafor","2026-06-23 23:15:52",546.4,2,anthonynnagbo
3326,15904427,"Alexander Kostin","2026-05-17 21:18:57",546.3,1,kai001
3327,15786010,Seyominaoto,"2026-05-01 06:29:50",546.3,2,seyominaoto
3328,15788719,Romero,"2026-05-02 15:07:45",546.2,2,dsromero
3329,15636560,Boruiyang21,"2026-04-17 14:48:03",546.2,2,boruiyang21
3330,16085936,DeMoN_2202,"2026-06-04 05:57:46",546.2,2,harshit22020
3331,15639123,Ko,"2026-05-23 03:13:06",546.1,2,komurase
3332,15701975,"Muhammad Junaid","2026-05-01 07:16:48",546.1,2,junaid512
3333,16358360,"Edoardo Pierezza","2026-06-15 12:13:11",545.9,1,edoardopierezza
3334,15660194,"Steve Messick","2026-04-28 21:54:55",545.8,2,stevemessick
3335,15867797,WilliamRParker,"2026-05-06 03:21:02",545.7,2,williamrparker
3336,15768212,"jaime herrera","2026-05-07 03:47:56",545.6,2,jh87cl
3337,16353877,"Mark Coffey","2026-06-20 21:03:02",545.6,2,sasquilly
3338,15899261,GMSAND,"2026-05-09 07:39:58",545.5,2,gmsand
3339,15634386,"Cappuccini Paolo","2026-04-24 03:48:03",545.4,2,cappuccinipaolo
3340,16320318,Saran,"2026-06-15 21:31:44",545.3,2,saranran
3341,15664651,"Shiva Balaji Kontham","2026-05-11 10:32:15",545.3,2,shivabalajikontham
3342,16048216,"Daniele Pasotto","2026-05-27 14:34:33",545.3,2,danielepasotto99
3343,15779077,kusomiwtw,"2026-05-23 16:26:06",545.0,2,kusomiwtw
3344,15662603,okamoto_naoya,"2026-04-28 00:01:11",545.0,2,okamotonaoya
3345,15662683,"P.J Leek","2026-06-20 02:08:12",544.9,2,pjleek
3346,15656194,Charlesm85,"2026-06-21 05:01:40",544.6,2,charlesm85
3347,15831994," Vibhugnan","2026-06-17 14:05:57",544.6,2,vibhugnan
3348,16050601,"Vedant Parankar","2026-06-06 05:15:41",544.6,2,vparankar
3349,16292903,山本瑠璃尾,"2026-06-14 05:31:03",544.5,2,tmo255
3350,16327217,"Phongwit Sri","2026-06-13 14:35:36",544.3,2,phongwitsri
3351,16112131,"Nicholas Howe","2026-06-04 17:17:24",544.2,2,howewenann
3352,16087743,橙子,"2026-05-27 03:37:51",544.2,2,isaacliew
3353,16321034,"REN ENDOH","2026-06-21 03:22:58",544.2,2,renendoh
3354,16057955,Pragyan2002,"2026-06-01 04:31:26",544.1,2,"akhileshmanda,pragyan2002"
3355,15825866,"Hussnain Abid","2026-05-13 17:12:49",544.0,2,hassistn
3356,16087445,BigChonk12,"2026-06-02 19:38:26",543.8,2,richardhhong
3357,15738555,"Kevin Zeng","2026-05-16 15:59:10",543.3,2,kevinzeng
3358,16037392,"Arya Arun","2026-05-21 09:30:38",543.3,2,aryaarun07
3359,15994910,lanqiaofeng,"2026-05-26 18:35:42",543.1,2,lanqiaofeng
3360,16114175,RyotaroAbe,"2026-06-02 17:01:41",543.1,2,ryotaro45123
3361,16226934,TheUnpopularDuck,"2026-06-04 22:51:38",542.9,2,medyassineghaoui
3362,15929338,"Afonso Fernandes Cruz","2026-05-21 16:09:14",542.7,2,afonsofernandescruz
3363,15922728,pantrucas,"2026-06-09 03:24:56",542.4,2,pantrucas
3364,16311531,"Peter Tinashe Mundowa","2026-06-22 10:06:25",542.3,2,petermundowa
3365,16126116,"Ngọc Điệp Hoàng","2026-06-07 05:59:01",542.1,2,drt175
3366,15702324,ZMC,"2026-05-02 17:51:22",542.0,2,zmcxjt
3367,16362979,"MANOJ CHOUDHARY V","2026-06-15 15:35:36",541.9,2,manojchoudharyv
3368,15646411,Hunter,"2026-06-23 18:50:16",541.8,2,satishhanchinal
3369,16128453,"saroj poudel","2026-06-10 04:37:23",541.4,2,sarojpoudel3
3370,15768567,"Karandeep Singh","2026-05-03 13:46:35",541.4,2,kdcyberdude
3371,16061048,"Iniyan M D R","2026-05-24 07:03:16",541.3,1,iniyanmdr
3372,16236361,"Sanyam Jain","2026-06-11 15:03:12",541.3,2,sjain03
3373,16268889,Gopokionel,"2026-06-12 01:12:24",541.2,1,gopokionel
3374,16287632,"Ertugrul Akben","2026-06-10 11:32:12",541.1,2,erturulakben
3375,16076858,"Vladislav Konstantinov","2026-05-26 23:24:28",541.1,2,vladkonstantinov
3376,15706284,kinzess,"2026-05-11 06:49:47",540.7,2,kinzess
3377,15731002,andrew20566,"2026-06-03 01:52:16",540.5,2,andrew20566
3378,15878077,"ashar tanveer","2026-05-06 22:54:59",540.5,2,ashartanveer
3379,15720605,"Pranav Unni","2026-04-30 04:09:20",540.0,2,pranavunni
3380,16004609,Team[α],"2026-05-22 23:30:51",540.0,2,"spidyqda,stevenalexanderes"
3381,16272556,ChuanHuoGe,"2026-06-09 19:23:15",538.9,2,chuanhuoge
3382,16212699,KasaOka,"2026-06-22 12:58:26",538.8,2,"harukikasamatsu,ryuuga89"
3383,15648636,"Likitha Reddy Abbareddy","2026-04-25 01:38:09",538.4,2,likithaabbareddy
3384,15979130,"the beast","2026-05-27 14:21:47",538.4,2,jaskaran04singh
3385,15661248,"Aneesh Mourya","2026-05-08 06:56:03",538.2,2,aneeshmourya
3386,16302119,"Venkat Balaji S","2026-06-17 08:41:00",538.2,2,dataarthur
3387,15984475,"Kival Mahadew (Kival)","2026-05-18 19:34:35",538.2,2,kivalmahadewkival
3388,15948164,"Manana NyAary ","2026-06-17 06:41:44",538.1,2,manananyaary
3389,15844348,"Pavlo Danylchenko","2026-06-17 01:09:06",537.9,2,pdanilchenko
3390,15746406,iloveiesuhethegoat,"2026-05-12 22:05:29",537.8,2,iesuagapito
3391,15693269,niujha,"2026-04-23 06:42:20",537.6,2,niujha
3392,15679747,bhushi,"2026-04-29 00:26:39",537.6,2,toyeshchakravorty
3393,16029997,YangZekai06,"2026-05-23 04:23:19",537.4,2,yangzekai06
3394,16328937,whatadisaster,"2026-06-13 17:58:51",537.4,1,whatadisaster
3395,15973197,raven,"2026-05-25 16:56:22",537.3,2,garrettoren
3396,15662339,"Chris Laska","2026-04-26 06:49:43",537.3,2,chrislaska
3397,16324626,"Clifford Kirui","2026-06-23 19:36:15",537.3,2,bigboystorm
3398,15708039,"3648 8463","2026-05-05 03:26:11",537.1,1,k0y0actuary
3399,15633604,xmaster6y,"2026-04-17 17:11:04",536.7,2,xmaster6y
3400,15832536,"yechan yun","2026-05-13 22:08:12",536.7,2,mryun123
3401,15664189,"James Kopeck","2026-04-23 18:59:34",536.7,2,kopeck
3402,15679773,"Yogesh Kumar Agrawal","2026-04-24 14:27:14",536.2,2,yogeshkumaragrawal
3403,16061967,AdnanRaza,"2026-06-22 02:07:46",536.2,2,adnanraza78
3404,15988693,"Thomas N.","2026-05-15 20:47:41",535.9,1,qwcmrn
3405,15677974,I.GNANESWARA,"2026-05-03 17:28:17",535.9,2,ignaneswara
3406,15890988,"Anish Kolekar","2026-05-11 01:26:57",535.9,2,anishkolekar
3407,15775351,"Sama Narjis","2026-04-29 05:56:55",535.9,2,samanarjis
3408,16143465,suzukik330565,"2026-06-01 10:25:51",535.7,1,sk330565
3409,16314595,Jelisaveta,"2026-06-19 13:47:16",535.6,2,jelisaveta
3410,15768581,"Kuoyen Lo","2026-04-28 17:54:17",535.6,2,kuoyenlo
3411,15634980,"Jason Karpeles","2026-04-27 15:27:35",535.4,2,jasonkarpeles
3412,15762315,sumochi,"2026-04-28 17:33:47",535.3,1,sumochi
3413,15898161,mins0_0,"2026-05-10 14:20:04",535.3,2,mins00
3414,15635190,BaiYuBY,"2026-05-15 00:58:02",535.2,2,baiyuby
3415,16089615,MJ.LIU.T,"2026-05-28 09:35:40",535.1,2,mjliut
3416,15764211,"Semyon Komarov","2026-04-28 11:01:04",535.1,1,qroshi
3417,15638277,508shuto,"2026-04-22 15:51:24",535.1,2,goyashuto
3418,16118474,"Sam Run","2026-06-11 03:14:44",534.6,2,samrun69
3419,15746758,Hrirake,"2026-05-01 17:22:26",534.5,2,hrirake
3420,15663080,"JoePro AI","2026-05-02 05:36:06",534.4,2,joeproai
3421,16098239,"Maestro AI","2026-05-31 20:45:22",534.4,2,adriandunkley
3422,15662998,Anirudh,"2026-06-20 19:02:56",534.2,2,aniruduh9
3423,15670512,"Rick Willemsen","2026-04-23 03:18:58",534.2,2,doraaa
3424,16207744,"Stuffedcoolness Gaming","2026-06-18 06:51:54",534.2,2,ashmulanien
3425,15662972,yuanzhiyi,"2026-05-08 13:58:13",534.0,2,yzy114514
3426,16268190,"Seunghwan Yoon","2026-06-09 17:16:01",533.9,2,y305205
3427,15891112,"Planet Express","2026-05-12 21:34:57",533.9,2,evanharbaugh
3428,16158823,sgk15,"2026-06-23 14:28:34",533.8,1,sengankou
3429,16029942,"Kanngetu Liu","2026-05-24 10:02:28",533.2,2,kanngetuliu
3430,15902295,rasaprj,"2026-05-09 00:47:53",533.2,2,rasaprj
3431,15652233,"i want 5000choen","2026-04-23 02:37:25",533.1,2,kentay
3432,16288092,Harvey,"2026-06-21 13:58:00",533.0,2,harvyk
3433,15647546,CaioWingeter,"2026-04-19 12:29:29",533.0,2,caiowingeter
3434,15682383,"ALTON LEE WEI BIN","2026-06-20 22:49:22",532.6,2,creator35lwb
3435,15853372,"Mauricio Monroy","2026-05-05 01:59:40",532.3,2,morris28
3436,16375132,theburroship.,"2026-06-19 23:13:11",532.1,2,theburroship
3437,15827831,"yann sadowski","2026-05-04 19:53:26",532.1,2,yannsadowski
3438,15854575,Sh33lShah,"2026-05-05 01:09:49",531.9,2,sh33lshah
3439,15852162,"Minh Phan Hải","2026-06-23 13:26:05",531.3,2,hydroshiba
3440,15910724,"cy dabo","2026-05-12 21:04:11",531.1,2,cydabo
3441,16033403,"Socrates Gebremedhin","2026-06-16 18:26:29",530.7,2,socratesgebremedhin
3442,15839611,"Rupesh kumar","2026-05-03 15:42:52",530.7,2,okrupesh
3443,16052723,mingnobee,"2026-05-25 22:18:41",530.6,2,mingnobee
3444,15662809,rm_ast_440,"2026-04-21 00:09:54",530.4,2,rmast440
3445,15930755,Richard31415,"2026-05-11 20:46:56",530.3,2,richard31415
3446,15940795,"Prateek Anand","2026-05-12 23:11:05",530.2,1,prateekanand172
3447,16113608,"Jessie Jr.","2026-06-22 14:20:41",529.9,2,jessiejr
3448,15874216,Moiz,"2026-06-13 01:19:34",529.7,2,moiz092
3449,15698541,yuki,"2026-04-25 15:36:25",529.7,2,mxli9x4wd8
3450,15956639,"Runlin zhang","2026-05-14 05:12:42",529.0,2,runlinzhang
3451,16098709,Moosen,"2026-06-19 08:32:56",528.7,2,dylankuch
3452,15851534,"Sabareenadh M","2026-06-04 07:05:30",528.4,2,sabareenadhm
3453,15931143,"Joey Fredrickson","2026-06-23 22:47:58",528.2,2,joeyfredrickson
3454,15991059,"Fares Rafat","2026-06-03 21:43:49",527.7,2,faresrafat
3455,15949702,Echare,"2026-05-24 13:51:43",527.5,2,echare
3456,16108502,bryanss,"2026-06-02 05:43:07",527.4,2,bryanss
3457,15884252,"Chayon Kumar Das","2026-05-07 13:35:46",527.4,2,chayondas
3458,16303620,"Simon Lucas","2026-06-11 17:00:16",527.3,1,simonmarklucas
3459,16299131,oreo,"2026-06-12 06:01:26",527.3,2,fadeoreo
3460,15738798,"LABHESH YAWALKAR","2026-06-23 12:12:16",527.3,2,labheshyawalkar
3461,15667796,poii231,"2026-05-22 07:48:03",527.2,2,"mmdarunkumar,poii231"
3462,15643626,copasta,"2026-05-17 01:26:55",527.1,1,copasta
3463,15947939,小西雄輝,"2026-05-27 12:05:34",526.8,2,yuki7070
3464,15978019,"Joseph Samuel","2026-05-16 11:09:42",526.7,2,josephsamuel1
3465,15662153,synapse8891,"2026-04-23 07:26:56",526.7,2,synapse8891
3466,15661943,Turlei,"2026-04-21 00:19:47",526.6,2,turlei
3467,16286597,_anun__,"2026-06-23 23:27:58",526.6,2,anunanun
3468,16272990,"Not team","2026-06-10 01:49:41",526.4,2,allanas1905
3469,15802027,"B. Zhang","2026-06-23 16:02:12",526.3,2,muonchaser
3470,15637226,"Poma Mikhail","2026-05-02 20:24:13",526.2,2,ambisinistra
3471,15701399,"Vishesh Patadiya","2026-05-02 07:47:11",526.0,2,visheshpatadiya
3472,15995721,"Jeevan Jolly","2026-05-29 06:40:51",525.9,2,jeevanjolly
3473,15700868,Moonlet,"2026-06-23 03:24:25",525.9,2,rajesh1joc
3474,15994449,Chennu1,"2026-06-07 05:55:20",525.8,2,chennu1
3475,15966162,thanhnguyenqTMNp,"2026-05-14 08:56:44",525.4,1,thanhnguyenqtmnp
3476,16103165,"Shravan Yoagentharan #2","2026-05-29 03:31:37",525.3,2,shravanyoagentharan
3477,15643128,amolwani2,"2026-06-23 09:30:21",525.3,2,amolwani2
3478,15738938,"Miguel Medina Cantos","2026-05-04 13:40:57",525.3,2,miguelmedinacantosm
3479,15651411,GreMarcel,"2026-04-19 16:21:59",525.2,2,gremarcel
3480,16127502,tacosu,"2026-06-01 14:29:43",525.1,2,tacosu
3481,15642667,Techjaysjeeva,"2026-04-18 05:52:09",525.0,2,techjaysjeeva
3482,15917933,"lanky kong","2026-05-13 11:38:31",524.9,2,lankykong2
3483,16148543,zhaoxiaofeng,"2026-06-03 01:34:38",524.6,2,shankswhite
3484,15731818,"Ayush ahirwar","2026-04-28 06:28:02",524.4,2,ayushahirwar
3485,15739416,Ahmed1DS,"2026-05-24 20:50:20",524.2,2,ahmed1ds
3486,15738153,m1ndthegap,"2026-05-06 05:03:34",524.1,2,m1ndthegap
3487,15686867,niko251,"2026-04-23 05:24:46",523.8,2,niko251
3488,15664436,"Atharv Nitten Jaju","2026-04-21 11:30:25",523.8,2,atharvnittenjaju
3489,15941706,Pedromm99,"2026-06-07 20:24:03",523.7,2,pedromm99
3490,15657273,Ahmed_Sherif382,"2026-05-14 10:25:16",523.4,2,ahmedsherif382
3491,15662791,"Rasha Salim","2026-04-28 07:33:29",523.4,2,rashasalim
3492,15635175,Yuulis,"2026-04-24 06:59:25",523.3,2,yuulis
3493,15671715,"Event Horizon","2026-04-23 21:04:28",523.2,2,hogwarts1812
3494,15877488,PinballPRO,"2026-05-07 07:53:27",522.8,2,pinballpro
3495,16033806,"Anvay Sanil","2026-05-20 18:37:36",522.7,2,anvaysanil
3496,15718930,"Md Abdullah Al Mashud","2026-05-01 11:27:20",522.7,2,mdabdullahalmashud
3497,15663899,melccoro,"2026-06-14 04:29:43",522.6,2,melccoro
3498,16263551,"Tamil Adhavan","2026-06-19 08:03:58",522.5,2,tamiladhavan
3499,16280434,"Debora Lozneanu","2026-06-09 18:05:22",522.4,2,deboralozneanu
3500,15815745,yi-yang,"2026-05-02 14:19:47",522.2,2,yihsiuyang
3501,15652019,shu10038,"2026-06-16 15:22:01",522.0,2,shu10038
3502,16144706,Spinort,"2026-06-23 23:26:50",521.9,2,spinort
3503,15664150,"Matt Davis","2026-05-31 22:19:08",521.6,2,matteius
3504,15697033,k26rahul,"2026-04-25 13:34:46",521.6,2,k26rahul
3505,16317425,"toukali samir","2026-06-21 07:59:13",521.4,2,toukalisamir
3506,15656577,kirinCool,"2026-06-20 06:47:05",521.4,2,kirincool
3507,15829175,"Juan Andrés Young Hoyos","2026-05-05 11:55:02",521.1,2,jayoungh
3508,16224314,"Vineet Gupta","2026-06-15 19:15:08",521.0,2,vineetgupta2023
3509,15634264,G4I4,"2026-04-18 06:15:59",520.9,2,trejosalgadodiego
3510,15898531,woobinback,"2026-05-11 14:40:35",520.8,2,woobinback
3511,15651991,"space ZOV","2026-06-22 15:51:52",520.7,2,"chokegm,oreehovich3"
3512,15858091,"sampath bharath","2026-05-11 15:03:06",520.7,2,sampathbharath
3513,16314214,"md efaj","2026-06-18 08:54:10",520.5,2,mdefaj
3514,15653952,"Tuncay Aydın","2026-04-29 19:31:15",520.3,2,muhammedtuncayaydn
3515,15901593,"Gabteni Mouhamed","2026-06-03 22:40:09",520.1,2,gabtenimouhamed
3516,15700260,"Tarun Kumar","2026-04-28 20:43:23",519.8,2,tarunnkk
3517,15736289,hehe,"2026-04-25 09:29:09",519.6,2,aaravsharma14
3518,15644836,WinSentTY,"2026-05-02 18:16:54",519.2,2,winsentty
3519,15911470,"Grigory Kovtun","2026-06-13 20:35:37",519.2,2,mrgrigorii
3520,15637237,"Yicheng Sun","2026-04-19 08:12:50",519.2,2,maxwellorange
3521,15816109,gppviicat,"2026-05-03 11:17:13",519.2,2,gppviicat
3522,15866527,Vaibhav762442,"2026-05-12 04:51:38",519.1,2,vaibhav762442
3523,15839713,"Luvidi Alghari","2026-05-06 03:47:37",519.0,2,luvidialghari
3524,15643787,Schw1Eg0,"2026-06-15 19:45:53",518.8,2,schw1eg0
3525,16044228,"Dr. Marc Wissing","2026-05-27 14:13:26",518.7,2,drmarcwissing
3526,15663362,Ayustar,"2026-06-05 15:04:09",518.7,2,ayustar
3527,16102120,"Konstantinos Bekos","2026-06-23 20:52:29",518.6,2,konstantinosbekos
3528,15879854,"Ayush Madhav Kumar","2026-05-31 01:02:40",518.5,2,ayushmadhavkumar
3529,15875105,programming,"2026-06-15 19:12:43",517.6,2,"aayushpittie,anuskakhanal,sathiadityareddy"
3530,16278733,npHacks,"2026-06-13 20:27:20",517.4,2,nphacks
3531,15814484,PalakAdsul,"2026-05-03 14:07:45",517.4,2,palakadsul
3532,15661768,GMoney,"2026-04-20 20:13:54",517.3,1,gavinvela
3533,15931623,"Anmol Singh","2026-05-12 17:00:50",517.1,2,anmolsin
3534,15965996,naoto.endo,"2026-05-16 02:41:55",516.8,1,naotoendo
3535,16238698,"Bashar Gamal","2026-06-09 17:45:25",516.6,2,bashargamal
3536,15833468,"Dhanush Ballanki","2026-05-17 05:08:44",516.5,2,dhanushballanki
3537,15655348,"San-Ti battalion","2026-04-27 00:15:29",516.4,2,"a1leyway,bfdf121"
3538,16326086,blackeyes1200,"2026-06-13 11:58:44",516.3,1,blackeyes1200
3539,15674294,Manan,"2026-04-23 19:14:14",516.1,2,brubee
3540,15634082,"Ahmed Abou Zeid1","2026-05-20 13:18:10",516.0,2,ahmedabouzeid1
3541,16074279,K-shir0,"2026-05-31 10:42:21",515.7,2,kshir0
3542,15650695,GraphiteEdge,"2026-04-22 12:54:21",515.6,2,lokigosoftware
3543,15663561,stoicseneca,"2026-04-29 20:50:17",515.3,1,emanuelemacchi
3544,16230404,"Rahul Modha","2026-06-11 19:09:05",515.3,2,rahulmodha
3545,15846246,"Nicolas Siahaan","2026-05-10 14:10:18",514.7,1,nicolassiahaan
3546,16081538,toki_wcy,"2026-05-26 16:05:59",514.6,2,tokiwcy
3547,16254110,Anivia,"2026-06-23 17:35:46",514.4,2,anivia
3548,15923927,"Umesh Kataria","2026-05-14 15:23:51",514.3,2,umeshxkataria
3549,15733584,"Marble Eagle","2026-05-14 19:18:42",514.3,2,marbleeagle
3550,15775365,NAGAI.S,"2026-04-29 13:11:35",513.7,1,nagaishota
3551,15649743,"Sarthak T","2026-06-15 18:59:27",513.1,2,lypeorge
3552,15842477,inZOR-ND,"2026-05-07 05:32:43",513.0,2,dumitrunovic
3553,15648939,CJ103CJ,"2026-04-19 11:43:25",512.7,1,cj103cj
3554,15745178,camron,"2026-05-18 01:58:40",512.6,2,naklanjuliencamara
3555,15739762,"Ahmad Maulana Ibrahim","2026-05-04 16:27:48",512.5,2,ahmadmaulanaibrahim
3556,16270525,LXXLGMY,"2026-06-18 08:43:30",512.1,2,lxxlgmy
3557,16104276,"Walaa Zahran","2026-05-31 00:02:37",512.0,2,walaazahran32
3558,16053251,AoboWang1,"2026-05-23 14:53:08",511.8,2,aobowang1
3559,15732928,"Maxwell Agyapong","2026-05-16 14:10:26",511.7,2,maxwellagyapong
3560,15748589,Prox,"2026-04-28 06:46:32",511.6,2,proxjod
3561,15839942,"Tamerlan Omralinov","2026-05-06 05:22:04",511.6,2,tamerlanomralinov
3562,16327166,"Anand kumar Mall","2026-06-14 11:34:33",511.4,2,anandkumarmall
3563,16202455,"Todor Angelov Yankov","2026-06-12 20:58:26",511.4,2,todorangelovyankov
3564,15720799,"Harshit Sharma","2026-05-04 17:19:20",511.4,2,harshitssj4
3565,16241885,"Rafly Priyantama ","2026-06-09 15:02:27",511.2,2,raflypriyantama
3566,15662910,"Edris Yawar","2026-04-22 23:37:19",511.2,2,edrisyawar
3567,15928292,Multiplexer1,"2026-05-13 13:14:01",510.9,2,"multiplexer1,strider2max"
3568,15645622,"Ishigaki Yuya","2026-04-19 04:49:56",510.8,2,ishigakiyuya
3569,15761872,spekinos,"2026-04-28 09:09:25",510.7,1,spekinos
3570,15664124,ShaktiDalabehera,"2026-04-26 07:37:16",510.6,2,shaktisd
3571,15883169,soul,"2026-05-07 07:09:25",510.6,1,soul80
3572,16145953,sadatch,"2026-06-03 08:10:16",510.6,2,sadatch
3573,16369210,"mike volgat","2026-06-16 19:51:59",510.5,2,volgat
3574,15719339,"Lana Biscornet","2026-04-29 12:41:28",510.1,2,svetlanabiscornet
3575,15636927,"Melkozerov Leonid","2026-04-19 17:27:15",510.1,1,danmer414
3576,15665840,"Mahindra University","2026-05-08 02:24:34",510.1,2,"suryatejaponnada,vinayjain07"
3577,15652545,"Sabarno Pramanick","2026-06-11 17:57:59",510.0,2,sabarnopramanick
3578,15941153,"Sparsh Bandi","2026-06-23 18:22:10",509.9,2,"santa2710,sparshbandi"
3579,15777731,117Bananas,"2026-04-29 18:29:57",509.6,2,"lucasmartingarcia,roblesmrcs"
3580,15661805,cjc0013,"2026-05-20 21:21:02",509.5,2,cjc0013
3581,15636965,"pencil red","2026-04-20 20:40:14",509.4,2,pencilred
3582,15670787,"JAY DHOBALE","2026-05-03 20:30:59",509.4,2,jaydhobale2004
3583,16128647,avbdt,"2026-06-02 09:41:49",509.3,2,avbdt301873
3584,16028633,"Pedro Schoen","2026-05-20 01:36:40",509.2,1,pedroschoen
3585,15925990,Tantrum,"2026-05-16 10:25:09",508.9,2,tantrum
3586,15720249,DecH,"2026-04-28 00:41:40",508.7,2,declanhilfers1
3587,15811577,"Swar Chaudhari","2026-05-03 07:04:51",508.6,2,swarchaudhari
3588,15661586,"Dharun Prasanth S","2026-04-20 21:57:33",508.6,2,diversedharun
3589,15868017,CTNN,"2026-05-09 15:40:12",508.4,2,kylerjohnson3
3590,16153522,"Sasha Sam","2026-06-05 05:37:05",508.3,2,sashasam
3591,15843810,Devaprasanth0,"2026-06-17 08:18:56",507.7,2,devaprasanth0
3592,16275802,R00TK17,"2026-06-09 08:34:24",507.7,1,csust6
3593,16079341,icecream877,"2026-05-26 05:39:01",507.5,1,icecream877
3594,15637295,"Always Hard","2026-05-30 10:07:50",507.0,2,"harrishayy21,thomasmoody1"
3595,16000242,"Mudit Nagori","2026-06-18 19:24:41",506.7,2,muditnagori09
3596,15702300,"Purshotam Kumar","2026-06-23 21:31:36",506.7,2,timothytompkins
3597,15633464,Tushar,"2026-04-20 08:04:50",506.4,2,tushartalukder
3598,15665634,"anton suseno","2026-04-28 08:28:26",506.3,2,antonsuseno
3599,16359192,"🐱kitten league🐱","2026-06-23 23:36:17",505.9,2,"cicimeow,onlytimeknows"
3600,16015326,"Ruslan Zan","2026-05-19 14:37:25",505.8,2,ruslanzanevskiy
3601,16025958,Curbigjeg,"2026-05-21 15:31:32",505.6,2,curbigjeg
3602,16103158,"Santhosh Balaji","2026-05-30 11:21:02",505.2,2,santhosh125
3603,15736706,"Akshi Sharma","2026-04-28 17:13:21",505.1,2,akshisharma1
3604,16037761,"Tian Yongcan","2026-05-21 02:52:44",504.9,1,tianyongcan
3605,15646589,René,"2026-04-24 18:29:12",504.1,2,rmoesbergem
3606,15662226,"Khaled Wael Ezzat ","2026-04-23 01:24:56",503.9,2,khaledwaelezzat
3607,15653165,"khang nguyen","2026-04-19 17:28:05",503.9,1,niraitoo
3608,16076845,"nuh Aydinoski","2026-06-01 00:02:35",503.6,2,nuhaydinoski
3609,16371192,"Champagne 🍾","2026-06-19 13:01:47",503.6,2,"harleenkaur95,raphalclnet"
3610,15899078,"Manish Gayen","2026-06-07 11:49:38",503.4,2,huihuiohoho
3611,15885417,"La Ode Aman","2026-05-09 09:19:28",503.3,2,laodeaman2024
3612,16054805,sigireddyBalasai,"2026-05-28 18:57:22",503.2,2,sigireddybalasai
3613,15670796,"Annie Tran","2026-05-01 23:02:03",503.1,2,nntrnn
3614,15849871,"Emre Uludasdemir","2026-05-07 19:42:31",503.1,2,emreuludasdemir
3615,16040607,IAI-RL-ND,"2026-06-09 16:42:42",503.1,2,nguynvnduy29072005
3616,15761838,"Darian Comsa","2026-05-05 08:29:13",503.0,2,dcomsa
3617,16144318,"Abhignyan Sonowal","2026-06-01 12:24:46",502.6,2,abhignyansonowal
3618,16275471,"Sunwoong Moon","2026-06-09 10:07:32",501.8,2,techiemoon
3619,15936476,shivvamm,"2026-05-12 10:48:27",501.8,1,shivvamm
3620,15852829,"Ceci June","2026-05-19 16:25:24",501.7,2,cecijune
3621,16206723,"Kay Thangan","2026-06-08 19:36:45",501.6,2,kaythangan
3622,15661803,"ING BEYS","2026-04-29 15:15:33",501.5,2,ingbeys
3623,15672981,"Viswajith E S","2026-04-28 10:00:12",501.1,2,esviswajith
3624,15828944,"Joseph Joseph","2026-05-24 10:27:59",501.1,2,bytejoseph
3625,16366961,"Md Mahfujul Hoque","2026-06-16 14:01:46",501.1,2,mdmahfujulhoque
3626,16073307,syx777,"2026-05-27 13:34:38",501.0,2,syx777
3627,16114112,"Daniil S.V.(D).","2026-05-29 21:31:35",501.0,2,daniilsv
3628,16059098,"Alex Radovich","2026-05-25 22:24:23",500.9,2,alexradovich
3629,15921351,jackykchan,"2026-05-14 14:43:55",500.8,2,jackykchan
3630,15943770,Hachimi,"2026-06-23 18:41:49",500.6,2,"irplichido,jasperduan111,kuakuakaukau"
3631,15750062,"Noor Zalouk","2026-04-27 23:41:06",500.4,2,noorzalouk
3632,15839958,Vivek_AFK,"2026-05-07 06:27:20",500.3,2,vivekafk
3633,15831785,Kathi_Gelebi,"2026-06-12 09:53:29",500.2,2,davidrao63
3634,15671436,"Vladimir Khismatullin","2026-05-02 03:03:55",500.0,2,vladimirkhismatullin
3635,15914134,"Jason Li","2026-05-12 22:52:04",499.9,2,immche
3636,15720257,"Thuing Kpuih","2026-04-24 16:23:44",499.9,2,thuingkpuih
3637,15831064,"Ilyass Emssaad","2026-05-03 22:41:23",499.6,2,ilyassemssaad
3638,15734681,"Allan Cristiano","2026-04-26 04:39:54",499.5,2,allancristiano
3639,15635001,"Aqila Rifti","2026-04-24 14:24:23",499.4,2,aqilarifti
3640,15639061,JasonJu137036,"2026-04-29 03:38:45",499.4,2,jasonju137036
3641,16248866,"Vikas Bayoju","2026-06-16 16:57:19",499.2,2,vikasbayoju
3642,15643961,"Olaf Yunus Laitinen Imanov","2026-04-18 10:13:42",499.2,1,olaflundstrom
3643,15705221,"Raja T","2026-06-23 14:01:12",499.2,2,rajathiagaraj
3644,15671809,StatBug,"2026-05-12 15:05:43",498.9,2,naushard
3645,15742824,dingjingyu,"2026-06-04 08:56:21",498.9,2,"dingjingyu001,zhuyajie11"
3646,15719761,"Valentin Best","2026-04-23 14:29:59",498.3,1,valentinbest
3647,15873610,"Güneş Özmen","2026-05-08 10:40:44",498.2,2,gnezmen
3648,15773081,JonasTLT,"2026-05-02 21:30:31",498.0,2,jonastlt
3649,15633499,HaceHazretleri,"2026-06-23 17:16:29",498.0,2,nurullahayvalk
3650,15854326,"Álvaro Benítez Álvarez","2026-05-14 00:16:16",497.9,2,lvarobentezlvarez
3651,16290789,"Clemens Müller","2026-06-20 22:03:25",497.2,2,avaliragrupnin
3652,16130843,"xie xxx1","2026-06-23 23:39:14",497.1,2,xiexxx1
3653,15655044,"Yuehai Li","2026-04-23 14:44:15",497.1,2,yuehaili
3654,15671727,"Paras Jadon","2026-04-25 18:00:25",497.1,2,parasjadon05
3655,16046042,"Hiến Nguyễn Đức","2026-05-22 06:30:25",497.0,2,hinnguync
3656,15860778,Xun.331,"2026-05-06 05:37:16",496.9,2,xun331
3657,15677624,zulfikar.khalwaniev,"2026-06-23 23:55:32",496.8,2,khalwaniev
3658,16120938,kozaczki,"2026-05-30 17:17:23",496.7,2,drlukasz
3659,15809494,"Naman Singh","2026-05-02 08:26:00",496.6,2,namansingh15
3660,16137302,"Rômulo Drumond","2026-06-22 18:05:56",496.5,2,romulodrumond
3661,15997164,Xojiakbar_A,"2026-06-01 13:37:36",496.3,2,xojiakbara
3662,15840758,"Kumar Gaurav132","2026-05-05 16:49:43",496.2,2,kumargaurav132
3663,15708773,"Tejas Varshney","2026-05-07 11:31:19",496.0,1,varshneytejas
3664,16328946,"Abhik Roy","2026-06-13 18:04:10",495.7,1,dynamo10
3665,15666884,arai9953,"2026-04-25 03:59:51",495.2,1,arai9953
3666,15739790,Kietenergy,"2026-05-03 05:11:29",495.0,2,kietenergy
3667,15656660,"Ilja Grigorjev","2026-04-22 07:40:59",495.0,2,iljagrigorjev
3668,15773157,"Vlad Balanda","2026-04-29 00:53:13",494.9,1,bankhv
3669,15913570,Panda_likes_Bandana,"2026-05-10 01:08:22",494.7,2,pandalikesbandana
3670,16028480,joie_LEE,"2026-06-01 05:49:32",494.7,2,jjj8989
3671,15663970,sserges,"2026-04-26 17:42:52",494.6,2,sserges
3672,15776957,"Vishal Baraiya","2026-04-30 07:51:20",494.4,2,thevixhal
3673,15887632,Tao,"2026-05-09 05:33:29",494.3,2,taohe2018
3674,15671995,Harsh_2035,"2026-06-09 12:53:55",493.8,2,harsh2035
3675,15831767,"Harshal Dube","2026-05-03 04:38:41",493.7,2,harshaldube
3676,15664241,h2b.dev,"2026-05-28 22:59:54",493.4,2,h2bdev
3677,15686671,"kasim Ghanchi","2026-05-05 20:24:02",493.4,2,kasimghanchi
3678,16038996,togepy,"2026-06-03 00:56:37",492.9,2,bankokuki
3679,16102915,Shree85,"2026-06-17 23:06:07",492.7,2,shree85
3680,16141940,Creazy_boy,"2026-06-01 15:06:41",492.5,2,sf2016017
3681,16334615,TerminusProtocol,"2026-06-19 13:13:49",492.3,2,bobadabbizabuye
3682,15704666,"Hemant Verma","2026-05-01 10:25:35",492.0,2,hemuverma
3683,15947494,"Narisetti Chaitanya naidu","2026-05-26 04:30:07",491.7,2,narisettichaitanya
3684,15668344,"Louis Godtfredsen","2026-04-21 18:09:13",491.7,2,louisgodtfredsen
3685,15706651,I'm,"2026-04-23 14:46:32",491.5,2,ilham2877
3686,15650661,"Mahmoud AbdelWahed","2026-04-19 11:35:17",491.2,1,mahmoudabdelwahed
3687,16282480,Nesryyyne,"2026-06-18 10:11:00",491.2,2,nesryyyne
3688,15733500,DecoFurkan2,"2026-04-24 18:43:15",490.9,2,decofurkan2
3689,15946564,"Bunheng Try","2026-05-15 04:05:30",490.8,2,scriptwiz
3690,15661439,"Ryan Owens @ Membrak","2026-06-15 08:01:40",490.6,2,ryanowensmembrak
3691,16093529,hordekle,"2026-06-09 16:35:09",490.3,2,hordekle
3692,16116554,"Lalit Kishore R","2026-06-22 14:08:10",489.8,2,lalitkishorer
3693,15853150,"Viren Rajhauns","2026-05-27 18:52:59",489.7,2,virenrajhauns
3694,15835067,"Emils Berzins","2026-05-04 18:14:40",489.4,2,emilsberzins
3695,15908480,AmLear,"2026-05-09 10:07:53",489.3,2,amlear
3696,15647979,"Tyler Conover","2026-04-18 20:26:08",489.2,1,tylerconover
3697,15654285,"Collin hoag","2026-04-24 19:48:05",489.0,2,collinhoag
3698,16013162,"The HEIST is real","2026-06-19 13:22:34",488.9,2,roboboto
3699,15689807,"Idriss Makhanuh","2026-05-13 14:43:45",488.5,2,idrissmakhanuh
3700,15665149,Ninjas007,"2026-04-28 11:22:50",488.5,2,"kagglegk2000,sankalpkhawade,thereya"
3701,15666242,"Mrinmoy Saha Mishu","2026-04-24 05:09:06",488.1,2,mrinmoysahamishu
3702,15670895,"Rishabh Sharma","2026-04-27 05:46:47",488.1,2,rishgeeky
3703,15745850,"adil aurangabad","2026-04-26 20:19:26",488.0,2,adilaurangabad
3704,16104642,Nanettetada,"2026-05-30 20:28:54",487.9,2,nanettetada
3705,15670360,SE22UCSE168(M.Anish),"2026-04-21 12:24:28",487.7,2,mendaanish
3706,15665801,MightyK,"2026-05-12 14:53:58",487.3,2,anhhkhoi
3707,15706292,Mohit,"2026-05-14 11:44:44",487.2,2,mohit98765
3708,16137369,AndrewHaggstrom,"2026-06-01 01:17:42",487.1,1,andrewhaggstrom
3709,15639563,"Afif Ali Saadman","2026-04-17 16:10:18",487.1,1,afifalisaadman
3710,15742640,"Arda Orcun","2026-04-28 18:18:19",487.0,2,ardaorcun
3711,15639653,"Yashraj Prasad","2026-04-19 09:22:26",487.0,2,yashrajprasad
3712,15637103,"Mike Yasnov","2026-04-20 07:08:19",486.9,2,mikeyasnov
3713,15885166,"Prabesh Bashyal","2026-05-16 06:00:44",486.7,2,prabeshbashyal
3714,15678641,shinmadam,"2026-05-20 15:30:37",486.4,2,shinmadam
3715,15734943,kkunizaw,"2026-04-28 15:14:49",486.3,2,kkunizaw
3716,15757700,"Benjamin Idini","2026-04-28 04:41:18",486.3,1,benjaminidini
3717,15692385,"Itamar Dvir","2026-04-23 10:36:53",486.2,1,parzukrofila
3718,15877140,"Luis Méndez","2026-05-06 16:46:06",486.2,1,luismndezreyes
3719,15828665,kavipavi19,"2026-05-04 00:37:37",486.2,2,kavipavi19
3720,15721078,"krish Chaudhary","2026-04-29 16:29:20",486.1,2,krishchaudhary14
3721,16089125,"Eric Wang","2026-05-27 06:40:24",486.0,1,ericwang03
3722,15662406,Strum,"2026-04-26 00:25:56",485.7,2,"brooksnelson11,jong22"
3723,15801378,"Nguyệt Minh Nguyễn","2026-06-16 17:17:13",485.7,2,nguytminhnguyn
3724,15880538,"Patrick Lzz","2026-05-07 03:07:50",485.6,2,patricklzz
3725,15829872,"Pruthviraj Phuse","2026-06-23 08:20:23",485.5,2,pruthvirajphuse
3726,16120952,"Maria Zyskowska","2026-06-20 23:34:46",485.4,2,"mariazyskowska,szymonzyskowski"
3727,15918867,"Senih Bayankulu","2026-05-10 14:45:32",484.5,2,senihbayankulu
3728,16120628,"Filip J","2026-06-21 10:13:30",484.5,2,filipjanitor
3729,16343345,"Kushami Neko","2026-06-14 17:05:21",484.2,2,kushamineko
3730,15819433,"Janaki Abhaya Kumar","2026-06-06 13:07:37",484.2,2,janakiakumar
3731,16368626,"purushottam maddula","2026-06-22 01:21:10",484.2,2,purushottammaddula
3732,15925218,Hawkeye,"2026-05-13 17:40:23",483.9,2,pragneshbagary
3733,15639949,"sixer srinath","2026-06-16 07:05:45",483.5,2,srinath2495
3734,15636466,"la pasión","2026-04-17 12:27:15",483.3,1,dokster
3735,15731793,"Sudhanva Satish","2026-04-24 14:28:24",483.1,1,sudhanvasatish
3736,15637809,varmaabhi,"2026-04-20 10:25:32",483.0,2,varmaabhi
3737,15728918,"Katta Revanth Sai Pavan Kumar","2026-04-26 16:33:07",482.9,2,revanthsaipavankumar
3738,16239976,Akritas,"2026-06-05 10:55:18",482.9,2,akritas
3739,15663794,Adaluvu,"2026-06-09 08:58:19",482.9,1,adaluvu
3740,16316953,"Manish Kumar","2026-06-23 23:58:04",482.6,2,mindlordrex
3741,16204241,Ludo612,"2026-06-03 18:37:59",482.4,2,ludo612
3742,15661154,pritamghorui001,"2026-04-24 08:01:49",482.3,2,pritamghorui001
3743,15945030,"Anant jain","2026-05-13 07:06:45",482.3,2,anantjain159
3744,15644848,"Pinhua Chen","2026-04-20 12:26:27",482.2,2,pinhua1989
3745,15695859,"Yusuf Yemez","2026-04-28 16:32:09",481.8,2,yusufyemez
3746,15641889,JinchengZhang1,"2026-05-17 11:04:37",481.7,2,jinchengzhang1
3747,15985891,bigbrain123,"2026-05-15 16:49:57",481.5,2,bigbrain123
3748,15815490,saijo123,"2026-05-01 14:25:34",481.3,2,saijo123
3749,15906025,Hayauchiwasabi,"2026-05-09 15:21:14",481.1,2,kaiikeda
3750,15833679,"Srujan Kalavagunta","2026-06-20 04:58:44",480.7,2,"harshakalavagunta,srujankalavagunta14"
3751,16267812,Yo-suke38,"2026-06-08 13:06:57",480.6,1,yosuke38
3752,16043178,Fnick&Meze:3,"2026-05-30 20:41:01",480.5,2,filipszczypua
3753,15696543,"Harsha Vardhan","2026-04-23 09:24:29",480.4,2,harshacode101
3754,15667113,"Faray Juan","2026-04-26 13:35:19",480.1,2,farayjn
3755,15839168,"Emre KALE","2026-05-20 09:54:58",479.9,2,emrekale
3756,15700738,"Sarthak Ganbote","2026-04-23 18:24:41",479.9,2,"ddk0605,nik851512,sarthakganbote"
3757,15921784,bsenst,"2026-05-18 05:01:03",479.7,2,bnzn261029
3758,15664005,"Falguni Das Shuvo","2026-04-21 10:01:00",479.5,1,falgunidasshuvo
3759,15788663,Grems,"2026-05-08 12:12:26",479.4,2,gremsli
3760,16253721,Andrey4522,"2026-06-08 07:33:12",479.1,2,andrey4522
3761,16327480,Kum1tsu,"2026-06-22 10:54:57",478.8,2,kum1tsu
3762,16301327,"Aagam Jain","2026-06-15 10:44:04",478.7,2,aagamjainaj123
3763,15818121,"Aruzhan Kartam","2026-05-03 01:31:47",478.4,2,aruzhankarr
3764,15724315,kiyomiya-k,"2026-04-24 03:49:43",477.4,2,kiyomiyak
3765,15995342,"Alexander Ershov","2026-05-26 16:45:36",477.4,2,alexanderershov
3766,15800539,"Ilyas Abouch","2026-05-02 16:53:15",477.1,2,ilyasabouch
3767,15748030,"Liang He","2026-04-30 05:48:57",476.8,2,lianghe
3768,15803566,"NIRANJAN REDDY BOJJA","2026-06-08 17:21:27",476.8,1,niranjanreddybojja
3769,16051871,"Ayush Bhardwaj","2026-05-23 12:58:15",476.7,2,ayushbhardwaj1000022
3770,15701510,"Nathan Amudavi","2026-04-24 17:08:32",476.7,2,nathanamudavi
3771,15832290,"Ahmed Sedek","2026-05-03 11:59:25",476.6,2,ahmedssedek
3772,15664035,strongdogking,"2026-04-21 10:55:05",476.4,1,strongdogking
3773,15635216,"Andrei Chenskii","2026-04-25 08:20:55",476.2,2,andreichenskii
3774,15697458,fdtfhlkm,"2026-04-28 11:55:52",476.0,2,fdtfhlkm
3775,15724833,"Blessing Idoko","2026-04-26 10:20:25",475.9,2,blessing123q
3776,15928660,HohoHocCode,"2026-05-13 07:13:28",475.8,2,hohohoccode
3777,16330480,Galactus,"2026-06-15 23:17:44",475.7,2,bhavesh20boty
3778,16182504,tuannm3823,"2026-06-04 05:09:23",475.7,2,tuannm3823
3779,16112467,"Мария Короткова","2026-05-29 16:44:58",475.4,2,mkorotkova
3780,15699214,"Sai Rakshit0107","2026-04-23 18:08:53",475.1,2,sairakshit0107
3781,16366044,"Master Mazen","2026-06-17 11:54:38",475.1,2,mastermazen
3782,15881554,Arland,"2026-05-09 00:06:53",475.1,2,arland13
3783,15781984,Pazabol,"2026-05-04 02:41:01",474.9,2,pazabol
3784,15739857,"Артём Чехлов","2026-04-28 10:08:14",474.6,2,artemchekhlov
3785,15695914,Predator,"2026-05-20 01:45:04",474.5,2,zequanbear
3786,15859984,"auth cu (Authcult)","2026-05-06 15:07:14",474.4,2,authcuauthcult
3787,15635673,Shameer.k,"2026-04-17 06:49:25",474.4,2,shameersham
3788,15875580,"Дмитрий Панов","2026-05-22 11:22:17",474.3,2,dpanov
3789,15656072,"25DS2000019 PRATHIT SINGH","2026-04-20 16:57:12",474.2,2,prathitnarayan
3790,15989570,NatGeoo,"2026-05-24 18:42:27",473.9,2,natgeoo
3791,15816074,"Francisco LoSAA","2026-05-02 15:36:08",473.9,2,franciscolosaa
3792,15636931,"Saurav Chaudhari","2026-04-17 11:12:59",473.7,2,saur3x
3793,16125691,"Pavel Ivanov","2026-06-10 12:10:12",473.6,1,pavel77ivanov
3794,15704282,Joren,"2026-05-20 03:21:33",473.2,2,joeyrensvold
3795,15916159,"Govind Sharma","2026-06-18 06:57:32",473.1,2,govindsarswat
3796,15742407,Ornate_show,"2026-04-27 11:32:17",473.1,2,ornateshow
3797,16315334,DOOMSDAY,"2026-06-12 16:46:59",472.8,2,rishig777
3798,15634221,CigarCat,"2026-04-17 00:28:54",472.8,1,takahitomizunobyts
3799,16330924,"Fayaz Ahmed99","2026-06-14 20:19:17",472.6,2,fayazahmed99
3800,15664378,Glitch,"2026-05-01 09:11:50",472.5,2,devanathravi
3801,16299861,"Jeff Horon","2026-06-23 22:38:38",472.4,2,jeffhoron
3802,15644904,"Muqsit Akon Mahin","2026-04-18 10:48:00",472.3,1,muqsitakonmahin
3803,15942224,"Varsh Ln","2026-05-12 20:23:07",472.2,2,varshln
3804,15670328,"Lee Anna","2026-04-24 07:12:52",472.1,2,leeanna2025
3805,16291569,"Jourit Holvast","2026-06-23 22:14:27",472.1,2,jouritholvast
3806,15859686,"Szymon Rećko","2026-05-10 17:04:58",471.9,1,szymonreko
3807,15665362,"KIRANDWIP PAUL","2026-04-21 15:54:38",471.9,1,kirandwippaul
3808,15853195,psywza0829,"2026-05-06 12:52:26",471.6,1,psywza0829
3809,15642852,SkylarkPhantom,"2026-05-01 04:21:46",471.5,2,skylarkphantom
3810,15655550,shwesh,"2026-04-20 04:00:14",471.4,2,shwesh
3811,16244412,"Emre AKDOGAN","2026-06-05 19:01:05",470.7,1,emreakdogan
3812,15669790,"Daniel Hart","2026-05-18 04:06:56",470.5,2,alifeinartifyai
3813,15834126,"R Ajay Kumar12","2026-05-05 17:44:02",470.4,2,rajaykumar12
3814,15835839,"اليقظان السعدي","2026-05-09 12:15:36",470.2,2,alyaqdhan
3815,15895039,"Ronnie Fecso","2026-05-10 20:04:07",470.1,2,ronniefecso
3816,16301117,Mayank_Singh_Rathore06,"2026-06-11 13:48:47",470.0,2,mayanksinghrathore06
3817,15633593,VITALIY,"2026-06-19 18:25:03",469.9,2,vitaliytserenov
3818,15706630,HineMusk,"2026-04-23 07:29:47",469.8,1,hinemusk
3819,15987287,"Dr. Mikholae Hutchinson","2026-05-18 07:20:54",469.8,2,drmikholaehutchinson
3820,15663293,AthulJenson,"2026-05-10 13:08:55",469.7,1,athuljenson
3821,15663535,lazyplusplus,"2026-04-27 01:18:24",469.4,2,lazyplusplus
3822,16245800,"Zafer Liu","2026-06-09 15:21:07",469.1,2,zaferliu
3823,15921218,Patrice,"2026-05-12 08:56:08",469.0,2,padrique
3824,15976441,"Nishant Singhal","2026-05-14 19:01:09",469.0,1,stacknishant
3825,15891266,StrandU,"2026-05-08 01:20:40",468.9,1,strandu
3826,15963636,"Ashok Gaire","2026-05-15 06:12:22",468.8,2,ashivg
3827,16047302,capybara20,"2026-05-23 04:39:10",468.6,2,capybara20
3828,15637749,"Comet Chuckler(s)","2026-04-21 14:35:39",468.4,2,pranayvaranasi
3829,15663811,"Pediredla Sai Aditya","2026-04-23 16:58:04",468.4,2,pediredlasaiaditya
3830,15670624,"Devrajsinh Gohil","2026-04-22 16:52:03",468.3,2,devrajsinhgohil
3831,15931011,Wintmark,"2026-05-23 15:30:36",468.0,2,wintmark
3832,15735790,kdrozdov,"2026-05-25 20:41:36",467.8,2,kdrozdov
3833,16064269,"Shoyb Hasan","2026-05-30 18:13:18",467.3,2,shoybhasan
3834,15837596,"sidhant chauhan","2026-05-28 19:43:47",466.4,2,sidhantchauhan
3835,15775033,KnowMoreLearnMore,"2026-04-29 05:19:09",466.4,2,kshekhaw
3836,16114201,"Miguel Conejos","2026-05-31 04:26:10",466.2,2,miguelconejos
3837,15649956,CorbinHov,"2026-04-19 11:08:13",466.0,2,corbinhov
3838,15799489,ImANoob1122,"2026-05-02 13:43:42",465.8,2,imanoob1122
3839,16221383,"Nova Phoenix","2026-06-15 12:20:29",465.6,1,novaphoenix
3840,15736520,itsakphyo,"2026-06-08 12:38:04",465.5,2,itsakphyo
3841,15734269,super99,"2026-06-23 20:17:15",465.2,2,yprashantrkreddy
3842,15661532,"Berat Mert Kayacan","2026-06-03 08:39:16",465.0,2,beratmertkayacan
3843,16105893,"Nihaal Trehan","2026-06-01 08:31:16",464.6,2,nihaaltrehan
3844,15659572,おちゃ,"2026-05-06 05:00:13",464.5,2,ocha4728
3845,15864225,"Md Naim","2026-05-06 11:49:02",464.3,2,mdnaimislam165436
3846,15659607,Yanis,"2026-05-03 20:28:56",463.9,2,yanisaithammou
3847,16005669,"Royal Clashers","2026-06-22 02:06:53",463.9,2,"khushinpatel30,parthpatel0502"
3848,15718761,"Koen Nuis","2026-05-21 14:22:23",463.7,2,koenepoch
3849,15667768,"Saksham Mishra Beelabs","2026-04-21 09:51:48",463.5,1,sakshammishrabeelabs
3850,15899845,RAJ-07-2004,"2026-05-09 18:27:45",463.0,2,raj072004
3851,15824864,"Muhammad Bilal421","2026-06-01 05:42:26",462.9,2,muhammadbilal421
3852,15634022,"Mark Romanov","2026-04-17 18:16:03",462.6,2,"akhrameevdenis,markromanov,vaintiger"
3853,15703559,RedTachyon,"2026-04-22 22:35:39",462.2,2,redtachyon
3854,15872670,retard,"2026-05-13 21:23:38",461.6,2,kart1kxd
3855,16018935,"Jesse Bullard","2026-06-03 18:38:10",461.5,2,jessebullard
3856,15662058,"Guilherme Rafael de souza araujo","2026-06-02 19:20:07",461.4,1,guilhermersaraujo
3857,15743436,"Soham Panchal","2026-04-26 16:46:40",461.3,2,starvis05
3858,15743439,"Vladislav Fomberg","2026-05-01 15:11:41",461.2,2,vladislavfomberg
3859,15719757,uripeled2,"2026-04-24 12:25:52",461.0,2,uripeled2
3860,16073162,"Mit Mhatre","2026-06-19 10:30:49",460.6,2,mitmhatre
3861,15720664,"Arpit Agarwal","2026-04-27 03:34:22",460.2,2,"arpitag20,tamannakawatra"
3862,15837746,"Gaurav Kap","2026-05-03 13:17:40",460.2,1,gauravkapoor2727
3863,15765515,novming,"2026-04-29 15:52:33",459.5,2,qichenpeng
3864,15794499,liujiujiu,"2026-05-02 10:15:00",459.3,2,liujiujiu
3865,16368784,Growingduck,"2026-06-23 22:50:50",459.0,2,jaeminkang2021
3866,15773280,"Ankur Vishwakarma","2026-04-29 02:24:57",458.8,2,vishwakarmaankur
3867,15635164,"KOUSHIK KUMAR DINDA","2026-04-18 07:33:31",458.7,2,koushikkumardinda
3868,16062135,"Mohammed Rashid","2026-06-21 09:28:51",458.6,2,mohammedrashid714
3869,15769950,Bugs,"2026-05-23 06:54:05",458.5,2,"drishtirai2004,janhvibabani,kashishkhanchandani"
3870,15836214,Nick,"2026-05-17 18:18:09",458.4,2,nickxt
3871,15664534,"Ishaan Som Singh","2026-04-23 08:54:13",458.4,2,ishaansomsingh
3872,15740795,"Hunter Gabbard","2026-04-26 01:49:19",458.3,2,huntergabbard
3873,15791028,"Max McNeal","2026-06-04 23:13:10",457.9,2,maxmcneal
3874,15638700,"John Bautista6491","2026-06-17 02:40:19",457.7,2,johnbautista6491
3875,15730528,"Luka Deserranno","2026-04-26 15:46:02",457.4,2,lukadeserranno
3876,15740277,"dan #2","2026-05-01 19:37:25",457.2,2,danielveress
3877,15664541,aniket1998,"2026-04-29 05:54:59",456.9,2,aniket0906
3878,15770019,"Kirill Voronin","2026-04-30 22:55:40",456.7,2,voronink
3879,15737553,"BHARATH .E","2026-04-25 14:14:01",456.6,2,bharath2230
3880,16136747,"Salman Saab","2026-06-18 12:55:38",456.6,2,salmansaab
3881,16346341,"Faisal Alshahrani","2026-06-18 20:30:44",456.4,2,faisalalshahrani
3882,16127927,COLD,"2026-06-01 06:37:39",456.3,2,maulikgajera
3883,15637296,red,"2026-04-18 14:23:16",455.8,2,raffiardhi
3884,15635568,"Muhammad Aiesh","2026-04-19 09:25:11",455.6,2,muhammadaiesh
3885,16076787,NyuuDev,"2026-05-27 01:13:24",455.5,2,nyuudev
3886,15738468,"Victor Pedersen","2026-04-26 23:13:43",455.4,1,vacp05
3887,15988156,introvert_cat,"2026-05-15 19:42:05",455.3,1,seinundzeit
3888,15988982,"Levent Çelik","2026-06-04 23:22:36",455.2,2,leventelik
3889,15764219,"Aml Waleed.","2026-06-18 15:46:25",454.9,2,amlwaleed
3890,15643955,Arli,"2026-06-09 04:57:36",454.9,2,kslandoy
3891,16130944,Momoko,"2026-06-03 16:01:59",454.8,2,komomomomomo
3892,15661839,AGNIKsen87,"2026-04-22 04:55:26",453.8,2,agniksen87
3893,16291635,"TAGOOR Majji","2026-06-21 12:08:32",452.9,2,tagoormajji
3894,15786693,CODE4Real,"2026-05-12 21:30:24",452.7,2,"pero99,ranjeetkumar707"
3895,16103059,"Jaya K","2026-06-16 09:27:00",452.3,2,jayalakshmik21
3896,15841847,"Shubham Vaish","2026-05-04 16:36:08",452.1,2,shubhamkumarvaish
3897,15733940,🔥🦫📿🗽,"2026-05-06 00:24:37",452.0,2,datafad
3898,15659695,JeffFosterUK,"2026-06-10 18:40:16",451.8,2,jefffosteruk
3899,15684615,Lokendra07,"2026-04-23 16:35:38",450.8,2,lokendra07
3900,15640659,"Rank 1","2026-05-21 05:26:28",450.7,2,sarpal465
3901,15651012,I_love_the_world,"2026-04-24 09:08:59",450.7,1,froginwarmwater
3902,16048410,vishnuvardhan33,"2026-05-22 11:32:32",450.6,2,vishnuvardhan33
3903,15722261,Etns,"2026-04-29 03:18:34",450.5,2,ethy1ene
3904,15708663,"Ashifa Mohammed Ahmad","2026-04-23 11:06:45",450.4,2,ashifamohammedahmad
3905,15992868,"kila katuwal","2026-05-21 10:43:48",450.2,2,kilakatuwal
3906,16079273,"Sarvesh Vishnu","2026-05-26 05:18:39",450.0,1,sarveshvishnu
3907,15678692,"Nguyễn Minh Đức","2026-04-30 08:35:37",450.0,2,dustnn00
3908,15679903,Bow-Wow,"2026-04-22 13:54:03",449.5,2,akm009
3909,15649632,高坂麗奈,"2026-04-22 15:05:34",448.9,2,kousakarena
3910,15666204,Semil_P,"2026-04-25 12:34:32",448.9,2,semilp
3911,15947317,"Vlad Baranceanu","2026-05-14 09:39:39",448.9,2,vladbaranceanu
3912,15927062,qaphintell,"2026-05-26 06:36:33",448.4,2,qaphintell
3913,15679498,"Jeffrey Epstein","2026-06-20 21:09:58",447.9,2,skypunkaudiowalker
3914,15753969,zcstarr,"2026-06-23 23:20:35",447.9,2,zcstarr
3915,15721704,"jacob OKOTH O","2026-04-25 09:14:27",447.8,2,jacobokotho
3916,16156360,"Régis Meyssonnier","2026-06-02 13:34:17",447.5,2,rgismeyssonnier
3917,16300075,"Alagappan Ramasamy","2026-06-15 10:02:02",447.1,2,alagappanramasamy
3918,16093552,Saboya,"2026-06-03 10:38:36",446.9,2,saboyaaaa
3919,15983243,"Harsh Rajbhar","2026-05-17 09:28:58",446.2,2,harshrajbhar
3920,15754833,"Noorudheen km","2026-05-02 18:44:53",446.1,2,noorudheenkm
3921,15638362,"Camilla Espedal","2026-04-20 13:30:08",445.9,2,camillaespedal
3922,15665023,"Radosław Czajkowski","2026-05-10 12:45:24",445.8,2,radoslaw
3923,15923277,presucc,"2026-06-05 05:03:28",445.5,2,presucc
3924,16138545,"Que Manh","2026-06-01 07:59:12",445.1,2,quemanh
3925,16306044,"Joe Harter","2026-06-12 01:16:36",445.0,1,joeharter
3926,15706310,utsav-develops,"2026-04-24 05:30:22",444.9,2,utsavdevelops
3927,15921447,"Roberta Becker","2026-05-10 22:34:59",444.5,2,robertabecker
3928,15665059,shaurya_pandey@19,"2026-06-01 07:45:47",444.1,2,shauryapandey19
3929,15799553,"Abinesh S","2026-05-04 14:48:42",444.0,2,abineshsdataa
3930,15859990,"Naoki Kawamura","2026-05-05 11:07:01",443.8,2,naokikawamura
3931,15867886,gosu.Kouts,"2026-05-11 21:08:25",443.7,2,gosukouts
3932,15798802,"Adam Soltan","2026-05-03 23:50:12",443.6,2,ahsoltan
3933,16065824,"Aahem Partap Singh Hari","2026-05-25 07:17:11",443.3,1,aahempartapsinghhari
3934,16021494,"Prajak sen","2026-05-24 18:33:11",443.0,2,prajak13
3935,15636773,tuannm3812,"2026-06-04 21:39:17",442.3,2,tuannm3812
3936,15798480,"Henry Javier","2026-05-07 04:37:21",442.2,2,henryjavier
3937,15735808,"Vakacharla Anoop Gupta","2026-04-29 07:07:00",442.2,2,vakacharlaanoopgupta
3938,15633853,"THE KING 👑","2026-04-17 18:10:11",442.0,2,xai090
3939,15662755,Yannick,"2026-04-20 23:05:41",441.9,2,yannicknuapia
3940,15706816,"Raj Vermaa.1","2026-05-19 16:45:28",441.6,2,rajvermaa1
3941,15706300,"Sahrul Adicandra","2026-05-11 18:11:06",441.0,2,sahruladicandra
3942,15865926,cgKaka,"2026-05-09 18:50:04",440.9,2,cgkaka
3943,15886590,lrmx317,"2026-05-09 16:39:10",440.9,2,lrmx317
3944,15879864,"Renan Braga","2026-06-22 19:56:00",440.9,2,renanbragac
3945,15648375,"Timmy Underwood","2026-04-19 01:52:33",440.8,1,timmyunderwood
3946,16322507,cheng-han,"2026-06-23 16:06:27",440.5,2,neoshie
3947,15667309,HW919,"2026-06-23 17:40:19",440.4,2,chiiwhahwang
3948,15749675,TboneBrown,"2026-05-06 00:29:22",440.2,2,tbonebrown
3949,15708840,Rohith,"2026-06-08 08:33:07",440.0,2,alpha077
3950,15662084,"Aphiwe Mntambo","2026-04-24 19:28:25",439.7,2,aphiwemntambo
3951,16154030,"Asfam Parvez Kawser","2026-06-17 11:20:04",439.4,2,asfamparvezkawser
3952,15878359,"Hubert Hwang","2026-06-23 17:39:31",439.4,1,huberthwang1
3953,16285998,"Aarti Dashore","2026-06-10 08:33:10",439.3,1,aartidashore
3954,15841454,"Eddib Chaima","2026-05-09 19:15:57",439.2,2,eddibchaima
3955,16144226,"Metumo Shifidi","2026-06-01 13:50:33",439.1,1,metumoshifidi
3956,15672425,Natsu0909,"2026-05-06 05:36:23",439.1,2,natsu0909
3957,15861926,Roopesh,"2026-05-05 15:29:46",439.0,1,roopesha2
3958,16295397,Junshan,"2026-06-11 09:48:39",439.0,2,yuaiccc
3959,15796467,"Aaryan Pawar","2026-05-02 15:02:32",438.7,2,aaryanpawar16
3960,15703495,"Pavel JIOFACK TSAFACK","2026-04-23 21:45:29",438.4,2,paveljiofacktsafack
3961,15667570,"Arihant M A","2026-04-21 10:48:51",438.4,2,arihantma
3962,16056548,"Josh Bowdley","2026-05-23 16:27:44",437.9,2,joshbowdley
3963,15921170,"Sreeja Jalagam","2026-05-17 14:43:42",437.8,2,sreejajalagam
3964,15749879,hdnktakumin,"2026-04-27 10:43:40",437.7,1,hdnktakumin
3965,16069672,Nayman,"2026-05-25 15:52:04",437.3,2,xexecece
3966,15982178,梭哈是种智慧,"2026-05-19 07:54:16",437.3,2,quzehao12
3967,15780578,"Євген заремба","2026-04-30 09:55:26",437.3,2,djoniblack
3968,16351319,"RAYYAN PETKAR1","2026-06-15 10:18:07",437.1,2,rayyanpetkar1
3969,15801216,NikhilDhanai,"2026-05-04 12:46:30",437.0,2,nikhildhanai
3970,16126340,maharu,"2026-06-02 12:22:17",437.0,2,maharu
3971,15649783,ita_dollars,"2026-06-17 10:57:46",436.7,2,itadollars
3972,15979958,"Nhật Tân","2026-05-27 03:47:14",436.6,2,nhattan321
3973,15864417,"Daryl Fung","2026-05-09 18:51:03",436.4,2,darylfung96
3974,15679296,"william perciful","2026-05-09 04:01:02",436.1,2,williamperciful
3975,15754092,"vishwottam kudekar","2026-06-21 19:34:44",435.7,2,vishwottamkudekar
3976,16102292,"Şemseddin Umut Mercan","2026-05-28 16:05:14",435.3,2,umutmercan
3977,15945448,"Zhesheng Xu","2026-05-15 16:00:34",435.2,1,ericxu0924
3978,15662787,"Saurabh Maurya","2026-04-22 03:17:30",435.1,2,saurabhmaurya63
3979,15697371,"Likith Narakala","2026-04-22 12:41:01",434.3,1,likith17052004
3980,16267342,"claudio tassis","2026-06-08 13:17:02",434.1,2,claudiotassis
3981,15851811,"Denyel Namgyal42","2026-05-04 16:32:24",433.9,1,denyelnamgyal42
3982,16043155,"Zsolt Tóth","2026-06-16 20:25:50",433.7,2,zsolttt0327
3983,15840049,Jeet,"2026-06-08 15:25:53",433.6,2,jeet396
3984,16341657,"BILLY BUTCHER","2026-06-15 21:08:59",433.5,2,aryan495
3985,16150044,sokilya,"2026-06-23 22:07:38",433.5,2,sokilya
3986,15889506,"Ehsan Sml","2026-05-07 19:20:11",433.4,1,ehsansml
3987,16097703,"Wafiq Razy38","2026-06-07 02:02:25",433.3,2,wafiqrazy38
3988,15822974,"Aditya Mogha","2026-06-23 09:16:20",433.3,2,"adityamoghaa,shivmahlan"
3989,15991171,Narendra2809,"2026-05-17 07:06:26",433.2,2,narendra2809
3990,15674196,"Tejas C","2026-04-21 19:22:21",433.0,2,tejasc01
3991,15636057,"Pushkar K.G","2026-04-17 07:18:40",432.9,1,dejokz
3992,16347649,Faraz,"2026-06-23 23:36:05",432.9,2,syedfarazhussaini
3993,16104503,"Levi Heath","2026-06-02 15:26:47",432.2,2,leviheath
3994,16029131,NITI_BOTS,"2026-06-14 04:57:24",432.1,2,aadi065
3995,16149486,"J Licerio","2026-06-23 05:09:41",432.0,2,jlicerio
3996,15722256,"Nithin Yanna","2026-04-24 20:03:56",431.9,2,nithinyanna
3997,15817042,vinit,"2026-06-23 14:36:18",431.6,2,vinitkp
3998,16047693,"Reverend Insanity","2026-05-22 09:32:20",431.5,2,cosmicimmortal
3999,15685179,"Andrew Burruss","2026-06-15 22:22:35",430.8,1,alburruss
4000,15722932,"Annu Rana1","2026-04-23 22:06:12",430.8,1,annurana1
4001,15997371,"yuanhao li","2026-05-17 09:20:46",430.6,2,skyfakerlovecyq
4002,16185508,"Aarya Prakash","2026-06-04 14:29:12",430.2,1,aarya2004
4003,15671158,ahayoubi,"2026-04-27 08:05:51",430.2,2,ahayoubi
4004,16089407,k268473,"2026-06-03 04:57:24",429.7,1,k268473
4005,15815952,Lightningxyz,"2026-05-03 06:20:44",429.2,2,lightningxyz
4006,15663609,"Chie Waters","2026-05-08 23:16:35",429.2,2,chiewaters
4007,15810772,"Abdullahi Adigun","2026-05-05 19:51:39",428.8,2,abdullahiadigun
4008,15635489,StarTroopers,"2026-04-18 06:37:24",428.7,2,allenlovecandies
4009,16344762,buraktheroot,"2026-06-15 10:10:44",428.4,2,buraktheroot
4010,16342625,"Daniel O Sullivan","2026-06-14 17:16:53",428.2,2,osulld29
4011,16370696,Hariharan234,"2026-06-16 09:20:02",428.2,2,hariharan208
4012,15640594,"Syed Ali Hasnat","2026-04-26 05:09:48",428.1,2,syedalihasnat
4013,15704715,"Mano Shruthi S","2026-05-02 06:03:34",428.0,2,manoshruthi
4014,15635031,tishii24,"2026-04-19 09:39:44",427.8,2,tishii24
4015,16030972,OverfitMilkCake,"2026-06-08 15:09:56",427.6,2,overfitmilkcake
4016,15778058,"Aditya Kumar Mishra","2026-04-29 15:18:21",427.6,2,adityakymarmishra
4017,15665066,Pochitadf,"2026-04-24 02:20:23",427.6,2,pochitapsyduck
4018,15833286,jiackary,"2026-05-03 10:14:25",427.4,2,taking0verqwerty
4019,16254539,Schroll🇧🇷,"2026-06-09 21:27:37",427.3,2,andrefernand
4020,16200245,"Vasya E","2026-06-13 13:36:40",427.2,2,vasiliie
4021,16056257,"Sagar R ed24b026","2026-06-19 14:19:10",427.0,2,sagarred24b026
4022,15907179,Metamong_,"2026-05-09 13:53:03",427.0,2,hyeondata
4023,15664969,"selani Nguyen","2026-04-29 05:25:30",426.2,1,selaninguyen
4024,15639845,AyShi,"2026-04-18 17:01:57",426.2,2,muhammadtojiddinov
4025,16208134,"Connor Zinn","2026-06-05 01:37:09",426.1,2,cfz3914
4026,15941560,"Audrius Molis","2026-05-12 18:41:09",425.8,2,vienas
4027,15825585,cvetoslav,"2026-05-02 14:14:08",425.8,2,cvetoslav
4028,15699516,J432212312,"2026-04-22 23:29:49",425.4,2,j432212312
4029,15757595,KnightE4,"2026-05-02 07:36:34",425.2,2,knighte4
4030,15699615,"Sai Bhargav","2026-04-27 07:29:26",425.2,2,saibhar
4031,15736085,"Krishna Nishad","2026-04-27 19:13:19",425.1,2,krishanaaa
4032,15700392,"Jay Prajapati","2026-05-18 17:14:45",424.9,2,coderjay
4033,15956278,kokuren,"2026-05-14 06:40:03",424.7,2,renmatsushita
4034,15646378,Abdulsamad,"2026-04-18 17:19:25",424.5,2,abdulsamadjod1234
4035,15661752,"Daniel Sauer Soria","2026-04-20 19:58:35",424.5,1,danielsauersoria
4036,16268455,Charan_S,"2026-06-21 13:36:55",424.4,2,charans007
4037,15982855,janiin,"2026-05-16 06:22:54",424.3,2,berkajan
4038,15686168,"Dann Brown","2026-04-24 04:06:24",424.3,2,dannbrown
4039,16141648,"Riya Rahim","2026-06-02 06:52:35",424.0,2,riyarahim
4040,15703565,"Ajinkya Jadhav","2026-04-23 00:07:22",423.7,2,ajinkyajadhav01
4041,15913394,Omar,"2026-05-09 22:41:52",423.0,2,omarafik
4042,15742080,"Cem Birler","2026-04-30 02:21:01",422.3,2,ozgurcem
4043,15720026,909,"2026-04-27 17:54:28",422.0,2,"akshhaaatttt,chhavijain13,dakshmaher22"
4044,15851620,Duane909,"2026-05-13 16:11:53",421.6,2,duane909
4045,15678098,"Pushpinder Kaur","2026-04-21 21:34:08",421.6,1,kaurpush
4046,16230108,"Philip Jon Ji Ciuca","2026-06-04 19:15:47",421.5,2,philipjonjiciuca
4047,15715968,Seventie,"2026-05-23 16:22:10",421.4,2,"acsanhithareddy17,shaikabdussattar"
4048,15663214,Disha,"2026-06-03 18:20:40",421.3,2,dishamotiramani
4049,15913007,"YADAV TUSHAR","2026-05-20 11:11:17",421.1,2,yadavtushar
4050,15650444,Sereseren,"2026-04-26 10:09:19",421.1,2,sereserenk
4051,15689765,"Mrutyunjay Joshi","2026-05-04 08:54:25",420.5,2,mrutyunjayjoshi
4052,15701760,"Ameya Aashrith","2026-04-26 11:38:00",420.3,1,ameyaaashrith
4053,16022957,"Aliyah Bello","2026-05-19 12:29:19",420.2,1,aliyahbello
4054,15648351,Ekrem,"2026-04-21 14:28:18",420.1,2,tahirekrem
4055,15907536,"durgesh dere","2026-05-09 09:23:52",419.9,2,durgeshdere08
4056,15839605,"pavan rajr","2026-05-17 07:42:24",419.7,2,pavanrajr
4057,15890353,"reno andersen","2026-05-19 20:49:34",419.0,2,renoandersen
4058,16259805,elevenpigff,"2026-06-23 11:46:43",418.7,2,elevenpigff
4059,15706565,Quantum_Maverick,"2026-06-18 10:34:35",418.5,2,quantummaverick
4060,15694335,"Mike G","2026-04-23 21:03:37",418.3,2,mrghx4
4061,15769808,"Hirako Sa","2026-05-01 12:16:19",418.2,2,hirakosa
4062,16234846,"Tony Kung","2026-06-11 07:05:45",418.1,2,tonykung
4063,15736316,N3PTUN1UM,"2026-04-26 20:14:30",418.0,2,"armmanroy,n3ptun1um"
4064,16338223,"Ernesto Herrera Arias","2026-06-17 01:55:35",417.7,2,ernestoherreraarias
4065,15638558,A.K.NITHIN,"2026-06-20 19:02:41",417.7,2,aknithin
4066,15887893,Catalina,"2026-05-07 15:39:21",417.5,1,catalinakohlhaas
4067,16316700,Ryon,"2026-06-13 00:22:01",417.5,2,ryonzhang36
4068,15839280,Hichem.dev,"2026-05-09 00:14:51",417.3,2,hichemdev
4069,15930273,inconnu,"2026-05-11 18:04:16",416.9,2,inconnu03
4070,15859142,"SRI HARISH.A","2026-05-05 11:24:03",416.9,2,harishinkaggle
4071,15830496,"emir secer","2026-05-03 14:09:42",416.8,2,emirsecer
4072,15885342,PePeO,"2026-06-01 09:38:32",416.8,2,dzung271828
4073,15723825,immortal,"2026-04-27 03:01:11",416.7,2,immortallishuan
4074,15645261,"Daris Dzakwan Hoesien","2026-06-23 00:00:04",416.5,2,darisdzakwanhoesien2
4075,15843232,joshtb12,"2026-05-05 03:22:58",416.4,2,joshtb12
4076,15672714,"sudeep kharel","2026-06-23 10:07:00",416.0,2,sudeepkharel
4077,15779894,"SIVA S","2026-06-23 10:05:59",415.6,2,codingmaster24
4078,15831170,WonderWomen2017,"2026-05-03 21:55:36",415.1,2,wonderwomen2017
4079,15653022,KKY,"2026-05-11 05:48:59",415.0,2,evilpsycho42
4080,15840202,Raj001000000000000,"2026-05-04 17:31:18",414.7,2,raj001000000000000
4081,16261057,prakashrajKkaggle,"2026-06-09 07:33:21",414.5,2,prakashrajkkaggle
4082,15663785,4patterns,"2026-04-21 06:08:34",414.2,1,anishsinghrawat
4083,15635182,ayushokaay,"2026-04-29 15:35:48",413.7,2,ayushparwal
4084,15847677,"Mohammed Ammar","2026-06-11 08:50:31",413.1,2,mohammedammar01
4085,16370917,"Kunal Rout","2026-06-23 11:17:53",413.0,2,charlotte26
4086,15671647,xml,"2026-06-23 15:29:40",413.0,2,lxm256
4087,15966441,cgbc12,"2026-05-19 15:16:07",412.9,2,cgbc12
4088,15995067,CustardApple47,"2026-05-31 06:37:10",412.9,2,custardapple47
4089,16142383,Sherzod,"2026-06-01 09:00:05",412.7,1,ssherzodxw
4090,15762366,ryumei,"2026-04-28 08:37:46",411.5,2,ryumei
4091,15673000,"Shahriar Ahmed Seam","2026-04-21 17:45:40",411.4,2,shahriarahmedseam
4092,15658159,"Peter Findley","2026-06-01 08:13:28",411.0,1,raist321
4093,15842082,"Andrew Munro-West","2026-06-16 08:33:55",410.9,1,andrewmw
4094,16283949,razernade,"2026-06-12 09:48:21",410.7,2,razernade
4095,15735722,OgOg,"2026-04-27 12:07:32",410.5,2,ogog0128
4096,16260061,"Andrew W","2026-06-10 12:53:21",410.4,2,andreww678
4097,15840177,Thibault,"2026-05-16 16:50:45",410.4,2,vtxdtc
4098,15838484,"Crumpus(Mad scientist)","2026-06-16 15:45:54",410.2,2,crumpusmadscientist
4099,16051358,okkotsu_senpai,"2026-06-23 14:31:58",409.9,1,okkotsusenpai
4100,15664932,koppen9029,"2026-04-24 05:37:05",409.8,2,koppen9029
4101,15661737,"Denis Sanchez","2026-04-30 05:47:05",409.6,2,denissanchez
4102,15659918,"Yash Patil","2026-04-24 14:40:00",409.5,2,warwizardy
4103,15664294,"Himanshu maheshwari","2026-04-30 08:28:04",409.4,2,unchartedhkm
4104,15942451,"Amine MEKKI","2026-05-14 21:24:38",409.3,2,aminemekki
4105,16012011,bjwang,"2026-06-08 01:51:18",409.1,1,jiqin822
4106,15661079,"prit panchal","2026-04-21 17:35:12",409.0,2,prit0007
4107,16304644,"Ravi kiran Uppalapati","2026-06-14 07:10:07",408.9,2,ravikiranuppalapati
4108,15665345,"YOGESH N","2026-04-25 04:36:15",408.8,2,yogeshn07
4109,16063165,"Miqdad salman","2026-05-26 19:25:53",408.4,1,miqdadsalman
4110,16086018,Siong,"2026-06-10 11:46:51",408.4,2,chewannsiong
4111,15830466,ronn,"2026-05-29 11:32:53",408.0,2,ronn93
4112,15669088,"Ibrahim ","2026-04-21 11:00:29",407.9,2,ibrahimakwahu
4113,16074140,"Jerry Gong","2026-05-28 07:04:47",407.7,2,jerrygong998
4114,15857696,Eheuuwjw,"2026-05-07 13:46:35",407.3,2,eheuuwjw
4115,15639840,"Sanika patil","2026-05-24 12:59:13",407.2,2,saniiikaa
4116,16049708,"габитов айрат айдарович","2026-05-22 14:45:55",406.9,2,airat102102
4117,15724450,"Đức Danh tổ 2","2026-04-24 16:48:01",406.9,2,cdanht2
4118,16185435,"Aarav Subedi","2026-06-03 10:43:22",406.7,2,aaravsubedi
4119,16256063,kkpindo.,"2026-06-07 08:26:22",405.8,2,kkpindo
4120,16082747,Sameer310,"2026-05-26 11:22:54",405.3,1,sameer310
4121,15836682,Nishanth,"2026-05-06 06:46:50",405.2,2,nishanth2643
4122,15780354,"Mert Arcan","2026-04-29 15:47:44",405.0,2,mertarcan
4123,15720274,Kawa_pt,"2026-06-14 09:59:02",405.0,2,kawapt
4124,15860561,Pranav,"2026-05-06 11:43:44",404.9,2,infernape01
4125,16268703,"Favour Khisa","2026-06-11 07:15:36",404.2,2,favourkhisa
4126,16212672,ewqdsa,"2026-06-23 00:10:07",403.9,2,ewqdsa
4127,15789822,Mitul,"2026-06-10 17:50:35",403.9,2,mitul0113
4128,16038299,"Adam Lee81","2026-05-21 17:08:31",403.7,2,adamlee81
4129,15700208,"Muditmayank Mishra","2026-04-24 09:59:04",403.6,2,muditmayankmishra
4130,15686350,"Hardik Kumar","2026-04-27 22:04:20",403.4,2,"hardikxi11,isiakataofeeq,systemstrategist,vincentodogwu"
4131,15725193,"Adelino Aleser","2026-04-24 11:20:09",403.1,2,adelinoaleser
4132,15705344,"pavodi kamoni","2026-04-26 14:32:32",403.0,2,pavodikamoni
4133,16283864,"Scott Pramuk","2026-06-10 04:07:06",402.8,1,scottpramuk
4134,15638703,CodeHacker,"2026-04-17 15:11:25",402.7,1,junhanzangai
4135,16263093,"Eom Jaehyeon","2026-06-08 03:31:51",402.2,2,eomjaehyeon
4136,15668963,"Saadat Ali777","2026-04-27 05:37:12",401.9,2,saadatali777
4137,16060145,田原優平,"2026-06-07 23:47:44",401.6,2,borscht87
4138,16126875,RoaR,"2026-06-01 04:03:41",401.3,2,rakshamohan1
4139,16365896,"Ali Sobhi Zewiany","2026-06-15 18:20:35",401.0,2,alizewiany
4140,15942218,"Marcin Jarosz","2026-05-17 11:15:22",400.4,2,mjarosz
4141,15661666,"Serdar Gundogdu","2026-04-21 19:15:55",400.4,1,serdargundogdu
4142,15838201,藤井,"2026-05-09 02:06:04",400.1,2,fujii0925
4143,15886970,"Xianghao Yang","2026-05-07 14:10:34",400.0,1,xianghaoyang
4144,15650083,Rudra070311,"2026-04-29 09:49:45",399.8,2,rudra070311
4145,15701670,Miker,"2026-05-07 15:57:16",399.4,2,miker1
4146,15997848,"Omar Hassan","2026-05-17 01:39:47",399.4,1,potatoguy44
4147,16313208,Anshul,"2026-06-22 14:04:46",399.1,2,anshulprasad5440
4148,15733398,steezy.morris,"2026-04-28 18:18:41",399.0,1,steezymorris
4149,15736252,zzgtylors,"2026-06-14 19:06:57",399.0,2,zzgtylors
4150,15643051,"Avik Das","2026-04-18 06:40:26",398.5,2,avikdas567
4151,15731142,"Nenad Farkaš","2026-04-30 13:16:08",398.3,2,nfarky
4152,15701422,Santitub,"2026-04-22 19:52:05",397.8,1,correo415
4153,15822563,"taiyang chen | codex","2026-06-22 11:13:05",397.7,2,taiyangchen701
4154,16210133,Pisces83,"2026-06-10 13:02:36",397.5,2,pisces83
4155,16022193,"Ishita Goswami","2026-05-19 12:27:47",397.4,2,ishiigoswami
4156,15643752,"Ayush Singh","2026-04-18 19:34:11",396.9,2,ayushius
4157,16195601,ymym_tymblack,"2026-06-23 21:49:51",396.8,2,ymymtymblack
4158,16046661,"Haoyuan Zhou","2026-05-23 05:50:19",396.8,2,christmashuang
4159,15645557,"Zhaohan Li","2026-04-20 08:55:00",396.6,1,franksonlee
4160,15830932,"Đình Luân Ngô","2026-05-05 04:04:20",396.2,1,nhlunng
4161,15944879,"Akhilesh godugu","2026-05-13 07:36:32",396.1,2,akhileshgodugu
4162,15657868,"Shrinath Madde","2026-04-20 17:10:22",396.1,2,shrinathmadde
4163,15638786,"Karthikeyan A","2026-06-16 12:57:40",395.8,2,karthi1048a
4164,15830597,"Abdullah Fasih","2026-05-02 18:32:06",395.4,2,abdullahfasih
4165,15745374,"Mats Heldesten","2026-04-26 21:41:21",395.4,2,matsheldesten
4166,15639492,Arshianrax,"2026-04-22 12:39:13",395.3,2,arshianrax
4167,15788445,Nakanishi,"2026-06-22 09:43:06",394.9,2,naka84
4168,15654452,fujimotodayo,"2026-04-20 08:51:29",394.7,1,fujimotodayo
4169,15649702,amiakar,"2026-04-24 11:32:28",394.1,2,amiakar
4170,15827771,"Anurag Sati6476","2026-06-23 12:14:53",393.5,2,anuragsati6476
4171,15722449,"Sebastian Galaz","2026-05-26 19:40:40",393.3,1,sigalaz
4172,15994440,qxmlxx,"2026-05-21 13:54:17",393.3,1,qxmlxx
4173,15662823,Z10nWu,"2026-04-21 00:23:40",393.2,2,z10nwu
4174,15948653,UB2002,"2026-05-13 14:33:35",393.2,2,ub2002
4175,15666609,"JUDITH BERIL OMBAM","2026-04-22 04:46:47",393.0,2,judithberilombam
4176,16055526,chinuckb,"2026-06-23 23:52:33",392.9,2,chinuckb
4177,15761273,TAKAHASHI　YYY,"2026-04-28 10:32:39",392.6,2,takahashiyyy
4178,15846823,stefania1233,"2026-06-21 11:57:47",392.5,2,stefania1233
4179,15923935,"Rizky Ananda Dly","2026-06-10 11:41:53",391.8,2,rizkyanandadly
4180,16029809,"Saidbek Kodirjanov","2026-05-20 07:32:59",391.5,2,saidbekkodirjanov
4181,15670101,Omega_Gold,"2026-04-21 11:51:40",391.2,2,omegagold
4182,15649782,"Yurii Z","2026-06-21 09:27:36",391.1,1,yuriiz
4183,15740673,"Masked Wizard","2026-04-29 06:18:24",390.3,1,tomookikohri
4184,16330715,"Kacper Ziemecki","2026-06-14 21:34:08",390.1,1,kacperziemecki
4185,15691669,HydraBoy,"2026-04-23 06:48:37",389.2,2,hydraboy
4186,15692264,"Vishal Grover","2026-04-22 07:51:56",389.1,1,vishalgrover5
4187,15661568,"Arezki Matougui","2026-04-20 19:39:02",388.9,1,arezkimatougui
4188,15662718,"Michael Eniolade","2026-04-21 17:33:21",388.9,2,michaeleniolade
4189,15744185,to_orgil,"2026-05-03 11:51:53",388.8,2,toorgil
4190,16195874,IsaacLiu12,"2026-06-10 07:28:14",388.8,2,isaacliu12
4191,15854062,"Sarda Kedir","2026-05-06 07:17:32",388.6,2,sardakedir
4192,15903756,"Danielle Mustillo","2026-05-09 03:30:59",388.6,2,daniellemustillo
4193,16133828,"Ilakk manoharan","2026-06-17 09:44:34",388.5,2,ilakkmanoharan
4194,16269090,reasonofmoon,"2026-06-08 14:06:14",388.5,1,reasonofmoon
4195,15741225,"Guilherme Joji","2026-04-26 03:06:29",388.2,1,guilhermejoji
4196,15663288,"Nitin Singh","2026-04-27 13:06:48",387.7,2,nitinsingh777in
4197,16245980,"Tyler Hughes","2026-06-06 07:04:21",387.6,2,tylerbrianhughes
4198,16257262,HalukiSanGo,"2026-06-07 09:27:58",387.5,2,halukisango
4199,16368559,"Raid al maani","2026-06-20 19:13:22",387.5,2,raidalmaani
4200,16036183,"Simrat Khalsa","2026-06-09 03:21:43",387.2,2,simratkhalsa287
4201,15677593,"Caden Lund","2026-04-22 19:26:31",386.9,1,cadenlund
4202,15758673,Tiansz,"2026-06-01 08:00:55",386.7,2,tiansz
4203,15732873,Seita,"2026-05-02 14:42:36",386.6,2,seitaf
4204,16291292,"Arif Miah","2026-06-22 01:22:29",386.4,2,miadul
4205,15945239,"Nida Amir","2026-05-13 06:31:45",386.2,1,nidaamir
4206,15828553,yangyaqi777,"2026-05-02 13:38:32",385.9,1,yangyaqi777
4207,15825802,"Shirakami Fubuki","2026-05-09 19:45:49",385.2,1,svenjansen
4208,16286102,"_0 To","2026-06-10 10:12:08",385.1,1,bp6ubp6
4209,15877907,"John Cornwell","2026-05-06 18:19:04",385.1,1,jomegacv
4210,15662465,"Ridha mostefa","2026-05-05 13:29:14",384.9,2,ridhamostefa
4211,16114622,"Mohsen Mostafa","2026-05-31 22:55:55",384.8,2,babydriver1233
4212,15665504,"Shreyansh Yadav","2026-05-31 08:59:21",384.4,2,doom1johnwick
4213,15720225,"José Mário","2026-04-23 15:49:05",384.4,2,m4rio0p
4214,15743356,"Russell Greyling","2026-04-26 11:35:48",384.1,1,rgreyling
4215,15868377,Alien_X,"2026-05-06 01:34:31",384.1,1,ragnaleo
4216,15719669,Abdulmoiz,"2026-05-03 17:19:31",384.0,2,abdulmoiz11
4217,15672218,JatinGuleria1845,"2026-04-21 16:19:53",384.0,1,jatinguleria1817
4218,15661745,Tianze,"2026-04-21 19:53:44",383.9,2,dalygao
4219,15797715,"Rahul Dev Pradhan","2026-04-30 18:38:16",383.9,2,rahuldevpradhan
4220,16021840,Vivek@131,"2026-06-22 04:27:52",383.8,1,vivek131
4221,16086402,Fuagra,"2026-05-27 09:48:54",383.7,1,fuagra
4222,16146999,非正义的伙伴,"2026-06-01 16:00:21",383.1,1,yhh114514
4223,15661239,"Devansh tripathi","2026-04-20 18:54:41",383.1,2,devanshtripathi45
4224,16089788,"Danish Adam","2026-05-29 04:04:18",382.8,2,danishpythonian
4225,15789348,"Nguyen Vu Tue Khang","2026-05-02 14:29:41",382.7,2,nguyenvutuekhang
4226,15740870,"Nagibator 666","2026-05-07 16:01:27",382.6,1,nagibator666
4227,15704663,kapenon,"2026-04-23 08:32:29",382.6,1,kapenon
4228,15664658,scriptcoder,"2026-04-21 05:29:26",382.4,1,scriptcoder
4229,15730116,"senthil kumaran T","2026-04-24 12:01:19",382.2,2,senthilkvggbn
4230,15742809,"Kuang Zhengyi","2026-04-26 12:44:39",382.1,1,kuangzhengyi
4231,15660108,ZhichengHe,"2026-04-20 16:40:21",382.0,2,hzc17755286896
4232,15870978,Madhav,"2026-05-08 01:52:24",381.9,1,madhavjha123
4233,15942099,"Caleb Orosz","2026-05-14 01:50:37",381.6,2,caleborosz
4234,15907808,"Tanish Jain","2026-05-09 18:41:10",381.2,1,tanishjain0001
4235,16329879,"Stanley Gabriel","2026-06-13 20:08:36",381.1,1,stanleygabriel
4236,15647408,Yuki_Kaneko,"2026-06-02 17:26:52",380.9,2,yukikanek0
4237,16288299,"Sandesh Gund","2026-06-10 12:47:43",380.8,1,sandeshgund
4238,15659786,kakuteki,"2026-04-27 10:48:56",380.7,2,kakuteki
4239,15923068,"Muanai Khalifah","2026-05-12 02:12:48",380.6,2,muanaikhalifah
4240,15744998,"Please Hire Us","2026-04-27 20:55:23",380.3,2,"enriquegarcademiguel,feliciusvabu,otakcanary"
4241,16253410,"Saurabh Yadav","2026-06-08 13:00:02",380.1,2,saurabhyadav1305
4242,15736808,tojidoesml,"2026-05-15 19:03:29",379.9,1,tojidoesml
4243,15662367,"Mayank Choure","2026-04-21 05:30:27",379.3,2,mayankchoure
4244,15668645,meteorcqq,"2026-04-27 11:26:28",378.9,1,"jackhajehnowri,wwwyyykkk"
4245,15975068,"Parker Sikand","2026-05-19 14:49:32",378.3,2,psikand92
4246,15664519,zjy,"2026-04-21 12:12:54",378.0,1,zhenjyong
4247,15674546,"Neil Yashinsky","2026-04-22 02:44:35",377.3,1,neilyashinsky
4248,15810302,Swapnil,"2026-05-10 16:35:22",377.3,2,blueswaps
4249,15719289,"Hanaa Yesenia.H","2026-05-28 07:34:29",377.1,1,hanaayeseniah
4250,15692118,"Wang rundong","2026-04-22 07:02:11",376.9,1,qi7axu
4251,15826733,coldleafday,"2026-05-29 18:35:00",376.7,2,coldleafday
4252,15649398,"Kartik biddoliya","2026-05-18 08:58:47",376.5,2,kartikbiddoliya
4253,15661488,EthereaLogic,"2026-04-23 02:20:35",376.3,2,etherealogic
4254,15903330,"Ryan Berry","2026-05-09 18:20:11",376.2,1,rberry16
4255,15888641,"Anuj Saha","2026-05-17 10:07:50",376.1,2,anujsaha0123456789
4256,15813262,"Darsh Sodani","2026-05-06 07:05:58",376.1,2,darshsodani
4257,16028190,Chris_V_15,"2026-05-20 00:08:32",376.1,1,chrisv15
4258,15719248,Milapp180,"2026-04-23 13:25:54",375.8,1,milapp180
4259,16057060,domie,"2026-05-23 22:47:01",375.6,2,domie21
4260,16149274,N4k4nnur45h0h31,"2026-06-05 20:47:02",375.1,1,n4k4nnur45h0h31
4261,15897225,"AlexSama S","2026-05-09 12:42:41",375.0,2,alexsamas
4262,15885868,tomohiro454,"2026-05-10 08:06:45",374.9,2,tomohiro454
4263,15665111,"Navneet Singh Dogra","2026-04-21 07:05:10",374.9,2,navneetsinghdogra
4264,15775691,Ching,"2026-05-11 07:02:41",374.8,2,chingxly
4265,15670489,"Kanishka Padamata","2026-04-21 11:48:46",374.6,1,kanishkapadamata
4266,15754858,aniqbinlutpi,"2026-04-27 19:28:27",374.0,1,aniqbinlutpi
4267,16249450,yoonseojin0001,"2026-06-08 11:02:22",374.0,1,yoonseojin0001
4268,16084208,Ihor,"2026-05-28 09:16:13",373.9,1,ihoromi4
4269,16003759,"Adam James","2026-05-17 15:02:53",373.8,1,notadam
4270,15665635,"Christoph Roth","2026-04-21 08:28:25",373.7,1,christophroth
4271,16352089,"Rituraj Mallick","2026-06-17 03:33:11",373.2,2,riturajmallick
4272,15834082,Shdowguy,"2026-05-04 16:52:50",372.5,2,shdowguy
4273,16084874,"Tech Hound","2026-05-28 01:51:08",372.1,2,catherinebarbeau
4274,15657609,"Tom #2","2026-04-27 09:16:56",372.0,1,tomgogogo
4275,15827874,nxank4,"2026-05-02 16:05:18",371.9,1,anmatngu
4276,15638472,9921abu,"2026-06-21 23:41:15",371.6,2,jessicajwood
4277,16278550,"sunil kumar","2026-06-09 15:18:11",371.5,1,sunil123kumar
4278,16184294,"Kaoser Ahamed","2026-06-03 05:47:45",370.5,1,kaoserahamed
4279,16053259,xiaojiongzi,"2026-06-03 15:33:24",370.5,2,xjz98k
4280,16076418,"Yevgeniy Krotov","2026-06-01 19:34:09",370.4,1,manjake
4281,15660367,"Roman Vinogradov","2026-04-20 16:41:23",370.3,2,romanvinogradov
4282,15660785,"Malak Reda","2026-04-21 17:21:59",369.8,2,malak457
4283,15672630,Sawedge,"2026-04-30 14:36:00",369.6,1,sawedge
4284,15926108,"Darshan Rathod","2026-05-11 16:07:25",369.1,1,ddr1994
4285,15664358,"SARTHAK MISHRA","2026-05-21 07:22:04",368.8,2,sarthakmukeshmishra
4286,16280405,"Nitin Savio Bada","2026-06-10 04:12:28",368.8,2,nitinsaviobada
4287,15667720,"Adon Benoy","2026-04-24 10:16:26",368.6,2,adonbenoy
4288,15664781,"Qi Chen3","2026-06-15 09:26:14",368.4,2,qichen3
4289,15657774,李逸..,"2026-05-16 12:40:45",368.2,2,yili6677
4290,16251183,"Lucas Van Utrecht","2026-06-06 12:21:02",367.8,1,lucasvanutrecht
4291,15982831,"Zain Naqi","2026-05-17 07:17:19",367.8,2,zainjawadnaqi
4292,15637477,"Ruchir Kale","2026-04-21 13:18:51",367.7,1,ruchirkale
4293,15646413,"fengyuexin huang","2026-04-23 06:28:02",367.3,2,fengyuexinhuang
4294,15846664,hlanaln,"2026-05-04 11:12:15",367.3,2,hlanaln
4295,15664634,"Ayush Barai","2026-04-22 18:51:00",367.2,1,ayush04barai
4296,15930864,Premcode,"2026-05-27 16:33:21",367.1,2,premcode
4297,15637513,Volodymyr,"2026-04-21 12:10:47",367.1,2,volodymyrpasichnyi
4298,15652287,"iheb2023 ","2026-04-22 16:54:07",366.5,2,iheb2023
4299,15914115,"William R","2026-05-09 22:01:51",366.2,1,williamrob
4300,15705033,"Roger Barrett","2026-04-24 09:18:07",366.0,2,rogerbarrett
4301,15720884,Tatsuya,"2026-04-23 16:08:47",365.9,1,mathphilia
4302,15783272,"Gaurav Mehra","2026-04-30 12:44:22",365.8,1,gurumehra
4303,15715465,chernozem,"2026-04-23 11:28:53",365.7,1,chernozem
4304,15661149,AbhishekNandy,"2026-06-18 11:40:17",365.4,1,abhicloudstalk
4305,16264614,"Trịnh Quang Minh","2026-06-08 09:03:44",365.0,1,trnhquangminh140
4306,15635082,Ritesh,"2026-05-24 14:50:47",363.8,2,riteshsathiyamoorthi
4307,15934927,circus,"2026-05-17 08:23:01",363.8,2,circus8
4308,16250823,Further,"2026-06-07 14:26:30",363.6,2,further125125
4309,15824706,MoGa-in-Orbit,"2026-05-05 11:34:16",363.0,2,"roopsasen,shreyabhatt27"
4310,15937874,"Aly Valiev","2026-05-23 11:28:00",362.8,1,alickvaliev
4311,15659439,SilverRuler,"2026-04-20 13:42:09",362.6,1,silverruler
4312,15672113,"John S. Aidoo","2026-05-27 11:01:59",362.5,2,johnsaidoo
4313,15704931,"Krishna Agastya","2026-04-26 23:51:44",362.1,1,krishnaagastya
4314,15747813,"Param Taretiya","2026-06-23 15:16:10",361.8,2,paramtaretiya
4315,15783478,"Adarsh ayush","2026-05-21 16:22:33",361.5,2,adarshayush
4316,15807598,3as6Bl,"2026-05-12 00:32:36",360.6,1,segusegu
4317,16260500,Zarathusra,"2026-06-08 03:07:02",360.5,1,rezkyadytama
4318,15672243,"Sai Spoorthy Eturu","2026-06-23 16:36:29",360.5,1,spoorthye
4319,15929063,SY7csc,"2026-05-11 14:38:31",359.3,1,sy7csc
4320,16002785,"Liu Gawa","2026-06-06 15:30:32",359.2,1,liugawa
4321,15839231,HyperPlanz,"2026-05-06 01:07:02",359.2,2,domiandr000
4322,15872138,DavidShe,"2026-05-08 18:07:43",359.0,2,davidshe
4323,15823748,Sudharsanan,"2026-05-02 11:27:56",359.0,2,susan077
4324,15694428,"Den Pugovkin","2026-04-22 09:54:19",358.2,2,denpugovkin
4325,15830762,"Aaryan Gupta","2026-05-03 08:06:36",358.1,2,aaryan1222
4326,15938620,shin,"2026-05-12 23:12:11",357.7,1,zinziroge
4327,16258983,"Harsh Yadav","2026-06-07 18:42:28",357.6,1,harshyadhav
4328,15999314,"Dr Jairo","2026-05-17 09:06:03",357.1,2,raincasterdrjairo
4329,15993434,Texxi,"2026-05-25 10:42:18",357.0,2,texxii
4330,15733483,"sharanprabhusk ","2026-04-24 21:19:38",356.9,2,sharanprabhusk
4331,16050078,"Abdoullah Mohamed","2026-05-22 15:50:14",356.8,2,abdoullahmohamed
4332,15872625,kar7mp5,"2026-05-19 06:56:19",356.5,1,kar7mp5
4333,16059015,"Mykhailo Nedodai","2026-06-13 07:38:00",356.5,2,sarmat
4334,15731671,"Igor Kartashov","2026-04-24 14:55:20",356.3,2,igorkartashov
4335,15647839,"Reza Madani","2026-04-19 18:14:05",356.3,2,seyyedrezamadani
4336,15658701,"Asterios Terzis","2026-04-22 23:20:40",356.1,2,asteriosterzis
4337,15732141,"Marco M","2026-04-25 14:48:21",356.1,2,marcoms1000
4338,15695807,"Viwongo Chima","2026-05-05 10:35:30",355.8,2,viwongochima
4339,16245581,Rchoe2,"2026-06-06 00:02:05",355.7,1,rchoe2
4340,15958066,"Godbless Kennedy","2026-05-27 17:28:40",355.5,2,godblesskennedy
4341,16103090,"Vaishnavi K","2026-06-16 08:19:05",355.4,2,vaishnaviik212
4342,15826288,"Aditya Singh","2026-05-02 12:34:31",355.0,1,adityasingh678
4343,16298183,hafandi,"2026-06-15 06:50:20",354.5,2,hafandi
4344,16007389,KK_nut,"2026-05-24 01:26:52",354.3,2,k0k0nut
4345,15841601,"David Sario","2026-06-23 09:54:18",354.0,2,davidsario
4346,15649181,techtech69,"2026-06-23 22:05:55",353.7,2,techtech69
4347,16108883,"Leneen ","2026-05-31 17:21:18",353.2,1,leneen
4348,15753581,Sahil4818,"2026-04-27 18:54:24",353.1,1,sahil4818
4349,16138204,E3231302029,"2026-06-12 10:12:37",352.9,1,e3231302029
4350,16358935,"Максим Павлов","2026-06-18 15:14:31",352.8,1,nanhappens
4351,16371166,Flickz.RL,"2026-06-16 10:39:59",352.7,1,flickzrl
4352,15897708,"Dal Tao","2026-05-08 12:47:19",352.3,1,daltao
4353,15862202,Aryan_Raj,"2026-05-07 05:50:24",352.2,2,nemesis004
4354,15951736,VladimerK3,"2026-06-23 02:31:50",352.2,2,vladimerk3
4355,16370717,Incognitoalpha,"2026-06-16 11:15:01",351.9,2,incognitoalpha
4356,15648936,stpete_ishii,"2026-05-05 07:41:19",351.9,1,stpeteishii
4357,15652539,"Matthew Drape","2026-04-19 16:12:02",351.6,2,matthewdrape
4358,15939000,"Samman Verma","2026-05-20 15:49:51",351.0,2,sammanvermatry
4359,15668156,"Kicaw Mania","2026-04-28 18:20:09",351.0,2,"dapvn07p,vincentiusgianjunius"
4360,15738192,Aldrin,"2026-05-29 14:03:46",350.8,2,aldrin
4361,15652978,radumd,"2026-04-26 15:31:12",350.3,1,radumd
4362,16362673,"Tushar Baweja","2026-06-23 22:35:37",350.2,2,tusharbaweja
4363,15783747,"Alexander Griffing","2026-04-30 06:46:45",349.8,1,alexandergriffing
4364,16205659,ForNOU,"2026-06-10 21:08:49",349.8,2,fornou
4365,15847167,mok,"2026-05-05 15:56:49",349.7,1,motensor
4366,16213270,"Daniel #2","2026-06-04 10:15:45",349.6,2,daniel0188
4367,16139232,"Ayan Shannigrahi","2026-06-01 06:09:33",349.5,1,ayanshannigrahi46
4368,16256373,"Tamanna Bal","2026-06-17 11:04:49",349.3,1,tamannabal
4369,15784959,"The Analytical Absurdist","2026-04-30 01:33:36",349.2,2,analyticalabsurdist
4370,15735723,"MD. Shibli Noman Sarkar","2026-05-05 17:05:34",349.0,1,noman130
4371,15839979,Beef,"2026-05-03 16:11:51",348.5,1,sythlast
4372,16052256,"Sein Linn","2026-05-22 21:00:32",348.2,2,seinlinn
4373,15850999,cknisaac,"2026-05-04 14:47:33",347.8,1,cknisaac
4374,15650582,timofeyiž,"2026-04-19 09:33:14",347.7,1,mrlaster
4375,15825481,wanghaoxuasn,"2026-05-03 13:41:01",347.6,1,wanghaoxuasn
4376,16008255,"SHOKHZOD ABDURAKHIMOV","2026-05-18 06:21:15",347.6,2,shokhzodabdurakhimov
4377,15662302,"Hajmed Med","2026-04-23 21:27:14",347.5,2,hajmedmed
4378,15967704,AuraFarmers,"2026-05-26 10:03:44",347.2,2,"namyasheth,omgore14,satty638"
4379,15641568,"Arjun Madaan","2026-04-17 23:31:27",346.9,1,juniam
4380,16090589,"Ishaa Sanjay Bhalekar ","2026-06-07 06:32:10",346.8,2,ishaasanjaybhalekar
4381,15905790,Arooran,"2026-05-12 18:39:13",346.7,2,arooransivakarunai
4382,16031719,"John Smith","2026-05-25 21:46:22",346.7,1,firsovtim
4383,16080487,"MUHAMMET İŞİTMEN","2026-05-26 10:09:31",346.6,2,muhammettmen
4384,15867972,"Mirangga Jakti","2026-05-11 15:48:13",346.5,2,miranggajakti
4385,15661604,Kavitha029,"2026-05-23 18:33:48",346.3,2,kavitha029
4386,15774736,"Munkhpurev N","2026-04-29 04:17:47",346.1,1,munkhpurevn
4387,15914571,"Quan Le","2026-05-10 03:24:03",345.9,1,qnml2022
4388,15997447,Rhythm_Ghai,"2026-05-17 23:32:34",345.9,2,"hardikchanana,rhythmghai"
4389,15875682,"Goutham M","2026-05-12 21:09:06",345.5,1,epsil0nn
4390,15649704,AndrewBirnberg,"2026-05-28 03:56:47",345.3,2,pearmtn
4391,15633927,"Dhruv Pai Dukle","2026-04-16 21:12:15",345.0,1,dhruvpaidukle
4392,15671027,"Tahsin Ahmed Mridha","2026-04-21 13:01:52",344.6,1,tahsinahmedmridha
4393,15739869,"RISHABH JAISWAL826","2026-04-27 21:09:01",344.6,2,"kashishbharti,rishabhjaiswal826"
4394,15667877,"Tanvir Aunjum Sunny","2026-04-23 12:38:17",344.6,2,tanvir030
4395,15850831,"Yang Tuấn Anh","2026-05-06 11:32:24",344.5,1,yangtunanh
4396,16038565,"Rabiul Islam","2026-05-21 05:24:20",344.5,1,robiulcse
4397,15695779,"K Vignesh","2026-04-24 01:29:08",344.0,2,kvignesh1
4398,15719563,Jagobee,"2026-05-06 14:36:05",343.7,2,jagobee
4399,15972511,Momo,"2026-05-14 16:54:52",343.6,2,momo1917
4400,15654348,"Matthew She","2026-04-24 03:24:27",343.5,1,matthewshe
4401,15670563,martial,"2026-04-21 12:52:49",343.2,2,martial
4402,15997730,"Calen Anderson","2026-05-16 20:10:01",342.5,1,calenanderson
4403,15834344,"Pranjal Jain304804","2026-05-03 06:24:40",342.3,1,pranjaljain304804
4404,15744228,"Aryan Deshpande","2026-04-27 08:32:09",341.9,1,aryandeshpande
4405,16003496,"Данил Долгов","2026-05-17 16:57:55",341.5,2,apachikoff
4406,15636395,"lishell liang","2026-04-20 05:24:25",341.4,2,lishellliang
4407,16296864,DistractedExplorer,"2026-06-19 12:18:08",341.1,2,distractedexplorer
4408,16371319,"VISHWAS KUMAR","2026-06-23 19:35:34",341.0,2,vishwaskumar369
4409,15888559,Ahmnonymous,"2026-05-10 10:27:33",341.0,1,ahmedrazajjj
4410,15967717,lyyuui,"2026-05-14 09:40:21",340.7,1,lyyuui
4411,15860760,SniperGotYou,"2026-05-15 08:29:29",340.5,2,snipergotyou
4412,15664999,"Bongumusa Handsome","2026-06-23 21:12:17",340.5,1,bongumusahandsome
4413,16365131,bondpy,"2026-06-23 20:03:08",340.4,2,bondpy
4414,15893212,arakawa7714,"2026-05-08 10:10:50",340.3,1,arakawa7714
4415,16363963,"ismail duran","2026-06-16 07:08:48",339.8,2,ismaildrn
4416,15635714,"vaishnavi desai","2026-05-04 05:54:29",339.7,2,vaishnavidesai345
4417,15753896,"Tameem alshomari","2026-06-02 20:35:29",339.2,2,tameemalshomari
4418,16241539,PRAJWAL,"2026-06-11 08:04:09",338.9,2,prajwaldhoke1
4419,16154482,yeongseok32,"2026-06-03 01:31:53",338.1,1,yeongseok32
4420,15665275,"Mayank Sharma00123","2026-04-22 18:44:26",337.7,2,mayanksharma00123
4421,15735401,"Shivam Atri","2026-04-30 08:49:31",337.7,1,shivamatri001
4422,15662708,"Manas Pal","2026-04-20 22:54:28",337.4,1,manaspal208
4423,15827289,"Anurag Patil","2026-05-03 09:40:56",337.3,2,anuragsp
4424,15634867,"Temidara Sodeinde","2026-06-11 02:34:48",337.2,2,temidarasodeinde
4425,16111680,yyfeng92,"2026-05-29 14:44:53",337.2,1,yyfeng92
4426,15635341,"Yogesh Jadhav","2026-05-05 06:23:20",336.6,2,dynamo14324
4427,15886812,"Harshedh Vijay","2026-06-16 04:25:51",336.5,2,harshedhvijay
4428,16191927,"Deepak DOURESSAMY","2026-06-06 08:20:49",336.2,2,gruutri1221
4429,15856957,"Mridul Maraiya","2026-05-05 04:55:47",335.3,1,mridulmaraiya
4430,16207504,"Petits Enfoirés","2026-06-19 17:36:13",335.2,2,petitsenfoirs
4431,15937087,"Jose Maria","2026-05-25 18:32:54",334.8,2,josemari98
4432,15722360,Kyr1ll,"2026-04-23 19:28:29",334.2,1,kyr1ll
4433,15906328,"Adarsh Kaushik","2026-05-09 08:18:53",334.1,1,adarshkaushik844
4434,15695711,"Gregory Cornell Johnson Jr","2026-05-19 02:25:57",333.4,2,axiomepmhm
4435,15770964,rdevli,"2026-05-01 11:32:04",332.8,2,rdevli
4436,15653073,Sweetshadow,"2026-04-28 07:44:52",332.8,1,sweetshadow
4437,15686090,thisray,"2026-05-27 03:51:35",332.7,2,thisray
4438,15653924,SplitYourGap,"2026-04-19 21:08:09",332.4,2,qfaily
4439,16163931,xxxx333,"2026-06-10 07:48:15",332.0,2,xxxx333
4440,15720111,"Thilak SV","2026-04-24 06:07:55",331.8,2,thilaksv
4441,15758540,J.Yama,"2026-04-28 02:24:31",331.2,1,junyama09143
4442,15828784,Sidd09q,"2026-05-14 13:25:50",331.1,2,sidd09q
4443,15732644,"Abdullah Khaja","2026-04-24 16:15:16",330.8,1,abdullahkhaja
4444,15662135,"Janio Gomes Ribeiro","2026-04-28 03:32:19",330.8,2,janiogomesribeiro
4445,16159873,"JATIN MAHESHWARI","2026-06-06 13:06:45",330.6,1,jatinmaheshwarii
4446,16254568,"nitik verma","2026-06-06 23:26:31",330.3,1,nitikverma
4447,16278077,Rb,"2026-06-10 10:47:53",330.3,2,muhammedrabeeee
4448,15752239,"bai tai li","2026-05-12 13:51:14",330.2,1,baitaili
4449,15664509,"Ivan Sabev","2026-04-24 16:51:14",329.7,2,ivansabev
4450,15951673,YanZhuang026,"2026-05-18 16:48:25",329.3,2,yanzhuang026
4451,15662447,"Saagar Shah","2026-04-20 21:55:46",329.2,1,saagarshah
4452,15744230,"Shezan Ali","2026-04-27 08:41:53",329.0,2,shezanali
4453,15890385,EFFtech,"2026-05-16 06:49:02",329.0,2,efftech
4454,15642547,"Isha Sarvani ","2026-04-18 08:06:41",328.7,2,ishasarvani
4455,15693102,"Bart Simpson","2026-04-23 23:02:01",328.1,2,bartsimpson111
4456,15745155,"Aryash Jain","2026-05-11 20:02:02",327.9,1,"aryashjain1401,dhruvchoudhary2329"
4457,16128578,Aplish,"2026-06-17 07:39:27",327.6,2,"aplish,ourving"
4458,15635091,szyulian,"2026-05-24 18:28:54",327.0,2,szyulian
4459,16006339,"Matthew Garcia","2026-05-29 12:30:27",326.9,2,matt02g2
4460,15874632,luciferingstar256,"2026-05-23 05:59:39",326.6,1,luciferingstar256
4461,15690411,"Uzma Aasiya","2026-04-22 08:18:09",326.5,2,uzmaaasiya
4462,16100780,"Slime #2","2026-06-11 21:13:43",326.4,2,slimeee8888
4463,15874033,merltron,"2026-05-12 13:36:03",324.9,1,merltron
4464,15634440,"Mirza Milan Farabi","2026-06-23 15:33:38",324.9,2,mirzamilanfarabi
4465,15649351,"Kavya Dhyani","2026-06-05 18:33:20",324.1,2,kavyadhyani
4466,15657987,"Abdessamad Badaoui","2026-04-22 18:40:53",324.1,2,abdessamadbadaoui
4467,15950543,"Ebrahim Pichka","2026-05-18 18:31:34",322.1,1,ebrahimpichka
4468,15715297,Ashutoshjha,"2026-04-23 15:17:52",322.0,2,ashutosjha
4469,15749315,"Yumo Liu 0849","2026-05-22 08:42:42",321.9,2,yumoliu0849
4470,15657491,"Corentin Lespagnol","2026-05-05 09:00:18",321.5,2,lespagnolcorentin
4471,16141633,"Async Null","2026-06-01 08:35:27",321.5,1,asyncnull
4472,15649004,viji2608,"2026-04-22 14:40:01",321.5,2,viji2608
4473,15672930,"Aaron Noble 7","2026-05-02 07:24:56",321.4,2,aaronnoble7
4474,15866982,"Owen F","2026-05-05 22:09:02",321.0,2,ofkctw
4475,15663032,KiranReddy89,"2026-04-21 02:12:22",320.5,2,kiranreddy89
4476,16259546,"Tanuj Saxena","2026-06-08 05:59:03",320.1,2,tanujsaxena
4477,15702044,"Madhuwantha Priyashan","2026-05-07 15:24:31",319.6,2,madhuwanthapriyashan
4478,16344348,"Tirthesh Gutte","2026-06-14 17:30:02",318.3,2,tirtheshgutte
4479,16353703,"Aastha Bhakar","2026-06-15 10:37:34",318.2,1,aasthabhakar
4480,15663014,"Przemysław Rumpca","2026-06-04 16:07:36",318.1,2,przemysawrumpca
4481,16304668,adam555adam7,"2026-06-22 19:55:52",317.3,2,adam555adam7
4482,15677233,Calculemus,"2026-06-23 21:55:58",317.1,2,"jasperscheel,marlonfendler,sdfasdfsdfdasdfasdd"
4483,16271206,"chris Schrumm","2026-06-10 01:38:04",317.0,2,novaguy
4484,16014981,Cosheimil,"2026-06-01 11:12:25",316.6,2,cosheimil
4485,15661537,axhsaad,"2026-05-26 20:40:32",316.5,2,axhsaad
4486,15733993,"Ruslan Ershov","2026-05-23 12:42:47",316.3,1,keepmyself
4487,15637210,AndNov,"2026-06-23 23:41:47",316.2,2,andnov
4488,15668981,"Sachin Coding1","2026-04-21 14:15:45",315.9,2,sachincoding1
4489,15633478,"Subhan Hussain","2026-06-21 09:00:36",315.9,2,subhanhussain0205
4490,15758934,moneyinthebank,"2026-04-28 11:59:40",315.5,1,moneyinthebank
4491,15750145,agenlu,"2026-04-28 11:37:23",315.4,2,agenlu
4492,15823365,DivyaMUdnur,"2026-06-09 16:50:18",315.4,2,divyamudnur
4493,16097162,"Ryosuke Mukai","2026-05-28 15:40:41",315.3,1,ryosukemukai
4494,15705288,"Tisha Nandeshwar","2026-04-23 03:36:25",314.7,1,tishanandeshwar
4495,15865840,hungry4planets,"2026-06-06 16:32:35",314.4,2,divyanshskywalker
4496,15635432,"Miyashita Mizuki","2026-04-22 12:58:34",313.6,1,miyashitamizuki
4497,15662801,StarWarrior,"2026-06-01 11:56:46",313.5,2,"ahmed5030,jasht14,shubharuidas"
4498,15832610,Keanan,"2026-05-29 22:04:26",312.8,2,citerne
4499,16289702,"Organ Os","2026-06-11 21:41:51",312.5,2,zerostudio17
4500,15832807,pardoshi,"2026-05-05 16:53:59",312.5,2,pardoshi
4501,15731353,GryStn,"2026-05-01 01:26:39",312.5,2,grystn
4502,15663968,"Gourav Binoj","2026-05-08 14:37:15",311.9,2,gouravbinoj
4503,15663900,"Luis Uriel Pimentel Perez","2026-04-24 21:26:33",311.7,2,luisuriel14
4504,16135135,ZXKTS,"2026-05-31 18:42:27",310.8,2,officialzxkts
4505,15656599,"Luu Chen","2026-04-20 08:51:30",309.0,2,chenluu1011
4506,16021813,"Asif Khan","2026-05-20 05:47:26",309.0,1,asifkhan22
4507,15736642,princegarg86844,"2026-04-25 08:31:34",308.9,1,princegarg86844
4508,16040930,"Mohamed Aziz Akrout","2026-05-21 10:28:46",307.9,1,h4ckroot
4509,15665160,"Aqsa Riaz","2026-04-21 08:22:26",306.8,2,heudndijd
4510,15885379,"MULI KALYAN KUMAR REDDY ","2026-05-07 11:27:40",306.7,2,mulikalyankumarreddy
4511,15747821,"Vishal Joseph","2026-05-02 22:58:08",306.5,2,joerabbit
4512,15664498,"Chris Ellerson","2026-05-13 01:44:25",306.2,1,chrisellerson
4513,15885979,"Alexander Kwesi","2026-06-02 13:02:55",305.1,2,alexanderkwesi
4514,15853098,millions,"2026-05-19 01:49:44",304.7,2,jahaanvarandani
4515,15639360,dataWr3cker,"2026-04-24 18:48:52",304.3,1,gourabr0y555
4516,15636883,Yurnero,"2026-04-17 10:04:47",303.6,1,samson8
4517,15927985,"Ryoma Hashimoto","2026-05-11 13:57:57",303.0,1,hashiryo
4518,15723500,"Namuun Purevbayar","2026-05-08 12:30:08",302.5,2,namuunpurevbayar
4519,15931017,Saksham_rwt,"2026-06-07 07:13:10",301.7,2,sakshamrwt
4520,15942641,"Sylvain Lucas","2026-05-15 20:31:39",301.2,2,sysylafamille
4521,15994284,"Pietro Illiano","2026-05-16 22:13:43",301.1,2,pietroilliano
4522,15783015,"Omar Isbaitan","2026-06-06 13:05:50",300.7,2,omarisbaitan
4523,15853110,"Sean Ramirez","2026-05-07 13:38:32",300.5,2,seanramirez904
4524,15825642,"Simone Maranta","2026-05-02 12:42:41",300.5,1,simonemaranta
4525,15637085,"Ferdinando Forno","2026-06-18 09:21:41",299.2,1,ferdinandoforno
4526,15661153,RajKumar_Goud,"2026-05-05 18:01:29",298.7,2,rajkumargoud78963
4527,15993167,"Tian Ruen Woon","2026-06-14 09:16:44",297.7,2,tianruenwoon
4528,15633481,numerius,"2026-04-17 05:52:57",297.6,2,krishnameda
4529,16148407,"Paridhi Jain","2026-06-23 10:12:54",297.0,2,paridhipj529
4530,15854689,kavin0x,"2026-05-03 20:38:33",295.5,2,"kthecoder1,sashvathnanda"
4531,15831879,"Demon Labs","2026-06-22 15:31:35",295.4,2,lukepatterson
4532,15785176,"Sumedh Vispute","2026-04-30 03:46:06",292.8,2,sumedhvispute
4533,15644784,"Maram Ali","2026-04-21 11:23:38",292.6,2,msama01
4534,15869266,Tasmim,"2026-05-08 16:56:00",291.9,2,tasmim
4535,15698829,SoumilGupta04,"2026-04-22 17:32:26",291.8,2,soumilgupta04
4536,15686111,Jihosng,"2026-04-24 08:31:04",291.7,1,jihosng
4537,15695268,"SM.Hossien AS.Ghafoor","2026-05-21 12:44:31",290.9,2,smhasg
4538,16131664,"Divyansh Negi","2026-06-03 14:01:49",290.7,2,divyanshneg
4539,16113184,"Błażej Radzik","2026-05-31 00:43:30",288.4,1,baejradzik
4540,15844271,"Sanjeet Bakshi ","2026-06-23 20:42:41",288.4,2,sanjeetbakshi
4541,15839980,"Aghazie David","2026-05-12 22:41:12",287.9,2,aghaziedavid
4542,15726898,Brijesh4704,"2026-04-24 07:04:08",287.8,1,brijesh4704
4543,15639069,flashthunder,"2026-06-23 18:17:13",287.6,2,thunderflash
4544,16244865,"Petra Aldevand Hosyo","2026-06-06 20:40:34",287.0,2,aldevandhosyo
4545,16126631,Gordy,"2026-06-13 09:34:56",285.5,2,gordyii
4546,16042028,"): love orange juice","2026-05-23 11:34:32",284.4,2,rvaurs
4547,15861619,"Rajput Shivam Singh","2026-05-07 12:12:26",284.4,2,mrwhitedevil4
4548,15911285,"[RU] sponish_flea","2026-06-16 08:20:28",284.2,2,sponishflea
4549,15663000,"Michael Neath","2026-05-01 12:26:43",284.0,2,mikeneath
4550,16364925,"Nguyễn Tiến Đạt","2026-06-21 07:09:25",283.3,2,kainbot
4551,15951684,xGrzegorz,"2026-05-17 17:01:06",283.1,2,xgrzegorz
4552,15837533,A_4GBRam,"2026-05-07 19:39:27",282.6,2,a4gbram
4553,16374749,abobakrosman87,"2026-06-17 04:16:59",281.7,1,abobakrosman87
4554,16363064,Raph,"2026-06-23 22:13:08",280.6,1,rbbbjp
4555,15893692,"Yue Sun","2026-05-16 12:12:15",280.6,2,yus002
4556,15657472,"YUANG RAN","2026-04-22 07:27:15",279.7,2,yuangran
4557,15672301,"Aleks Aleksander","2026-05-04 16:21:33",279.5,2,aleksaleksander
4558,15860707,Rostock,"2026-05-17 17:10:49",278.1,2,timmi22194
4559,15664394,"Ujjawal Kumar shah","2026-05-03 02:36:41",277.5,2,uzwalsah
4560,15743498,"Andrade Claudio","2026-06-21 22:00:46",277.0,2,andradeclaudio
4561,15829754,"Ben Huber","2026-05-02 23:04:29",277.0,2,benhub3r
4562,15670507,"Trishanth Mellimi","2026-05-25 14:34:58",275.5,2,trishanthmellimi
4563,16177135,"Arya Pandey ","2026-06-17 05:03:12",273.1,2,aryapandey17
4564,15659239,goosehaaan,"2026-05-17 01:56:40",272.1,2,goosehaaan
4565,15633620,"Mudit Chaturvedi","2026-05-08 14:02:13",271.7,2,muchat007
4566,15663873,"Kalyan Chowdary","2026-04-21 08:29:34",270.0,2,kalyanchowdary82
4567,15773008,yjan,"2026-05-09 01:10:00",266.6,2,ynmrjava
4568,15783906,"Virtix Studio","2026-05-11 01:39:12",266.0,2,virtixstudio
4569,15921259,"Braulio Coronado","2026-06-11 00:08:36",264.3,2,brauliocoronado
4570,16240914,"SANCHI SHARMA","2026-06-17 14:12:50",262.5,2,codex5843
4571,16251845,QQQXXX123,"2026-06-23 02:28:41",261.5,2,"qqqxxx123,suisui2026"
4572,15636047,baoly1309,"2026-06-23 15:26:32",261.4,2,baoly1309
4573,16324255,"Amit Kumar #2","2026-06-13 09:07:38",260.0,1,bytebuilders123
4574,15671448,"Juan D Alfonso","2026-05-30 15:40:30",259.2,2,juandalfonso98
4575,16244491,"RIAD MOHAMED","2026-06-10 01:11:12",258.3,2,riadmohamed42
4576,15844927,"Nguyên Bảo Trương","2026-05-05 15:30:53",257.6,2,nguynbotrng
4577,15723840,"Rubeni mathayo labu","2026-04-25 11:18:28",257.1,2,rubenimathayolabu
4578,16015799,"Aflah T P","2026-05-21 05:28:21",256.9,2,aflahtp
4579,15668703,radharamana,"2026-06-22 23:31:36",256.8,2,sarvagyaporwal
4580,15776329,"Himanshu Dhiman","2026-04-29 06:27:58",254.6,1,hmnshudhmn24
4581,15636369,taniguchi1618,"2026-04-20 03:31:08",252.4,2,takumataniguchi
4582,15662684,"Stefano Blando","2026-06-17 15:17:09",251.1,2,stefanoblando
4583,16364902,"hamza khokhar890","2026-06-21 15:33:01",249.5,2,hamzakhokhar890
4584,15745445,SeVa,"2026-05-26 08:35:56",248.8,2,svallejo
4585,16043059,"Yash Savaliya","2026-06-12 18:31:51",247.1,2,y0shsavaliya17
4586,15767131,"IJAYA Kunle","2026-05-18 11:24:06",246.4,2,ijayakunle
4587,15759739,Fusahiko@555,"2026-05-08 15:11:33",245.3,2,fusahuko555fusahiko
4588,16035278,"Vigneshwar Asaithambi","2026-06-23 18:06:46",244.8,2,vigneshwarasaithambi
4589,15703723,"Dheeraj Sahi","2026-04-26 09:08:28",243.4,2,dheerajsahi
4590,15967471,"Victor Chege","2026-05-14 14:25:53",243.3,2,victorchege0
4591,16089801,Mikiyaas,"2026-06-05 10:31:32",242.5,2,mikiyaas
4592,15660928,Joshua,"2026-05-09 03:45:40",238.4,2,michaelneilly
4593,15744070,Mohoraga,"2026-04-30 16:06:16",237.7,1,peerapatsetsuk
4594,16126972,"Bahniman Bharadwaj","2026-05-31 01:17:28",237.5,2,bahnimanbharadwaj
4595,16098410,"HAOHAN WU","2026-05-29 14:25:15",236.6,2,zawdcxsw
4596,15670539,"Jackline Mutheu","2026-04-22 14:56:44",236.6,2,jacklinemutheu
4597,15998644,"vinny ruia","2026-05-18 03:00:06",236.3,2,vinnyruia
4598,15739871,"MANUEL lasarte león","2026-06-23 19:29:07",234.6,2,manuellasarte
4599,16068778,"zhao chengde","2026-05-26 09:21:00",234.5,2,zhaochengde
4600,15672844,Zordviz,"2026-05-22 12:47:00",233.8,2,zordviz
4601,16248075,YINZUAN,"2026-06-18 07:58:00",233.5,2,yinzuan
4602,15818127,"A Random Hobbyist","2026-06-16 20:05:18",231.1,2,arandomhobbyist
4603,16031397,"Thuc Nguyen Dang 111","2026-05-20 09:56:41",227.7,1,thucnguyendang111
4604,15843513,wenjiejie,"2026-05-04 06:35:20",227.3,2,wenjiejie
4605,16337332,"David I Achugbue","2026-06-23 23:50:47",226.6,2,davidikeachugbue
4606,15985884,"gogo game","2026-05-29 11:52:47",224.9,1,gogogame
4607,16058841,"Maksim Razantsau","2026-05-29 10:14:58",223.0,1,maksimrazantsau
4608,15740507,"Jaime Uclés","2026-04-29 18:19:52",221.8,2,jaimecastillo
4609,15646161,"Mariano Del Rio Angulo","2026-04-30 07:27:37",221.4,2,marianodelrioangulo
4610,16305422,JeriSadeuM,"2026-06-13 20:50:22",221.2,2,jerisadeumai
4611,15867782,iberes,"2026-06-05 04:30:24",219.4,2,jaredmindlin
4612,15730437,"Hồ Tuấn Khôi","2026-05-05 11:46:34",216.9,2,htunkhi
4613,15863760,fujii,"2026-05-23 06:45:55",214.6,2,kojisoemi
4614,15852339,"Ivan Bobyshkin","2026-06-23 23:47:54",214.3,2,vnchk23
4615,16077513,betagammashtrit,"2026-06-23 02:52:36",213.6,2,betagammashtrit
4616,15669427,"Ivan Vivares","2026-04-28 05:49:52",211.1,2,ivanvivares
4617,15661446,"Ivo Guerreiro Rosa","2026-05-10 19:18:17",210.4,2,ivoguerreirorosa
4618,15875078,aynzfqr,"2026-05-06 13:25:39",210.0,1,aynzfqr
4619,15729443,"Selahattin Günter","2026-05-26 14:52:14",209.8,2,selahattingnter
4620,15922639,"Brytan Kelly","2026-05-11 01:12:52",206.2,2,brytankelly
4621,15652190,WatMountain,"2026-04-21 14:42:47",200.9,2,phuongtheson
4622,15706188,"Dheerendra Kumar Singh","2026-06-16 02:57:18",200.5,2,dheerendrasingh
4623,16023087,AlejandroAlvarez,"2026-06-23 23:58:09",200.2,2,theworm
4624,16340289,Leander007,"2026-06-15 10:05:05",199.1,2,leander007
4625,15671115,"Jon Duea","2026-06-03 13:50:56",193.7,2,jonduea
4626,16375136,UnknownNull,"2026-06-22 11:09:59",186.6,2,unknownnull
4627,15652204,RMGough,"2026-04-25 08:43:34",186.0,2,rmgough
4628,15633771,sohatiy,"2026-06-23 16:59:06",184.3,2,sohatiy
4629,15988436,COMPLIKE,"2026-06-03 01:27:52",182.4,2,complike
4630,15676808,"Svitlana Demianiuk","2026-04-22 22:09:55",180.1,2,svitlanademianiuk
4631,15661595,QuantumDrizzy,"2026-04-21 01:08:31",180.1,2,drizzyrdrgz
4632,15672396,"Jakub Śniegocki","2026-06-23 00:20:44",176.1,2,jakubniegocki
4633,16115717,Dan13iel,"2026-06-03 07:12:51",175.0,2,dan13iel
4634,15852529,"Aneesh Lade","2026-06-23 22:36:50",174.8,2,aneesh2605
4635,16354216,Dipika.J,"2026-06-15 08:55:33",173.5,2,dipikajayakumar
4636,15857265,"Team Zenos","2026-05-06 10:50:35",172.5,1,"havishkanamarlapudi,sneakyrat,yuvatejayoyo"
4637,15683831,"giancarlo neves","2026-04-23 02:24:18",171.4,1,giancarloneves
4638,15656508,"Liviu Olos","2026-04-29 05:25:54",169.7,2,liviuolos
4639,15662618,"Alfonso Harding Jr","2026-04-21 22:44:15",168.4,2,alfonsohardingjr
4640,15750726,"Shengyuan Yin","2026-06-22 14:44:43",167.9,2,flaming0
4641,15811777,"Rabeya Noor","2026-05-01 09:55:00",166.8,2,rabeya100x
4642,15941506,"Iván Flemate Gutiérrez","2026-06-02 15:19:10",159.7,2,ivnflemategutirrez
4643,15722548,"Afrid Pasha","2026-06-23 04:40:44",157.9,2,"afridpasha1983,arunchandmallarapu,someshtellakula"
4644,16289204,Don_Qu1x0te,"2026-06-18 14:32:24",157.1,2,donqu1x0te
4645,16088908,orbit-orbit,"2026-06-10 09:19:48",156.2,2,"rishigarg777,suryansh10100"
4646,15729396,"Gerrit Zanen","2026-04-25 17:43:14",154.9,2,gerritzanen
4647,16192624,"Gerard Badia","2026-06-15 06:48:57",153.6,2,gerardbadia
4648,15891261,AIOPSAI,"2026-05-18 09:48:17",153.4,2,"aiopsai,nkn199"
4649,15776414,"Naomi Xiaang","2026-05-12 07:37:37",153.0,2,naomixiaang
4650,15662368,"João Paulo Jesus","2026-05-08 04:55:27",151.8,2,joopaulojesus
4651,15671794,"Eduardo Carvalho","2026-06-22 23:01:35",151.6,2,eduardompc
4652,15719078,"J C CHARAN SAI","2026-04-27 11:44:41",150.4,2,cherry1561
4653,16257689,"Prabhat Gond","2026-06-07 10:57:14",149.8,2,prabhatgond
4654,15751055,"Gustavo Mascarenhas Camargos e Silva","2026-06-21 05:12:03",149.5,2,spgustavomascarenhas
4655,15789019,HyperSeedOptimized,"2026-05-16 02:44:17",148.3,1,gideonteo
4656,15661784,"Alpha Orbit Wars","2026-05-20 15:43:45",148.3,2,"chiragmc,udaysonawane"
4657,15815310,a312109,"2026-05-03 07:53:06",147.5,1,a312109
4658,15838438,Obvio7,"2026-05-11 22:44:52",147.4,2,obvio7
4659,16137504,"Rishik Alluri","2026-06-01 02:06:39",145.2,2,rishikalluri
4660,15633845,OsamaSarhan,"2026-05-02 18:45:12",144.4,2,osamasarhan
4661,15789170,doublek,"2026-05-08 07:40:35",144.1,2,doublek
4662,15886440,"Malaika Ijaz","2026-05-09 06:15:34",144.1,2,malaikaijaz2027
4663,15794581,"Jorge Manrique","2026-05-06 13:07:43",143.8,2,jfmanrique
4664,15670899,Chuck,"2026-04-22 06:46:51",142.0,2,chukwumaogeonunkwo
4665,16239421,神谷　友紀,"2026-06-13 07:24:19",141.1,2,yuki2path21journey
4666,15902739,"Ghazaros Barseghyan","2026-05-23 11:05:56",141.0,2,ghazarosbarseghyan91
4667,16362878,"AK SIDHARTH","2026-06-23 17:27:37",140.9,1,aksidharth
4668,15666737,"Adarsh Goel","2026-05-20 00:50:48",140.7,2,adarshgoel2001
4669,16033251,"Tin Moe Khaing","2026-05-21 07:35:42",140.4,2,tmk752
4670,15738901,"L K Vaibhav ","2026-04-27 13:32:48",140.3,2,lkvaibhav
4671,16199237,aiabc100,"2026-06-05 12:38:51",140.2,2,aiabc100
4672,15999217,TXCQ,"2026-05-20 13:34:29",140.2,2,zxttjycq
4673,16085968,mealck,"2026-06-23 23:38:13",139.8,2,mealck
4674,15898931,divinesouljoy,"2026-05-08 16:58:40",139.5,2,divinesouljoy
4675,15891456,"Nate Hancock","2026-05-08 11:43:04",139.2,2,natehancock
4676,15698324,mmrbulbul,"2026-04-25 13:47:18",138.6,1,mmrbulbul
4677,15803740,Alex,"2026-05-01 00:18:14",138.0,2,computie
4678,15766738,"ismael hamdy","2026-04-30 10:37:13",137.3,2,ismaelhamdy
4679,15672564,adelelsayed,"2026-05-16 03:45:44",137.3,2,adelelsayed
4680,15966160,TrDung22,"2026-05-15 15:31:43",137.2,2,trdung22
4681,15672485,"Mas Eka Cirebon","2026-04-23 15:34:42",136.4,2,masekacirebon
4682,15696657,Lwenwu,"2026-04-23 15:17:06",136.1,2,lwenwu
4683,15703914,"Mariusz Lubkowski","2026-05-17 07:38:30",135.8,2,mariuszlubkowski
4684,16145769,King,"2026-06-12 13:41:22",135.2,2,therazzzz
4685,16069536,XeY10232,"2026-05-25 07:55:50",134.8,2,xey10232
4686,15672988,Pro_Analyst,"2026-04-27 10:43:20",134.7,2,alkakumari1234
4687,15708763,killer9ueen,"2026-04-23 11:58:10",134.7,2,killer9ueen
4688,15984923,"yossef hassan","2026-05-15 13:33:21",134.4,1,yossefhassan
4689,15775864,MONSTERDOG✴︎AI,"2026-06-06 01:16:35",134.0,2,aicompagnonx
4690,16345326,"Fábio Barreto","2026-06-14 19:24:47",133.1,1,fbiobarreto
4691,15639853,"Zening Piao","2026-04-20 05:37:45",133.0,2,zeningpiao
4692,16291375,"Tegar Putrayas Dentatama","2026-06-23 16:09:58",132.3,2,tegarputrayasd
4693,15652050,"Dr/ameen Fayed","2026-04-28 19:33:35",131.7,2,aminmahmoudalifayed
4694,15663191,"Wanda Sajili","2026-04-21 01:01:34",131.3,1,wandasajili
4695,15688766,Nuclei,"2026-04-23 13:33:20",131.0,2,sahajsaliya
4696,15658817,"Tra Crew","2026-04-23 05:24:11",130.5,2,tracrew
4697,15767081,FutaArahori,"2026-04-28 23:02:50",130.0,1,futa1arahori
4698,16029773,"k7137 K","2026-06-08 10:13:35",130.0,2,k7137k
4699,15654765,shigeria,"2026-06-23 23:55:01",129.1,2,shigeria
4700,15662914,lalaskeith,"2026-04-20 23:42:46",128.9,1,londonkeithmhlanga
4701,15667266,"Navoneel Bhattacharya","2026-04-21 10:11:55",127.7,2,navoneeldev
4702,16330942,"Ahmed Abdelhmed","2026-06-22 13:44:49",127.5,2,ahmedabdelhmed
4703,15662560,reyGuerrasOrbitais,"2026-04-24 07:45:02",127.5,2,natliaqueiroz
4704,16011838,"Yoav Tsafrir","2026-05-18 13:00:12",127.2,2,yoavtsafrir
4705,15823227,Francisco_Robledo,"2026-05-04 00:23:25",126.9,2,franciscorole
4706,15691001,Vivek_1124,"2026-04-22 06:07:47",126.9,1,vivek1124
4707,15722480,"Syeda Sara Ali","2026-06-22 17:37:09",125.9,2,k230070syedasaraali
4708,15723477,"caio fitipaldi","2026-04-24 00:52:26",124.5,1,caiofitipaldi
4709,15659657,coc.97,"2026-05-05 11:23:31",124.2,2,joshdilipkumarpatel
4710,15730184,"stathis maurog","2026-05-04 21:34:40",123.7,2,stathismaurog
4711,15971831,likangchentJohn,"2026-05-14 13:26:49",123.6,1,likangchentjohn
4712,15977945,Vaioca,"2026-05-22 23:46:36",122.7,2,vaioca
4713,15694063,Manvendra,"2026-05-03 06:35:19",122.1,1,manvendrayadav23
4714,16079043,"vishal hirani","2026-06-01 06:21:18",121.2,2,vishalhirani09
4715,16006178,CalebFringer,"2026-06-16 02:48:08",118.5,2,"barstow2,calebfringer"
4716,15997893,yas-sabina-min,"2026-06-23 23:55:04",117.3,2,yassabinamin
4717,15672977,vick,"2026-05-24 17:55:45",116.9,2,acacac98966
4718,15722720,"hamid chaouchi","2026-04-27 11:52:59",115.1,1,hamidchaouchi
4719,16278979,KathLeenLoveData,"2026-06-09 15:20:49",112.6,1,kathleenlovedata
4720,15672184,"Damon Rice","2026-05-03 23:49:22",112.3,1,damonrice
4721,16139216,"Danil Alekseenko","2026-06-19 12:40:40",111.1,1,brkdrd
4722,15637582,"Alif Sathar","2026-04-17 11:47:16",111.0,1,alifsathar
4723,16235400,"Travis D Jones","2026-06-08 19:28:14",108.8,2,travisjones1229
4724,16358636,R1SH1KESH07,"2026-06-16 11:07:10",108.4,2,r1sh1kesh07
4725,15855318,"Ethan Fung","2026-05-05 04:13:34",103.6,1,hochroticef07
4726,15639960,"Gabriel Rodrigues De Andrade Salles","2026-04-17 19:19:53",101.2,2,gbsalles
4727,16114262,"Kumar Shivansh","2026-06-21 07:26:11",60.4,1,kumarshivansh
4728,15807656,wakka53,"2026-05-01 05:37:30",35.3,1,wakka53
4729,15654119,"Ayush Khaire","2026-04-29 23:48:52",34.5,2,ayushkhaire
