episode_id,step,player_idx,launch_idx,n_players,n_planets,n_fleets,pro_src_id,pro_target_id,pro_ships,pro_angle,pro_action_type,pro_target_owner,pro_target_priority,pro_target_zone,pro_rank_in_targets,n_targets,heur_top_target_id,heur_top_priority,heur_top1,heur_top3,heur_top5,heur_top10,heur_n_moves,heur_action_src_id,heur_action_target_id,heur_action_type,heur_action_ships,src_match,target_match,type_match,heur_idle,error,phase,final_reward,sanity_owner_match,sanity_ship_match,sanity_fleet_count_match,sanity_n_planets_compared,proj_owner_accuracy,proj_active_accuracy,proj_n_active,proj_horizon
75372144,190,1,0,4,32,26,12,1,23,2.4902,reinforce,1,0.6286,contested,1.0,15,1.0,0.6286,True,True,True,True,8,12.0,1.0,reinforce,21.0,True,True,True,False,,0.9005,1.0,1.0,1.0,True,32.0,,,,
75375338,187,1,0,2,32,14,2,22,120,2.8623,reinforce,1,-0.2133,periphery,10.0,22,7.0,1.184,False,False,False,True,7,31.0,7.0,reinforce,48.0,False,False,True,False,,0.4746,-1.0,,,,,,,,
75375338,283,0,0,2,36,42,6,7,11,3.1416,enemy,1,2.1219,priority_target,1.0,18,7.0,2.1219,True,True,True,True,5,0.0,28.0,reinforce,201.0,False,False,False,False,,0.7183,1.0,,,,,,,,
75375338,282,1,0,2,36,40,31,7,65,5.7945,enemy,0,1.6684,priority_target,2.0,24,12.0,1.6799,False,True,True,True,3,31.0,2.0,reinforce,87.0,True,False,False,False,,0.7157,-1.0,,,,,,,,
75375338,262,0,1,2,36,28,28,22,73,-1.771,enemy,1,-0.753,periphery,13.0,17,25.0,0.2963,False,False,False,False,5,32.0,4.0,reinforce,3.0,False,False,False,False,,0.665,1.0,,,,,,,,
75556366,128,3,0,4,28,8,22,6,3,2.4912,enemy,1,0.2807,priority_target,9.0,27,25.0,3.5819,False,False,False,True,0,,,,,False,False,False,True,,0.8,-1.0,,,,,,,,
75560041,157,1,0,2,36,20,0,17,22,2.8281,enemy,0,-1.0034,contested,9.0,12,1.0,0.9176,False,False,False,True,2,21.0,17.0,enemy,49.0,False,True,True,False,,0.7889,1.0,,,,,,,,
75560041,109,1,0,2,32,20,15,29,22,1.7753,enemy,0,-0.7797,contested,12.0,19,26.0,0.677,False,False,False,False,1,2.0,15.0,reinforce,29.0,False,False,False,False,,0.5477,1.0,,,,,,,,
75560041,87,1,0,2,32,15,7,25,30,0.3757,neutral,-1,-0.7395,contested,13.0,20,24.0,0.959,False,False,False,False,3,20.0,6.0,reinforce,3.0,False,False,False,False,,0.4372,1.0,,,,,,,,
75608555,87,0,0,2,28,53,20,1,30,2.2889,reinforce,0,-0.3024,isolated,,9,8.0,0.8675,False,False,False,False,3,20.0,7.0,enemy,41.0,True,False,False,False,,0.5724,1.0,,,,,,,,
75610004,124,1,9,4,28,153,18,1,8,2.2385,neutral,-1,0.4567,easy_target,2.0,2,2.0,0.4687,False,True,True,True,0,,,,,False,False,False,True,,0.8732,1.0,1.0,1.0,True,28.0,,,,
75614274,109,1,2,2,28,23,5,17,28,2.8127,neutral,-1,-2.4747,periphery,3.0,3,1.0,1.0556,False,True,True,True,0,,,,,False,False,False,True,,0.9008,1.0,,,,,,,,
75618884,74,3,0,4,28,24,12,22,61,-0.149,enemy,2,-1.6979,hard_far,14.0,15,11.0,3.3878,False,False,False,False,2,17.0,3.0,reinforce,46.0,False,False,False,False,,0.3592,1.0,,,,,,,,
75624437,143,1,0,4,36,36,35,0,34,-0.2608,reinforce,1,-0.3015,rear,,21,29.0,1.9876,False,False,False,False,2,21.0,0.0,reinforce,63.0,False,True,True,False,,0.5396,-1.0,,,,,,,,
75632972,130,3,1,4,24,29,6,2,52,0.1677,enemy,2,-0.8273,periphery,6.0,16,18.0,2.57,False,False,False,True,2,7.0,0.0,enemy,31.0,False,False,True,False,,0.2808,1.0,,,,,,,,
75641715,302,2,11,4,28,374,14,7,2,-1.3719,reinforce,2,-0.0587,mid,,0,,,False,False,False,False,0,,,,,False,False,False,True,,0.9379,1.0,,,,,,,,
75641715,313,2,15,4,28,400,20,19,4,-2.8515,reinforce,2,-0.8848,isolated,,0,,,False,False,False,False,0,,,,,False,False,False,True,,0.972,1.0,,,,,,,,
75641715,262,2,1,4,32,23,23,0,39,0.4282,enemy,1,-1.2167,rear,,8,21.0,2.9331,False,False,False,False,1,13.0,10.0,reinforce,11.0,False,False,False,False,,0.8137,1.0,,,,,,,,
75641715,318,2,18,4,28,454,22,5,35,2.1786,reinforce,2,-0.0362,mid,,0,,,False,False,False,False,0,,,,,False,False,False,True,,0.9876,1.0,,,,,,,,
75641802,227,0,6,4,24,458,9,1,6,1.2554,reinforce,0,-1.1109,isolated,,0,,,False,False,False,False,0,,,,,False,False,False,True,,0.9742,1.0,,,,,,,,
75641802,171,0,4,4,28,49,23,11,181,-0.3694,enemy,3,-0.1287,priority_target,3.0,6,17.0,1.2414,False,True,True,True,2,10.0,13.0,reinforce,15.0,False,False,False,False,,0.7339,1.0,0.9643,0.9643,False,28.0,,,,
75641802,191,0,0,4,24,243,0,5,4,2.9774,reinforce,0,-0.0154,mid,,0,,,False,False,False,False,0,,,,,False,False,False,True,,0.8197,1.0,,,,,,,,
75641802,220,0,8,4,24,441,10,8,5,1.9885,reinforce,0,0.1818,mid,,0,,,False,False,False,False,0,,,,,False,False,False,True,,0.9442,1.0,,,,,,,,
75641802,213,0,18,4,24,402,23,12,5,1.435,reinforce,0,0.0445,mid,,0,,,False,False,False,False,0,,,,,False,False,False,True,,0.9142,1.0,,,,,,,,
75641802,177,0,9,4,28,99,12,10,24,-0.9404,reinforce,0,0.0841,mid,,4,14.0,1.9424,False,False,False,False,5,23.0,3.0,reinforce,15.0,False,False,True,False,,0.7597,1.0,,,,,,,,
75641802,185,0,13,4,24,194,18,12,2,2.2215,reinforce,0,-0.3041,rear,,1,6.0,1.5815,False,False,False,False,2,17.0,6.0,enemy,92.0,False,False,False,False,,0.794,1.0,,,,,,,,
75642437,294,3,8,4,32,211,17,12,7,1.2523,reinforce,3,-0.7127,rear,,8,16.0,1.1541,False,False,False,False,2,28.0,22.0,enemy,25.0,False,False,False,False,,0.7597,1.0,,,,,,,,
75642437,355,3,5,4,36,369,9,5,10,2.6885,reinforce,3,-0.4598,bastion,,8,3.0,2.4508,False,False,False,False,1,29.0,22.0,enemy,18.0,False,False,False,False,,0.9173,1.0,,,,,,,,
75642437,335,3,0,4,32,301,0,20,2,-0.5288,enemy,2,-1.123,isolated,,9,12.0,-0.0899,False,False,False,False,3,3.0,24.0,reinforce,25.0,False,False,False,False,,0.8656,1.0,,,,,,,,
75642437,322,3,5,4,32,247,9,1,2,-2.2596,reinforce,3,-1.2373,rear,,10,4.0,2.7223,False,False,False,False,0,,,,,False,False,False,True,,0.832,1.0,,,,,,,,
75642437,256,3,5,4,36,87,14,10,2,-0.1509,enemy,2,0.4693,easy_target,3.0,11,29.0,0.9285,False,True,True,True,2,31.0,9.0,enemy,11.0,False,False,True,False,,0.6615,1.0,1.0,1.0,True,36.0,,,,
75642437,276,3,13,4,36,146,33,21,10,1.8103,enemy,2,-0.6352,frontline,,15,5.0,1.5721,False,False,False,False,1,25.0,5.0,enemy,14.0,False,False,True,False,,0.7132,1.0,,,,,,,,
75642437,170,1,0,4,36,19,2,6,59,-1.6928,reinforce,1,-0.2849,isolated,,21,22.0,1.6525,False,False,False,False,6,27.0,22.0,enemy,84.0,False,False,False,False,,0.4393,-1.0,,,,,,,,
75642437,381,3,26,4,36,380,34,6,3,-1.5018,reinforce,3,-0.2463,isolated,,0,,,False,False,False,False,0,,,,,False,False,False,True,,0.9845,1.0,,,,,,,,
75642437,31,0,0,4,32,9,18,29,36,3.5099,neutral,-1,-0.635,periphery,17.0,28,26.0,2.7932,False,False,False,False,1,18.0,24.0,neutral,32.0,True,False,True,False,,0.0801,-1.0,,,,,,,,
75648312,24,2,0,4,36,14,6,3,22,3.0585,enemy,3,-1.2219,hard_far,26.0,29,30.0,3.175,False,False,False,False,3,6.0,30.0,neutral,28.0,True,False,False,False,,0.1333,1.0,,,,,,,,
75648312,34,0,0,4,36,21,30,8,1,1.4525,reinforce,0,0.3179,contested,,29,26.0,2.5404,False,False,False,False,4,8.0,30.0,reinforce,35.0,False,False,True,False,,0.1889,-1.0,,,,,,,,
75649223,42,2,0,4,36,13,10,9,25,2.4714,enemy,1,-1.2679,hard_far,23.0,28,21.0,3.0703,False,False,False,False,0,,,,,False,False,False,True,,0.2246,1.0,,,,,,,,
75653592,203,2,0,4,36,11,13,11,211,-2.1402,enemy,0,2.8666,easy_target,1.0,4,11.0,2.8666,True,True,True,True,3,8.0,16.0,neutral,31.0,False,False,False,False,,0.9442,1.0,,,,,,,,
75653796,144,1,0,2,32,15,23,29,139,0.6804,enemy,0,-0.891,periphery,11.0,19,30.0,1.8933,False,False,False,False,6,5.0,9.0,reinforce,24.0,False,False,False,False,,0.6667,1.0,,,,,,,,
75665474,32,0,0,2,32,5,16,22,18,-1.7813,neutral,-1,-0.639,mid,,26,7.0,2.0586,False,False,False,False,3,16.0,23.0,enemy,16.0,True,False,False,False,,0.4,1.0,1.0,1.0,True,32.0,,,,
75672648,31,1,0,2,20,5,7,4,20,0.6981,enemy,0,-1.5569,hard_far,11.0,13,2.0,1.7148,False,False,False,False,2,13.0,9.0,reinforce,12.0,False,False,False,False,,0.1867,1.0,,,,,,,,
75672648,65,0,0,2,24,22,17,6,17,-0.9664,reinforce,0,1.8976,contested,1.0,14,6.0,1.8976,True,True,True,True,6,17.0,6.0,reinforce,12.0,True,True,True,False,,0.3916,-1.0,,,,,,,,
75674654,69,1,0,2,36,26,7,3,65,-0.7412,reinforce,1,-0.3335,rear,,21,13.0,2.0672,False,False,False,False,1,25.0,29.0,enemy,6.0,False,False,False,False,,0.3485,1.0,,,,,,,,
75674654,56,1,1,2,36,14,7,24,55,0.933,reinforce,1,-0.5793,rear,,19,6.0,2.1305,False,False,False,False,0,,,,,False,False,False,True,,0.2828,1.0,,,,,,,,
75678884,282,3,0,4,32,20,2,17,30,2.402,reinforce,3,0.3663,contested,,8,26.0,0.6969,False,False,False,False,0,,,,,False,False,False,True,,0.5767,1.0,,,,,,,,
75681966,50,1,0,4,36,11,13,28,14,1.2678,reinforce,1,-0.7568,contested,,25,11.0,2.5381,False,False,False,False,2,13.0,15.0,enemy,16.0,True,False,False,False,,0.3497,-1.0,,,,,,,,
75684015,60,0,1,2,32,14,24,28,18,-2.0532,enemy,1,,,,16,23.0,1.544,False,False,False,False,0,,,,,False,False,False,True,,0.3681,1.0,,,,,,,,
75684015,110,1,3,2,28,29,20,19,15,-2.8324,reinforce,1,0.2746,contested,,21,6.0,1.8911,False,False,False,False,1,26.0,6.0,enemy,55.0,False,False,False,False,,0.6748,-1.0,,,,,,,,
75693368,201,3,19,4,32,369,21,19,4,-1.9756,reinforce,3,-1.143,isolated,,0,,,False,False,False,False,0,,,,,False,False,False,True,,0.971,1.0,,,,,,,,
75693368,141,3,0,4,32,24,12,10,31,-1.8936,reinforce,3,0.8726,contested,,19,22.0,2.8326,False,False,False,False,1,20.0,24.0,enemy,6.0,False,False,False,False,,0.6812,1.0,1.0,1.0,True,32.0,,,,
75693368,123,2,0,4,32,26,20,2,37,-0.5679,enemy,3,0.8046,contested,4.0,22,26.0,2.1669,False,False,True,True,0,,,,,False,False,False,True,,0.5942,-1.0,,,,,,,,
75693368,50,2,0,4,36,14,23,22,24,2.1411,enemy,0,0.0345,periphery,7.0,22,21.0,2.0517,False,False,False,True,1,6.0,12.0,enemy,15.0,False,False,True,False,,0.2415,-1.0,,,,,,,,
75693368,130,2,0,4,32,18,12,24,17,-2.2701,enemy,3,0.5191,contested,,21,26.0,2.9973,False,False,False,False,0,,,,,False,False,False,True,,0.628,-1.0,,,,,,,,
75696094,156,1,18,2,28,275,21,24,5,-1.8539,neutral,-1,,,,2,16.0,2.464,False,False,False,False,3,10.0,5.0,reinforce,45.0,False,False,False,False,,0.8125,1.0,,,,,,,,
75696094,170,1,11,2,28,346,17,20,3,-1.306,reinforce,1,0.2433,mid,,0,,,False,False,False,False,0,,,,,False,False,False,True,,0.8854,1.0,,,,,,,,
75696094,143,1,10,2,24,196,16,10,2,-0.302,neutral,-1,-0.6095,frontline,,4,9.0,2.7034,False,False,False,False,0,,,,,False,False,False,True,,0.7448,1.0,,,,,,,,
75696709,80,3,0,4,36,30,25,4,48,0.2304,neutral,-1,0.5991,priority_target,1.0,15,4.0,0.5991,True,True,True,True,2,6.0,22.0,reinforce,80.0,False,False,False,False,,0.6349,1.0,,,,,,,,
75697081,30,0,0,2,32,6,12,17,22,-2.466,neutral,-1,0.6207,priority_target,5.0,26,20.0,2.1384,False,False,True,True,2,16.0,1.0,neutral,17.0,False,False,True,False,,0.2256,-1.0,,,,,,,,
75697366,122,1,2,4,36,53,13,9,12,0.0407,reinforce,1,-0.6922,bastion,,12,35.0,0.4817,False,False,False,False,5,0.0,25.0,neutral,33.0,False,False,False,False,,0.5495,1.0,,,,,,,,
75697366,77,1,0,4,40,36,5,13,15,0.6916,reinforce,1,-1.3128,bastion,,23,4.0,1.5666,False,False,False,False,1,29.0,3.0,neutral,51.0,False,False,False,False,,0.3468,1.0,1.0,1.0,True,40.0,,,,
75697366,156,1,7,4,40,92,31,4,17,0.2112,reinforce,1,-0.4569,bastion,,2,6.0,0.1084,False,False,False,False,2,3.0,10.0,reinforce,19.0,False,False,True,False,,0.7027,1.0,,,,,,,,
75698121,134,1,1,2,32,40,16,12,15,2.6348,reinforce,1,-0.0624,mid,,6,22.0,1.2557,False,False,False,False,2,19.0,31.0,reinforce,16.0,False,False,True,False,,0.8481,1.0,,,,,,,,
75699482,299,3,13,4,32,564,16,10,32,-0.4195,reinforce,3,-0.5491,isolated,,0,,,False,False,False,False,0,,,,,False,False,False,True,,0.9967,1.0,,,,,,,,
75699482,163,3,0,4,36,21,6,2,39,-2.1887,enemy,0,0.8946,priority_target,4.0,20,22.0,2.4779,False,False,True,True,5,1.0,0.0,reinforce,90.0,False,False,False,False,,0.5433,1.0,,,,,,,,
75699482,265,3,23,4,36,269,31,10,2,0.1046,reinforce,3,-0.4914,isolated,,0,,,False,False,False,False,2,6.0,25.0,reinforce,61.0,False,False,True,False,,0.8833,1.0,,,,,,,,
75699482,296,3,11,4,32,534,12,7,2,-1.3479,reinforce,3,-0.3422,isolated,,0,,,False,False,False,False,0,,,,,False,False,False,True,,0.9867,1.0,,,,,,,,
75699482,293,3,18,4,32,497,18,15,6,-1.3312,reinforce,3,-0.0669,mid,,0,,,False,False,False,False,0,,,,,False,False,False,True,,0.9767,1.0,,,,,,,,
75699482,247,3,13,4,32,103,20,30,2,-0.9677,enemy,2,-0.7083,isolated,,3,14.0,1.6029,False,False,False,False,1,17.0,26.0,enemy,25.0,False,False,True,False,,0.8233,1.0,,,,,,,,
75699482,40,1,0,4,32,15,16,5,31,2.338,enemy,0,1.257,contested,5.0,24,12.0,2.1251,False,False,True,True,4,11.0,31.0,neutral,28.0,False,False,False,False,,0.1333,-1.0,,,,,,,,
75699482,148,3,1,4,32,28,29,9,39,1.3069,reinforce,3,-0.6275,frontline,,21,18.0,1.626,False,False,False,False,4,19.0,9.0,reinforce,19.0,False,True,True,False,,0.4933,1.0,1.0,1.0,True,32.0,,,,
75699913,131,0,0,2,28,39,1,13,22,-2.3807,reinforce,0,-2.1364,hard_far,7.0,7,22.0,0.8393,False,False,False,True,2,6.0,15.0,enemy,41.0,False,False,False,False,,0.8239,1.0,,,,,,,,
75700277,116,2,0,4,28,23,19,1,32,2.0483,enemy,3,-1.605,hard_far,16.0,23,14.0,2.7563,False,False,False,False,2,26.0,22.0,enemy,26.0,False,False,True,False,,0.5771,-1.0,,,,,,,,
75701419,127,1,0,2,36,32,26,11,10,2.4679,reinforce,1,-0.9571,mid,,10,8.0,-0.0664,False,False,False,False,2,18.0,21.0,enemy,34.0,False,False,False,False,,0.756,1.0,,,,,,,,
75709643,200,3,3,4,28,62,8,5,32,3.0109,reinforce,3,0.3785,mid,,0,,,False,False,False,False,0,,,,,False,False,False,True,,0.8065,1.0,,,,,,,,
75709643,91,1,0,4,28,18,14,11,31,-1.9194,enemy,3,-1.2755,hard_far,12.0,18,19.0,3.0128,False,False,False,False,2,16.0,9.0,neutral,38.0,False,False,False,False,,0.3669,-1.0,,,,,,,,
75709643,189,3,0,4,28,74,0,4,12,-1.4502,reinforce,3,0.6156,mid,,0,,,False,False,False,False,0,,,,,False,False,False,True,,0.7621,1.0,,,,,,,,
75709643,159,0,0,4,32,66,0,20,50,-1.9399,enemy,3,0.0757,contested,,26,10.0,2.5941,False,False,False,False,0,,,,,False,False,False,True,,0.6411,-1.0,,,,,,,,
75709643,200,3,0,4,28,62,26,2,90,-2.9296,reinforce,3,-0.3229,isolated,,0,,,False,False,False,False,0,,,,,False,False,False,True,,0.8065,1.0,,,,,,,,
75709643,173,3,5,4,32,81,2,13,11,1.5516,reinforce,3,-0.3394,rear,,3,0.0,0.9965,False,False,False,False,6,13.0,0.0,reinforce,47.0,False,False,True,False,,0.6976,1.0,,,,,,,,
75710307,53,2,0,4,28,19,23,10,23,-1.8075,reinforce,2,-0.162,contested,,17,8.0,1.8122,False,False,False,False,2,23.0,7.0,enemy,14.0,True,False,False,False,,0.3136,-1.0,1.0,1.0,True,28.0,,,,
75710307,67,2,0,4,28,21,19,2,22,-1.7539,reinforce,2,-0.2593,rear,,19,23.0,2.8275,False,False,False,False,7,19.0,2.0,reinforce,14.0,True,True,True,False,,0.3964,-1.0,,,,,,,,
75714286,362,0,15,4,32,605,27,5,4,-2.3967,reinforce,0,-0.4934,mid,,0,,,False,False,False,False,0,,,,,False,False,False,True,,0.9891,1.0,,,,,,,,
75714286,356,0,7,4,32,541,11,31,2,0.9544,reinforce,0,,,,0,,,False,False,False,False,2,15.0,28.0,neutral,196.0,False,False,False,False,,0.9727,1.0,,,,,,,,
75714286,362,0,1,4,32,605,1,5,5,-1.6802,reinforce,0,-0.4934,mid,,0,,,False,False,False,False,0,,,,,False,False,False,True,,0.9891,1.0,,,,,,,,
75716279,186,3,1,4,28,32,17,25,45,0.0383,enemy,2,0.1604,frontline,,9,24.0,1.6307,False,False,False,False,3,22.0,10.0,neutral,16.0,False,False,False,False,,0.8122,1.0,,,,,,,,
75716279,165,2,1,4,32,32,16,24,6,-2.1899,reinforce,2,-0.7455,priority_target,6.0,17,18.0,0.2969,False,False,False,True,0,,,,,False,False,False,True,,0.7205,-1.0,,,,,,,,
75716279,39,3,0,4,28,10,27,26,18,0.7562,enemy,2,-0.5104,periphery,14.0,24,25.0,2.1554,False,False,False,False,3,27.0,26.0,enemy,7.0,True,True,True,False,,0.1703,1.0,,,,,,,,
75717722,482,0,5,4,32,274,6,10,5,1.3963,reinforce,0,-0.8011,rear,,4,11.0,-2.0639,False,False,False,False,0,,,,,False,False,False,True,,0.9659,-1.0,,,,,,,,
75717722,363,3,4,4,32,0,7,3,404,-0.7248,enemy,0,-0.2247,periphery,20.0,28,4.0,1.3092,False,False,False,False,0,,,,,False,False,False,True,,0.7275,-1.0,,,,,,,,
75717722,483,0,23,4,32,297,27,2,3,0.0,reinforce,0,-1.3506,rear,,4,5.0,-1.8803,False,False,False,False,0,,,,,False,False,False,True,,0.9679,-1.0,1.0,1.0,True,28.0,,,,
75717722,361,3,0,4,32,0,5,25,205,0.0617,enemy,0,0.6247,periphery,3.0,28,4.0,1.3281,False,True,True,True,0,,,,,False,False,False,True,,0.7234,-1.0,,,,,,,,
75717722,345,3,6,4,28,0,5,11,188,-1.3295,enemy,1,-0.8152,priority_target,24.0,28,22.0,0.569,False,False,False,False,0,,,,,False,False,False,True,,0.6914,-1.0,,,,,,,,
75717722,310,3,0,4,28,0,25,4,361,-0.0428,enemy,0,0.5627,hard_far,2.0,28,6.0,0.8746,False,True,True,True,0,,,,,False,False,False,True,,0.6212,-1.0,,,,,,,,
75731565,209,0,2,4,24,24,0,4,16,-0.2218,reinforce,0,-0.3684,hard_far,4.0,13,16.0,1.1145,False,False,True,True,0,,,,,False,False,False,True,,0.6656,-1.0,,,,,,,,
75736695,85,1,1,2,24,23,1,0,35,0.4875,enemy,0,0.512,frontline,,7,4.0,0.4569,False,False,False,False,1,18.0,0.0,enemy,23.0,False,True,True,False,,0.7391,1.0,,,,,,,,
75738228,199,3,0,4,36,6,13,11,173,-2.6385,enemy,2,0.1337,hard_far,14.0,34,7.0,2.279,False,False,False,False,0,,,,,False,False,False,True,,0.7866,-1.0,,,,,,,,
75749145,267,2,0,4,32,34,11,12,22,0.6877,reinforce,2,-1.6855,priority_target,16.0,20,15.0,2.0198,False,False,False,False,1,18.0,23.0,reinforce,69.0,False,False,True,False,,0.837,-1.0,,,,,,,,
75749145,246,0,1,4,28,30,19,8,35,0.4433,reinforce,0,-0.4167,isolated,,10,12.0,0.4261,False,False,False,False,8,23.0,27.0,enemy,32.0,False,False,False,False,,0.7712,1.0,,,,,,,,
75749145,253,0,0,4,32,34,21,13,12,1.7339,reinforce,0,-0.0981,bastion,,10,3.0,1.3387,False,False,False,False,3,20.0,6.0,enemy,75.0,False,False,False,False,,0.7931,1.0,,,,,,,,
75749145,100,3,0,4,28,27,3,14,56,1.6755,reinforce,3,0.2881,bastion,,14,23.0,0.897,False,False,False,False,2,13.0,0.0,enemy,40.0,False,False,False,False,,0.3135,-1.0,1.0,1.0,True,28.0,0.2857,0.4286,14.0,200.0
75755341,140,1,0,2,28,30,4,6,18,-1.3851,reinforce,1,-0.0297,contested,,20,22.0,1.2628,False,False,False,False,0,,,,,False,False,False,True,,0.7568,-1.0,,,,,,,,
75755341,88,1,0,2,28,18,27,25,18,-0.4573,reinforce,1,-0.0917,frontline,,14,18.0,2.0363,False,False,False,False,1,6.0,22.0,neutral,30.0,False,False,False,False,,0.4757,-1.0,,,,,,,,
75755341,86,1,0,2,28,11,16,11,24,2.9621,enemy,0,-1.1428,periphery,11.0,15,18.0,1.525,False,False,False,False,1,6.0,22.0,neutral,30.0,False,False,False,False,,0.4649,-1.0,,,,,,,,
75755341,106,0,0,2,28,20,13,8,6,-0.2969,enemy,1,-1.4088,periphery,10.0,14,21.0,0.7682,False,False,False,True,0,,,,,False,False,False,True,,0.573,1.0,,,,,,,,
75773401,29,2,0,4,28,22,2,4,10,1.6472,reinforce,2,-0.9389,rear,,21,0.0,3.0357,False,False,False,False,0,,,,,False,False,False,True,,0.2437,1.0,,,,,,,,
75776178,83,0,0,4,36,24,33,3,1,1.7406,neutral,-1,-0.2011,priority_target,5.0,21,1.0,1.3647,False,False,True,True,0,,,,,False,False,False,True,,0.5497,-1.0,,,,,,,,
75778169,136,1,1,2,32,107,8,28,34,2.1602,reinforce,1,-0.6051,bastion,,3,7.0,0.0714,False,False,False,False,0,,,,,False,False,False,True,,0.951,1.0,,,,,,,,
75778542,103,0,0,2,24,6,17,11,29,-2.4049,enemy,1,0.8482,contested,3.0,12,7.0,1.2709,False,True,True,True,5,22.0,3.0,neutral,28.0,False,False,False,False,,0.7863,1.0,,,,,,,,
75778962,113,1,5,2,32,68,11,15,2,2.0023,reinforce,1,-0.5029,rear,,6,4.0,1.4238,False,False,False,False,2,30.0,7.0,neutral,51.0,False,False,False,False,,0.9741,1.0,,,,,,,,
75778962,80,1,1,2,36,46,3,14,16,-0.2717,reinforce,1,0.5782,contested,,15,31.0,1.4978,False,False,False,False,2,30.0,34.0,neutral,33.0,False,False,False,False,,0.6897,1.0,1.0,1.0,True,36.0,,,,
75778962,88,1,4,2,32,59,27,15,2,1.376,reinforce,1,-1.175,rear,,14,17.0,1.1662,False,False,False,False,3,29.0,6.0,neutral,19.0,False,False,False,False,,0.7586,1.0,,,,,,,,
75781174,143,1,1,2,24,11,18,2,36,1.2251,reinforce,1,-0.4331,mid,,5,13.0,-0.3058,False,False,False,False,0,,,,,False,False,False,True,,0.7526,1.0,,,,,,,,
75781174,119,1,0,2,24,13,12,2,76,0.2622,reinforce,1,-0.697,mid,,9,17.0,0.2852,False,False,False,False,0,,,,,False,False,False,True,,0.6263,1.0,,,,,,,,
75783641,68,1,0,4,40,15,9,5,29,-1.8731,neutral,-1,0.8608,easy_target,3.0,21,2.0,2.2762,False,True,True,True,4,29.0,2.0,neutral,84.0,False,False,True,False,,0.5113,1.0,,,,,,,,
75783641,94,1,0,4,36,28,26,9,10,-3.1192,reinforce,1,0.1124,bastion,,13,6.0,1.0609,False,False,False,False,4,11.0,2.0,neutral,11.0,False,False,False,False,,0.7068,1.0,,,,,,,,
75783641,72,2,0,4,40,18,26,15,34,-0.9438,enemy,3,0.5147,periphery,9.0,31,4.0,2.4542,False,False,False,True,6,30.0,4.0,enemy,50.0,False,False,True,False,,0.5414,-1.0,,,,,,,,
75785726,67,1,1,2,32,37,11,19,7,1.6578,reinforce,1,-0.9637,rear,,19,21.0,1.3296,False,False,False,False,4,13.0,25.0,neutral,30.0,False,False,False,False,,0.563,1.0,,,,,,,,
75789044,89,1,0,4,36,5,7,11,29,2.7814,neutral,-1,3.4102,easy_target,1.0,24,11.0,3.4102,True,True,True,True,8,7.0,1.0,reinforce,154.0,True,False,False,False,,0.1784,1.0,,,,,,,,
75791936,143,2,0,4,24,11,13,21,38,2.6371,enemy,3,-0.0131,periphery,4.0,13,12.0,1.4254,False,False,True,True,0,,,,,False,False,False,True,,0.4387,-1.0,,,,,,,,
75791936,52,1,0,4,28,23,9,0,12,-0.2434,neutral,-1,-1.6159,hard_far,18.0,19,8.0,0.5267,False,False,False,False,2,5.0,9.0,reinforce,24.0,False,False,False,False,,0.1595,-1.0,1.0,1.0,True,28.0,0.5357,0.375,8.0,200.0
75792704,46,0,0,4,28,33,16,9,5,1.6705,neutral,-1,0.704,easy_target,7.0,23,18.0,2.0738,False,False,False,True,5,12.0,7.0,enemy,39.0,False,False,False,False,,0.3026,1.0,,,,,,,,
75792704,105,0,0,4,28,46,20,4,15,-1.0643,reinforce,0,-0.6303,rear,,11,16.0,1.3891,False,False,False,False,7,15.0,8.0,enemy,20.0,False,False,False,False,,0.6908,1.0,,,,,,,,
75794847,88,3,1,4,28,13,3,1,64,1.2091,enemy,0,0.5203,periphery,2.0,16,26.0,0.5623,False,True,True,True,0,,,,,False,False,False,True,,0.6617,1.0,,,,,,,,
75796408,212,0,3,2,36,68,26,22,13,-1.1677,enemy,1,-2.6493,hard_far,13.0,13,29.0,0.7837,False,False,False,False,0,,,,,False,False,False,True,,0.8154,1.0,,,,,,,,
75798980,125,1,0,4,28,36,5,25,5,3.0285,reinforce,1,-1.2618,rear,,20,7.0,3.8464,False,False,False,False,4,27.0,7.0,reinforce,8.0,False,False,True,False,,0.6944,-1.0,,,,,,,,
75798980,139,1,1,4,28,44,21,3,4,-1.4931,neutral,-1,0.3788,hard_far,5.0,19,15.0,3.4828,False,False,True,True,2,7.0,26.0,enemy,10.0,False,False,False,False,,0.7722,-1.0,,,,,,,,
75798980,139,1,0,4,28,44,12,27,5,-3.0011,reinforce,1,-1.5244,rear,,19,15.0,3.4828,False,False,False,False,2,7.0,26.0,enemy,10.0,False,False,False,False,,0.7722,-1.0,,,,,,,,
75811302,317,2,6,4,20,62,9,3,25,-1.6306,reinforce,2,1.1429,frontline,,2,11.0,1.5907,False,False,False,False,2,13.0,11.0,enemy,164.0,False,False,False,False,,0.898,1.0,,,,,,,,
75811302,322,2,0,4,20,72,1,9,12,-2.9631,reinforce,2,-0.1891,isolated,,2,11.0,0.9202,False,False,False,False,0,,,,,False,False,False,True,,0.9122,1.0,,,,,,,,
75811302,321,2,2,4,20,70,19,11,12,-2.7454,enemy,1,0.9474,priority_target,1.0,2,11.0,0.9474,True,True,True,True,0,,,,,False,False,False,True,,0.9093,1.0,1.0,1.0,True,20.0,,,,
75811302,82,0,0,4,24,17,23,12,22,3.0094,reinforce,0,0.6454,frontline,,17,17.0,2.4085,False,False,False,False,1,15.0,3.0,enemy,36.0,False,False,False,False,,0.2323,-1.0,,,,,,,,
75811319,245,1,0,4,28,34,12,5,20,1.6062,reinforce,1,1.7594,contested,4.0,16,17.0,3.4968,False,False,True,True,0,,,,,False,False,False,True,,0.491,-1.0,,,,,,,,
75811319,497,2,0,4,28,3,20,12,24,2.3038,reinforce,2,1.018,frontline,,4,24.0,1.0362,False,False,False,False,6,20.0,12.0,reinforce,56.0,True,True,True,False,,0.996,1.0,,,,,,,,
75811319,177,1,0,4,32,33,17,28,20,-0.4891,enemy,2,,,,17,12.0,0.4842,False,False,False,False,1,17.0,11.0,reinforce,84.0,True,False,False,False,,0.3547,-1.0,,,,,,,,
75811544,270,2,0,4,32,76,2,26,16,2.345,enemy,1,0.1266,periphery,7.0,21,14.0,4.0312,False,False,False,True,2,20.0,6.0,enemy,16.0,False,False,True,False,,0.5411,-1.0,,,,,,,,
75811544,423,1,0,4,28,9,8,2,40,4.3284,reinforce,1,-0.0463,rear,,4,26.0,1.6081,False,False,False,False,3,22.0,0.0,reinforce,10.0,False,False,True,False,,0.8477,1.0,,,,,,,,
75811544,242,1,0,4,28,58,23,3,120,3.7699,enemy,3,2.856,easy_target,1.0,17,3.0,2.856,True,True,True,True,4,16.0,8.0,enemy,18.0,False,False,True,False,,0.485,1.0,,,,,,,,
75811794,303,2,0,4,20,9,1,9,12,3.6303,reinforce,2,-0.5355,frontline,,6,10.0,2.4252,False,False,False,False,3,2.0,10.0,reinforce,9.0,False,False,True,False,,0.6072,1.0,,,,,,,,
75811794,437,2,0,4,20,16,1,19,30,5.0265,reinforce,2,-0.264,mid,,5,8.0,1.4567,False,False,False,False,4,1.0,9.0,reinforce,16.0,True,False,True,False,,0.8758,1.0,,,,,,,,
75812685,462,1,0,2,36,4,6,12,80,2.3736,reinforce,1,0.0271,mid,,3,16.0,0.7311,False,False,False,False,6,20.0,16.0,enemy,368.0,False,False,False,False,,0.9259,1.0,1.0,1.0,True,36.0,,,,
75812685,49,1,1,2,32,8,21,1,4,1.4661,enemy,0,-1.8599,periphery,17.0,18,0.0,0.7749,False,False,False,False,0,,,,,False,False,False,True,,0.0982,1.0,,,,,,,,
75813131,72,2,0,4,32,20,27,15,43,1.6843,reinforce,2,0.2556,mid,,23,19.0,1.6076,False,False,False,False,4,15.0,12.0,enemy,30.0,False,False,False,False,,0.2361,1.0,,,,,,,,
75813241,357,0,0,2,32,6,12,3,101,3.8397,reinforce,0,0.2519,mid,,7,25.0,1.1932,False,False,False,False,9,17.0,27.0,enemy,24.0,False,False,False,False,,0.7154,1.0,,,,,,,,
75813241,336,0,0,2,28,9,0,10,104,4.1888,enemy,1,0.4841,contested,3.0,7,25.0,1.2873,False,True,True,True,8,17.0,27.0,enemy,24.0,False,False,True,False,,0.6733,1.0,,,,,,,,
75816344,135,1,0,4,32,15,19,7,37,-2.1846,reinforce,1,-0.804,bastion,,20,18.0,2.6119,False,False,False,False,8,7.0,25.0,enemy,34.0,False,False,False,False,,0.3629,1.0,,,,,,,,
75816344,61,0,0,4,36,11,20,8,9,2.9167,reinforce,0,0.3005,bastion,,22,26.0,1.8053,False,False,False,False,0,,,,,False,False,False,True,,0.164,-1.0,,,,,,,,
75816344,274,0,0,4,36,22,2,22,33,1.0548,reinforce,0,1.8052,easy_target,5.0,25,27.0,3.3018,False,False,True,True,6,2.0,17.0,reinforce,78.0,True,False,True,False,,0.7366,-1.0,,,,,,,,
75816344,170,1,1,4,36,28,11,0,22,1.1205,enemy,2,-1.2804,hard_far,14.0,19,15.0,2.0117,False,False,False,False,6,19.0,15.0,reinforce,7.0,False,False,False,False,,0.457,1.0,,,,,,,,
75818582,112,1,10,2,24,275,14,5,7,1.9443,enemy,0,0.8078,frontline,,1,9.0,2.4626,False,False,False,False,0,,,,,False,False,False,True,,0.855,1.0,,,,,,,,
75818582,106,1,12,2,24,212,17,4,3,1.821,enemy,0,0.7855,contested,2.0,5,0.0,1.0051,False,True,True,True,0,,,,,False,False,False,True,,0.8092,1.0,1.0,1.0,True,24.0,,,,
75818582,80,1,0,2,28,23,7,3,5,2.5461,reinforce,1,-0.5692,bastion,,9,18.0,1.2838,False,False,False,False,0,,,,,False,False,False,True,,0.6107,1.0,,,,,,,,
75820420,289,3,0,4,28,40,1,7,303,4.6077,reinforce,3,-1.0661,rear,,17,11.0,4.4034,False,False,False,False,2,1.0,11.0,enemy,27.0,True,False,False,False,,0.5792,1.0,,,,,,,,
75822007,91,0,1,4,28,19,19,4,111,0.2793,reinforce,0,1.0719,priority_target,2.0,22,8.0,3.0199,False,True,True,True,1,19.0,4.0,reinforce,110.0,True,True,True,False,,0.6026,-1.0,,,,,,,,
75822068,168,1,5,4,36,109,7,4,7,0.7076,enemy,0,0.5245,frontline,,3,0.0,2.7901,False,False,False,False,2,11.0,10.0,reinforce,21.0,False,False,False,False,,0.866,1.0,,,,,,,,
75822068,33,3,0,4,32,14,27,30,17,0.4887,neutral,-1,-1.3696,periphery,26.0,28,17.0,2.7594,False,False,False,False,5,27.0,7.0,neutral,53.0,True,False,True,False,,0.1701,-1.0,,,,,,,,
75822068,100,1,0,4,32,42,9,13,21,-0.1467,enemy,3,-3.0371,periphery,20.0,20,30.0,1.1862,False,False,False,False,1,9.0,28.0,reinforce,13.0,True,False,False,False,,0.5155,1.0,,,,,,,,
75822068,172,1,4,4,36,108,25,15,6,-1.2838,reinforce,1,-0.8128,rear,,3,12.0,0.966,False,False,False,False,4,16.0,4.0,reinforce,39.0,False,False,True,False,,0.8866,1.0,,,,,,,,
75823093,113,1,3,2,36,32,7,33,10,1.9828,neutral,-1,-2.0613,periphery,15.0,17,30.0,2.0857,False,False,False,False,0,,,,,False,False,False,True,,0.5979,1.0,,,,,,,,
75823093,170,1,1,2,40,39,27,5,81,2.5682,enemy,0,-0.1994,contested,3.0,5,1.0,1.0162,False,True,True,True,6,27.0,1.0,enemy,41.0,True,False,True,False,,0.8995,1.0,,,,,,,,
75825491,65,0,0,2,36,30,26,30,11,-2.1736,enemy,1,1.7051,contested,1.0,18,30.0,1.7051,True,True,True,True,3,0.0,11.0,enemy,50.0,False,False,True,False,,0.4887,1.0,1.0,1.0,True,36.0,,,,
75825491,82,0,0,2,36,28,0,21,35,-2.0829,reinforce,0,0.0451,bastion,,15,13.0,1.915,False,False,False,False,4,0.0,17.0,enemy,9.0,True,False,False,False,,0.6165,1.0,,,,,,,,
75825491,87,1,0,2,32,35,16,6,33,-0.4081,reinforce,1,-0.7192,isolated,,19,25.0,0.7059,False,False,False,False,0,,,,,False,False,False,True,,0.6541,-1.0,,,,,,,,
75825491,74,0,1,2,36,30,0,27,49,-2.4252,enemy,1,-2.6677,periphery,17.0,17,25.0,0.6304,False,False,False,False,5,13.0,2.0,neutral,50.0,False,False,False,False,,0.5564,1.0,,,,,,,,
75827649,247,2,0,4,32,11,24,5,106,2.0778,enemy,3,-0.594,contested,5.0,9,21.0,1.7614,False,False,True,True,1,6.0,2.0,neutral,23.0,False,False,False,False,,0.7554,1.0,,,,,,,,
75828924,104,0,1,2,28,20,18,10,66,-2.2807,enemy,1,-1.2021,rear,,8,7.0,0.9899,False,False,False,False,2,18.0,7.0,enemy,68.0,True,False,True,False,,0.8254,1.0,,,,,,,,
75828924,53,1,0,2,32,16,13,3,62,3.041,reinforce,1,1.3098,priority_target,1.0,15,3.0,1.3098,True,True,True,True,1,11.0,3.0,reinforce,66.0,False,True,True,False,,0.4206,-1.0,,,,,,,,
75829171,170,1,0,4,32,13,27,10,14,-0.1132,neutral,-1,0.1765,hard_far,7.0,21,7.0,3.0503,False,False,False,True,3,27.0,10.0,neutral,29.0,True,True,True,False,,0.7296,-1.0,,,,,,,,
75836803,113,1,0,2,32,11,22,10,17,1.6755,enemy,0,2.9981,contested,1.0,14,10.0,2.9981,True,True,True,True,1,1.0,5.0,enemy,52.0,False,False,True,False,,0.2265,1.0,,,,,,,,
75838010,158,2,2,4,28,19,16,26,19,2.6369,neutral,-1,,,,13,17.0,1.1495,False,False,False,False,3,10.0,9.0,enemy,299.0,False,False,False,False,,0.5563,1.0,,,,,,,,
75838010,54,1,0,4,28,22,20,2,5,-0.4132,enemy,2,-3.0864,hard_far,20.0,20,13.0,4.1359,False,False,False,False,2,16.0,5.0,neutral,17.0,False,False,False,False,,0.1901,-1.0,1.0,1.0,True,28.0,0.3214,0.3333,6.0,200.0
75840368,67,0,0,2,32,19,20,15,101,-1.8379,enemy,1,1.6443,priority_target,1.0,22,15.0,1.6443,True,True,True,True,6,20.0,8.0,neutral,33.0,True,False,False,False,,0.5403,-1.0,,,,,,,,
75843963,147,0,0,4,36,26,15,6,13,5.236,enemy,1,-1.3199,periphery,22.0,27,14.0,2.2127,False,False,False,False,1,20.0,32.0,reinforce,24.0,False,False,False,False,,0.4579,-1.0,,,,,,,,
75843963,289,3,0,4,36,29,12,33,30,2.5487,enemy,1,-1.0843,periphery,15.0,16,24.0,-0.2166,False,False,False,False,1,19.0,22.0,reinforce,30.0,False,False,False,False,,0.9003,1.0,,,,,,,,
75843963,200,1,0,4,36,13,17,19,38,1.8884,enemy,0,0.5739,priority_target,9.0,26,22.0,2.8783,False,False,False,True,6,5.0,25.0,reinforce,90.0,False,False,False,False,,0.6231,-1.0,,,,,,,,
75843963,263,0,0,4,40,29,18,6,41,4.3982,enemy,3,-1.2655,periphery,17.0,25,3.0,1.6027,False,False,False,False,0,,,,,False,False,False,True,,0.8193,-1.0,,,,,,,,
75845040,79,1,0,2,28,61,24,5,1,-2.6179,enemy,0,-0.1307,frontline,,16,11.0,1.9847,False,False,False,False,0,,,,,False,False,False,True,,0.622,-1.0,,,,,,,,
75847145,186,3,0,4,36,0,21,9,358,2.426,enemy,0,-1.8172,hard_far,35.0,36,28.0,1.5876,False,False,False,False,0,,,,,False,False,False,True,,0.3727,-1.0,,,,,,,,
75848499,132,1,0,2,28,6,23,1,50,2.207,enemy,0,2.6573,contested,1.0,6,1.0,2.6573,True,True,True,True,4,20.0,8.0,neutral,47.0,False,False,False,False,,0.9231,1.0,,,,,,,,
75848499,124,1,0,2,28,10,0,13,20,-1.9722,reinforce,1,0.7778,mid,,6,5.0,-0.0972,False,False,False,False,5,14.0,5.0,enemy,12.0,False,False,False,False,,0.8671,1.0,,,,,,,,
75851051,131,1,1,2,28,35,22,5,48,2.0377,reinforce,1,-1.0529,rear,,17,12.0,2.4629,False,False,False,False,4,22.0,13.0,enemy,16.0,True,False,False,False,,0.6359,1.0,1.0,1.0,True,28.0,,,,
75852143,114,1,0,2,28,39,18,6,15,1.3701,reinforce,1,-0.5835,bastion,,18,19.0,2.5323,False,False,False,False,0,,,,,False,False,False,True,,0.3918,-1.0,,,,,,,,
75853717,201,0,10,4,28,86,10,6,4,-2.2225,reinforce,0,-0.5768,rear,,2,1.0,0.5992,False,False,False,False,0,,,,,False,False,False,True,,0.6612,1.0,,,,,,,,
75853717,203,0,8,4,28,97,21,9,4,2.5816,reinforce,0,0.5083,frontline,,2,1.0,1.5664,False,False,False,False,0,,,,,False,False,False,True,,0.6678,1.0,,,,,,,,
75853717,196,0,2,4,28,70,5,25,46,3.1141,reinforce,0,-1.3312,isolated,,4,1.0,0.3786,False,False,False,False,0,,,,,False,False,False,True,,0.6447,1.0,,,,,,,,
75853717,41,2,0,4,28,32,26,6,14,3.1141,reinforce,2,-0.6385,rear,,20,21.0,1.8918,False,False,False,False,0,,,,,False,False,False,True,,0.1349,-1.0,,,,,,,,
75853717,173,0,3,4,32,57,10,6,11,-2.2225,reinforce,0,-0.2674,isolated,,9,13.0,0.1383,False,False,False,False,0,,,,,False,False,False,True,,0.5691,1.0,,,,,,,,
75853717,213,0,10,4,28,112,12,11,1,-2.8243,reinforce,0,0.1948,isolated,,0,,,False,False,False,False,0,,,,,False,False,False,True,,0.7007,1.0,,,,,,,,
75853717,159,0,2,4,32,56,24,8,1,-2.8028,reinforce,0,-0.7981,bastion,,12,6.0,0.5125,False,False,False,False,0,,,,,False,False,False,True,,0.523,1.0,,,,,,,,
75854043,71,1,0,2,32,21,3,27,20,2.0297,reinforce,1,0.3443,easy_target,5.0,19,20.0,2.0304,False,False,True,True,2,23.0,0.0,enemy,51.0,False,False,False,False,,0.3515,-1.0,,,,,,,,
75854436,177,0,1,4,24,17,9,22,108,-0.1056,neutral,-1,,,,1,2.0,3.1554,False,False,False,False,3,16.0,12.0,reinforce,132.0,False,False,False,False,,0.9516,1.0,1.0,1.0,True,24.0,,,,
75854976,88,0,0,2,28,25,1,6,8,5.5152,enemy,1,-1.1139,hard_far,10.0,15,9.0,0.616,False,False,False,True,0,,,,,False,False,False,True,,0.5535,1.0,,,,,,,,
75855112,113,0,0,2,20,8,16,12,126,-1.8856,reinforce,0,2.8994,priority_target,1.0,10,12.0,2.8994,True,True,True,True,7,16.0,12.0,reinforce,51.0,True,True,True,False,,0.876,1.0,,,,,,,,
75855494,16,0,0,2,36,4,28,35,16,4.119,neutral,-1,-2.7452,hard_far,32.0,32,9.0,2.6445,False,False,False,False,1,28.0,9.0,neutral,10.0,True,False,True,False,,0.0321,1.0,,,,,,,,
75859612,70,1,0,4,24,23,18,13,20,2.9884,reinforce,1,0.9035,contested,,15,19.0,2.2308,False,False,False,False,0,,,,,False,False,False,True,,0.5512,-1.0,,,,,,,,
75862353,40,1,1,4,24,10,17,7,36,2.9322,neutral,-1,-0.6078,hard_far,14.0,20,10.0,1.6963,False,False,False,False,3,13.0,21.0,reinforce,26.0,False,False,False,False,,0.1465,-1.0,,,,,,,,
75862477,103,0,0,2,28,19,25,21,9,5.1662,enemy,1,-0.8749,periphery,9.0,16,8.0,1.7035,False,False,False,True,1,22.0,1.0,reinforce,38.0,False,False,False,False,,0.5124,-1.0,,,,,,,,
75862477,105,0,0,2,28,17,15,13,60,4.0492,enemy,1,-1.1135,priority_target,9.0,16,14.0,4.0265,False,False,False,True,4,22.0,1.0,reinforce,38.0,False,False,False,False,,0.5224,-1.0,,,,,,,,
75863121,99,1,0,4,32,23,1,31,100,4.3982,enemy,3,-0.5083,hard_far,7.0,22,4.0,2.313,False,False,False,True,2,1.0,13.0,enemy,10.0,True,False,True,False,,0.4829,-1.0,,,,,,,,
75863142,75,3,0,4,24,13,23,15,17,0.8686,enemy,2,0.5411,contested,1.0,8,15.0,0.5411,True,True,True,True,0,,,,,False,False,False,True,,0.4967,1.0,,,,,,,,
75864891,148,2,0,4,24,23,10,0,69,1.706,reinforce,2,2.2817,easy_target,1.0,14,0.0,2.2817,True,True,True,True,0,,,,,False,False,False,True,,0.5992,-1.0,1.0,1.0,True,24.0,,,,
75866275,83,0,0,2,40,22,37,23,1,-1.0077,neutral,-1,-0.2152,hard_far,14.0,27,34.0,1.5075,False,False,False,False,3,5.0,35.0,neutral,31.0,False,False,True,False,,0.3609,-1.0,,,,,,,,
75866275,112,1,0,2,36,13,24,30,41,2.3273,enemy,0,-1.2021,periphery,21.0,27,20.0,1.6394,False,False,False,False,2,24.0,32.0,neutral,27.0,True,False,False,False,,0.487,1.0,,,,,,,,
75867151,66,1,0,2,28,12,19,14,178,-0.8825,reinforce,1,1.7926,priority_target,1.0,17,14.0,1.7926,True,True,True,True,3,19.0,2.0,reinforce,48.0,True,False,True,False,,0.2578,1.0,,,,,,,,
75872623,115,0,0,2,32,27,14,3,72,-2.1675,enemy,1,0.6452,easy_target,1.0,22,3.0,0.6452,True,True,True,True,5,17.0,9.0,reinforce,105.0,False,False,False,False,,0.7278,-1.0,,,,,,,,
75872623,92,1,1,2,32,24,5,17,11,-2.6409,enemy,0,2.4663,frontline,,14,24.0,0.6965,False,False,False,False,2,15.0,10.0,neutral,7.0,False,False,False,False,,0.5823,1.0,,,,,,,,
75874543,107,1,0,2,36,37,3,7,42,1.8586,reinforce,1,-0.6772,hard_far,14.0,26,30.0,2.4674,False,False,False,False,4,16.0,13.0,reinforce,17.0,False,False,True,False,,0.7279,-1.0,,,,,,,,
75874543,101,1,0,2,36,41,16,21,45,0.226,reinforce,1,-0.0157,mid,,23,24.0,2.4192,False,False,False,False,1,6.0,20.0,reinforce,14.0,False,False,True,False,,0.6871,-1.0,,,,,,,,
75877534,132,1,0,2,24,18,1,10,25,-0.8048,enemy,0,-1.4363,hard_far,8.0,11,4.0,1.2792,False,False,False,True,4,22.0,11.0,enemy,40.0,False,False,True,False,,0.5323,-1.0,,,,,,,,
75878390,108,0,1,2,28,17,19,27,77,-0.4092,enemy,1,1.3708,priority_target,1.0,16,27.0,1.3708,True,True,True,True,0,,,,,False,False,False,True,,0.6467,-1.0,,,,,,,,
75880085,159,1,0,2,36,14,5,17,31,-0.1034,reinforce,1,1.1116,contested,,21,24.0,1.163,False,False,False,False,2,26.0,20.0,enemy,66.0,False,False,False,False,,0.7395,-1.0,1.0,1.0,True,36.0,,,,
75882192,80,2,0,4,32,7,26,22,10,2.9635,reinforce,2,1.0948,frontline,,23,8.0,2.3044,False,False,False,False,0,,,,,False,False,False,True,,0.6202,-1.0,,,,,,,,
75888091,75,1,0,2,32,28,3,10,10,0.0,reinforce,1,-1.2794,rear,,17,13.0,1.9202,False,False,False,False,2,20.0,8.0,enemy,20.0,False,False,False,False,,0.4717,-1.0,,,,,,,,
75888282,84,0,0,2,32,14,25,2,67,-0.5931,reinforce,0,-1.1732,contested,13.0,21,14.0,2.7729,False,False,False,False,11,13.0,2.0,reinforce,22.0,False,True,True,False,,0.5915,1.0,,,,,,,,
75890977,181,1,1,2,32,28,10,12,4,1.9982,enemy,0,0.9483,priority_target,1.0,13,12.0,0.9483,True,True,True,True,0,,,,,False,False,False,True,,0.683,-1.0,,,,,,,,
75890977,78,1,0,2,32,22,13,6,17,0.3419,neutral,-1,0.2706,periphery,6.0,17,9.0,1.8589,False,False,False,True,0,,,,,False,False,False,True,,0.2943,-1.0,,,,,,,,
75890978,137,1,1,2,24,13,1,5,34,1.1776,reinforce,1,0.6353,frontline,,11,20.0,1.2733,False,False,False,False,4,5.0,9.0,reinforce,22.0,False,False,True,False,,0.7405,1.0,,,,,,,,
75891081,72,1,0,2,28,15,19,10,7,-0.4486,reinforce,1,1.5657,contested,1.0,9,10.0,1.5657,True,True,True,True,1,15.0,10.0,reinforce,27.0,False,True,True,False,,0.6261,1.0,,,,,,,,
75891694,238,0,0,2,24,67,20,5,1,2.4297,enemy,1,0.4282,hard_far,4.0,24,0.0,1.1571,False,False,True,True,0,,,,,False,False,False,True,,0.9297,-1.0,,,,,,,,
75892238,153,1,1,2,36,32,14,22,12,1.5088,reinforce,1,0.8705,mid,,1,1.0,1.303,False,False,False,False,2,13.0,0.0,reinforce,129.0,False,False,True,False,,0.9217,1.0,,,,,,,,
75895003,301,3,0,4,32,3,11,7,86,1.5939,reinforce,3,1.0761,contested,,25,0.0,1.7103,False,False,False,False,1,18.0,0.0,neutral,39.0,False,False,False,False,,0.6032,-1.0,1.0,1.0,True,32.0,,,,
75895003,338,3,0,4,32,1,14,0,729,0.3528,neutral,-1,1.1154,contested,3.0,25,5.0,1.4499,False,True,True,True,5,14.0,26.0,reinforce,339.0,True,False,False,False,,0.6774,-1.0,,,,,,,,
75895003,382,3,1,4,36,6,22,3,135,-1.7857,neutral,-1,2.0773,easy_target,1.0,25,3.0,2.0773,True,True,True,True,2,26.0,2.0,neutral,123.0,False,False,True,False,,0.7655,-1.0,,,,,,,,
75895003,281,3,0,4,36,9,34,4,1,1.4946,enemy,2,-1.568,hard_far,23.0,25,2.0,2.0854,False,False,False,False,0,,,,,False,False,False,True,,0.5631,-1.0,,,,,,,,
75896280,68,1,0,2,40,9,19,8,25,1.578,enemy,0,-2.3158,hard_far,24.0,24,6.0,1.4244,False,False,False,False,2,24.0,2.0,neutral,22.0,False,False,False,False,,0.4072,1.0,,,,,,,,
75896280,53,1,0,2,40,8,25,17,30,2.9944,reinforce,1,0.0572,bastion,,27,6.0,2.2679,False,False,False,False,3,25.0,23.0,neutral,8.0,True,False,False,False,,0.3174,1.0,,,,,,,,
75896918,85,1,3,2,24,30,2,18,43,2.7104,enemy,0,1.4982,contested,1.0,11,18.0,1.4982,True,True,True,True,5,17.0,8.0,enemy,47.0,False,False,True,False,,0.4293,1.0,,,,,,,,
75898362,110,1,0,2,32,33,6,9,10,2.3965,enemy,0,-0.6277,hard_far,11.0,23,22.0,3.1388,False,False,False,False,1,10.0,22.0,reinforce,6.0,False,False,False,False,,0.6667,-1.0,,,,,,,,
75898624,106,1,3,2,32,80,6,2,11,0.397,reinforce,1,-1.3385,rear,,10,23.0,0.8758,False,False,False,False,4,24.0,30.0,neutral,24.0,False,False,False,False,,0.848,1.0,,,,,,,,
75899927,100,0,1,2,36,20,18,5,78,-2.9941,reinforce,0,1.8216,easy_target,1.0,23,5.0,1.8216,True,True,True,True,7,18.0,19.0,reinforce,20.0,True,False,True,False,,0.2004,-1.0,,,,,,,,
75899927,130,1,0,2,36,15,12,22,48,2.3806,enemy,0,0.7359,contested,4.0,22,33.0,1.128,False,False,True,True,1,16.0,24.0,enemy,87.0,False,False,True,False,,0.2605,1.0,1.0,1.0,True,36.0,0.4722,0.75,8.0,200.0
75900177,62,0,1,2,36,31,0,22,28,-1.6282,enemy,1,-1.6596,priority_target,16.0,19,19.0,1.5824,False,False,False,False,7,14.0,0.0,reinforce,7.0,False,False,False,False,,0.31,1.0,,,,,,,,
75900368,138,1,5,2,32,154,6,0,5,1.3183,reinforce,1,-0.853,rear,,11,23.0,0.1805,False,False,False,False,4,22.0,1.0,enemy,15.0,False,False,False,False,,0.6389,1.0,,,,,,,,
75902356,437,2,0,4,24,7,15,23,141,5.5152,reinforce,2,0.8025,rear,,17,5.0,2.5892,False,False,False,False,5,10.0,18.0,enemy,74.0,False,False,False,False,,0.8758,-1.0,,,,,,,,
75902962,99,0,0,2,24,13,19,15,175,2.4669,reinforce,0,3.9917,easy_target,1.0,20,15.0,3.9917,True,True,True,True,3,20.0,4.0,reinforce,6.0,False,False,True,False,,0.6429,-1.0,,,,,,,,
75902962,72,1,2,2,28,15,16,21,43,1.9039,reinforce,1,-0.0681,periphery,6.0,14,5.0,1.1329,False,False,False,True,2,16.0,1.0,neutral,16.0,True,False,False,False,,0.4675,1.0,,,,,,,,
75904310,234,0,0,4,32,20,24,8,15,2.9941,reinforce,0,-1.0304,rear,,19,22.0,2.4649,False,False,False,False,1,9.0,3.0,reinforce,110.0,False,False,True,False,,0.6903,1.0,,,,,,,,
75904310,230,2,0,4,32,24,0,16,4,2.1568,enemy,0,0.2259,frontline,,31,24.0,3.0179,False,False,False,False,0,,,,,False,False,False,True,,0.6785,-1.0,,,,,,,,
75905571,89,0,0,4,20,28,13,0,16,0.0,enemy,2,1.0912,priority_target,1.0,9,0.0,1.0912,True,True,True,True,0,,,,,False,False,False,True,,0.6642,1.0,,,,,,,,
75908481,130,2,3,4,28,107,13,1,2,-2.9563,enemy,1,-1.0524,bastion,,1,10.0,-0.1886,False,False,False,False,0,,,,,False,False,False,True,,0.7182,1.0,,,,,,,,
75908481,178,2,3,4,32,254,1,25,13,-1.0704,reinforce,2,-0.3615,mid,,0,,,False,False,False,False,0,,,,,False,False,False,True,,0.9834,1.0,1.0,0.9688,False,32.0,,,,
75908621,184,0,3,2,24,50,15,11,8,-1.9795,reinforce,0,-1.1313,bastion,,6,9.0,0.2065,False,False,False,False,2,19.0,9.0,neutral,19.0,False,False,False,False,,0.934,1.0,,,,,,,,
75908621,181,0,3,2,28,30,14,7,168,-1.0547,neutral,-1,0.2974,periphery,2.0,8,5.0,0.349,False,True,True,True,14,14.0,7.0,neutral,38.0,True,True,True,False,,0.9188,1.0,,,,,,,,
75908621,195,0,6,2,24,102,16,6,11,-0.3431,neutral,-1,-0.1485,periphery,4.0,4,8.0,0.9075,False,False,True,True,3,5.0,17.0,reinforce,125.0,False,False,False,False,,0.9898,1.0,,,,,,,,
75909571,120,2,2,4,36,39,16,28,15,2.8825,reinforce,2,-1.3789,rear,,15,18.0,2.3015,False,False,False,False,3,0.0,7.0,enemy,128.0,False,False,False,False,,0.2405,1.0,,,,,,,,
75909571,105,3,0,4,36,37,30,31,2,-3.024,enemy,1,-0.2968,periphery,21.0,36,1.0,1.8693,False,False,False,False,0,,,,,False,False,False,True,,0.2104,-1.0,,,,,,,,
75909889,81,0,1,2,36,9,16,10,38,-0.6389,enemy,1,1.0933,priority_target,3.0,13,26.0,2.1297,False,True,True,True,4,28.0,5.0,enemy,70.0,False,False,True,False,,0.8526,1.0,,,,,,,,
75910069,99,3,0,4,20,16,18,14,6,1.7453,enemy,0,0.6543,contested,,19,18.0,2.553,False,False,False,False,0,,,,,False,False,False,True,,0.839,-1.0,,,,,,,,
75912766,86,0,0,2,20,16,8,16,38,5.7247,reinforce,0,0.0438,frontline,,7,11.0,0.6574,False,False,False,False,0,,,,,False,False,False,True,,0.5443,1.0,,,,,,,,
75915235,51,1,0,2,28,7,3,22,25,1.2645,enemy,0,-1.3419,periphery,9.0,13,4.0,1.1701,False,False,False,True,2,17.0,6.0,neutral,28.0,False,False,False,False,,0.3469,1.0,,,,,,,,
75920471,462,2,0,4,36,18,1,34,279,-1.0748,neutral,-1,,,,6,29.0,5.7499,False,False,False,False,1,17.0,9.0,reinforce,53.0,False,False,False,False,,0.9259,1.0,1.0,1.0,True,36.0,,,,
75920471,350,1,0,4,36,9,17,1,16,-2.1816,reinforce,1,1.916,contested,,26,19.0,1.9026,False,False,False,False,0,,,,,False,False,False,True,,0.7014,-1.0,,,,,,,,
75920471,156,0,0,4,36,19,22,2,59,-0.0972,enemy,2,1.6226,priority_target,1.0,23,2.0,1.6226,True,True,True,True,0,,,,,False,False,False,True,,0.3126,-1.0,,,,,,,,
75920471,76,3,0,4,36,19,31,0,185,0.5252,enemy,0,1.5903,priority_target,1.0,25,0.0,1.5903,True,True,True,True,0,,,,,False,False,False,True,,0.1523,-1.0,,,,,,,,
75921008,131,3,0,4,24,25,22,7,73,2.8727,neutral,-1,0.0061,periphery,2.0,3,6.0,0.3046,False,True,True,True,5,22.0,7.0,neutral,48.0,True,True,True,False,,0.8562,1.0,,,,,,,,
75921657,67,0,1,2,40,15,9,0,34,-0.1954,enemy,1,1.1799,priority_target,5.0,27,21.0,1.6555,False,False,True,True,2,1.0,21.0,neutral,27.0,False,False,False,False,,0.6442,-1.0,,,,,,,,
75921657,93,1,1,2,36,20,27,34,25,-2.6041,enemy,0,0.9546,contested,2.0,16,9.0,1.1091,False,True,True,True,1,8.0,28.0,neutral,26.0,False,False,False,False,,0.8942,1.0,,,,,,,,
75923421,226,0,0,4,32,35,24,18,17,-1.2039,enemy,3,-0.9159,periphery,17.0,27,20.0,4.3974,False,False,False,False,6,24.0,0.0,reinforce,27.0,True,False,False,False,,0.8828,-1.0,,,,,,,,
75923421,184,3,0,4,32,57,2,18,3,0.1311,reinforce,3,1.2415,contested,1.0,14,18.0,1.2415,True,True,True,True,0,,,,,False,False,False,True,,0.7188,1.0,,,,,,,,
75923421,182,3,1,4,32,56,15,25,9,0.5244,enemy,0,0.8194,frontline,,12,21.0,1.0887,False,False,False,False,0,,,,,False,False,False,True,,0.7109,1.0,,,,,,,,
75923421,178,3,1,4,36,50,24,18,17,-1.3639,reinforce,3,-0.8966,hard_far,5.0,12,20.0,1.207,False,False,True,True,0,,,,,False,False,False,True,,0.6953,1.0,1.0,0.9722,False,36.0,,,,
75924157,166,1,1,4,28,73,7,6,15,0.6671,reinforce,1,0.1728,mid,,0,,,False,False,False,False,2,12.0,25.0,neutral,8.0,False,False,False,False,,0.9222,1.0,,,,,,,,
75924167,62,0,0,4,28,26,8,0,1,-1.3636,reinforce,0,1.6658,contested,,18,5.0,1.9137,False,False,False,False,0,,,,,False,False,False,True,,0.3543,-1.0,,,,,,,,
75924167,76,0,1,4,28,42,8,0,1,-1.3636,reinforce,0,-0.4345,rear,,17,23.0,1.7999,False,False,False,False,1,18.0,8.0,reinforce,21.0,False,False,True,False,,0.4343,-1.0,,,,,,,,
75925168,68,1,0,4,32,24,12,10,1,0.0171,enemy,2,-1.6863,hard_far,21.0,22,11.0,1.5133,False,False,False,False,7,20.0,15.0,enemy,49.0,False,False,True,False,,0.4,1.0,,,,,,,,
75925168,148,1,1,4,28,48,0,25,20,3.0805,reinforce,1,0.1657,frontline,,3,1.0,2.2043,False,False,False,False,1,21.0,1.0,reinforce,38.0,False,False,True,False,,0.8706,1.0,,,,,,,,
75925168,153,1,0,4,32,52,2,0,12,1.2543,reinforce,1,-0.1668,rear,,2,17.0,2.2988,False,False,False,False,2,20.0,31.0,neutral,112.0,False,False,False,False,,0.9,1.0,,,,,,,,
75927019,74,1,0,2,24,23,1,13,44,-0.5957,reinforce,1,-0.2774,mid,,10,2.0,1.4282,False,False,False,False,0,,,,,False,False,False,True,,0.4277,1.0,,,,,,,,
75927245,95,2,0,4,24,23,2,10,34,-2.4374,reinforce,2,-0.0627,mid,,19,3.0,2.0676,False,False,False,False,2,10.0,14.0,reinforce,18.0,False,False,True,False,,0.4043,-1.0,,,,,,,,
75927373,29,1,0,4,28,13,1,25,20,-0.0024,neutral,-1,1.1248,priority_target,4.0,23,12.0,1.7119,False,False,True,True,2,13.0,11.0,enemy,15.0,False,False,False,False,,0.1137,-1.0,,,,,,,,
75927875,124,1,0,2,28,54,7,13,5,1.8774,enemy,0,-0.9768,periphery,21.0,26,15.0,2.2357,False,False,False,False,5,11.0,15.0,reinforce,10.0,False,False,False,False,,0.62,-1.0,1.0,1.0,True,28.0,,,,
75927875,109,0,0,2,28,49,6,10,32,-2.1686,enemy,1,0.6652,periphery,2.0,13,18.0,0.7087,False,True,True,True,0,,,,,False,False,False,True,,0.545,1.0,,,,,,,,
75928517,138,0,1,2,32,31,13,29,23,0.28,reinforce,0,-0.4696,mid,,12,22.0,1.5539,False,False,False,False,3,14.0,6.0,reinforce,37.0,False,False,True,False,,0.9139,1.0,,,,,,,,
75928517,90,0,1,2,32,26,14,1,3,1.4997,neutral,-1,0.0873,hard_far,11.0,21,30.0,1.73,False,False,False,False,3,14.0,1.0,neutral,7.0,True,True,True,False,,0.596,1.0,,,,,,,,
75930516,184,0,1,2,28,11,5,1,54,-3.0335,reinforce,0,-0.7141,bastion,,1,22.0,0.8685,False,False,False,False,2,4.0,22.0,enemy,107.0,False,False,False,False,,0.9534,1.0,,,,,,,,
75935643,178,1,1,4,24,105,1,11,7,-1.5776,enemy,3,-0.0575,periphery,4.0,8,3.0,1.6296,False,False,True,True,0,,,,,False,False,False,True,,0.6096,1.0,,,,,,,,
75935643,234,1,2,4,20,112,3,10,6,-0.0068,enemy,3,4.4416,easy_target,1.0,1,10.0,4.4416,True,True,True,True,1,19.0,10.0,enemy,21.0,False,True,True,False,,0.8014,1.0,,,,,,,,
75936669,51,0,0,2,32,20,4,13,34,3.1006,reinforce,0,-1.2662,rear,,15,6.0,1.8874,False,False,False,False,0,,,,,False,False,False,True,,0.2615,1.0,,,,,,,,
75937328,131,0,3,4,32,24,20,30,67,-0.3849,enemy,2,-0.9506,contested,8.0,8,13.0,0.78,False,False,False,True,1,11.0,16.0,reinforce,20.0,False,False,False,False,,0.8506,1.0,,,,,,,,
75937738,157,1,2,2,40,42,18,15,24,3.0088,reinforce,1,-0.8918,rear,,15,32.0,1.6575,False,False,False,False,7,12.0,20.0,reinforce,62.0,False,False,True,False,,0.7734,1.0,,,,,,,,
75937738,98,0,0,2,36,48,24,32,22,2.2048,reinforce,0,0.662,priority_target,2.0,20,5.0,0.7312,False,True,True,True,3,25.0,32.0,reinforce,84.0,False,True,True,False,,0.4828,-1.0,1.0,1.0,True,36.0,,,,
75937738,115,1,1,2,36,36,17,0,32,1.1604,reinforce,1,-0.8324,hard_far,11.0,21,24.0,3.9061,False,False,False,False,2,21.0,15.0,enemy,83.0,False,False,False,False,,0.5665,1.0,,,,,,,,
75938189,103,0,1,2,32,55,23,5,24,-2.798,enemy,1,0.1888,periphery,7.0,23,12.0,2.0464,False,False,False,True,1,23.0,5.0,enemy,16.0,True,True,True,False,,0.741,-1.0,,,,,,,,
75938189,105,0,3,2,32,65,23,11,8,-2.5213,enemy,1,-1.868,priority_target,21.0,22,2.0,3.2539,False,False,False,False,0,,,,,False,False,False,True,,0.7554,-1.0,,,,,,,,
75938189,85,1,2,2,32,56,11,1,22,1.3376,reinforce,1,-0.296,mid,,11,15.0,1.5005,False,False,False,False,5,2.0,26.0,enemy,15.0,False,False,False,False,,0.6115,1.0,,,,,,,,
75939046,137,0,20,2,36,329,33,18,2,-1.3212,enemy,1,-0.0702,contested,3.0,5,31.0,0.4918,False,True,True,True,2,21.0,5.0,reinforce,19.0,False,False,False,False,,0.9448,1.0,,,,,,,,
75939046,82,0,4,2,36,84,9,17,2,-2.543,enemy,1,-1.366,rear,,19,5.0,0.8624,False,False,False,False,3,22.0,8.0,reinforce,28.0,False,False,False,False,,0.5655,1.0,,,,,,,,
75939046,84,0,7,2,36,101,15,10,3,-1.8592,enemy,1,-1.9718,hard_far,17.0,18,20.0,1.6401,False,False,False,False,3,22.0,14.0,reinforce,30.0,False,False,False,False,,0.5793,1.0,,,,,,,,
75939046,94,0,1,2,36,189,1,19,2,-1.3155,enemy,1,-0.935,isolated,,16,11.0,1.165,False,False,False,False,0,,,,,False,False,False,True,,0.6483,1.0,,,,,,,,
75939046,65,0,1,2,40,24,16,8,3,-0.9722,reinforce,0,-1.1198,bastion,,22,34.0,0.6501,False,False,False,False,1,23.0,21.0,enemy,23.0,False,False,False,False,,0.4483,1.0,,,,,,,,
75940913,104,0,0,2,28,61,21,13,134,0.8601,reinforce,0,0.5954,mid,,13,3.0,0.9905,False,False,False,False,2,21.0,11.0,reinforce,26.0,True,False,True,False,,0.8455,1.0,1.0,0.9643,False,28.0,,,,
75942176,118,1,0,2,28,14,20,11,13,3.1416,enemy,0,0.0539,hard_far,8.0,24,16.0,3.6048,False,False,False,True,0,,,,,False,False,False,True,,0.8082,-1.0,,,,,,,,
75943024,58,1,0,4,36,24,25,9,7,0.2847,reinforce,1,-0.0127,isolated,,28,18.0,2.2265,False,False,False,False,1,9.0,19.0,neutral,23.0,False,False,False,False,,0.299,-1.0,,,,,,,,
75943167,198,1,4,2,20,102,6,19,8,-2.8342,reinforce,1,-0.6478,frontline,,3,2.0,1.6019,False,False,False,False,4,13.0,16.0,enemy,43.0,False,False,False,False,,0.9252,1.0,,,,,,,,
75951597,128,3,0,4,36,30,12,6,12,-0.1743,enemy,2,0.0799,priority_target,9.0,29,22.0,3.7279,False,False,False,True,0,,,,,False,False,False,True,,0.2565,-1.0,,,,,,,,
75951597,178,2,0,4,40,18,30,22,10,-2.8322,enemy,1,-0.1514,rear,,24,2.0,1.0541,False,False,False,False,1,6.0,2.0,reinforce,41.0,False,False,False,False,,0.3567,-1.0,,,,,,,,
75953448,203,3,0,4,20,20,9,1,12,0.1703,enemy,2,-1.1686,priority_target,11.0,17,9.0,2.764,False,False,False,False,1,5.0,9.0,reinforce,7.0,False,False,False,False,,0.6527,-1.0,,,,,,,,
75953448,181,3,2,4,24,24,17,1,2,0.2021,enemy,2,2.8315,priority_target,1.0,13,1.0,2.8315,True,True,True,True,2,12.0,1.0,enemy,11.0,False,True,True,False,,0.582,-1.0,,,,,,,,
75953848,103,3,2,4,32,27,16,25,38,-0.3495,neutral,-1,-0.9463,periphery,10.0,17,10.0,1.1152,False,False,False,True,1,16.0,31.0,neutral,13.0,True,False,True,False,,0.5787,1.0,,,,,,,,
75953848,115,3,0,4,32,38,12,13,24,-0.1963,enemy,2,-0.4134,priority_target,6.0,16,19.0,1.4603,False,False,False,True,2,14.0,16.0,reinforce,38.0,False,False,False,False,,0.6461,1.0,,,,,,,,
75955828,191,3,9,4,32,266,19,4,37,0.8076,neutral,-1,-0.7458,isolated,,0,,,False,False,False,False,0,,,,,False,False,False,True,,0.9502,1.0,1.0,0.9062,False,32.0,,,,
75955828,111,3,1,4,32,42,18,5,19,1.3601,neutral,-1,-0.3938,hard_far,7.0,15,12.0,0.9732,False,False,False,True,3,2.0,20.0,reinforce,36.0,False,False,False,False,,0.5522,1.0,,,,,,,,
75955828,185,3,2,4,32,216,3,26,4,0.0165,reinforce,3,-0.6059,isolated,,1,4.0,0.2623,False,False,False,False,0,,,,,False,False,False,True,,0.9204,1.0,,,,,,,,
75955828,178,3,16,4,36,111,34,19,2,-2.1605,reinforce,3,1.1462,frontline,,2,6.0,0.5435,False,False,False,False,4,1.0,31.0,reinforce,15.0,False,False,True,False,,0.8856,1.0,,,,,,,,
75955828,181,3,10,4,36,155,12,18,2,-0.7448,reinforce,3,1.2431,frontline,,2,6.0,0.7174,False,False,False,False,2,9.0,25.0,reinforce,169.0,False,False,True,False,,0.9005,1.0,,,,,,,,
75955828,173,3,8,4,36,35,15,16,3,1.4038,reinforce,3,0.8466,mid,,2,6.0,0.2877,False,False,False,False,4,9.0,25.0,reinforce,145.0,False,False,True,False,,0.8607,1.0,,,,,,,,
75955828,186,3,8,4,32,233,14,15,4,-1.8953,reinforce,3,0.1135,frontline,,1,4.0,0.2958,False,False,False,False,0,,,,,False,False,False,True,,0.9254,1.0,,,,,,,,
75955828,141,0,0,4,32,25,8,24,46,2.9185,enemy,3,2.7529,easy_target,3.0,28,12.0,3.1947,False,True,True,True,5,16.0,29.0,enemy,4.0,False,False,True,False,,0.7015,-1.0,,,,,,,,
75957597,84,2,0,4,24,23,13,12,4,4.2586,reinforce,2,1.5027,contested,,18,2.0,3.6761,False,False,False,False,0,,,,,False,False,False,True,,0.4565,-1.0,,,,,,,,
75959127,84,1,2,2,28,28,11,0,21,0.7158,enemy,0,-0.8722,periphery,11.0,15,15.0,1.9319,False,False,False,False,1,5.0,9.0,reinforce,27.0,False,False,False,False,,0.2772,-1.0,,,,,,,,
75959329,160,0,4,4,40,40,26,23,18,-2.9284,enemy,3,1.9149,frontline,,8,27.0,0.2938,False,False,False,False,6,1.0,30.0,reinforce,7.0,False,False,False,False,,0.8421,1.0,1.0,1.0,True,40.0,,,,
75959429,163,1,12,4,32,185,13,1,31,0.4849,enemy,2,0.4625,mid,,1,17.0,3.5512,False,False,False,False,1,14.0,17.0,reinforce,79.0,False,False,False,False,,0.9532,1.0,,,,,,,,
75959429,157,1,6,4,32,108,6,2,16,-2.3081,reinforce,1,0.3891,mid,,1,17.0,2.4714,False,False,False,False,3,8.0,16.0,reinforce,44.0,False,False,True,False,,0.9181,1.0,,,,,,,,
75959429,170,1,18,4,32,240,19,25,3,2.8459,reinforce,1,-0.8279,isolated,,0,,,False,False,False,False,0,,,,,False,False,False,True,,0.9942,1.0,,,,,,,,
75959429,170,1,4,4,32,240,4,12,3,-0.5867,reinforce,1,0.203,mid,,0,,,False,False,False,False,0,,,,,False,False,False,True,,0.9942,1.0,,,,,,,,
75959429,166,1,19,4,32,211,20,14,2,-0.2562,reinforce,1,-0.0473,mid,,0,,,False,False,False,False,2,14.0,31.0,reinforce,26.0,False,False,True,False,,0.9708,1.0,,,,,,,,
75959429,165,1,5,4,32,206,6,0,3,1.5712,reinforce,1,1.1139,frontline,,1,17.0,3.555,False,False,False,False,0,,,,,False,False,False,True,,0.9649,1.0,,,,,,,,
75963839,159,0,21,4,32,106,23,31,45,2.5966,reinforce,0,,,,0,,,False,False,False,False,0,,,,,False,False,False,True,,0.9815,1.0,,,,,,,,
75963839,133,2,2,4,28,19,23,13,18,-1.1448,enemy,1,1.721,easy_target,3.0,28,16.0,2.1656,False,True,True,True,0,,,,,False,False,False,True,,0.821,-1.0,,,,,,,,
75963839,124,0,0,4,28,22,5,19,20,-1.4074,reinforce,0,-0.4564,bastion,,10,11.0,1.3561,False,False,False,False,0,,,,,False,False,False,True,,0.7654,1.0,,,,,,,,
75964397,165,1,1,4,36,35,17,27,16,-2.7221,reinforce,1,1.9579,contested,,15,18.0,1.8757,False,False,False,False,3,30.0,33.0,enemy,13.0,False,False,False,False,,0.6089,1.0,1.0,0.9722,False,36.0,,,,
75964397,48,3,0,4,32,10,17,3,13,4.119,reinforce,3,-1.2455,rear,,25,26.0,2.2281,False,False,False,False,2,17.0,7.0,neutral,26.0,True,False,False,False,,0.1771,-1.0,,,,,,,,
75964932,121,0,0,2,20,33,0,2,16,-2.0975,enemy,1,1.6673,priority_target,1.0,3,2.0,1.6673,True,True,True,True,3,12.0,17.0,reinforce,665.0,False,False,False,False,,0.6836,1.0,,,,,,,,
75967247,138,1,0,4,32,23,27,31,1,1.1184,reinforce,1,-0.4522,rear,,25,11.0,3.2684,False,False,False,False,4,17.0,25.0,neutral,14.0,False,False,False,False,,0.6935,-1.0,,,,,,,,
75967247,139,1,0,4,32,19,7,11,24,-1.4931,enemy,2,4.4258,easy_target,1.0,25,11.0,4.4258,True,True,True,True,5,17.0,1.0,neutral,55.0,False,False,False,False,,0.6985,-1.0,,,,,,,,
75970255,27,0,0,2,36,3,8,32,25,-2.6886,neutral,-1,0.7327,priority_target,6.0,32,25.0,2.0401,False,False,False,True,1,8.0,25.0,neutral,9.0,True,False,True,False,,0.1812,1.0,,,,,,,,
75970563,242,3,1,4,40,25,22,30,20,0.4426,reinforce,3,-1.4138,rear,,7,20.0,-0.4551,False,False,False,False,4,19.0,9.0,enemy,182.0,False,False,False,False,,0.8643,1.0,,,,,,,,
75970563,267,3,29,4,44,220,33,31,2,-2.8134,reinforce,3,-1.2959,rear,,1,1.0,-0.1566,False,False,False,False,0,,,,,False,False,False,True,,0.9536,1.0,,,,,,,,
75970563,267,3,0,4,44,220,0,8,454,1.8301,reinforce,3,-0.4553,mid,,1,1.0,-0.1566,False,False,False,False,0,,,,,False,False,False,True,,0.9536,1.0,,,,,,,,
75970563,119,3,2,4,40,48,9,1,3,0.2593,reinforce,3,1.0167,priority_target,3.0,26,27.0,1.3286,False,True,True,True,4,19.0,1.0,reinforce,91.0,False,True,True,False,,0.425,1.0,,,,,,,,
75970563,274,3,38,4,44,272,39,4,1,1.5711,reinforce,3,0.0533,frontline,,1,1.0,0.6625,False,False,False,False,0,,,,,False,False,False,True,,0.9786,1.0,1.0,1.0,True,44.0,,,,
75970563,254,3,12,4,44,76,26,22,2,2.7205,reinforce,3,-1.0455,rear,,4,24.0,1.9359,False,False,False,False,0,,,,,False,False,False,True,,0.9071,1.0,,,,,,,,
75972657,84,0,0,2,32,32,21,7,80,-2.3891,neutral,-1,-1.6461,periphery,12.0,14,22.0,1.3497,False,False,False,False,3,13.0,7.0,neutral,28.0,False,True,True,False,,0.5526,1.0,,,,,,,,
75972841,83,0,1,2,28,18,15,3,6,-1.4973,enemy,1,-0.911,hard_far,10.0,21,13.0,1.6168,False,False,False,True,4,1.0,5.0,reinforce,24.0,False,False,False,False,,0.5497,-1.0,,,,,,,,
75974716,156,2,1,4,32,21,20,9,59,-3.1397,enemy,1,-0.1148,hard_far,5.0,11,15.0,1.1829,False,False,True,True,3,20.0,5.0,enemy,50.0,True,False,True,False,,0.6023,1.0,,,,,,,,
75976337,179,0,0,2,28,34,4,8,10,-0.4004,reinforce,0,0.8747,priority_target,2.0,20,0.0,3.7663,False,True,True,True,0,,,,,False,False,False,True,,0.8211,-1.0,,,,,,,,
75976337,117,1,2,2,24,37,22,10,10,0.9821,reinforce,1,-0.716,bastion,,9,12.0,0.2467,False,False,False,False,1,8.0,10.0,reinforce,15.0,False,True,True,False,,0.5367,1.0,,,,,,,,
75979513,89,1,1,2,20,15,10,0,18,1.6506,reinforce,1,-1.6665,periphery,8.0,8,7.0,0.7559,False,False,False,True,1,12.0,0.0,reinforce,114.0,False,True,True,False,,0.7063,1.0,,,,,,,,
75984949,140,1,0,2,32,66,3,6,20,-0.0383,reinforce,1,-0.4468,contested,,20,30.0,2.3318,False,False,False,False,3,22.0,3.0,reinforce,58.0,False,False,True,False,,0.733,-1.0,,,,,,,,
75991087,164,3,0,4,24,31,8,6,232,-1.446,enemy,2,0.1916,frontline,,0,,,False,False,False,False,4,8.0,19.0,reinforce,8.0,True,False,False,False,,0.6406,1.0,,,,,,,,
75994516,163,3,0,4,36,62,4,20,134,1.9138,reinforce,3,0.0328,isolated,,0,,,False,False,False,False,0,,,,,False,False,False,True,,0.8624,1.0,1.0,0.9444,False,36.0,,,,
75994516,97,2,0,4,32,24,28,3,61,-1.5038,enemy,3,0.2862,priority_target,6.0,22,4.0,2.4133,False,False,False,True,2,17.0,8.0,enemy,24.0,False,False,True,False,,0.5132,-1.0,,,,,,,,
75995072,32,0,0,4,32,8,20,4,18,-0.2808,neutral,-1,-0.9917,hard_far,20.0,28,9.0,1.8135,False,False,False,False,1,24.0,13.0,neutral,14.0,False,False,True,False,,0.2302,-1.0,,,,,,,,
75995342,93,1,0,2,36,29,18,2,63,-0.3449,enemy,0,0.3069,contested,4.0,19,20.0,2.3329,False,False,True,True,1,18.0,22.0,reinforce,17.0,True,False,False,False,,0.4366,1.0,,,,,,,,
75995342,156,1,1,2,40,21,24,0,121,0.3051,enemy,0,-0.5608,hard_far,3.0,5,26.0,1.9011,False,True,True,True,7,30.0,10.0,reinforce,14.0,False,False,False,False,,0.7324,1.0,,,,,,,,
75996990,54,3,0,4,28,15,7,16,62,1.1455,enemy,0,-1.6314,hard_far,14.0,18,13.0,2.8209,False,False,False,False,0,,,,,False,False,False,True,,0.1444,1.0,,,,,,,,
75998277,56,0,1,2,36,43,22,19,105,-0.8559,enemy,1,-0.2664,periphery,12.0,23,23.0,1.9205,False,False,False,False,4,22.0,6.0,enemy,6.0,True,False,True,False,,0.4375,-1.0,,,,,,,,
75998641,469,1,4,4,32,112,11,4,49,0.7751,enemy,2,-1.0726,hard_far,8.0,15,1.0,2.8588,False,False,False,True,0,,,,,False,False,False,True,,0.9399,-1.0,,,,,,,,
75998641,460,1,10,4,32,95,27,10,113,-1.644,reinforce,1,1.1703,contested,,16,16.0,1.3128,False,False,False,False,1,27.0,19.0,enemy,64.0,True,False,False,False,,0.9218,-1.0,,,,,,,,
75998641,416,1,7,4,28,103,15,3,142,2.3005,reinforce,1,-0.2831,bastion,,14,25.0,0.6089,False,False,False,False,3,1.0,20.0,enemy,215.0,False,False,False,False,,0.8337,-1.0,,,,,,,,
75998641,407,1,10,4,28,107,19,11,5,-2.2681,reinforce,1,-1.2134,rear,,14,17.0,1.1331,False,False,False,False,5,9.0,17.0,enemy,34.0,False,False,False,False,,0.8156,-1.0,1.0,1.0,True,28.0,,,,
75998641,429,1,2,4,28,113,4,12,3,-0.2332,enemy,2,0.1486,frontline,,17,21.0,1.4825,False,False,False,False,2,15.0,1.0,reinforce,20.0,False,False,False,False,,0.8597,-1.0,,,,,,,,
75998767,271,0,0,4,36,12,0,7,477,-2.5001,enemy,2,0.1032,hard_far,9.0,28,14.0,2.431,False,False,False,True,3,0.0,31.0,enemy,88.0,True,False,True,False,,0.5431,-1.0,,,,,,,,
75998767,311,2,0,4,32,7,22,26,45,-0.8194,enemy,1,0.9053,easy_target,4.0,21,0.0,5.2728,False,False,True,True,8,31.0,0.0,enemy,14.0,False,False,True,False,,0.6232,1.0,,,,,,,,
75998767,321,2,0,4,32,20,12,5,56,1.9617,enemy,1,0.3628,hard_far,7.0,18,19.0,2.7449,False,False,False,True,1,21.0,8.0,enemy,56.0,False,False,True,False,,0.6433,1.0,,,,,,,,
76004820,100,0,0,4,32,42,23,18,5,-1.273,enemy,2,1.2956,easy_target,3.0,27,13.0,3.2894,False,True,True,True,0,,,,,False,False,False,True,,0.4808,-1.0,,,,,,,,
76032198,84,3,0,4,24,18,22,1,23,1.631,neutral,-1,-1.4727,hard_far,9.0,13,21.0,0.6234,False,False,False,True,0,,,,,False,False,False,True,,0.5385,1.0,,,,,,,,
76032608,67,0,9,2,32,238,16,11,4,-1.8739,enemy,1,0.5144,frontline,,2,12.0,1.6922,False,False,False,False,1,3.0,26.0,reinforce,13.0,False,False,False,False,,0.7882,1.0,,,,,,,,
76039927,39,0,0,4,28,26,18,6,80,4.7334,enemy,2,-0.6202,hard_far,6.0,19,19.0,1.8058,False,False,False,True,0,,,,,False,False,False,True,,0.2229,-1.0,,,,,,,,
76041054,90,0,0,4,28,28,0,3,31,-2.4577,enemy,3,-1.0466,hard_far,12.0,19,5.0,2.4109,False,False,False,False,0,,,,,False,False,False,True,,0.2903,1.0,,,,,,,,
76041054,291,3,0,4,28,32,21,10,5,0.1817,neutral,-1,-0.0555,hard_far,13.0,26,25.0,1.5765,False,False,False,False,1,17.0,15.0,reinforce,51.0,False,False,False,False,,0.9387,-1.0,1.0,1.0,True,28.0,,,,
76041054,176,0,0,4,32,8,23,5,66,1.3132,reinforce,0,-0.6322,isolated,,19,13.0,1.5917,False,False,False,False,2,0.0,4.0,reinforce,23.0,False,False,True,False,,0.5677,1.0,,,,,,,,
76041054,98,2,0,4,28,22,27,11,74,-2.2199,neutral,-1,-1.0577,hard_far,13.0,20,5.0,2.7858,False,False,False,False,2,27.0,15.0,enemy,39.0,True,False,False,False,,0.3161,-1.0,,,,,,,,
76042700,116,1,2,2,28,24,21,11,40,-2.8609,reinforce,1,-1.5382,rear,,9,0.0,1.8543,False,False,False,False,1,15.0,23.0,reinforce,12.0,False,False,True,False,,0.8169,1.0,,,,,,,,
76042700,112,1,4,2,28,22,13,26,45,-1.2249,reinforce,1,-1.309,rear,,10,23.0,2.0648,False,False,False,False,1,15.0,0.0,reinforce,46.0,False,False,True,False,,0.7887,1.0,,,,,,,,
76045205,119,1,2,2,28,46,12,4,3,0.7791,enemy,0,1.1986,frontline,,19,18.0,2.1405,False,False,False,False,5,12.0,0.0,enemy,44.0,True,False,True,False,,0.5805,-1.0,,,,,,,,
76050389,71,1,1,2,24,31,15,23,40,-1.8993,enemy,0,,,,15,12.0,2.222,False,False,False,False,0,,,,,False,False,False,True,,0.5966,-1.0,,,,,,,,
76050389,33,1,0,2,20,11,19,10,38,0.0664,neutral,-1,3.168,easy_target,1.0,15,10.0,3.168,True,True,True,True,0,,,,,False,False,False,True,,0.2773,-1.0,,,,,,,,
76050389,34,0,0,2,20,11,18,10,26,-0.9031,neutral,-1,1.4859,frontline,,11,5.0,1.5312,False,False,False,False,3,16.0,5.0,neutral,34.0,False,False,True,False,,0.2857,1.0,,,,,,,,
76056672,271,3,4,4,36,37,15,25,12,-2.5467,reinforce,3,0.8752,frontline,,5,9.0,0.6141,False,False,False,False,2,31.0,7.0,reinforce,32.0,False,False,True,False,,0.7699,1.0,,,,,,,,
76056672,103,3,0,4,32,22,31,16,63,0.7919,enemy,0,-0.7824,hard_far,16.0,24,3.0,1.2151,False,False,False,False,2,21.0,31.0,reinforce,17.0,False,False,False,False,,0.2926,1.0,1.0,0.9688,False,32.0,0.375,0.8,10.0,200.0
76056672,324,3,2,4,32,32,16,2,16,-1.7617,reinforce,3,1.489,frontline,,3,7.0,-0.1056,False,False,False,False,2,8.0,30.0,enemy,43.0,False,False,False,False,,0.9205,1.0,,,,,,,,
76057451,349,1,0,2,28,16,17,12,88,1.9847,enemy,0,-0.6641,rear,,18,16.0,2.5815,False,False,False,False,4,17.0,6.0,enemy,28.0,True,False,True,False,,0.762,-1.0,,,,,,,,
76057451,264,0,0,2,32,108,19,1,32,3.002,reinforce,0,1.1349,priority_target,3.0,18,13.0,2.627,False,True,True,True,2,17.0,13.0,reinforce,20.0,False,False,True,False,,0.5764,1.0,,,,,,,,
76057451,124,0,0,2,28,18,4,20,32,4.468,reinforce,0,1.0842,contested,,14,27.0,0.4604,False,False,False,False,0,,,,,False,False,False,True,,0.2707,1.0,,,,,,,,
76057451,232,1,1,2,28,126,16,14,19,1.7876,enemy,0,-0.031,contested,5.0,13,15.0,0.8255,False,False,True,True,2,16.0,14.0,enemy,45.0,True,True,True,False,,0.5066,-1.0,,,,,,,,
76057451,176,1,5,2,32,22,7,21,12,1.404,enemy,0,-1.7144,periphery,11.0,14,17.0,2.527,False,False,False,False,2,15.0,19.0,reinforce,105.0,False,False,False,False,,0.3843,-1.0,,,,,,,,
76057451,286,1,7,2,28,127,22,17,4,1.9042,enemy,0,0.477,priority_target,3.0,13,10.0,1.1551,False,True,True,True,0,,,,,False,False,False,True,,0.6245,-1.0,,,,,,,,
76057451,367,1,0,2,32,24,9,18,68,0.2939,enemy,0,-0.1483,priority_target,5.0,15,21.0,0.9272,False,False,True,True,2,9.0,8.0,enemy,59.0,True,False,True,False,,0.8013,-1.0,,,,,,,,
76059391,68,3,0,4,32,15,23,0,10,1.574,neutral,-1,-0.8818,hard_far,7.0,10,4.0,0.4461,False,False,False,True,0,,,,,False,False,False,True,,0.6182,1.0,,,,,,,,
76063562,56,0,0,4,40,15,24,1,18,1.813,enemy,1,1.7332,priority_target,4.0,31,15.0,2.7851,False,False,True,True,8,22.0,1.0,enemy,22.0,False,True,True,False,,0.2523,-1.0,1.0,1.0,True,40.0,,,,
76063562,127,1,0,4,36,47,21,33,12,3.2812,reinforce,1,0.0934,easy_target,17.0,33,3.0,1.7595,False,False,False,False,1,11.0,33.0,reinforce,24.0,False,True,True,False,,0.5721,-1.0,,,,,,,,
76063562,116,2,0,4,36,41,16,14,8,-1.3773,reinforce,2,-0.2061,bastion,,14,15.0,0.8369,False,False,False,False,7,25.0,13.0,enemy,84.0,False,False,False,False,,0.5225,1.0,,,,,,,,
76063621,152,2,1,4,32,22,16,13,140,3.7699,enemy,3,-2.2861,periphery,13.0,14,26.0,0.8583,False,False,False,False,4,15.0,26.0,reinforce,67.0,False,False,False,False,,0.3046,1.0,,,,,,,,
76063621,89,2,0,4,28,20,16,4,55,5.9341,reinforce,2,1.191,contested,,19,26.0,1.2753,False,False,False,False,6,13.0,16.0,reinforce,92.0,False,False,True,False,,0.1784,1.0,,,,,,,,
76066636,253,2,1,4,40,8,16,38,109,-2.2001,neutral,-1,,,,1,15.0,1.057,False,False,False,False,2,33.0,17.0,reinforce,734.0,False,False,False,False,,0.9036,1.0,,,,,,,,
76066636,51,2,0,4,40,24,14,29,45,2.8254,neutral,-1,-0.05,hard_far,12.0,27,1.0,1.6628,False,False,False,False,2,14.0,21.0,enemy,29.0,True,False,False,False,,0.1821,1.0,,,,,,,,
76066636,170,2,3,4,40,21,29,17,5,-0.3536,reinforce,2,-1.2069,rear,,4,14.0,0.0537,False,False,False,False,0,,,,,False,False,False,True,,0.6071,1.0,,,,,,,,
76071073,120,1,3,2,24,42,11,6,20,0.0285,reinforce,1,1.479,frontline,,1,2.0,0.527,False,False,False,False,2,23.0,2.0,neutral,22.0,False,False,False,False,,0.9524,1.0,,,,,,,,
76071285,111,1,0,4,28,33,26,3,23,-1.9502,enemy,3,0.8724,priority_target,3.0,23,22.0,2.6479,False,True,True,True,5,26.0,15.0,enemy,13.0,True,False,True,False,,0.681,-1.0,,,,,,,,
76071285,112,2,0,4,28,32,14,9,9,-2.949,enemy,1,1.1747,contested,1.0,10,9.0,1.1747,True,True,True,True,4,4.0,2.0,reinforce,283.0,False,False,False,False,,0.6871,1.0,1.0,1.0,True,28.0,,,,
76083186,61,1,0,4,32,15,9,21,31,-2.7056,enemy,3,0.706,contested,4.0,21,4.0,2.878,False,False,True,True,2,0.0,4.0,neutral,36.0,False,False,False,False,,0.3588,-1.0,,,,,,,,
76083186,21,1,1,4,28,2,9,5,59,-2.9482,neutral,-1,1.5803,priority_target,2.0,25,20.0,1.9167,False,True,True,True,0,,,,,False,False,False,True,,0.1235,-1.0,,,,,,,,
76086202,36,0,0,4,28,17,14,8,26,0.7022,neutral,-1,0.2974,contested,,21,24.0,2.0475,False,False,False,False,1,1.0,26.0,enemy,16.0,False,False,False,False,,0.2278,-1.0,,,,,,,,
76086202,25,0,0,4,28,13,0,7,16,-2.4749,neutral,-1,-1.7199,hard_far,20.0,22,24.0,2.6965,False,False,False,False,4,14.0,6.0,neutral,16.0,False,False,True,False,,0.1582,-1.0,,,,,,,,
76086202,55,0,0,4,32,23,3,15,53,0.1606,enemy,3,1.3367,contested,1.0,19,15.0,1.3367,True,True,True,True,0,,,,,False,False,False,True,,0.3481,-1.0,,,,,,,,
76089271,117,0,1,2,24,31,9,8,12,-0.2134,reinforce,0,0.4509,frontline,,17,15.0,1.4033,False,False,False,False,0,,,,,False,False,False,True,,0.7905,-1.0,,,,,,,,
76089271,72,1,1,2,28,21,11,5,23,1.2541,enemy,0,-1.2987,hard_far,11.0,15,14.0,1.324,False,False,False,False,3,17.0,26.0,reinforce,30.0,False,False,False,False,,0.4865,1.0,,,,,,,,
76093064,57,0,1,2,36,35,22,10,18,-0.7068,neutral,-1,-1.5795,priority_target,12.0,13,23.0,0.738,False,False,False,False,2,34.0,16.0,reinforce,56.0,False,False,False,False,,0.4222,-1.0,,,,,,,,
76096057,87,3,1,4,36,33,7,29,17,1.4754,reinforce,3,0.1535,frontline,,25,26.0,2.8268,False,False,False,False,2,24.0,12.0,reinforce,14.0,False,False,True,False,,0.4555,-1.0,,,,,,,,
76109496,96,0,1,2,28,23,16,2,50,-1.3949,enemy,1,2.3886,frontline,,15,9.0,0.195,False,False,False,False,0,,,,,False,False,False,True,,0.2623,-1.0,1.0,1.0,True,28.0,0.4286,0.2857,7.0,200.0
76109496,161,1,1,2,32,32,27,10,6,-1.182,neutral,-1,0.9448,contested,3.0,18,3.0,1.7925,False,True,True,True,2,19.0,3.0,reinforce,11.0,False,False,False,False,,0.4399,1.0,,,,,,,,
76109496,345,1,0,2,28,9,14,5,23,2.261,enemy,0,-0.2063,hard_far,1.0,3,5.0,-0.2063,True,True,True,True,2,18.0,0.0,reinforce,237.0,False,False,False,False,,0.9426,1.0,,,,,,,,
76109496,277,1,0,2,32,40,2,8,28,1.552,enemy,0,-0.1696,contested,,11,17.0,1.4722,False,False,False,False,6,22.0,24.0,enemy,68.0,False,False,True,False,,0.7568,1.0,,,,,,,,
76117280,99,0,0,4,32,23,17,29,26,-0.443,reinforce,0,-0.0391,rear,,17,20.0,1.7487,False,False,False,False,6,28.0,10.0,enemy,28.0,False,False,False,False,,0.5964,1.0,,,,,,,,
76117280,146,0,0,4,32,12,31,11,21,-2.184,enemy,3,1.1998,easy_target,1.0,5,11.0,1.1998,True,True,True,True,1,0.0,8.0,neutral,35.0,False,False,False,False,,0.8795,1.0,,,,,,,,
76123767,106,2,0,4,32,28,15,8,10,-0.0987,neutral,-1,-0.2996,hard_far,6.0,15,5.0,1.4336,False,False,False,True,0,,,,,False,False,False,True,,0.4818,1.0,,,,,,,,
76123767,93,1,0,4,32,35,16,26,10,2.7321,reinforce,1,4.6993,easy_target,1.0,27,26.0,4.6993,True,True,True,True,1,16.0,12.0,neutral,16.0,True,False,False,False,,0.4227,-1.0,,,,,,,,
76126728,173,1,0,4,28,28,17,4,4,0.8746,reinforce,1,2.9595,frontline,,1,12.0,-1.4845,False,False,False,False,1,16.0,27.0,neutral,45.0,False,False,False,False,,0.8122,1.0,,,,,,,,
76126831,180,0,1,4,36,61,35,10,1,-0.127,reinforce,0,0.4853,isolated,,0,,,False,False,False,False,2,8.0,33.0,reinforce,318.0,False,False,True,False,,0.9524,1.0,,,,,,,,
76126831,28,2,0,4,32,12,2,18,2,1.0863,neutral,-1,2.6612,easy_target,1.0,28,18.0,2.6612,True,True,True,True,1,10.0,18.0,neutral,5.0,False,True,True,False,,0.1481,-1.0,1.0,1.0,True,32.0,,,,
76126831,101,0,0,4,32,33,4,24,15,-2.3019,enemy,3,-0.6032,periphery,6.0,17,17.0,1.9425,False,False,False,True,2,0.0,16.0,reinforce,12.0,False,False,False,False,,0.5344,1.0,,,,,,,,
76132264,113,3,0,4,28,25,22,7,33,2.8637,enemy,2,1.0227,priority_target,3.0,24,11.0,2.0547,False,True,True,True,0,,,,,False,False,False,True,,0.4449,-1.0,,,,,,,,
76132264,147,2,1,4,28,41,26,18,21,0.81,reinforce,2,0.0543,contested,,22,14.0,2.1965,False,False,False,False,0,,,,,False,False,False,True,,0.5787,-1.0,,,,,,,,
76132264,170,0,0,4,32,98,4,11,18,-2.2432,neutral,-1,2.3156,easy_target,1.0,3,11.0,2.3156,True,True,True,True,2,22.0,8.0,neutral,6.0,False,False,True,False,,0.6693,1.0,,,,,,,,
76134185,156,3,0,4,36,4,7,34,21,0.8789,neutral,-1,,,,21,5.0,1.0873,False,False,False,False,2,25.0,9.0,enemy,82.0,False,False,False,False,,0.3126,-1.0,,,,,,,,
76134185,135,3,0,4,32,20,11,21,13,0.8071,enemy,0,0.4428,contested,7.0,24,29.0,2.7652,False,False,False,True,5,31.0,11.0,reinforce,71.0,False,False,False,False,,0.2705,-1.0,,,,,,,,
76134185,123,0,0,4,32,32,21,25,21,-1.0236,reinforce,0,1.8172,easy_target,1.0,12,25.0,1.8172,True,True,True,True,1,21.0,25.0,reinforce,24.0,True,True,True,False,,0.2465,1.0,,,,,,,,
76135954,131,1,0,2,24,7,1,16,49,-0.1821,reinforce,1,0.7078,mid,,2,9.0,0.3294,False,False,False,False,2,13.0,17.0,reinforce,151.0,False,False,True,False,,0.9776,1.0,,,,,,,,
76140744,85,3,0,4,32,23,15,14,12,2.7474,enemy,1,-0.1444,mid,,22,18.0,1.6317,False,False,False,False,2,7.0,20.0,enemy,36.0,False,False,True,False,,0.3058,-1.0,,,,,,,,
76140744,251,2,1,4,36,22,23,9,20,1.71,enemy,1,-1.4881,hard_far,5.0,7,16.0,1.0024,False,False,True,True,0,,,,,False,False,False,True,,0.9029,1.0,1.0,1.0,True,36.0,,,,
76140744,133,2,2,4,32,24,17,12,46,-2.0563,reinforce,2,-1.0736,rear,,17,26.0,2.0745,False,False,False,False,3,10.0,6.0,reinforce,16.0,False,False,True,False,,0.4784,1.0,,,,,,,,
76140744,129,2,0,4,32,32,8,0,20,3.0383,enemy,1,1.4327,priority_target,2.0,18,3.0,2.1317,False,True,True,True,2,8.0,0.0,enemy,8.0,True,True,True,False,,0.464,1.0,,,,,,,,
76140744,19,1,0,4,32,8,5,16,16,-0.4516,neutral,-1,1.6416,easy_target,2.0,26,12.0,1.8616,False,True,True,True,0,,,,,False,False,False,True,,0.0683,-1.0,,,,,,,,
76147844,93,3,0,4,24,45,6,1,12,2.5523,reinforce,3,-0.0249,frontline,,3,15.0,1.0697,False,False,False,False,0,,,,,False,False,False,True,,0.823,1.0,,,,,,,,
76147844,69,3,0,4,28,40,8,16,39,1.9062,enemy,0,-0.1471,hard_far,6.0,11,14.0,1.6244,False,False,False,True,1,13.0,8.0,reinforce,45.0,False,False,False,False,,0.6106,1.0,,,,,,,,
76151155,132,1,0,2,28,38,7,9,35,1.7501,enemy,0,-0.9005,isolated,,0,,,False,False,False,False,0,,,,,False,False,False,True,,0.7253,1.0,,,,,,,,
76155798,65,1,0,2,32,27,3,27,25,1.7914,enemy,0,0.9465,priority_target,3.0,19,12.0,1.6381,False,True,True,True,3,26.0,10.0,neutral,53.0,False,False,False,False,,0.4483,-1.0,,,,,,,,
76156832,87,1,0,4,36,19,34,32,22,-0.8985,enemy,3,-1.5823,periphery,23.0,25,15.0,2.0973,False,False,False,False,2,23.0,1.0,reinforce,15.0,False,False,False,False,,0.2597,-1.0,,,,,,,,
76157049,240,3,0,4,24,23,13,9,20,1.5619,reinforce,3,-0.2011,bastion,,6,12.0,1.3397,False,False,False,False,3,6.0,0.0,enemy,103.0,False,False,False,False,,0.8136,1.0,,,,,,,,
76157049,182,3,0,4,24,29,15,4,36,0.7833,enemy,0,0.2583,contested,1.0,7,4.0,0.2583,True,True,True,True,0,,,,,False,False,False,True,,0.6169,1.0,1.0,0.8333,False,24.0,,,,
76157049,117,3,0,4,24,29,11,2,83,-0.3036,reinforce,3,0.7663,frontline,,16,14.0,1.5548,False,False,False,False,3,9.0,21.0,reinforce,11.0,False,False,True,False,,0.3966,1.0,,,,,,,,
76157049,133,3,0,4,24,23,2,18,86,0.3492,reinforce,3,0.2607,contested,,13,12.0,1.1153,False,False,False,False,5,23.0,7.0,reinforce,33.0,False,False,True,False,,0.4508,1.0,,,,,,,,
76161698,124,2,0,4,20,4,2,11,108,-3.0862,enemy,3,0.0766,isolated,,17,18.0,2.3484,False,False,False,False,2,10.0,18.0,neutral,11.0,False,False,False,False,,0.2485,-1.0,,,,,,,,
76161698,463,1,0,4,24,20,23,9,27,3.0222,reinforce,1,-0.7416,isolated,,6,6.0,3.251,False,False,False,False,4,9.0,3.0,enemy,265.0,False,False,False,False,,0.9279,1.0,,,,,,,,
76161698,205,2,0,4,20,9,2,0,757,1.2492,enemy,0,-1.5973,hard_far,17.0,18,2.0,4.1781,False,False,False,False,4,10.0,2.0,reinforce,538.0,False,False,False,False,,0.4108,-1.0,,,,,,,,
76176665,138,0,11,2,28,438,15,19,3,1.0162,reinforce,0,-0.2738,mid,,0,,,False,False,False,False,0,,,,,False,False,False,True,,0.9452,1.0,,,,,,,,
76176665,120,0,9,2,28,252,17,11,7,-2.2066,reinforce,0,-0.3549,isolated,,0,,,False,False,False,False,0,,,,,False,False,False,True,,0.8219,1.0,,,,,,,,
76176665,99,0,6,2,28,105,16,14,2,-0.2256,reinforce,0,0.3981,frontline,,4,19.0,1.2353,False,False,False,False,1,18.0,15.0,reinforce,29.0,False,False,True,False,,0.6781,1.0,,,,,,,,
76177692,134,1,4,4,28,55,9,1,10,1.5176,reinforce,1,-0.5491,bastion,,5,12.0,1.2601,False,False,False,False,4,20.0,4.0,reinforce,101.0,False,False,True,False,,0.9054,1.0,,,,,,,,
76193676,75,1,0,4,36,21,29,22,12,0.022,enemy,3,0.9202,priority_target,5.0,26,28.0,2.4735,False,False,True,True,0,,,,,False,False,False,True,,0.4213,-1.0,1.0,1.0,True,36.0,,,,
76195833,143,3,0,4,24,33,21,9,52,2.1804,reinforce,3,0.5825,frontline,,1,1.0,2.5315,False,False,False,False,2,23.0,1.0,enemy,136.0,False,False,False,False,,0.9408,1.0,,,,,,,,
76198576,80,0,0,4,24,17,3,11,21,2.2434,enemy,3,2.7884,easy_target,1.0,11,11.0,2.7884,True,True,True,True,2,3.0,8.0,enemy,22.0,True,False,True,False,,0.5926,-1.0,,,,,,,,
76201225,95,1,1,2,28,36,25,17,5,2.3177,enemy,0,-0.9901,hard_far,11.0,19,25.0,0.7908,False,False,False,False,1,13.0,6.0,reinforce,29.0,False,False,False,False,,0.5135,-1.0,,,,,,,,
76202954,111,1,0,2,32,69,28,18,60,-1.6475,reinforce,1,0.3037,frontline,,9,0.0,0.8823,False,False,False,False,7,16.0,0.0,neutral,49.0,False,False,False,False,,0.9407,1.0,,,,,,,,
76202954,100,1,1,2,32,67,13,16,289,0.98,reinforce,1,-0.3997,isolated,,11,5.0,0.4541,False,False,False,False,7,13.0,21.0,reinforce,386.0,True,False,True,False,,0.8475,1.0,,,,,,,,
76202954,31,0,0,2,32,9,24,17,16,2.5058,neutral,-1,1.1288,easy_target,4.0,26,24.0,2.6496,False,False,True,True,4,20.0,17.0,neutral,16.0,False,True,True,False,,0.2627,-1.0,,,,,,,,
76205493,116,3,0,4,28,48,19,17,10,1.6156,reinforce,3,-1.2245,periphery,9.0,15,26.0,1.4223,False,False,False,True,1,5.0,17.0,reinforce,46.0,False,True,True,False,,0.5714,1.0,,,,,,,,
76205493,155,3,1,4,32,64,26,14,16,-0.3106,reinforce,3,-0.3114,bastion,,9,6.0,2.4358,False,False,False,False,3,27.0,15.0,reinforce,18.0,False,False,True,False,,0.7635,1.0,,,,,,,,
76207317,47,0,0,4,24,9,17,22,23,-0.1168,enemy,2,1.2437,easy_target,4.0,17,1.0,2.6421,False,False,True,True,1,14.0,17.0,reinforce,8.0,False,False,False,False,,0.3672,-1.0,,,,,,,,
76216031,124,0,3,4,24,172,11,17,19,1.8347,reinforce,0,-0.6415,mid,,0,,,False,False,False,False,0,,,,,False,False,False,True,,0.9538,1.0,1.0,0.9583,False,24.0,,,,
76224773,273,3,0,4,36,4,2,26,10,3.0483,reinforce,3,0.1699,frontline,,5,19.0,0.6311,False,False,False,False,6,11.0,30.0,reinforce,348.0,False,False,True,False,,0.5471,1.0,,,,,,,,
76224773,113,0,1,4,32,9,29,15,19,-2.2953,enemy,3,-1.4681,hard_far,22.0,25,12.0,2.1051,False,False,False,False,5,8.0,12.0,reinforce,25.0,False,False,False,False,,0.2265,-1.0,,,,,,,,
76227451,76,0,1,2,40,73,0,22,102,-1.3434,enemy,1,-1.1172,periphery,13.0,21,1.0,2.8342,False,False,False,False,0,,,,,False,False,False,True,,0.3207,1.0,,,,,,,,
76227451,142,0,1,2,36,85,20,4,7,-1.0968,reinforce,0,-0.7335,isolated,,12,3.0,0.0222,False,False,False,False,3,29.0,7.0,neutral,64.0,False,False,False,False,,0.5992,1.0,,,,,,,,
76227620,86,0,1,4,28,37,4,21,62,-2.1673,enemy,2,-2.7946,priority_target,21.0,21,8.0,2.4013,False,False,False,False,3,4.0,8.0,neutral,65.0,True,False,False,False,,0.2945,-1.0,,,,,,,,
76227620,74,2,0,4,32,25,19,31,72,-2.3248,neutral,-1,,,,21,8.0,2.1235,False,False,False,False,2,19.0,1.0,enemy,50.0,True,False,False,False,,0.2534,1.0,,,,,,,,
76240675,157,3,1,4,40,28,36,4,12,0.9574,reinforce,3,0.0799,bastion,,26,8.0,2.6737,False,False,False,False,9,4.0,0.0,reinforce,243.0,False,False,True,False,,0.3146,-1.0,,,,,,,,
76240675,284,1,3,4,36,28,8,3,12,-2.18,enemy,0,2.069,contested,2.0,19,13.0,2.2494,False,True,True,True,3,15.0,8.0,reinforce,7.0,False,False,False,False,,0.5691,1.0,,,,,,,,
76240675,67,1,0,4,40,18,21,13,11,-1.8389,reinforce,1,1.9433,easy_target,3.0,28,3.0,2.3215,False,True,True,True,10,21.0,13.0,reinforce,10.0,True,True,True,False,,0.1343,1.0,,,,,,,,
76240675,392,1,0,4,36,20,29,4,98,1.093,reinforce,1,0.1486,isolated,,7,25.0,0.5612,False,False,False,False,2,7.0,4.0,reinforce,598.0,False,True,True,False,,0.7856,1.0,1.0,1.0,True,36.0,,,,
76241304,82,0,1,4,44,29,29,37,16,-0.6397,enemy,1,1.0186,easy_target,5.0,31,35.0,2.5557,False,False,True,True,3,1.0,37.0,enemy,16.0,False,True,True,False,,0.2939,-1.0,,,,,,,,
76241304,64,1,0,4,44,26,1,9,34,0.1291,enemy,0,-0.2061,mid,,34,26.0,3.1466,False,False,False,False,2,5.0,37.0,reinforce,14.0,False,False,False,False,,0.2294,-1.0,,,,,,,,
76241304,131,3,0,4,40,27,29,37,26,-0.6397,reinforce,3,2.1878,easy_target,2.0,27,35.0,2.8376,False,True,True,True,3,29.0,37.0,reinforce,20.0,True,True,True,False,,0.4695,-1.0,,,,,,,,
76241304,110,2,1,4,40,31,32,7,17,-2.2452,reinforce,2,1.2621,contested,2.0,27,21.0,1.6893,False,True,True,True,2,32.0,7.0,reinforce,20.0,True,True,True,False,,0.3943,1.0,,,,,,,,
76242405,62,1,0,2,36,33,2,18,53,1.8153,enemy,0,-0.5795,priority_target,7.0,15,30.0,1.2008,False,False,False,True,0,,,,,False,False,False,True,,0.3974,-1.0,,,,,,,,
76247232,115,0,0,4,24,16,20,11,33,-3.072,reinforce,0,0.5055,contested,,21,7.0,2.1449,False,False,False,False,4,20.0,7.0,neutral,25.0,True,False,False,False,,0.7325,-1.0,,,,,,,,
76247605,108,0,1,4,32,52,23,11,25,1.9144,enemy,1,2.2516,priority_target,1.0,22,11.0,2.2516,True,True,True,True,1,23.0,9.0,reinforce,72.0,True,False,False,False,,0.4538,1.0,,,,,,,,
76249460,124,0,1,2,36,36,29,32,23,-1.7518,reinforce,0,-0.6205,priority_target,15.0,28,35.0,2.9136,False,False,False,False,4,15.0,27.0,reinforce,28.0,False,False,True,False,,0.6739,-1.0,,,,,,,,
76255902,31,1,1,2,36,13,7,27,2,2.7732,reinforce,1,-1.0992,rear,,33,15.0,1.5175,False,False,False,False,1,3.0,35.0,neutral,30.0,False,False,False,False,,0.1867,1.0,,,,,,,,
76255902,61,1,4,2,40,38,7,27,2,2.7732,reinforce,1,-0.7569,rear,,28,6.0,1.4636,False,False,False,False,3,11.0,0.0,enemy,21.0,False,False,False,False,,0.3675,1.0,1.0,1.0,True,40.0,,,,
76255902,145,1,1,2,36,133,9,8,29,-0.5535,reinforce,1,0.8676,frontline,,11,32.0,2.2728,False,False,False,False,2,24.0,25.0,reinforce,5.0,False,False,True,False,,0.8735,1.0,,,,,,,,
76257210,152,0,3,4,36,28,14,20,412,0.459,reinforce,0,-0.3977,mid,,0,,,False,False,False,False,4,3.0,20.0,reinforce,29.0,False,True,True,False,,0.7525,1.0,,,,,,,,
76257210,157,0,3,4,36,27,13,28,58,1.6309,reinforce,0,-0.1537,frontline,,0,,,False,False,False,False,5,21.0,25.0,reinforce,525.0,False,False,True,False,,0.7772,1.0,,,,,,,,
76257210,192,0,2,4,32,29,5,21,242,0.1704,reinforce,0,-0.4152,mid,,0,,,False,False,False,False,0,,,,,False,False,False,True,,0.9505,1.0,,,,,,,,
76259847,73,0,1,2,40,26,27,15,10,-0.8816,reinforce,0,-0.2741,bastion,,15,21.0,0.9494,False,False,False,False,0,,,,,False,False,False,True,,0.3578,1.0,,,,,,,,
76259847,163,1,1,2,40,47,7,14,4,0.8486,enemy,0,-0.4793,periphery,14.0,26,3.0,4.0146,False,False,False,False,2,35.0,3.0,reinforce,4.0,False,False,False,False,,0.799,-1.0,,,,,,,,
76276130,173,1,1,4,32,62,1,23,11,-0.5647,reinforce,1,0.29,frontline,,19,7.0,2.3333,False,False,False,False,2,3.0,8.0,enemy,20.0,False,False,False,False,,0.3467,1.0,,,,,,,,
76276130,211,0,0,4,28,32,4,5,13,2.6086,enemy,1,0.794,periphery,3.0,17,0.0,1.5115,False,True,True,True,2,14.0,8.0,reinforce,9.0,False,False,False,False,,0.4228,-1.0,,,,,,,,
76276130,416,1,0,4,28,37,25,20,12,-0.3401,reinforce,1,0.697,contested,,4,21.0,0.4414,False,False,False,False,5,13.0,3.0,reinforce,36.0,False,False,True,False,,0.8337,1.0,,,,,,,,
76281340,15,3,0,4,28,7,15,6,6,-0.5386,neutral,-1,1.885,easy_target,1.0,24,6.0,1.885,True,True,True,True,2,27.0,22.0,neutral,13.0,False,False,True,False,,0.0711,1.0,1.0,1.0,True,28.0,,,,
76282382,95,3,0,4,28,17,14,25,24,1.885,enemy,0,-0.7172,periphery,6.0,9,12.0,0.5894,False,False,False,True,0,,,,,False,False,False,True,,0.1904,1.0,,,,,,,,
76287943,165,2,0,4,40,14,14,10,154,-1.2123,enemy,3,0.6056,hard_far,7.0,27,20.0,3.4135,False,False,False,True,4,12.0,8.0,reinforce,6.0,False,False,False,False,,0.4728,-1.0,,,,,,,,
76293330,93,3,3,4,24,13,7,3,32,2.9268,enemy,1,1.1909,easy_target,2.0,16,20.0,3.1522,False,True,True,True,2,7.0,11.0,reinforce,36.0,True,False,False,False,,0.5602,-1.0,,,,,,,,
76296024,283,3,0,4,28,53,3,22,15,1.5275,reinforce,3,-0.1528,frontline,,2,8.0,0.1375,False,False,False,False,0,,,,,False,False,False,True,,0.8899,1.0,,,,,,,,
76296024,134,2,1,4,28,21,16,6,6,-0.2078,enemy,3,1.3096,easy_target,3.0,24,2.0,2.3077,False,True,True,True,2,13.0,2.0,enemy,61.0,False,False,True,False,,0.4214,-1.0,,,,,,,,
76296024,313,3,1,4,28,54,0,3,15,-1.7059,reinforce,3,0.7636,isolated,,0,,,False,False,False,False,0,,,,,False,False,False,True,,0.9843,1.0,,,,,,,,
76296024,160,3,1,4,32,17,12,24,14,-2.429,reinforce,3,-1.3659,rear,,14,3.0,1.4098,False,False,False,False,0,,,,,False,False,False,True,,0.5031,1.0,,,,,,,,
76296024,279,3,1,4,32,52,21,28,14,1.8793,neutral,-1,,,,5,1.0,0.6813,False,False,False,False,2,5.0,1.0,reinforce,41.0,False,False,False,False,,0.8774,1.0,,,,,,,,
76296024,139,3,0,4,28,27,25,9,34,2.5251,enemy,1,-2.1769,hard_far,16.0,16,17.0,2.5589,False,False,False,False,0,,,,,False,False,False,True,,0.4371,1.0,,,,,,,,
76303822,162,0,0,4,24,9,15,7,92,-0.2561,neutral,-1,1.8436,priority_target,1.0,12,7.0,1.8436,True,True,True,True,1,4.0,12.0,reinforce,22.0,False,False,False,False,,0.5978,-1.0,1.0,1.0,True,24.0,,,,
76312376,75,1,1,2,36,29,10,11,14,2.6942,reinforce,1,-1.0788,rear,,15,18.0,1.9285,False,False,False,False,0,,,,,False,False,False,True,,0.6148,1.0,,,,,,,,
76312376,114,1,0,2,32,11,26,29,10,2.1779,reinforce,1,0.0823,contested,5.0,5,5.0,1.7087,False,False,True,True,1,13.0,29.0,reinforce,6.0,False,True,True,False,,0.9344,1.0,,,,,,,,
76319914,39,1,0,2,32,12,15,22,22,0.0907,neutral,-1,1.8852,priority_target,2.0,24,1.0,2.1667,False,True,True,True,2,3.0,19.0,reinforce,61.0,False,False,False,False,,0.3333,-1.0,,,,,,,,
76319914,93,0,6,2,32,131,14,9,7,2.366,neutral,-1,-1.3655,rear,,4,12.0,2.867,False,False,False,False,1,7.0,9.0,neutral,101.0,False,True,True,False,,0.7949,1.0,,,,,,,,
76319914,90,0,4,2,32,106,6,1,16,2.4029,reinforce,0,0.1438,isolated,,6,12.0,2.5833,False,False,False,False,3,7.0,5.0,reinforce,101.0,False,False,True,False,,0.7692,1.0,,,,,,,,
76319914,96,0,14,2,32,151,20,28,5,0.3685,reinforce,0,-1.2502,rear,,1,24.0,1.1911,False,False,False,False,2,12.0,22.0,reinforce,12.0,False,False,True,False,,0.8205,1.0,,,,,,,,
76324976,116,0,0,2,32,16,27,8,22,0.5144,neutral,-1,0.4666,hard_far,5.0,14,18.0,1.4217,False,False,True,True,7,12.0,28.0,reinforce,18.0,False,False,False,False,,0.7532,1.0,,,,,,,,
76324976,95,0,0,2,32,14,23,16,59,-0.2643,reinforce,0,0.2021,mid,,15,31.0,1.0872,False,False,False,False,4,4.0,22.0,reinforce,18.0,False,False,True,False,,0.6169,1.0,,,,,,,,
76334869,28,3,0,4,20,14,7,17,58,1.5413,enemy,1,-1.7245,periphery,15.0,16,19.0,0.9149,False,False,False,False,2,11.0,1.0,enemy,47.0,False,False,True,False,,0.1129,1.0,,,,,,,,
76334869,152,1,0,4,24,25,15,17,10,1.785,reinforce,1,-0.8461,mid,,13,7.0,1.945,False,False,False,False,2,15.0,3.0,reinforce,15.0,True,False,True,False,,0.6129,-1.0,1.0,1.0,True,24.0,,,,
76336072,117,3,1,4,28,12,22,26,32,1.3684,reinforce,3,-0.3416,frontline,,8,1.0,0.2402,False,False,False,False,2,26.0,20.0,reinforce,49.0,False,False,True,False,,0.854,1.0,,,,,,,,
76338445,53,0,1,2,32,22,15,2,68,-1.7482,enemy,1,1.2625,contested,1.0,19,2.0,1.2625,True,True,True,True,1,15.0,6.0,neutral,47.0,True,False,False,False,,0.1893,1.0,,,,,,,,
76353192,59,1,0,2,24,76,3,17,43,-0.2779,reinforce,1,0.1657,contested,,12,12.0,1.5646,False,False,False,False,2,13.0,6.0,reinforce,23.0,False,False,True,False,,0.285,-1.0,,,,,,,,
76353192,154,0,3,2,24,95,8,4,5,2.5254,reinforce,0,-0.7376,isolated,,3,12.0,1.5623,False,False,False,False,2,13.0,11.0,reinforce,56.0,False,False,True,False,,0.744,1.0,,,,,,,,
76353192,90,0,1,2,20,56,8,0,5,-1.2983,reinforce,0,0.6699,frontline,,9,19.0,0.6887,False,False,False,False,1,15.0,1.0,reinforce,54.0,False,False,True,False,,0.4348,1.0,,,,,,,,
76353192,120,1,2,2,20,72,19,1,13,1.0901,enemy,0,-1.722,priority_target,9.0,12,11.0,1.5489,False,False,False,True,0,,,,,False,False,False,True,,0.5797,-1.0,,,,,,,,
76353192,141,1,1,2,20,85,2,15,10,2.4247,enemy,0,1.7305,contested,2.0,14,12.0,1.7569,False,True,True,True,0,,,,,False,False,False,True,,0.6812,-1.0,,,,,,,,
76354266,95,0,0,2,20,20,17,10,20,-2.0022,reinforce,0,-0.7612,periphery,5.0,12,9.0,2.9333,False,False,True,True,0,,,,,False,False,False,True,,0.4634,1.0,,,,,,,,
76358451,153,2,6,4,32,81,5,27,18,-1.7067,enemy,3,0.4194,mid,,0,,,False,False,False,False,2,22.0,7.0,reinforce,44.0,False,False,False,False,,0.827,1.0,,,,,,,,
76358451,151,2,6,4,32,83,24,17,11,-2.7673,reinforce,2,0.0748,mid,,2,3.0,1.5932,False,False,False,False,2,23.0,11.0,enemy,45.0,False,False,False,False,,0.8162,1.0,0.9062,0.8438,False,32.0,,,,
76358451,61,1,1,4,32,37,17,27,87,-2.7375,enemy,3,0.4723,priority_target,6.0,23,26.0,2.9534,False,False,False,True,1,17.0,26.0,enemy,50.0,True,False,True,False,,0.3297,-1.0,,,,,,,,
76358451,101,2,1,4,28,75,9,6,34,-0.7912,enemy,3,-0.6604,contested,9.0,13,24.0,1.9715,False,False,False,True,1,17.0,0.0,enemy,35.0,False,False,True,False,,0.5459,1.0,,,,,,,,
76358451,133,3,0,4,28,59,23,11,16,-0.6531,reinforce,3,0.1141,periphery,10.0,25,7.0,3.1086,False,False,False,True,6,23.0,7.0,reinforce,6.0,True,False,True,False,,0.7189,-1.0,,,,,,,,
76358451,157,2,3,4,32,91,4,21,14,2.8151,reinforce,2,0.0704,bastion,,1,23.0,2.3279,False,False,False,False,0,,,,,False,False,False,True,,0.8486,1.0,,,,,,,,
76358451,127,2,4,4,28,60,2,22,10,-3.0305,reinforce,2,-0.004,mid,,10,27.0,2.1135,False,False,False,False,2,19.0,21.0,enemy,29.0,False,False,False,False,,0.6865,1.0,,,,,,,,
76359751,139,3,0,4,24,22,10,22,61,0.5273,reinforce,3,-0.8282,bastion,,8,12.0,1.4936,False,False,False,False,3,4.0,22.0,reinforce,9.0,False,True,True,False,,0.4225,-1.0,,,,,,,,
76359751,228,2,0,4,24,15,15,9,28,1.5836,reinforce,2,-0.2701,frontline,,4,0.0,2.6528,False,False,False,False,2,3.0,9.0,reinforce,102.0,False,True,True,False,,0.693,1.0,,,,,,,,
76359751,111,2,0,4,24,17,21,11,24,-1.7458,enemy,3,0.1707,contested,4.0,13,17.0,2.455,False,False,True,True,0,,,,,False,False,False,True,,0.3374,1.0,,,,,,,,
76360514,86,0,1,2,32,37,20,14,13,0.8847,reinforce,0,-0.5499,bastion,,18,15.0,1.1893,False,False,False,False,4,8.0,18.0,reinforce,14.0,False,False,True,False,,0.5584,-1.0,,,,,,,,
76369073,81,1,1,2,36,22,34,14,14,2.0185,neutral,-1,0.3127,contested,8.0,23,4.0,2.0666,False,False,False,True,2,31.0,29.0,neutral,46.0,False,False,True,False,,0.3665,-1.0,0.9722,0.9722,False,36.0,,,,
76395944,51,3,1,4,36,27,7,11,2,2.5629,reinforce,3,-0.766,bastion,,27,2.0,2.2686,False,False,False,False,8,13.0,27.0,reinforce,28.0,False,False,True,False,,0.1022,-1.0,,,,,,,,
76395944,75,1,3,4,36,78,9,25,4,0.3182,reinforce,1,-1.2602,rear,,16,17.0,0.7894,False,False,False,False,3,15.0,4.0,reinforce,16.0,False,False,True,False,,0.1503,1.0,,,,,,,,
76395944,101,1,6,4,32,117,15,4,25,0.2365,reinforce,1,-1.546,rear,,15,12.0,0.9469,False,False,False,False,4,16.0,4.0,reinforce,12.0,False,True,True,False,,0.2024,1.0,,,,,,,,
76404318,53,1,0,4,32,17,24,17,23,2.4373,enemy,0,2.0443,easy_target,3.0,24,12.0,3.9713,False,True,True,True,1,11.0,5.0,reinforce,26.0,False,False,False,False,,0.2246,-1.0,,,,,,,,
76404703,45,0,0,4,32,24,24,3,3,-2.3313,neutral,-1,0.8381,priority_target,6.0,28,14.0,2.6167,False,False,False,True,1,8.0,7.0,neutral,42.0,False,False,True,False,,0.2419,-1.0,,,,,,,,
76404703,44,1,0,4,32,22,17,9,27,-1.9113,neutral,-1,1.6653,easy_target,2.0,24,7.0,3.2841,False,True,True,True,1,17.0,9.0,neutral,24.0,True,True,True,False,,0.2366,-1.0,,,,,,,,
76408494,106,1,20,2,28,196,23,9,9,2.1527,reinforce,1,-0.8394,rear,,5,24.0,0.7699,False,False,False,False,2,16.0,24.0,neutral,31.0,False,False,False,False,,0.9907,1.0,,,,,,,,
76416544,43,1,0,4,20,8,1,8,12,0.318,neutral,-1,-1.4817,hard_far,13.0,17,14.0,1.2965,False,False,False,False,1,12.0,0.0,enemy,9.0,False,False,False,False,,0.1784,-1.0,,,,,,,,
76417215,88,1,1,4,32,22,20,31,1,0.4294,enemy,2,-1.9747,periphery,26.0,27,28.0,3.6332,False,False,False,False,4,24.0,15.0,reinforce,7.0,False,False,False,False,,0.5432,-1.0,,,,,,,,
76421250,194,1,8,2,28,119,20,9,49,-3.1356,reinforce,1,-0.0228,frontline,,1,1.0,1.044,False,False,False,False,3,9.0,1.0,enemy,100.0,False,False,False,False,,0.8981,1.0,1.0,0.9286,False,28.0,,,,
76421250,72,1,0,2,32,62,18,2,36,-2.5517,enemy,0,1.3384,priority_target,1.0,14,2.0,1.3384,True,True,True,True,4,6.0,16.0,enemy,41.0,False,False,True,False,,0.3333,1.0,,,,,,,,
76421250,61,1,1,2,32,58,7,15,12,0.2932,enemy,0,-0.8267,periphery,7.0,14,2.0,1.4596,False,False,False,True,0,,,,,False,False,False,True,,0.2824,1.0,,,,,,,,
76421250,67,1,0,2,32,67,9,23,16,-0.2622,enemy,0,0.0343,periphery,4.0,12,13.0,0.7416,False,False,True,True,0,,,,,False,False,False,True,,0.3102,1.0,,,,,,,,
76435455,76,2,0,4,24,20,6,18,18,2.498,enemy,1,0.3203,priority_target,6.0,15,12.0,1.187,False,False,False,True,3,7.0,18.0,enemy,22.0,False,True,True,False,,0.322,1.0,,,,,,,,
76443885,73,1,1,4,36,22,24,8,11,3.0206,reinforce,1,-0.3287,frontline,,21,31.0,2.2769,False,False,False,False,3,16.0,31.0,enemy,37.0,False,False,False,False,,0.3724,-1.0,,,,,,,,
76443885,88,2,0,4,32,28,26,10,9,1.4499,reinforce,2,2.2209,easy_target,2.0,29,20.0,2.6247,False,True,True,True,2,26.0,10.0,reinforce,12.0,True,True,True,False,,0.449,-1.0,,,,,,,,
76443885,168,3,4,4,36,141,19,6,5,-1.2952,neutral,-1,-0.7179,bastion,,1,14.0,1.9924,False,False,False,False,3,15.0,20.0,reinforce,31.0,False,False,False,False,,0.8571,1.0,,,,,,,,
76453508,119,1,5,2,36,72,7,1,11,1.577,reinforce,1,-0.5772,isolated,,0,,,False,False,False,False,0,,,,,False,False,False,True,,0.8686,1.0,,,,,,,,
76453508,22,1,0,2,36,5,21,25,19,1.3193,neutral,-1,0.4661,contested,9.0,32,23.0,2.8326,False,False,False,True,0,,,,,False,False,False,True,,0.1606,1.0,,,,,,,,
76475049,58,1,0,4,24,28,1,9,13,3.1363,reinforce,1,2.2776,easy_target,1.0,15,9.0,2.2776,True,True,True,True,2,9.0,1.0,reinforce,25.0,False,False,True,False,,0.2974,-1.0,1.0,1.0,True,24.0,,,,
76475658,42,2,0,4,28,13,2,22,111,1.7104,enemy,0,0.4097,priority_target,4.0,23,23.0,3.7467,False,False,True,True,1,26.0,21.0,enemy,48.0,False,False,True,False,,0.3307,-1.0,,,,,,,,
76475658,59,1,0,4,32,21,31,8,71,0.8083,neutral,-1,0.3387,contested,7.0,24,22.0,3.1333,False,False,False,True,7,31.0,20.0,enemy,71.0,True,False,False,False,,0.4646,-1.0,,,,,,,,
76480194,70,3,0,4,28,42,11,24,21,0.4715,neutral,-1,,,,18,1.0,2.5002,False,False,False,False,6,11.0,24.0,neutral,45.0,True,True,True,False,,0.2602,-1.0,,,,,,,,
76480597,46,1,0,4,20,17,8,16,72,-0.9254,enemy,0,0.8072,contested,2.0,12,14.0,1.3668,False,True,True,True,0,,,,,False,False,False,True,,0.3286,1.0,,,,,,,,
76483783,483,2,1,4,28,21,25,19,1,-2.4264,enemy,3,0.3131,contested,7.0,17,13.0,2.9834,False,False,False,True,5,14.0,7.0,reinforce,44.0,False,False,False,False,,0.9679,1.0,,,,,,,,
76483783,321,1,0,4,24,18,12,17,71,2.8055,enemy,3,-1.5539,periphery,12.0,15,12.0,0.9696,False,False,False,False,0,,,,,False,False,False,True,,0.6433,-1.0,,,,,,,,
76483783,204,3,0,4,24,45,3,20,24,1.6266,reinforce,3,-1.178,rear,,15,9.0,2.0953,False,False,False,False,0,,,,,False,False,False,True,,0.4088,-1.0,,,,,,,,
76501532,117,1,1,2,36,26,26,33,16,1.6955,neutral,-1,-1.0026,periphery,17.0,27,31.0,3.6521,False,False,False,False,2,3.0,8.0,enemy,42.0,False,False,False,False,,0.6062,-1.0,,,,,,,,
76501532,111,1,1,2,36,30,15,23,8,1.2926,neutral,-1,-0.92,periphery,13.0,25,24.0,3.7477,False,False,False,False,3,15.0,11.0,reinforce,11.0,True,False,False,False,,0.5751,-1.0,,,,,,,,
76510627,47,3,0,4,20,56,7,15,11,0.5611,neutral,-1,-1.6229,contested,12.0,13,12.0,1.8688,False,False,False,False,0,,,,,False,False,False,True,,0.178,1.0,1.0,0.95,False,20.0,0.35,0.375,16.0,200.0
76510627,232,3,2,4,20,90,2,17,12,1.5675,reinforce,3,-0.1482,mid,,0,,,False,False,False,False,0,,,,,False,False,False,True,,0.8788,1.0,,,,,,,,
76510627,184,3,1,4,20,56,15,10,59,-0.3406,enemy,2,0.4891,contested,5.0,7,9.0,2.3261,False,False,True,True,4,13.0,5.0,enemy,37.0,False,False,True,False,,0.697,1.0,,,,,,,,
76510627,65,3,0,4,24,58,19,5,5,3.1199,enemy,1,-0.2451,periphery,6.0,13,12.0,1.8761,False,False,False,True,2,16.0,12.0,neutral,18.0,False,False,False,False,,0.2462,1.0,,,,,,,,
76510627,99,3,0,4,20,66,18,1,22,1.5701,enemy,1,0.4754,periphery,3.0,11,5.0,1.114,False,True,True,True,0,,,,,False,False,False,True,,0.375,1.0,,,,,,,,
76510627,44,1,1,4,20,54,9,6,5,-0.4831,enemy,2,-3.2037,priority_target,16.0,16,18.0,2.1301,False,False,False,False,0,,,,,False,False,False,True,,0.1667,-1.0,,,,,,,,
76527854,117,1,27,2,32,303,28,12,6,3.0864,reinforce,1,-0.1553,mid,,0,,,False,False,False,False,0,,,,,False,False,False,True,,0.7852,1.0,,,,,,,,
76527854,139,1,4,2,32,303,4,24,46,-2.368,reinforce,1,-0.0905,mid,,0,,,False,False,False,False,0,,,,,False,False,False,True,,0.9329,1.0,,,,,,,,
76527854,145,1,19,2,32,320,19,0,11,1.4072,reinforce,1,-0.4649,frontline,,0,,,False,False,False,False,0,,,,,False,False,False,True,,0.9732,1.0,,,,,,,,
76527854,96,1,15,2,32,162,22,0,9,0.6677,neutral,-1,-0.8896,periphery,3.0,4,19.0,0.7076,False,True,True,True,0,,,,,False,False,False,True,,0.6443,1.0,,,,,,,,
76527854,131,1,1,2,32,298,1,23,15,0.4955,reinforce,1,0.2217,mid,,0,,,False,False,False,False,0,,,,,False,False,False,True,,0.8792,1.0,1.0,1.0,True,32.0,,,,
76527854,108,1,2,2,32,265,5,4,1,-0.3792,neutral,-1,-0.5021,frontline,,1,23.0,3.0361,False,False,False,False,1,19.0,0.0,neutral,58.0,False,False,True,False,,0.7248,1.0,,,,,,,,
76527854,100,1,6,2,32,190,11,7,3,2.5612,reinforce,1,-1.247,rear,,5,19.0,0.4804,False,False,False,False,0,,,,,False,False,False,True,,0.6711,1.0,,,,,,,,
76538658,200,3,2,4,28,168,3,16,3,1.483,enemy,2,0.1256,contested,1.0,6,16.0,0.1256,True,True,True,True,0,,,,,False,False,False,True,,0.7692,1.0,,,,,,,,
76538658,222,3,12,4,28,386,20,0,1,2.9995,enemy,0,0.744,contested,2.0,4,18.0,0.9884,False,True,True,True,2,13.0,0.0,enemy,31.0,False,True,True,False,,0.8538,1.0,,,,,,,,
76538658,145,1,1,4,28,41,1,5,1,1.3208,enemy,0,4.0923,priority_target,1.0,25,5.0,4.0923,True,True,True,True,3,1.0,4.0,enemy,83.0,True,False,True,False,,0.5577,-1.0,,,,,,,,
76538658,182,1,2,4,32,72,21,5,1,1.2188,enemy,3,2.757,priority_target,1.0,25,5.0,2.757,True,True,True,True,5,25.0,5.0,enemy,2.0,False,True,True,False,,0.7,-1.0,,,,,,,,
76538658,259,3,8,4,32,601,8,26,3,-1.9436,reinforce,3,-0.0215,mid,,0,,,False,False,False,False,2,10.0,15.0,reinforce,33.0,False,False,True,False,,0.9962,1.0,,,,,,,,
76538658,203,1,0,4,28,207,21,1,1,-1.7129,enemy,2,1.7622,priority_target,2.0,27,5.0,2.8488,False,True,True,True,0,,,,,False,False,False,True,,0.7808,-1.0,,,,,,,,
76538658,197,3,5,4,28,120,5,21,13,-1.9228,enemy,1,-0.4677,hard_far,3.0,4,18.0,0.4491,False,True,True,True,3,25.0,2.0,reinforce,57.0,False,False,False,False,,0.7577,1.0,,,,,,,,
76538658,67,2,0,4,32,15,15,8,30,-0.2666,reinforce,2,-0.0195,periphery,5.0,17,19.0,2.1087,False,False,True,True,2,15.0,8.0,reinforce,78.0,True,True,True,False,,0.2577,-1.0,1.0,0.9688,False,32.0,,,,
76538658,212,3,2,4,28,307,3,8,1,0.6121,enemy,2,-0.8997,contested,4.0,6,16.0,1.7596,False,False,True,True,2,11.0,0.0,enemy,8.0,False,False,True,False,,0.8154,1.0,,,,,,,,
76538658,253,3,13,4,32,592,17,4,1,1.1606,reinforce,3,0.3445,isolated,,0,,,False,False,False,False,0,,,,,False,False,False,True,,0.9731,1.0,,,,,,,,
76538658,220,3,12,4,28,365,16,20,33,0.4799,reinforce,3,-0.0149,frontline,,4,0.0,0.7838,False,False,False,False,0,,,,,False,False,False,True,,0.8462,1.0,,,,,,,,
76546430,173,1,0,4,24,3,3,1,239,1.3473,enemy,2,2.048,priority_target,2.0,18,15.0,2.2351,False,True,True,True,4,19.0,6.0,enemy,17.0,False,False,True,False,,0.8827,-1.0,,,,,,,,
76546430,102,1,1,4,20,8,3,2,161,-0.2235,enemy,2,0.7913,periphery,4.0,16,7.0,1.2491,False,False,True,True,5,3.0,7.0,neutral,27.0,True,False,False,False,,0.5204,-1.0,,,,,,,,
76632857,145,0,2,4,32,78,7,30,38,0.0174,reinforce,0,-0.297,isolated,,0,,,False,False,False,False,0,,,,,False,False,False,True,,0.9603,1.0,,,,,,,,
76632857,134,0,6,4,32,65,31,19,12,-1.4036,reinforce,0,-0.8765,rear,,4,26.0,0.9131,False,False,False,False,6,11.0,28.0,reinforce,74.0,False,False,True,False,,0.8874,1.0,,,,,,,,
76638881,195,3,2,4,36,126,12,0,27,0.0358,reinforce,3,-0.5451,bastion,,3,10.0,0.6255,False,False,False,False,5,4.0,14.0,reinforce,339.0,False,False,True,False,,0.9559,1.0,,,,,,,,
76638881,57,1,2,4,40,31,25,19,5,-0.8293,enemy,3,-1.7042,priority_target,28.0,30,9.0,2.4777,False,False,False,False,0,,,,,False,False,False,True,,0.2794,-1.0,,,,,,,,
76638881,188,3,0,4,36,145,24,0,2,1.0631,reinforce,3,-0.5292,bastion,,3,9.0,0.9289,False,False,False,False,6,4.0,30.0,reinforce,304.0,False,False,True,False,,0.9216,1.0,1.0,1.0,True,36.0,,,,
76638881,81,1,2,4,40,51,14,8,5,0.4426,neutral,-1,0.0247,hard_far,9.0,26,22.0,2.2298,False,False,False,True,3,36.0,34.0,reinforce,7.0,False,False,False,False,,0.3971,-1.0,,,,,,,,
76638881,74,1,3,4,40,45,25,1,10,2.6339,reinforce,1,-1.1137,bastion,,28,22.0,2.3663,False,False,False,False,2,18.0,16.0,enemy,15.0,False,False,False,False,,0.3627,-1.0,,,,,,,,
76638881,169,3,4,4,40,118,21,33,11,-2.6083,reinforce,3,-0.2484,mid,,5,6.0,1.7931,False,False,False,False,4,13.0,29.0,reinforce,205.0,False,False,True,False,,0.8284,1.0,,,,,,,,
76638881,181,3,6,4,36,141,31,4,12,1.2639,reinforce,3,-1.1126,rear,,3,9.0,1.0427,False,False,False,False,4,0.0,18.0,reinforce,289.0,False,False,True,False,,0.8873,1.0,,,,,,,,
76657754,82,2,0,4,28,21,4,20,15,-0.4253,reinforce,2,1.4435,easy_target,3.0,20,17.0,2.2598,False,True,True,True,3,4.0,20.0,reinforce,19.0,True,True,True,False,,0.4039,-1.0,,,,,,,,
76682997,104,3,0,4,20,35,12,19,64,-2.8742,enemy,1,0.65,contested,2.0,13,14.0,1.8369,False,True,True,True,5,18.0,19.0,enemy,65.0,False,True,True,False,,0.4581,1.0,,,,,,,,
76686494,126,1,2,4,24,23,18,11,34,-2.9964,reinforce,1,1.3816,contested,4.0,20,19.0,2.698,False,False,True,True,4,18.0,11.0,reinforce,39.0,True,True,True,False,,0.5575,-1.0,,,,,,,,
76686494,181,0,0,4,28,21,12,19,11,-2.2935,enemy,1,0.3147,priority_target,3.0,11,16.0,2.7993,False,True,True,True,0,,,,,False,False,False,True,,0.8009,1.0,,,,,,,,
76744055,87,2,2,4,32,42,10,7,26,-3.0904,reinforce,2,-0.3254,isolated,,14,11.0,1.1755,False,False,False,False,0,,,,,False,False,False,True,,0.4628,1.0,,,,,,,,
